Id	Code	Name	Standard Class	Domain	Vocab	Validity	Concept
8478	{ai}	avidity index	Unit	Unit	UCUM	Valid	Standard
8479	cP	centipoise	Unit	Unit	UCUM	Valid	Standard
8480	[EU]	Ehrlich unit	Unit	Unit	UCUM	Valid	Standard
8481	{EV}	EV	Unit	Unit	UCUM	Invalid	Non-standard
8482	pH	pH	Unit	Unit	UCUM	Valid	Standard
8483	{counts}/min	counts per minute	Unit	Unit	UCUM	Valid	Standard
8484	{CD59-deficient cells}	CD59-deficient cells	Unit	Unit	UCUM	Valid	Standard
8485	{DNR}	DNR	Unit	Unit	UCUM	Invalid	Non-standard
8486	{EOS}	EOS	Unit	Unit	UCUM	Invalid	Non-standard
8487	[GPS'U]	anti-phosphatidylserine IgG concentration (GPS) unit	Unit	Unit	UCUM	Valid	Standard
8488	{ISR}	immune status ratio	Unit	Unit	UCUM	Valid	Standard
8489	{LIV}	LIV	Unit	Unit	UCUM	Invalid	Non-standard
8490	{LPU}	LPU	Unit	Unit	UCUM	Invalid	Non-standard
8491	{LUS}	LUS	Unit	Unit	UCUM	Invalid	Non-standard
8492	{log}	Log	Unit	Unit	UCUM	Invalid	Non-standard
8493	{MLS}	MLS	Unit	Unit	UCUM	Invalid	Non-standard
8494	{MOM}	multiple of the median	Unit	Unit	UCUM	Valid	Standard
8495	[MPS'U]	anti-phosphatidylserine IgM concentration (MPS) unit	Unit	Unit	UCUM	Valid	Standard
8496	fL{mpv}	femtoliter platelet mean volume	Unit	Unit	UCUM	Valid	Standard
8497	{n/a}	N/A	Unit	Unit	UCUM	Invalid	Non-standard
8498	{res}	RES	Unit	Unit	UCUM	Invalid	Non-standard
8499	{rev}	REV	Unit	Unit	UCUM	Invalid	Non-standard
8500	{sau}	SAU	Unit	Unit	UCUM	Invalid	Non-standard
8501	{sgu}	SGU	Unit	Unit	UCUM	Invalid	Non-standard
8502	{smu}	SMU	Unit	Unit	UCUM	Invalid	Non-standard
8503	{DILS}	DILS	Unit	Unit	UCUM	Invalid	Non-standard
8504	g	gram	Unit	Unit	UCUM	Valid	Standard
8505	h	hour	Unit	Unit	UCUM	Valid	Standard
8506	{LU30}	lytic unit 30 (number of cells to achieve 30% lysis of the target cells)	Unit	Unit	UCUM	Valid	Standard
8508	{note}	Note	Unit	Unit	UCUM	Invalid	Non-standard
8509	{risk}	risk	Unit	Unit	UCUM	Valid	Standard
8510	[U]	unit	Unit	Unit	UCUM	Valid	Standard
8511	wk	week	Unit	Unit	UCUM	Valid	Standard
8512	d	day	Unit	Unit	UCUM	Valid	Standard
8513	{dose}	dose	Unit	Unit	UCUM	Invalid	Non-standard
8514	%{REF}	% REF	Unit	Unit	UCUM	Invalid	Non-standard
8517	F	Farad	Unit	Unit	UCUM	Valid	Standard
8518	H	Henry	Unit	Unit	UCUM	Valid	Standard
8519	L	liter	Unit	Unit	UCUM	Valid	Standard
8520	{molar}	Molar	Unit	Unit	UCUM	Invalid	Non-standard
8523	{ratio}	ratio	Unit	Unit	UCUM	Valid	Standard
8524	.	times	Unit	Unit	UCUM	Valid	Standard
8525	{titer}	titer	Unit	Unit	UCUM	Valid	Standard
8526	{tot}	Total	Unit	Unit	UCUM	Invalid	Non-standard
8528	y	year	Unit	Unit	UCUM	Invalid	Non-standard
8529	{index}	index	Unit	Unit	UCUM	Valid	Standard
8530	{ref}	{ref}	Unit	Unit	UCUM	Invalid	Non-standard
8531	{DNRTNP}	DNRTNP	Unit	Unit	UCUM	Invalid	Non-standard
8533	in	Inches	Unit	Unit	UCUM	Invalid	Non-standard
8534	{motile}	Motile	Unit	Unit	UCUM	Invalid	Non-standard
8535	{normal}	Normal	Unit	Unit	UCUM	Invalid	Non-standard
8538	{uptake}	Uptake	Unit	Unit	UCUM	Invalid	Non-standard
8539	{vol}	Volume	Unit	Unit	UCUM	Invalid	Non-standard
8540	bu	bushel	Unit	Unit	UCUM	Invalid	Non-standard
8541	/min	per minute	Unit	Unit	UCUM	Valid	Standard
8542	[APS'U]	anti-phosphatidylserine IgA concentration (APS) unit	Unit	Unit	UCUM	Valid	Standard
8543	A	ampere	Unit	Unit	UCUM	Valid	Standard
8545	[{GPS'IgG}]	GPS IgG	Unit	Unit	UCUM	Invalid	Non-standard
8547	[M'U]	M (anti-prothrombin IgG concentration) unit	Unit	Unit	UCUM	Valid	Standard
8548	[{MPS'IgM}]	MPS IgM	Unit	Unit	UCUM	Invalid	Non-standard
8549	10*6	million	Unit	Unit	UCUM	Valid	Standard
8550	min	minute	Unit	Unit	UCUM	Valid	Standard
8553	%{sperm'binding}	percent of sperm with positive binding	Unit	Unit	UCUM	Valid	Standard
8554	%	percent	Unit	Unit	UCUM	Valid	Standard
8555	s	second	Unit	Unit	UCUM	Valid	Standard
8556	[EIA'U]	EIA unit	Unit	Unit	UCUM	Valid	Standard
8560	[JDF'U]	Juvenile Diabetes Foundation unit	Unit	Unit	UCUM	Valid	Standard
8561	[{of'tot}]	Of Total	Unit	Unit	UCUM	Invalid	Non-standard
8564	pg	picogram	Unit	Unit	UCUM	Valid	Standard
8565	[STZ'unit]	streptozyme (STZ) agglutination titer unit	Unit	Unit	UCUM	Valid	Standard
8566	10*3	thousand	Unit	Unit	UCUM	Valid	Standard
8567	{activity}	activity	Unit	Unit	UCUM	Invalid	Non-standard
8568	{baseline}	baseline	Unit	Unit	UCUM	Valid	Standard
8569	[{pH'U}]	pH unit	Unit	Unit	UCUM	Invalid	Non-standard
8573	[{EIA'value}]	EIA value	Unit	Unit	UCUM	Invalid	Non-standard
8574	[G'U]	G (anti-prothrombin IgG concentration) unit	Unit	Unit	UCUM	Valid	Standard
8576	mg	milligram	Unit	Unit	UCUM	Valid	Standard
8577	nm	nanometer	Unit	Unit	UCUM	Valid	Standard
8578	[of'normal]	of normal	Unit	Unit	UCUM	Valid	Standard
8579	[{see'below}]	See below	Unit	Unit	UCUM	Invalid	Non-standard
8580	[{see'table)]	See table	Unit	Unit	UCUM	Invalid	Non-standard
8581	{hb}	heartbeat	Unit	Unit	UCUM	Valid	Standard
8582	cm	centimeter	Unit	Unit	UCUM	Valid	Standard
8583	fL	femtoliter	Unit	Unit	UCUM	Valid	Standard
8586	{lymphos}/100.{cells}	lymphocytes per 100 cells	Unit	Unit	UCUM	Valid	Standard
8587	mL	milliliter	Unit	Unit	UCUM	Valid	Standard
8588	mm	millimeter	Unit	Unit	UCUM	Valid	Standard
8589	[OD'ratio]	O.D. ratio	Unit	Unit	UCUM	Valid	Standard
8590	[OD'U]	O.D. unit	Unit	Unit	UCUM	Valid	Standard
8591	[{of'total'H}]	Of Total H	Unit	Unit	UCUM	Invalid	Non-standard
8593	[{see'report}]	See report	Unit	Unit	UCUM	Invalid	Non-standard
8596	{calc}	calculated	Unit	Unit	UCUM	Valid	Standard
8597	{inhibition}	inhibition	Unit	Unit	UCUM	Invalid	Non-standard
8598	{relative}	relative	Unit	Unit	UCUM	Valid	Standard
8600	[ELU]	Elisa unit	Unit	Unit	UCUM	Valid	Standard
8604	%{mean'normal}	percent mean normal	Unit	Unit	UCUM	Valid	Standard
8605	mosm	milliosmole	Unit	Unit	UCUM	Valid	Standard
8606	[ratio'U]	ratio unit	Unit	Unit	UCUM	Valid	Standard
8607	[{res'U}]	Result unit	Unit	Unit	UCUM	Invalid	Non-standard
8608	[{index'value}]	index value	Unit	Unit	UCUM	Invalid	Non-standard
8609	[GPI'IgA'U]	beta-2 GPI IgA Ab unit	Unit	Unit	UCUM	Valid	Standard
8610	[GPI'IgG'U]	beta-2 GPI IgG Ab unit	Unit	Unit	UCUM	Valid	Standard
8611	[GPI'IgM'U]	beta-2 GPI IgM Ab unit	Unit	Unit	UCUM	Valid	Standard
8612	{IM}/L	IM per liter	Unit	Unit	UCUM	Invalid	Non-standard
8613	%{normal'forms}	normal forms	Unit	Unit	UCUM	Valid	Standard
8616	[PANBIO'U]	Panbio bacterial IgG and IgM unit	Unit	Unit	UCUM	Valid	Standard
8617	m2	square meter	Unit	Unit	UCUM	Valid	Standard
8621	d/wk	day per week	Unit	Unit	UCUM	Valid	Standard
8622	g/{time}	gram per time	Unit	Unit	UCUM	Valid	Standard
8623	lg({reduction})	log reduction	Unit	Unit	UCUM	Valid	Standard
8624	{MEG}/L	MEG per liter	Unit	Unit	UCUM	Invalid	Non-standard
8626	[{of'inhibition}]	Of Inhibition	Unit	Unit	UCUM	Invalid	Non-standard
8628	{times'avg}	times average	Unit	Unit	UCUM	Valid	Standard
8629	[U]/g	unit per gram	Unit	Unit	UCUM	Valid	Standard
8630	[U]/h	unit per hour	Unit	Unit	UCUM	Valid	Standard
8631	%{sperm'motility'at'60'min}	sperm motility at 60 minutes	Unit	Unit	UCUM	Valid	Standard
8632	%{tot}	percent total	Unit	Unit	UCUM	Valid	Standard
8636	g/L	gram per liter	Unit	Unit	UCUM	Valid	Standard
8637	[neg'count]	negative count	Unit	Unit	UCUM	Valid	Standard
8641	p/g	poise per gram	Unit	Unit	UCUM	Valid	Standard
8644	s/{CO}	Seconds per CO	Unit	Unit	UCUM	Invalid	Non-standard
8645	[U]/L	unit per liter	Unit	Unit	UCUM	Valid	Standard
8646	[{vol}'%]	Volume percent	Unit	Unit	UCUM	Invalid	Non-standard
8647	/uL	per microliter	Unit	Unit	UCUM	Valid	Standard
8648	%{of'normal}	percent of normal	Unit	Unit	UCUM	Valid	Standard
8649	%{uptake}	percent uptake	Unit	Unit	UCUM	Valid	Standard
8653	[degC]	degree Celsius	Unit	Unit	UCUM	Invalid	Non-standard
8654	[{enzyme'activity}]	Enzyme activity	Unit	Unit	UCUM	Invalid	Non-standard
8655	F/L	Farad per liter	Unit	Unit	UCUM	Valid	Standard
8656	[LPF]	Low Power Field	Unit	Unit	UCUM	Invalid	Non-standard
8659	%{CD19+'cells}	percent CD19+ cells	Unit	Unit	UCUM	Valid	Standard
8660	%{in'gate}	percent in gate	Unit	Unit	UCUM	Valid	Standard
8662	[U]/10	unit per 10	Unit	Unit	UCUM	Valid	Standard
8664	AU	astronomic unit	Unit	Unit	UCUM	Invalid	Non-standard
8665	nmol{BColl}eq	nanomole of bone collagen equivalent	Unit	Unit	UCUM	Valid	Standard
8670	{EU}/dL	EU per deciliter	Unit	Unit	UCUM	Invalid	Non-standard
8673	[HPF]	High Power Field	Unit	Unit	UCUM	Invalid	Non-standard
8675	mL/{spec}	milliliter per specimen	Unit	Unit	UCUM	Valid	Standard
8683	[{tot'creat}]	Total creatinine	Unit	Unit	UCUM	Invalid	Non-standard
8684	[{tot'HGB}]	Total hemoglobin	Unit	Unit	UCUM	Invalid	Non-standard
8686	mm3	cubic millimeter	Unit	Unit	UCUM	Valid	Standard
8687	%{activity}	percent activity	Unit	Unit	UCUM	Valid	Standard
8688	%{baseline}	percent baseline	Unit	Unit	UCUM	Valid	Standard
8695	[EU]/mL	Ehrlich unit per milliliter	Unit	Unit	UCUM	Valid	Standard
8698	L/min	liter per minute	Unit	Unit	UCUM	Valid	Standard
8700	mg/d	Milligram per day	Unit	Unit	UCUM	Invalid	Non-standard
8701	ng/g	nanogram per gram	Unit	Unit	UCUM	Valid	Standard
8703	[ppb]	parts per billion	Unit	Unit	UCUM	Valid	Standard
8704	pg/{cell}	picogram per cell	Unit	Unit	UCUM	Valid	Standard
8712	{ery}/uL	erythrocytes per microliter	Unit	Unit	UCUM	Valid	Standard
8713	g/dL	gram per deciliter	Unit	Unit	UCUM	Valid	Standard
8718	[iU]	international unit	Unit	Unit	UCUM	Valid	Standard
8719	10*-3.[U]/mL	milliunit per milliliter	Unit	Unit	UCUM	Valid	Standard
8720	ug/g	microgram per gram	Unit	Unit	UCUM	Valid	Standard
8721	ug/{SPEC}	Microgram per SPEC	Unit	Unit	UCUM	Invalid	Non-standard
8722	ug/{time}	microgram per time	Unit	Unit	UCUM	Valid	Standard
8723	mg/g	milligram per gram	Unit	Unit	UCUM	Valid	Standard
8724	mg/{time}	milligram per time	Unit	Unit	UCUM	Valid	Standard
8725	ng/L	nanogram per liter	Unit	Unit	UCUM	Valid	Standard
8728	%{sat}	percent saturation	Unit	Unit	UCUM	Valid	Standard
8729	pmol/L	picomole per liter	Unit	Unit	UCUM	Valid	Standard
8734	10*12/L	trillion per liter	Unit	Unit	UCUM	Valid	Standard
8736	nmol/L	nanomole per liter	Unit	Unit	UCUM	Valid	Standard
8737	%{of'HGB}	percent hemoglobin	Unit	Unit	UCUM	Valid	Standard
8738	%{inhibition}	percent inhibition	Unit	Unit	UCUM	Valid	Standard
8739	[lb_us]	pound (US)	Unit	Unit	UCUM	Valid	Standard
8745	fmol/L	femtomole per liter	Unit	Unit	UCUM	Valid	Standard
8748	ug/L	microgram per liter	Unit	Unit	UCUM	Valid	Standard
8749	umol/L	micromole per liter	Unit	Unit	UCUM	Valid	Standard
8750	10*-6.[U]/L	microunit per liter	Unit	Unit	UCUM	Valid	Standard
8751	mg/L	milligram per liter	Unit	Unit	UCUM	Valid	Standard
8752	mm/h	millimeter per hour	Unit	Unit	UCUM	Valid	Standard
8753	mmol/L	millimole per liter	Unit	Unit	UCUM	Valid	Standard
8754	{NMIL}/mL	NMIL per milliliter	Unit	Unit	UCUM	Invalid	Non-standard
8755	nm/L	Nanometer per Liter	Unit	Unit	UCUM	Invalid	Non-standard
8758	[{of'tot'HGB}]	Of Total Hemoglobin	Unit	Unit	UCUM	Invalid	Non-standard
8763	[U]/mL	unit per milliliter	Unit	Unit	UCUM	Valid	Standard
8765	/[LPF]	per low powered field	Unit	Unit	UCUM	Valid	Standard
8773	m/uL	Meter per microliter	Unit	Unit	UCUM	Invalid	Non-standard
8774	ug/min	microgram per minute	Unit	Unit	UCUM	Valid	Standard
8775	um/L	micrometer per liter	Unit	Unit	UCUM	Valid	Standard
8776	mg/{sample}	milligram per sample	Unit	Unit	UCUM	Valid	Standard
8779	{signal}/[{CO'ratio}]	signal to cutoff ratio	Unit	Unit	UCUM	Valid	Standard
8783	[U]/10.{cells}	unit per 10 cells	Unit	Unit	UCUM	Valid	Standard
8784	{cells}/uL	cells per microliter	Unit	Unit	UCUM	Valid	Standard
8785	/mm3	per cubic millimeter	Unit	Unit	UCUM	Valid	Standard
8786	/[HPF]	per high power field	Unit	Unit	UCUM	Valid	Standard
8791	g/(5.h)	gram per 5 hours	Unit	Unit	UCUM	Valid	Standard
8792	K/uL	Kelvin per microliter	Unit	Unit	UCUM	Invalid	Non-standard
8794	mg.{c}/L	Milligram C per Liter	Unit	Unit	UCUM	Invalid	Non-standard
8795	mL/min	milliliter per minute	Unit	Unit	UCUM	Valid	Standard
8798	[bu_us]/mL	bushel per milliliter	Unit	Unit	UCUM	Valid	Standard
8799	{copies}/mL	copies per milliliter	Unit	Unit	UCUM	Valid	Standard
8800	%{at'60'min}	percent at 60 minutes	Unit	Unit	UCUM	Valid	Standard
8807	g/(24.h)	gram per 24 hours	Unit	Unit	UCUM	Valid	Standard
8810	10*3.[U]/L	kilounit per liter	Unit	Unit	UCUM	Valid	Standard
8815	10*6/uL	million per microliter	Unit	Unit	UCUM	Valid	Standard
8816	10*6/mL	million per milliliter	Unit	Unit	UCUM	Valid	Standard
8817	ng/dL	nanogram per deciliter	Unit	Unit	UCUM	Valid	Standard
8818	ng/mg	nanogram per milligram	Unit	Unit	UCUM	Valid	Standard
8820	pg/dL	picogram per deciliter	Unit	Unit	UCUM	Valid	Standard
8823	[APS'U]/mL	anti-phosphatidylserine IgA concentration (APS) unit per milliter	Unit	Unit	UCUM	Valid	Standard
8829	[EU]/dL	Ehrlich unit per deciliter	Unit	Unit	UCUM	Valid	Standard
8831	[GPS'U]/mL	anti-phosphatidylserine IgG concentration (GPS) unit per milliliter	Unit	Unit	UCUM	Valid	Standard
8836	[MPS'U]/mL	anti-phosphatidylserine IgM concentration (MPS) unit per milliliter	Unit	Unit	UCUM	Valid	Standard
8837	ug/dL	microgram per deciliter	Unit	Unit	UCUM	Valid	Standard
8838	ug/mg	microgram per milligram	Unit	Unit	UCUM	Valid	Standard
8839	umol/dL	micromole per deciliter	Unit	Unit	UCUM	Valid	Standard
8840	mg/dL	milligram per deciliter	Unit	Unit	UCUM	Valid	Standard
8842	ng/mL	nanogram per milliliter	Unit	Unit	UCUM	Valid	Standard
8843	nmol/mL	nanomole per milliliter	Unit	Unit	UCUM	Valid	Standard
8845	pg/mL	picogram per milliliter	Unit	Unit	UCUM	Valid	Standard
8848	10*3/uL	thousand per microliter	Unit	Unit	UCUM	Valid	Standard
8849	%(enzyme'activity}	percent enzyme activity	Unit	Unit	UCUM	Valid	Standard
8857	L/(24.h)	liter per 24 hours	Unit	Unit	UCUM	Valid	Standard
8859	ug/mL	microgram per milliliter	Unit	Unit	UCUM	Valid	Standard
8860	10*-6.[U]/mL	microunit per milliliter	Unit	Unit	UCUM	Valid	Standard
8861	mg/mL	milligram per milliliter	Unit	Unit	UCUM	Valid	Standard
8862	mosm/kg	milliosmole per kilogram	Unit	Unit	UCUM	Valid	Standard
8873	lg({copies})/mL	log copies per milliliter	Unit	Unit	UCUM	Valid	Standard
8875	10*-6.eq/L	microequivalent per liter	Unit	Unit	UCUM	Valid	Standard
8876	mm[Hg]	millimeter mercury column	Unit	Unit	UCUM	Valid	Standard
8881	nmol{BColl}eq/L	nanomole of bone collagen equivalent per liter	Unit	Unit	UCUM	Valid	Standard
8888	{cells}/mm3	cells per cubic millimeter	Unit	Unit	UCUM	Valid	Standard
8889	{cells}/[HPF]	cells per high power field	Unit	Unit	UCUM	Valid	Standard
8891	m/mm3	Meter per cubic millimeter	Unit	Unit	UCUM	Invalid	Non-standard
8903	K/mm3	Kelvin per cubic millimeter	Unit	Unit	UCUM	Invalid	Non-standard
8906	ug/(24.h)	microgram per 24 hours	Unit	Unit	UCUM	Valid	Standard
8907	umol/(24.h)	micromole per 24 hours	Unit	Unit	UCUM	Valid	Standard
8908	mg/(12.h)	milligram per 12 hours	Unit	Unit	UCUM	Valid	Standard
8909	mg/(24.h)	milligram per 24 hours	Unit	Unit	UCUM	Valid	Standard
8910	mmol/(24.h)	millimole per 24 hours	Unit	Unit	UCUM	Valid	Standard
8915	[U]/g{creat}	unit per gram of creatinine	Unit	Unit	UCUM	Valid	Standard
8916	U/g{HGB}	Unit per gram of Hemoglobin	Unit	Unit	UCUM	Invalid	Non-standard
8923	[iU]/L	international unit per liter	Unit	Unit	UCUM	Valid	Standard
8924	10*3.[U]/L{class}	kilounit per liter class	Unit	Unit	UCUM	Valid	Standard
8927	m/kg2	meter per square kilogram	Unit	Unit	UCUM	Valid	Standard
8928	10*-6.eq/(24.h)	microequivalent per 24 hours	Unit	Unit	UCUM	Valid	Standard
8929	10*-6.eq/kg	microequivalent per kilogram	Unit	Unit	UCUM	Valid	Standard
8930	mL/(24.h)	milliliter per 24 hours	Unit	Unit	UCUM	Valid	Standard
8931	10*6/mm3	million per cubic millimeter	Unit	Unit	UCUM	Valid	Standard
8938	10*-3/uL	thousandth per microliter	Unit	Unit	UCUM	Valid	Standard
8950	g/dL{calc}	gram per deciliter calculated	Unit	Unit	UCUM	Valid	Standard
8953	ug/10*-3.eq	microgram per milliequivalent	Unit	Unit	UCUM	Valid	Standard
8954	mg/dL{adult}	milligram per deciliter adult	Unit	Unit	UCUM	Valid	Standard
8955	nmol/s/L	nanomole per second and liter	Unit	Unit	UCUM	Valid	Standard
8961	10*3/mm3	thousand per cubic millimeter	Unit	Unit	UCUM	Valid	Standard
8967	g/dL.[%]	Gram per deciliter and percent	Unit	Unit	UCUM	Invalid	Non-standard
8978	10*3/mm4	Thousand per cubic millimeter4	Unit	Unit	UCUM	Invalid	Non-standard
8979	[U]/g{tot'prot}	unit per gram of total protein	Unit	Unit	UCUM	Valid	Standard
8980	[arb'U]/mL	arbitrary unit per milliliter	Unit	Unit	UCUM	Valid	Standard
8985	[iU]/mL	international unit per milliliter	Unit	Unit	UCUM	Valid	Standard
8989	ug{FEU}/mL	microgram of fibrinogen equivalent unit per milliliter	Unit	Unit	UCUM	Valid	Standard
8990	ug/mL{FEU}	Microgram per milliliter of FEU	Unit	Unit	UCUM	Invalid	Non-standard
8991	mosm/kg{H20}	milliosmole per kilogram of H20	Unit	Unit	UCUM	Valid	Standard
8992	ng/dL/h	nanogram per deciliter per hour	Unit	Unit	UCUM	Valid	Standard
8993	nmol/h/mg	nanomole per hour and milligram	Unit	Unit	UCUM	Valid	Standard
8998	[CAE'U]	complement activity enzyme unit	Unit	Unit	UCUM	Valid	Standard
9014	ug/g{creat}	microgram per gram of creatinine	Unit	Unit	UCUM	Valid	Standard
9015	umol/g{creat}	micromole per gram of creatinine	Unit	Unit	UCUM	Valid	Standard
9016	10*-6.[U]/g{HGB}	microunit per gram of hemoglobin	Unit	Unit	UCUM	Valid	Standard
9017	mg/g{creat}	milligram per gram of creatinine	Unit	Unit	UCUM	Valid	Standard
9018	mmol/g{creat}	millimole per gram of creatinine	Unit	Unit	UCUM	Valid	Standard
9019	mmol/mol{creat}	millimole per mole of creatinine	Unit	Unit	UCUM	Valid	Standard
9020	ng/mL/h	nanogram per milliliter and hour	Unit	Unit	UCUM	Valid	Standard
9028	mg/dL{calc}	milligram per deciliter calculated	Unit	Unit	UCUM	Valid	Standard
9031	[U]/10*12.{RBC}	unit per billion red blood cells	Unit	Unit	UCUM	Valid	Standard
9032	/100.{WBC}	per 100 white blood cells	Unit	Unit	UCUM	Valid	Standard
9040	10*-3.[iU]/L	milli-international unit per liter	Unit	Unit	UCUM	Valid	Standard
9046	ug{eq}/mL	microgram equivalent per milliliter	Unit	Unit	UCUM	Valid	Standard
9058	10*3.[iU]/L	kilo-international unit per liter	Unit	Unit	UCUM	Valid	Standard
9061	ug/dL{thyroxine}	microgram per deciliter of thyroxine	Unit	Unit	UCUM	Valid	Standard
9062	mL/min/{1.73}m	Milliliter per minute per 1.73 meter	Unit	Unit	UCUM	Invalid	Non-standard
9063	nmol/mmol{creat}	nanomole per millimole of creatinine	Unit	Unit	UCUM	Valid	Standard
9072	ug/mg{creat}	microgram per milligram of creatinine	Unit	Unit	UCUM	Valid	Standard
9073	umol/mmol{creat}	micromole per millimole of creatinine	Unit	Unit	UCUM	Valid	Standard
9074	mg/mg{creat}	milligram per milligram of creatinine	Unit	Unit	UCUM	Valid	Standard
9075	mg/mmol{creat}	milligram per millimole of creatinine	Unit	Unit	UCUM	Valid	Standard
9081	ng/mL{trypsinogen}	nanogram per milliliter of trypsinogen	Unit	Unit	UCUM	Valid	Standard
9083	[U]/mL{RBC}	unit per milliliter of red blood cells	Unit	Unit	UCUM	Valid	Standard
9084	lg([iU])/mL	log international unit per milliliter	Unit	Unit	UCUM	Valid	Standard
9093	10*-6.[iU]/mL	micro-international unit per milliliter	Unit	Unit	UCUM	Valid	Standard
9096	[{log10}]'[iU]/mL	Log10 international units per milliliter	Unit	Unit	UCUM	Invalid	Non-standard
9098	mg/dL{phenylalanine}	milligram per deciliter of phenylalanine	Unit	Unit	UCUM	Valid	Standard
9099	[APL'U]	IgA phospholipid unit	Unit	Unit	UCUM	Valid	Standard
9100	[GPL'U]	IgG phospholipid unit	Unit	Unit	UCUM	Valid	Standard
9101	[MPL'U]	IgM phospholipid unit	Unit	Unit	UCUM	Valid	Standard
9107	[iU]/g{HGB}	International Unit per gram of hemoglobin	Unit	Unit	UCUM	Invalid	Non-standard
9108	K[iU]/mL	Kelvin International Units per milliliter	Unit	Unit	UCUM	Invalid	Non-standard
9113	ng/mL{RBC}	nanogram per milliliter of red blood cells	Unit	Unit	UCUM	Valid	Standard
9114	nmol{BColl}eq/mmol{creat}	nanomole of bone collagen equivalent per millimole of creatinine	Unit	Unit	UCUM	Valid	Standard
9117	mL/min/1.73.m2	milliliter per minute per 1.73 square meter	Unit	Unit	UCUM	Invalid	Non-standard
9145	ng/h/mg{tot'prot}	nanogram per hour per milligram of total protein	Unit	Unit	UCUM	Valid	Standard
9148	pmol/8.10*8.{RBC}	picomole per eight times 10 to the 8th red blood cells	Unit	Unit	UCUM	Valid	Standard
9154	[ppth]	parts per thousand	Unit	Unit	UCUM	Valid	Standard
9155	[pptr]	parts per trillion	Unit	Unit	UCUM	Valid	Standard
9156	[APL'U]/mL	IgA phospholipid unit per milliliter	Unit	Unit	UCUM	Valid	Standard
9157	[GPL'U]/mL	IgG phospholipid unit per milliliter	Unit	Unit	UCUM	Valid	Standard
9158	[MPL'U]/mL	IgM phospholipid unit per milliliter	Unit	Unit	UCUM	Valid	Standard
9161	[beth'U]	Bethesda unit	Unit	Unit	UCUM	Valid	Standard
9163	10*-6.[U]/L{TSH}	microunit per liter of thyroid stimulationg hormone (TSH)	Unit	Unit	UCUM	Valid	Standard
9211	'	minute	Unit	Unit	UCUM	Valid	Standard
9212	''	second	Unit	Unit	UCUM	Valid	Standard
9213	%/100{WBC}	Percent Per 100 WBC [Number Fraction Units]	Unit	Unit	UCUM	Invalid	Non-standard
9214	%[slope]	percent slope	Unit	Unit	UCUM	Valid	Standard
9215	%{0'to3'hours}	percent 0 to 3 hours	Unit	Unit	UCUM	Valid	Standard
9216	%{abnormal}	percent abnormal	Unit	Unit	UCUM	Valid	Standard
9217	%{basal'activity}	percent basal activity	Unit	Unit	UCUM	Valid	Standard
9218	%{binding}	percent binding	Unit	Unit	UCUM	Valid	Standard
9219	%{blockade}	percent blockade	Unit	Unit	UCUM	Valid	Standard
9220	%{bound}	percent bound	Unit	Unit	UCUM	Valid	Standard
9221	%{carboxyhemoglobin}	percent carboxyhemoglobin	Unit	Unit	UCUM	Valid	Standard
9222	%{eos}	percent eosinophils	Unit	Unit	UCUM	Valid	Standard
9223	%{excretion}	percent excretion	Unit	Unit	UCUM	Valid	Standard
9224	%{fetal'erythrocytes}	percent fetal erythrocytes	Unit	Unit	UCUM	Valid	Standard
9225	%{HbA1c}	percent hemoglobin A1c	Unit	Unit	UCUM	Valid	Standard
9226	%{hemolysis}	percent hemolysis	Unit	Unit	UCUM	Valid	Standard
9227	%{of'bacteria}	percent of bacteria	Unit	Unit	UCUM	Valid	Standard
9228	%{of'lymphos}	percent of lymphocytes	Unit	Unit	UCUM	Valid	Standard
9229	%{of'WBC}	percent of white blood cells	Unit	Unit	UCUM	Valid	Standard
9230	%{oxygen}	percent oxygen	Unit	Unit	UCUM	Valid	Standard
9231	%{positive}	percent positive	Unit	Unit	UCUM	Valid	Standard
9232	%{sperm'motility}	percent sperm motility	Unit	Unit	UCUM	Valid	Standard
9233	%{tot'prot}	percent total protein	Unit	Unit	UCUM	Valid	Standard
9234	%{vol}	volume percent	Unit	Unit	UCUM	Valid	Standard
9235	/[arb'U]	per arbitrary unit	Unit	Unit	UCUM	Valid	Standard
9236	/{entity}	per entity	Unit	Unit	UCUM	Valid	Standard
9237	/{tot}	per total count	Unit	Unit	UCUM	Valid	Standard
9238	/10*10	per ten billion	Unit	Unit	UCUM	Valid	Standard
9239	/10*12	per trillion	Unit	Unit	UCUM	Valid	Standard
9240	/10*12.{RBC}	per trillion red blood cells	Unit	Unit	UCUM	Valid	Standard
9241	/10*6	per million	Unit	Unit	UCUM	Valid	Standard
9242	/10*9	per billion	Unit	Unit	UCUM	Valid	Standard
9243	/100	per hundred	Unit	Unit	UCUM	Valid	Standard
9244	/100.{sperm}	per 100 spermatozoa	Unit	Unit	UCUM	Valid	Standard
9245	/dL	per deciliter	Unit	Unit	UCUM	Valid	Standard
9246	/g	per gram	Unit	Unit	UCUM	Valid	Standard
9247	/g{creat}	per gram of creatinine	Unit	Unit	UCUM	Valid	Standard
9248	/g{HBG}	per gram of hemoglobin	Unit	Unit	UCUM	Valid	Standard
9249	/g{tot'nit}	per gram of total nitrogen	Unit	Unit	UCUM	Valid	Standard
9250	/g{tot'prot}	per gram of total protein	Unit	Unit	UCUM	Valid	Standard
9251	/g{wet'tis}	per gram of wet tissue	Unit	Unit	UCUM	Valid	Standard
9252	/kg	per kilogram	Unit	Unit	UCUM	Valid	Standard
9253	/kg{body'wt}	per kilogram body weight	Unit	Unit	UCUM	Valid	Standard
9254	/L	per liter	Unit	Unit	UCUM	Valid	Standard
9255	/m2	per square meter	Unit	Unit	UCUM	Valid	Standard
9256	/mg	per milligram	Unit	Unit	UCUM	Valid	Standard
9257	/mL	per milliliter	Unit	Unit	UCUM	Valid	Standard
9258	9258	Invalid UCUM Concept, do not use	Unit	Unit	UCUM	Invalid	Non-standard
9259	9259	Invalid UCUM Concept, do not use	Unit	Unit	UCUM	Invalid	Non-standard
9260	[arb'U]	arbitrary unit	Unit	Unit	UCUM	Valid	Standard
9261	[bbl_us]	barrel	Unit	Unit	UCUM	Valid	Standard
9262	[bdsk'U]	Bodansky unit	Unit	Unit	UCUM	Valid	Standard
9263	[bf_i]	board foot	Unit	Unit	UCUM	Valid	Standard
9264	[Btu]	thermal unit (British)	Unit	Unit	UCUM	Valid	Standard
9265	[Btu_39]	British thermal unit at 39 degrees Fahrenheit	Unit	Unit	UCUM	Valid	Standard
9266	[Btu_59]	british thermal unit at 59 degrees Fahrenheit	Unit	Unit	UCUM	Valid	Standard
9267	[Btu_60]	British thermal unit at 60 degrees Fahrenheit	Unit	Unit	UCUM	Valid	Standard
9268	[Btu_IT]	thermal unit (international)	Unit	Unit	UCUM	Valid	Standard
9269	[Btu_m]	mean British Thermal Unit	Unit	Unit	UCUM	Valid	Standard
9270	[Btu_th]	thermochemical British Thermal Unit	Unit	Unit	UCUM	Valid	Standard
9271	[bu_us]	bushel (US)	Unit	Unit	UCUM	Valid	Standard
9272	[c]	velocity of light	Unit	Unit	UCUM	Valid	Standard
9273	[Cal]	nutrition label calories	Unit	Unit	UCUM	Valid	Standard
9274	[car_Au]	carat of gold alloys	Unit	Unit	UCUM	Valid	Standard
9275	[car_m]	metric carat	Unit	Unit	UCUM	Valid	Standard
9276	[CCID_50]	50% cell culture infectious dose	Unit	Unit	UCUM	Valid	Standard
9277	[cft_i]	cubic foot	Unit	Unit	UCUM	Valid	Standard
9278	[CFU]	colony forming unit	Unit	Unit	UCUM	Valid	Standard
9279	[Ch]	charriere french	Unit	Unit	UCUM	Valid	Standard
9280	[ch_br]	Gunter's chain (British)	Unit	Unit	UCUM	Valid	Standard
9281	[ch_us]	Gunter's chain (US)	Unit	Unit	UCUM	Valid	Standard
9282	[cicero]	cicero didot's pica	Unit	Unit	UCUM	Valid	Standard
9283	[cin_i]	cubic inch	Unit	Unit	UCUM	Valid	Standard
9284	[cml_i]	circular mil	Unit	Unit	UCUM	Valid	Standard
9285	[cr_i]	cord (international)	Unit	Unit	UCUM	Valid	Standard
9286	[crd_us]	cord (US)	Unit	Unit	UCUM	Valid	Standard
9287	[cup_us]	cup	Unit	Unit	UCUM	Valid	Standard
9288	[cyd_i]	cubic yard	Unit	Unit	UCUM	Valid	Standard
9289	[degF]	degree Fahrenheit	Unit	Unit	UCUM	Valid	Standard
9290	[didot]	Didot's point	Unit	Unit	UCUM	Valid	Standard
9291	[diop]	diopter	Unit	Unit	UCUM	Valid	Standard
9292	[dpt_us]	dry pint	Unit	Unit	UCUM	Valid	Standard
9293	[dqt_us]	dry quart	Unit	Unit	UCUM	Valid	Standard
9294	[dr_ap]	dram (apothecary)	Unit	Unit	UCUM	Valid	Standard
9295	[dr_av]	dram (avoirdupois)	Unit	Unit	UCUM	Valid	Standard
9296	[drp]	drop	Unit	Unit	UCUM	Valid	Standard
9297	[dye'U]	dye unit	Unit	Unit	UCUM	Valid	Standard
9298	[e]	elementary charge	Unit	Unit	UCUM	Valid	Standard
9299	[eps_0]	permittivity of vacuum	Unit	Unit	UCUM	Valid	Standard
9300	[fdr_br]	fluid dram (British)	Unit	Unit	UCUM	Valid	Standard
9301	[fdr_us]	fluid dram (US)	Unit	Unit	UCUM	Valid	Standard
9302	[FFU]	focus forming unit	Unit	Unit	UCUM	Valid	Standard
9303	[foz_br]	fluid ounce (British)	Unit	Unit	UCUM	Valid	Standard
9304	[foz_us]	fluid ounce (US)	Unit	Unit	UCUM	Valid	Standard
9305	[ft_br]	foot (British)	Unit	Unit	UCUM	Valid	Standard
9306	[ft_i]	foot (international)	Unit	Unit	UCUM	Valid	Standard
9307	[ft_us]	foot (US)	Unit	Unit	UCUM	Valid	Standard
9308	[fth_br]	fathom (British)	Unit	Unit	UCUM	Valid	Standard
9309	[fth_i]	fathom (international)	Unit	Unit	UCUM	Valid	Standard
9310	[fth_us]	fathom (US)	Unit	Unit	UCUM	Valid	Standard
9311	[fur_us]	furlong	Unit	Unit	UCUM	Valid	Standard
9312	[G]	Newtonian constant of gravitation	Unit	Unit	UCUM	Valid	Standard
9313	[g]	standard acceleration of free fall	Unit	Unit	UCUM	Valid	Standard
9314	[gal_br]	gallon (British)	Unit	Unit	UCUM	Valid	Standard
9316	[gal_wi]	winchester gallon	Unit	Unit	UCUM	Valid	Standard
9317	[gil_br]	gill (British)	Unit	Unit	UCUM	Valid	Standard
9318	[gil_us]	gill (US)	Unit	Unit	UCUM	Valid	Standard
9319	[gr]	grain	Unit	Unit	UCUM	Valid	Standard
9320	[h]	planck constant	Unit	Unit	UCUM	Valid	Standard
9321	[hd_i]	hand	Unit	Unit	UCUM	Valid	Standard
9322	[hnsf'U]	Hounsfield unit	Unit	Unit	UCUM	Valid	Standard
9323	[HP]	horsepower	Unit	Unit	UCUM	Valid	Standard
9324	[hp_C]	homeopathic potency of centesimal series	Unit	Unit	UCUM	Valid	Standard
9325	[hp_X]	homeopathic potency of decimal series	Unit	Unit	UCUM	Valid	Standard
9326	[in_br]	inch (British)	Unit	Unit	UCUM	Valid	Standard
9327	[in_i]	inch (international)	Unit	Unit	UCUM	Valid	Standard
9328	[in_i'H2O]	inch of water column	Unit	Unit	UCUM	Valid	Standard
9329	[in_i'Hg]	inch of mercury column	Unit	Unit	UCUM	Valid	Standard
9330	[in_us]	inch (US)	Unit	Unit	UCUM	Valid	Standard
9332	[iU]/dL	international unit per deciliter	Unit	Unit	UCUM	Valid	Standard
9333	[iU]/g	international unit per gram	Unit	Unit	UCUM	Valid	Standard
9334	[iU]/g{HBG}	international unit per gram of hemoglobin	Unit	Unit	UCUM	Valid	Standard
9335	[iU]/kg	international unit per kilogram	Unit	Unit	UCUM	Valid	Standard
9338	[k]	Boltzmann constant	Unit	Unit	UCUM	Valid	Standard
9339	[ka'U]	King-Armstrong unit	Unit	Unit	UCUM	Valid	Standard
9340	[kn_br]	knot (British)	Unit	Unit	UCUM	Valid	Standard
9341	[kn_i]	knot (international)	Unit	Unit	UCUM	Valid	Standard
9342	[knk'U]	Kunkel unit	Unit	Unit	UCUM	Valid	Standard
9343	[lb_ap]	pound (apothecary)	Unit	Unit	UCUM	Valid	Standard
9345	[lb_tr]	pound (troy system)	Unit	Unit	UCUM	Valid	Standard
9346	[lbf_av]	pound force (avoirdupois)	Unit	Unit	UCUM	Valid	Standard
9347	[lcwt_av]	long hundredweight	Unit	Unit	UCUM	Valid	Standard
9348	lg([U])/mL	log10 unit per milliliter	Unit	Unit	UCUM	Valid	Standard
9349	[ligne]	ligne french line	Unit	Unit	UCUM	Valid	Standard
9350	[lk_br]	link for Gunter's chain (British)	Unit	Unit	UCUM	Valid	Standard
9351	[lk_us]	link for Gunter's chain (US)	Unit	Unit	UCUM	Valid	Standard
9352	[lne]	line	Unit	Unit	UCUM	Valid	Standard
9354	[lton_av]	long ton (British)	Unit	Unit	UCUM	Valid	Standard
9355	[ly]	light-year	Unit	Unit	UCUM	Valid	Standard
9356	[m_e]	electron mass	Unit	Unit	UCUM	Valid	Standard
9357	[m_p]	proton mass	Unit	Unit	UCUM	Valid	Standard
9358	[mclg'U]	mac lagan unit	Unit	Unit	UCUM	Valid	Standard
9359	[mesh_i]	mesh	Unit	Unit	UCUM	Valid	Standard
9360	[MET]	metabolic equivalent	Unit	Unit	UCUM	Valid	Standard
9361	[mi_br]	mile (British)	Unit	Unit	UCUM	Valid	Standard
9362	[mi_i]	statute mile	Unit	Unit	UCUM	Valid	Standard
9363	[mi_us]	mile (US)	Unit	Unit	UCUM	Valid	Standard
9364	[mil_i]	mil (international)	Unit	Unit	UCUM	Valid	Standard
9365	[mil_us]	mil (US)	Unit	Unit	UCUM	Valid	Standard
9366	[min_br]	minim (British)	Unit	Unit	UCUM	Valid	Standard
9367	[min_us]	minim (US)	Unit	Unit	UCUM	Valid	Standard
9369	[mu_0]	permeability of vacuum	Unit	Unit	UCUM	Valid	Standard
9370	[nmi_br]	nautical mile (British)	Unit	Unit	UCUM	Valid	Standard
9371	[nmi_i]	nautical mile (international)	Unit	Unit	UCUM	Valid	Standard
9372	[oz_ap]	ounce (apothecary)	Unit	Unit	UCUM	Valid	Standard
9373	[oz_av]	ounce (avoirdupois)	Unit	Unit	UCUM	Valid	Standard
9374	[oz_tr]	ounce (troy system)	Unit	Unit	UCUM	Valid	Standard
9375	[pc_br]	pace	Unit	Unit	UCUM	Valid	Standard
9376	[pca]	pica	Unit	Unit	UCUM	Valid	Standard
9377	[pca_pr]	printer's pica	Unit	Unit	UCUM	Valid	Standard
9378	[p'diop]	prism diopter	Unit	Unit	UCUM	Valid	Standard
9379	[PFU]	plaque forming unit	Unit	Unit	UCUM	Valid	Standard
9380	[pi]	the number pi	Unit	Unit	UCUM	Valid	Standard
9381	[pied]	pied french foot	Unit	Unit	UCUM	Valid	Standard
9382	[pk_br]	peck (British)	Unit	Unit	UCUM	Valid	Standard
9383	[pk_us]	peck (US)	Unit	Unit	UCUM	Valid	Standard
9384	[pnt]	point	Unit	Unit	UCUM	Valid	Standard
9385	[pnt_pr]	printer's point	Unit	Unit	UCUM	Valid	Standard
9386	[pouce]	pouce french inch	Unit	Unit	UCUM	Valid	Standard
9387	[ppm]	parts per million	Unit	Unit	UCUM	Valid	Standard
9388	[PRU]	peripheral vascular resistance unit	Unit	Unit	UCUM	Valid	Standard
9389	[psi]	pound per sqare inch	Unit	Unit	UCUM	Valid	Standard
9390	[pt_br]	pint (British)	Unit	Unit	UCUM	Valid	Standard
9391	[pt_us]	pint (US)	Unit	Unit	UCUM	Valid	Standard
9392	[pwt_tr]	pennyweight	Unit	Unit	UCUM	Valid	Standard
9393	[qt_br]	quart (British)	Unit	Unit	UCUM	Valid	Standard
9394	[qt_us]	quart (US)	Unit	Unit	UCUM	Valid	Standard
9395	[rch_us]	Ramden's chain	Unit	Unit	UCUM	Valid	Standard
9396	[rd_br]	rod (British)	Unit	Unit	UCUM	Valid	Standard
9397	[rd_us]	rod (US)	Unit	Unit	UCUM	Valid	Standard
9398	[rlk_us]	link for Ramden's chain	Unit	Unit	UCUM	Valid	Standard
9399	[S]	Svedberg unit	Unit	Unit	UCUM	Valid	Standard
9400	[sc_ap]	scruple	Unit	Unit	UCUM	Valid	Standard
9401	[sct]	section	Unit	Unit	UCUM	Valid	Standard
9402	[scwt_av]	hundredweight (US)	Unit	Unit	UCUM	Valid	Standard
9403	[sft_i]	square foot	Unit	Unit	UCUM	Valid	Standard
9404	[sin_i]	square inch	Unit	Unit	UCUM	Valid	Standard
9405	[smgy'U]	Somogyi unit	Unit	Unit	UCUM	Valid	Standard
9406	[smi_us]	square mile	Unit	Unit	UCUM	Valid	Standard
9407	[smoot]	smoot	Unit	Unit	UCUM	Valid	Standard
9408	[srd_us]	square rod	Unit	Unit	UCUM	Valid	Standard
9409	[ston_av]	short ton (US)	Unit	Unit	UCUM	Valid	Standard
9410	[stone_av]	stone	Unit	Unit	UCUM	Valid	Standard
9411	[syd_i]	square yard	Unit	Unit	UCUM	Valid	Standard
9412	[tbs_us]	tablespoon	Unit	Unit	UCUM	Valid	Standard
9413	[tb'U]	tuberculin unit	Unit	Unit	UCUM	Valid	Standard
9414	[tcid_50]	50% tissue culture infectious dose	Unit	Unit	UCUM	Valid	Standard
9415	[todd'U]	Todd unit	Unit	Unit	UCUM	Valid	Standard
9416	[tsp_us]	teaspoon	Unit	Unit	UCUM	Valid	Standard
9417	[twp]	township	Unit	Unit	UCUM	Valid	Standard
9418	[USP'U]	US pharmacopeia unit	Unit	Unit	UCUM	Valid	Standard
9419	[yd_br]	yard (British)	Unit	Unit	UCUM	Valid	Standard
9420	[yd_i]	yard (international)	Unit	Unit	UCUM	Valid	Standard
9421	[yd_us]	yard (US)	Unit	Unit	UCUM	Valid	Standard
9422	{AHG}eq/mL	AHG-equivalent per milliliter	Unit	Unit	UCUM	Valid	Standard
9423	[CFU]/mL	colony forming unit per milliliter	Unit	Unit	UCUM	Valid	Standard
9424	[CH50'U]/mL	complement Ch50 unit per milliliter	Unit	Unit	UCUM	Valid	Standard
9425	[EU]/100.g	Ehrlich unit per 100 gram	Unit	Unit	UCUM	Valid	Standard
9426	[ELU]/mL	ELISA unit per milliliter	Unit	Unit	UCUM	Valid	Standard
9427	{rbc}	red blood cell count [number]	Unit	Unit	UCUM	Invalid	Non-standard
9428	{RBC}/uL	red blood cells per microliter	Unit	Unit	UCUM	Valid	Standard
9429	{Relative}%	Relative Percent [General Fraction Unit]	Unit	Unit	UCUM	Invalid	Non-standard
9430	{sperm}/mL	spermatozoa per milliliter	Unit	Unit	UCUM	Valid	Standard
9431	{tbl}	tablet	Unit	Unit	UCUM	Valid	Standard
9433	10*	number ten	Unit	Unit	UCUM	Valid	Standard
9434	10*3.{RBC}	thousand red blood cells	Unit	Unit	UCUM	Valid	Standard
9435	10*3/L	thousand per liter	Unit	Unit	UCUM	Valid	Standard
9436	10*3/mL	thousand per milliliter	Unit	Unit	UCUM	Valid	Standard
9437	10*3.{copies}/mL	thousand copies per milliliter	Unit	Unit	UCUM	Valid	Standard
9438	10*5	hundred thousand	Unit	Unit	UCUM	Valid	Standard
9439	10*6.[iU]	mega-international unit	Unit	Unit	UCUM	Invalid	Non-standard
9440	10*6.eq/mL	megaequivalent per milliliter	Unit	Unit	UCUM	Valid	Standard
9441	10*6/{spec}	million per specimen	Unit	Unit	UCUM	Valid	Standard
9442	10*6/L	million per liter	Unit	Unit	UCUM	Valid	Standard
9443	10*8	hundred million	Unit	Unit	UCUM	Valid	Standard
9444	10*9/L	billion per liter	Unit	Unit	UCUM	Valid	Standard
9445	10*9/mL	billion per milliliter	Unit	Unit	UCUM	Valid	Standard
9446	10*9/uL	billion per microliter	Unit	Unit	UCUM	Valid	Standard
9447	10^	the number ten	Unit	Unit	UCUM	Valid	Standard
9448	a	year	Unit	Unit	UCUM	Valid	Standard
9449	a_g	mean gregorian year	Unit	Unit	UCUM	Valid	Standard
9450	a_j	mean julian year	Unit	Unit	UCUM	Valid	Standard
9451	a_t	tropical year	Unit	Unit	UCUM	Valid	Standard
9452	Ang	Angstrom	Unit	Unit	UCUM	Valid	Standard
9453	ar	are	Unit	Unit	UCUM	Valid	Standard
9454	atm	standard atmosphere	Unit	Unit	UCUM	Valid	Standard
9455	att	technical atmosphere	Unit	Unit	UCUM	Valid	Standard
9456	b	barn	Unit	Unit	UCUM	Valid	Standard
9457	B	bel	Unit	Unit	UCUM	Valid	Standard
9458	B[kW]	bel kilowatt	Unit	Unit	UCUM	Valid	Standard
9459	B[mV]	bel millivolt	Unit	Unit	UCUM	Valid	Standard
9460	B[SPL]	bel sound pressure	Unit	Unit	UCUM	Valid	Standard
9461	B[uV]	bel microvolt	Unit	Unit	UCUM	Valid	Standard
9462	B[V]	bel volt	Unit	Unit	UCUM	Valid	Standard
9463	B[W]	bel watt	Unit	Unit	UCUM	Valid	Standard
9464	bar	bar	Unit	Unit	UCUM	Valid	Standard
9465	Bd	baud	Unit	Unit	UCUM	Valid	Standard
9466	Bi	biot	Unit	Unit	UCUM	Valid	Standard
9467	bit	bit	Unit	Unit	UCUM	Valid	Standard
9468	bit_s	bit [amount of information]	Unit	Unit	UCUM	Invalid	Non-standard
9469	Bq	becquerel	Unit	Unit	UCUM	Valid	Standard
9470	By	byte	Unit	Unit	UCUM	Valid	Standard
9471	C	coulomb	Unit	Unit	UCUM	Valid	Standard
9472	cal	calorie	Unit	Unit	UCUM	Valid	Standard
9473	cal_[15]	calorie at 15 degrees Celsius	Unit	Unit	UCUM	Valid	Standard
9474	cal_[20]	calorie at 20 degrees Celsius	Unit	Unit	UCUM	Valid	Standard
9475	cal_IT	calorie (international table)	Unit	Unit	UCUM	Valid	Standard
9476	cal_m	mean calorie	Unit	Unit	UCUM	Valid	Standard
9477	cal_th	thermochemical calorie	Unit	Unit	UCUM	Valid	Standard
9478	cd	candela	Unit	Unit	UCUM	Valid	Standard
9479	cg	centigram	Unit	Unit	UCUM	Valid	Standard
9480	Ci	curie	Unit	Unit	UCUM	Valid	Standard
9481	circ	circle	Unit	Unit	UCUM	Valid	Standard
9482	cL	centiliter	Unit	Unit	UCUM	Valid	Standard
9483	cm2	square centimeter	Unit	Unit	UCUM	Valid	Standard
9484	deg	degree	Unit	Unit	UCUM	Valid	Standard
9485	dg	decigram	Unit	Unit	UCUM	Valid	Standard
9486	dL	deciliter	Unit	Unit	UCUM	Valid	Standard
9487	dm	decimeter	Unit	Unit	UCUM	Valid	Standard
9488	dyn	dyne	Unit	Unit	UCUM	Valid	Standard
9489	eq	equivalent	Unit	Unit	UCUM	Valid	Standard
9490	eq/L	equivalent per liter	Unit	Unit	UCUM	Valid	Standard
9491	eq/mL	equivalent per milliliter	Unit	Unit	UCUM	Valid	Standard
9492	eq/mmol	equivalent per millimole	Unit	Unit	UCUM	Valid	Standard
9493	eq/umol	equivalent per micromole	Unit	Unit	UCUM	Valid	Standard
9494	erg	erg	Unit	Unit	UCUM	Valid	Standard
9495	eV	electronvolt	Unit	Unit	UCUM	Valid	Standard
9496	fg	femtogram	Unit	Unit	UCUM	Valid	Standard
9497	fm	femtometer	Unit	Unit	UCUM	Valid	Standard
9498	fmol	femtomole	Unit	Unit	UCUM	Valid	Standard
9499	fmol/g	femtomole per gram	Unit	Unit	UCUM	Valid	Standard
9500	fmol/mg	femtomole per milligram	Unit	Unit	UCUM	Valid	Standard
9501	fmol/mL	femtomole per milliliter	Unit	Unit	UCUM	Valid	Standard
9502	G	Gauss	Unit	Unit	UCUM	Valid	Standard
9503	g%	gram percent	Unit	Unit	UCUM	Valid	Standard
9504	g.m	gram-meter	Unit	Unit	UCUM	Valid	Standard
9505	g.m/({hb}.m2)	gram-meter per heart beat per square meter	Unit	Unit	UCUM	Valid	Standard
9506	g.m/{H.B.}	gram meter per heartbeat [proportional to ventricular stroke work]	Unit	Unit	UCUM	Invalid	Non-standard
9507	g.m/{hb}	gram-meter per heart beat	Unit	Unit	UCUM	Valid	Standard
9508	g/100.g	gram per 100 gram	Unit	Unit	UCUM	Valid	Standard
9509	g/{tot'wt}	gram per total weight	Unit	Unit	UCUM	Valid	Standard
9510	g/g	gram per gram	Unit	Unit	UCUM	Valid	Standard
9511	g/g{creat}	gram per gram of creatinine	Unit	Unit	UCUM	Valid	Standard
9512	g/kg	gram per kilogram	Unit	Unit	UCUM	Valid	Standard
9513	g/m2	gram per square meter	Unit	Unit	UCUM	Valid	Standard
9514	g/mL	gram per milliliter	Unit	Unit	UCUM	Valid	Standard
9515	[gal_us]	gallon (US)	Unit	Unit	UCUM	Valid	Standard
9516	Gb	gilbert	Unit	Unit	UCUM	Valid	Standard
9517	gf	gram-force	Unit	Unit	UCUM	Valid	Standard
9518	gon	gon grade	Unit	Unit	UCUM	Valid	Standard
9519	Gy	gray	Unit	Unit	UCUM	Valid	Standard
9520	hL	hectoliter	Unit	Unit	UCUM	Valid	Standard
9521	Hz	Hertz	Unit	Unit	UCUM	Valid	Standard
9522	J	joule	Unit	Unit	UCUM	Valid	Standard
9523	K	kelvin	Unit	Unit	UCUM	Valid	Standard
9524	K/W	kelvin per watt	Unit	Unit	UCUM	Valid	Standard
9525	10*3.[iU]/mL	kilo-international unit per milliliter	Unit	Unit	UCUM	Valid	Standard
9526	kat	katal	Unit	Unit	UCUM	Valid	Standard
9527	kat/kg	katal per kilogram	Unit	Unit	UCUM	Valid	Standard
9528	kcal/[oz_av]	kilocalories per ounce	Unit	Unit	UCUM	Valid	Standard
9529	kg	kilogram	Unit	Unit	UCUM	Valid	Standard
9530	kg/L	kilogram per liter	Unit	Unit	UCUM	Valid	Standard
9531	kg/m2	kilogram per square meter	Unit	Unit	UCUM	Valid	Standard
9532	kg/m3	kilogram per cubic meter	Unit	Unit	UCUM	Valid	Standard
9533	kg/mol	kilogram per mole	Unit	Unit	UCUM	Valid	Standard
9534	kg{wet'tis}	kilogram of wet tissue	Unit	Unit	UCUM	Valid	Standard
9535	kL	kiloliter	Unit	Unit	UCUM	Valid	Standard
9536	km	kilometer	Unit	Unit	UCUM	Valid	Standard
9537	ks	kilosecond	Unit	Unit	UCUM	Valid	Standard
9538	10*3.[U]/g	kilounit per gram	Unit	Unit	UCUM	Valid	Standard
9539	Ky	kayser	Unit	Unit	UCUM	Valid	Standard
9540	l	liter [volume]	Unit	Unit	UCUM	Invalid	Non-standard
9541	L.s2/s	liter-square second per second	Unit	Unit	UCUM	Valid	Standard
9542	L/kg	liter per kilogram	Unit	Unit	UCUM	Valid	Standard
9543	lm	lumen	Unit	Unit	UCUM	Valid	Standard
9544	Lmb	lambert	Unit	Unit	UCUM	Valid	Standard
9545	lx	lux	Unit	Unit	UCUM	Valid	Standard
9546	m	meter	Unit	Unit	UCUM	Valid	Standard
9547	m[H2O]	meter of water column	Unit	Unit	UCUM	Valid	Standard
9548	m[Hg]	meter of mercury column	Unit	Unit	UCUM	Valid	Standard
9550	10*-3.[iU]/mL	milli-international unit per milliliter	Unit	Unit	UCUM	Valid	Standard
9551	10*-3.eq	milliequivalent	Unit	Unit	UCUM	Valid	Standard
9552	10*-3.eq/{spec}	milliequivalent per specimen	Unit	Unit	UCUM	Valid	Standard
9553	10*-3.eq/dL	milliequivalent per deciliter	Unit	Unit	UCUM	Valid	Standard
9554	10*-3.eq/g	milliequivalent per gram	Unit	Unit	UCUM	Valid	Standard
9555	10*-3.eq/g{creat}	milliequivalent per gram of creatinine	Unit	Unit	UCUM	Valid	Standard
9556	10*-3.eq/kg	milliequivalent per kilogram	Unit	Unit	UCUM	Valid	Standard
9557	10*-3.eq/L	milliequivalent per liter	Unit	Unit	UCUM	Valid	Standard
9558	10*-3.eq/m2	milliequivalent per square meter	Unit	Unit	UCUM	Valid	Standard
9559	10*-3.eq/mL	milliequivalent per milliliter	Unit	Unit	UCUM	Valid	Standard
9560	mg/{tot'vol}	milligram per total volume	Unit	Unit	UCUM	Valid	Standard
9561	mg/{vol}	milligram per volume	Unit	Unit	UCUM	Valid	Standard
9562	mg/kg	milligram per kilogram	Unit	Unit	UCUM	Valid	Standard
9563	mg/m2	milligram per square meter	Unit	Unit	UCUM	Valid	Standard
9564	mg/m3	milligram per cubic meter	Unit	Unit	UCUM	Valid	Standard
9565	mg/mg	milligram per milligram	Unit	Unit	UCUM	Valid	Standard
9566	mg{creat}	milligram of creatinine	Unit	Unit	UCUM	Valid	Standard
9567	mg{phenylketone}/dL	milligram of phenylketones per deciliter	Unit	Unit	UCUM	Valid	Standard
9568	mho	mho	Unit	Unit	UCUM	Valid	Standard
9569	mL/{hb}	milliliter per heart beat	Unit	Unit	UCUM	Valid	Standard
9570	mL/dL	milliliter per deciliter	Unit	Unit	UCUM	Valid	Standard
9571	mL/kg	milliliter per kilogram	Unit	Unit	UCUM	Valid	Standard
9572	mm2	square millimeter	Unit	Unit	UCUM	Valid	Standard
9573	mmol	millimole	Unit	Unit	UCUM	Valid	Standard
9574	mmol/{tot'vol}	millimole per total volume	Unit	Unit	UCUM	Valid	Standard
9575	mmol/dL	millimole per deciliter	Unit	Unit	UCUM	Valid	Standard
9576	mmol/g	millimole per gram	Unit	Unit	UCUM	Valid	Standard
9577	mmol/kg	millimole per kilogram	Unit	Unit	UCUM	Valid	Standard
9578	mmol/m2	millimole per square meter	Unit	Unit	UCUM	Valid	Standard
9579	mmol/mol	millimole per mole	Unit	Unit	UCUM	Valid	Standard
9580	mo	month	Unit	Unit	UCUM	Valid	Standard
9581	mo_g	mean gregorian month	Unit	Unit	UCUM	Valid	Standard
9582	mo_j	mean julian month	Unit	Unit	UCUM	Valid	Standard
9583	mo_s	synodal month	Unit	Unit	UCUM	Valid	Standard
9584	mol	mole	Unit	Unit	UCUM	Valid	Standard
9585	mol/kg	mole per kilogram	Unit	Unit	UCUM	Valid	Standard
9586	mol/L	mole per liter	Unit	Unit	UCUM	Valid	Standard
9587	mol/m3	mole per cubic meter	Unit	Unit	UCUM	Valid	Standard
9588	mol/mL	mole per milliliter	Unit	Unit	UCUM	Valid	Standard
9591	mosm/L	milliosmole per liter	Unit	Unit	UCUM	Valid	Standard
9592	Ms	megasecond	Unit	Unit	UCUM	Valid	Standard
9593	ms	millisecond	Unit	Unit	UCUM	Valid	Standard
9594	10*-3.[U]/g	milliunit per gram	Unit	Unit	UCUM	Valid	Standard
9595	10*-3.[U]/g{HGB}	milliunit per gram of hemoglobin	Unit	Unit	UCUM	Valid	Standard
9596	10*-3.[U]/mg	milliunit per milligram	Unit	Unit	UCUM	Valid	Standard
9597	10*-3.[U]/mg{creat}	milliunit per milligram of creatinine	Unit	Unit	UCUM	Valid	Standard
9598	Mx	maxwell	Unit	Unit	UCUM	Valid	Standard
9599	N	newton	Unit	Unit	UCUM	Valid	Standard
9600	ng	nanogram	Unit	Unit	UCUM	Valid	Standard
9601	ng/g{creat}	nanogram per gram of creatinine	Unit	Unit	UCUM	Valid	Standard
9602	ng/kg	nanogram per kilogram	Unit	Unit	UCUM	Valid	Standard
9603	ng/m2	nanogram per square meter	Unit	Unit	UCUM	Valid	Standard
9604	ng/mg{prot}	nanogram per milligram of protein	Unit	Unit	UCUM	Valid	Standard
9606	nL	nanoliter	Unit	Unit	UCUM	Valid	Standard
9607	nmol	nanomole	Unit	Unit	UCUM	Valid	Standard
9608	nmol/dL	nanomole per deciliter	Unit	Unit	UCUM	Valid	Standard
9609	nmol/g	nanomole per gram	Unit	Unit	UCUM	Valid	Standard
9610	nmol/g{creat}	nanomole per gram of creatinine	Unit	Unit	UCUM	Valid	Standard
9611	nmol/mg	nanomole per milligram	Unit	Unit	UCUM	Valid	Standard
9612	nmol/mmol	nanomole per millimole	Unit	Unit	UCUM	Valid	Standard
9613	nmol/mmol{Cre}	NanoMoles Per MilliMole Creatinine [Substance Ratio Or Substance Fraction Units]	Unit	Unit	UCUM	Invalid	Non-standard
9614	nmol/mol	nanomole per mole	Unit	Unit	UCUM	Valid	Standard
9615	Np	neper	Unit	Unit	UCUM	Valid	Standard
9616	ns	nanosecond	Unit	Unit	UCUM	Valid	Standard
9617	Oe	oersted	Unit	Unit	UCUM	Valid	Standard
9618	Ohm	ohm	Unit	Unit	UCUM	Valid	Standard
9619	osm	osmole	Unit	Unit	UCUM	Valid	Standard
9620	osm/kg	osmole per kilogram	Unit	Unit	UCUM	Valid	Standard
9621	osm/L	osmole per liter	Unit	Unit	UCUM	Valid	Standard
9622	P	poise	Unit	Unit	UCUM	Valid	Standard
9623	Pa	pascal	Unit	Unit	UCUM	Valid	Standard
9624	pc	parsec	Unit	Unit	UCUM	Valid	Standard
9625	pg/L	picogram per liter	Unit	Unit	UCUM	Valid	Standard
9626	pg/mm	picogram per millimeter	Unit	Unit	UCUM	Valid	Standard
9627	ph	phot	Unit	Unit	UCUM	Valid	Standard
9628	pL	picoliter	Unit	Unit	UCUM	Valid	Standard
9629	pm	picometer	Unit	Unit	UCUM	Valid	Standard
9630	pmol	picomole	Unit	Unit	UCUM	Valid	Standard
9631	pmol/dL	picomole per deciliter	Unit	Unit	UCUM	Valid	Standard
9632	pmol/mL	picomole per milliliter	Unit	Unit	UCUM	Valid	Standard
9633	pmol/umol	picomole per micromole	Unit	Unit	UCUM	Valid	Standard
9634	ps	picosecond	Unit	Unit	UCUM	Valid	Standard
9635	R	roentgen	Unit	Unit	UCUM	Valid	Standard
9636	rad	radian	Unit	Unit	UCUM	Valid	Standard
9637	RAD	radiation absorbed dose	Unit	Unit	UCUM	Valid	Standard
9638	REM	radiation equivalent man	Unit	Unit	UCUM	Valid	Standard
9639	S	siemens	Unit	Unit	UCUM	Valid	Standard
9640	sb	stilb	Unit	Unit	UCUM	Valid	Standard
9641	sph	sphere	Unit	Unit	UCUM	Valid	Standard
9642	sr	steradian	Unit	Unit	UCUM	Valid	Standard
9643	st	stere	Unit	Unit	UCUM	Valid	Standard
9644	St	stokes	Unit	Unit	UCUM	Valid	Standard
9645	Sv	sievert	Unit	Unit	UCUM	Valid	Standard
9646	T	tesla	Unit	Unit	UCUM	Valid	Standard
9647	t	tonne	Unit	Unit	UCUM	Valid	Standard
9648	u	unified atomic mass unit	Unit	Unit	UCUM	Valid	Standard
9650	U/g{Cre}	Units Per Gram Creatinine [Substance Rate Content Units]	Unit	Unit	UCUM	Invalid	Non-standard
9651	[U]/g{HGB}	unit per gram of hemoglobin	Unit	Unit	UCUM	Valid	Standard
9652	10*-6.[iU]	micro-international unit	Unit	Unit	UCUM	Valid	Standard
9653	10*-6.eq	microequivalent	Unit	Unit	UCUM	Valid	Standard
9654	10*-6.eq/mL	microequivalent per milliliter	Unit	Unit	UCUM	Valid	Standard
9655	ug	microgram	Unit	Unit	UCUM	Valid	Standard
9656	ug/100.g	microgram per 100 gram	Unit	Unit	UCUM	Valid	Standard
9657	ug/{spec}	microgram per specimen	Unit	Unit	UCUM	Valid	Standard
9658	ug/{tot'vol}	microgram per total volume	Unit	Unit	UCUM	Valid	Standard
9659	ug/dL{RBC}	microgram per deciliter of red blood cells	Unit	Unit	UCUM	Valid	Standard
9660	ug/g{dry'wt}	microgram per gram dry weight	Unit	Unit	UCUM	Valid	Standard
9661	ug/g{HBG}	microgram per gram of hemoglobin	Unit	Unit	UCUM	Valid	Standard
9662	ug/kg	microgram per kilogram	Unit	Unit	UCUM	Valid	Standard
9663	ug/m2	microgram per square meter	Unit	Unit	UCUM	Valid	Standard
9664	ug/ng	microgram per nanogram	Unit	Unit	UCUM	Valid	Standard
9665	uL	microliter	Unit	Unit	UCUM	Valid	Standard
9666	um	micrometer	Unit	Unit	UCUM	Valid	Standard
9667	umol	micromole	Unit	Unit	UCUM	Valid	Standard
9668	umol/g	micromole per gram	Unit	Unit	UCUM	Valid	Standard
9669	umol/g{HBG}	micromole per gram of hemoglobin	Unit	Unit	UCUM	Valid	Standard
9670	umol/mg	micromole per milligram	Unit	Unit	UCUM	Valid	Standard
9671	umol/mg{creat}	micromole per milligram of creatinine	Unit	Unit	UCUM	Valid	Standard
9672	umol/min/g	micromole per minute and gram	Unit	Unit	UCUM	Valid	Standard
9673	umol/mL	micromole per milliliter	Unit	Unit	UCUM	Valid	Standard
9674	umol/mol	micromole per mole	Unit	Unit	UCUM	Valid	Standard
9675	umol/mol{creat}	micromole per mole of creatinine	Unit	Unit	UCUM	Valid	Standard
9676	us	microsecond	Unit	Unit	UCUM	Valid	Standard
9677	V	volt	Unit	Unit	UCUM	Valid	Standard
9678	W	watt	Unit	Unit	UCUM	Valid	Standard
9679	Wb	Weber	Unit	Unit	UCUM	Valid	Standard
9681	%{normal'plasma}	percent normal pooled plasma	Unit	Unit	UCUM	Valid	Standard
9682	{BColl}eq/mmol{creat}	bone collagen equivalent per millimole of creatinine	Unit	Unit	UCUM	Valid	Standard
9683	{BColl}eq/umol{creat}	bone collagen equivalent per micromole of creatinine	Unit	Unit	UCUM	Valid	Standard
9684	{IgACardiolipin}U/mL	IgA Phospholipid Units Per MilliLiter [Arbitrary Concentration Units]	Unit	Unit	UCUM	Invalid	Non-standard
9685	{IgGCardiolipin}U/mL	IgG Phospholipid Units Per MilliLiter [Arbitrary Concentration Units]	Unit	Unit	UCUM	Invalid	Non-standard
9686	{IgMCardiolipin}U/mL	IgM Phospholipid Units Per MilliLiter [Arbitrary Concentration Units]	Unit	Unit	UCUM	Invalid	Non-standard
9687	[iU]/h	international unit per hour	Unit	Unit	UCUM	Valid	Standard
9688	ug/kg/min	microgram per kilogram per minute	Unit	Unit	UCUM	Valid	Standard
9689	10*6.[U]	Million unit	Unit	Unit	UCUM	Valid	Standard
9690	ug/kg/h	microgram per kilogram per hour	Unit	Unit	UCUM	Valid	Standard
9691	mg/kg/h	milligram per kilogram per hour	Unit	Unit	UCUM	Valid	Standard
9692	mg/kg/min	milligram per kilogram per minute	Unit	Unit	UCUM	Valid	Standard
9693	{ir}	index of reactivity	Unit	Unit	UCUM	Valid	Standard
32018	{vector-genome}	Vector-genome	Unit	Unit	UCUM	Valid	Standard
32407	[SQU]	standardized quality unit	Unit	Unit	UCUM	Valid	Standard
32408	ug/mmol	microgram per millimole	Unit	Unit	UCUM	Valid	Standard
32608	{mutations}/{megabase}	mutations per megabase	Unit	Unit	UCUM	Valid	Standard
32660	{mitoses}/[10 HPF]	mitoses per 10 high power field	Unit	Unit	UCUM	Valid	Standard
32661	{mitoses}/[40 HPF]	mitoses per 40 high power field	Unit	Unit	UCUM	Valid	Standard
32662	{mitoses}/[50 HPF]	mitoses per 50 high power field	Unit	Unit	UCUM	Valid	Standard
32666	cGy	centigray	Unit	Unit	UCUM	Valid	Standard
32667	{mitoses}/mm2	mitoses per square millimeter	Unit	Unit	UCUM	Valid	Standard
32695	ag/{cell}	attogram per cell	Unit	Unit	UCUM	Valid	Standard
32696	pmol/mg	picomole per milligram	Unit	Unit	UCUM	Valid	Standard
32697	Da	dalton	Unit	Unit	UCUM	Valid	Standard
32698	kDa	kilodalton	Unit	Unit	UCUM	Valid	Standard
32699	mL/min/mm[Hg]	milliliter per minute per millimeter mercury column	Unit	Unit	UCUM	Valid	Standard
32700	L/s	liter per second	Unit	Unit	UCUM	Valid	Standard
32701	g/cm2	gram per square centimeter	Unit	Unit	UCUM	Valid	Standard
32702	g/mmol	gram per millimole	Unit	Unit	UCUM	Valid	Standard
32703	dyn.sec/cm5	dyne-second per centimeter to the fifth power	Unit	Unit	UCUM	Valid	Standard
32704	mm[Hg].min/L	millimeter mercury column-minute per liter	Unit	Unit	UCUM	Valid	Standard
32705	[wood'U]	wood unit	Unit	Unit	UCUM	Valid	Standard
32706	10*4/uL	ten thousand per microliter	Unit	Unit	UCUM	Valid	Standard
32707	ng{FEU}/mL	nanogram of fibrinogen equivalent unit per milliliter	Unit	Unit	UCUM	Valid	Standard
32708	10*12.{copies}/mL	trillion copies per milliliter	Unit	Unit	UCUM	Valid	Standard
32709	10*6.{copies}/mL	million copies per milliliter	Unit	Unit	UCUM	Valid	Standard
32710	L/min/m2	liter per minute per square meter	Unit	Unit	UCUM	Valid	Standard
32738	cm/s	centimeter per second	Unit	Unit	UCUM	Valid	Standard
32739	ml/m2	milliliter per square meter	Unit	Unit	UCUM	Valid	Standard
32912	1	Generic unit for indivisible thing	Unit	Unit	UCUM	Valid	Standard
32959	/m	per meter	Unit	Unit	UCUM	Valid	Standard
32960	dB/MHz	Decibel per megahertz	Unit	Unit	UCUM	Valid	Standard
32961	ds	decisecond	Unit	Unit	UCUM	Valid	Standard
32962	kJ	kilojoule	Unit	Unit	UCUM	Valid	Standard
32963	L/m2	liter per square meter	Unit	Unit	UCUM	Valid	Standard
32964	ug/m3	microgram per cubic meter	Unit	Unit	UCUM	Valid	Standard
32965	ng/uL	nanogram per microliter	Unit	Unit	UCUM	Valid	Standard
32995	ukat/L	microkatal per liter	Unit	Unit	UCUM	Valid	Standard
32996	mgu	milligravity unit	Unit	Unit	UCUM	Valid	Standard
33013	nkat/L	nanokatal per liter	Unit	Unit	UCUM	Valid	Standard
33014	mL/kg/(24.h)	milliliter per kilogram per 24 hours	Unit	Unit	UCUM	Valid	Standard
33049	[acr_br]	acre (British)	Unit	Unit	UCUM	Valid	Standard
33050	[acr_us]	acre (US)	Unit	Unit	UCUM	Valid	Standard
33097	{viral-particle}	Viral-particle	Unit	Unit	UCUM	Valid	Standard
33098	{ein}	Equivalent islet number	Unit	Unit	UCUM	Valid	Standard
33111	{Cigar}	cigar dosing unit	Unit	Unit	UCUM	Valid	Standard
33112	{Cigarette}	cigarette dosing unit	Unit	Unit	UCUM	Valid	Standard
33113	/kOhm	per kiloohm	Unit	Unit	UCUM	Valid	Standard
33114	hPa	hectopascal	Unit	Unit	UCUM	Valid	Standard
33115	mmol/(48.h)	millimole per 48 hours	Unit	Unit	UCUM	Valid	Standard
33117	/nL	per nanoliter	Unit	Unit	UCUM	Valid	Standard
33118	/pL	per picoliter	Unit	Unit	UCUM	Valid	Standard
33138	{RU}/mL	relative units per milliliter	Unit	Unit	UCUM	Valid	Standard
586323	Cel	degree Celsius	Unit	Unit	UCUM	Valid	Standard
705179	/cm2	per square centimeter	Unit	Unit	UCUM	Valid	Standard
710189	amol	attomole	Unit	Unit	UCUM	Valid	Standard
710190	mkat	millikatal	Unit	Unit	UCUM	Valid	Standard
710191	fkat	femtokatal	Unit	Unit	UCUM	Valid	Standard
710192	akat	attokatal	Unit	Unit	UCUM	Valid	Standard
710193	MJ	megajoule	Unit	Unit	UCUM	Valid	Standard
710194	kcal	kilocalorie	Unit	Unit	UCUM	Valid	Standard
710195	fg/mL	femtogram per milliliter	Unit	Unit	UCUM	Valid	Standard
710196	fmol/kg	femtomole per kilogram	Unit	Unit	UCUM	Valid	Standard
710197	fkat/L	femtokatal per liter	Unit	Unit	UCUM	Valid	Standard
710198	fkat/kg	femtokatal per kilogram	Unit	Unit	UCUM	Valid	Standard
710199	kg/(24.h)	kilogram per 24 hours	Unit	Unit	UCUM	Valid	Standard
710200	mmol/min	millimole per minute	Unit	Unit	UCUM	Valid	Standard
710201	mmol/h	millimole per hour	Unit	Unit	UCUM	Valid	Standard
710202	umol/h	micromole per hour	Unit	Unit	UCUM	Valid	Standard
710203	nmol/h	nanomole per hour	Unit	Unit	UCUM	Valid	Standard
710204	fmol/(24.h)	femtomole per 24 hours	Unit	Unit	UCUM	Valid	Standard
710205	10*-3.eq/min	milliequivalent per minute	Unit	Unit	UCUM	Valid	Standard
710206	mg/g{HGB}	milligram per gram of hemoglobin	Unit	Unit	UCUM	Valid	Standard
710207	mL/s/m2	milliliter per second per square meter	Unit	Unit	UCUM	Valid	Standard
710208	mL/min/m2	milliliter per minute per square meter	Unit	Unit	UCUM	Valid	Standard
710209	mL/min/kg	milliliter per minute per kilogram	Unit	Unit	UCUM	Valid	Standard
710210	10*3.[iU]	kilo-international unit	Unit	Unit	UCUM	Valid	Standard
710211	10*-3.[iU]/kg	milli-international unit per kilogram	Unit	Unit	UCUM	Valid	Standard
710212	kcal/(24.h)	kilocalorie per 24 hours	Unit	Unit	UCUM	Valid	Standard
710213	kcal/h	kilocalorie per hour	Unit	Unit	UCUM	Valid	Standard
710214	kJ/(24.h)	kilojoule per 24 hours	Unit	Unit	UCUM	Valid	Standard
710215	L/cm[H2O]	liter per centimeter of water column	Unit	Unit	UCUM	Valid	Standard
710216	L/kPa	liter per kilopascal	Unit	Unit	UCUM	Valid	Standard
710217	[EU]/(24.h)	Ehrlich unit per 24 hours	Unit	Unit	UCUM	Valid	Standard
710218	kcal/kg/(24.h)	kilocalorie per kilogram per 24 hours	Unit	Unit	UCUM	Valid	Standard
710219	mL/kg/min	milliliter per kilogram per minute	Unit	Unit	UCUM	Valid	Standard
710220	mA	milliampere	Unit	Unit	UCUM	Valid	Standard
710221	MV	megavolt	Unit	Unit	UCUM	Valid	Standard
710222	cGy/h	centigray per hour	Unit	Unit	UCUM	Valid	Standard
710223	cGy/min	centigray per minute	Unit	Unit	UCUM	Valid	Standard
710224	mg{Ra}eq	milligram radium equivalent	Unit	Unit	UCUM	Valid	Standard
710225	uGy/h	microgray per hour	Unit	Unit	UCUM	Valid	Standard
710226	uGy/min	microgray per minute	Unit	Unit	UCUM	Valid	Standard
710227	deg/s	degree per second	Unit	Unit	UCUM	Valid	Standard
710228	GHz	gigahertz	Unit	Unit	UCUM	Valid	Standard
710229	MHz	megahertz	Unit	Unit	UCUM	Valid	Standard
710230	W/cm2	watt per square centimeter	Unit	Unit	UCUM	Valid	Standard
710231	kHz	kilohertz	Unit	Unit	UCUM	Valid	Standard
710232	mW	milliwatt	Unit	Unit	UCUM	Valid	Standard
710233	d/mo	day per month	Unit	Unit	UCUM	Valid	Standard
710234	d/y	day per year	Unit	Unit	UCUM	Valid	Standard
710235	[alcohol'U]	alcohol unit	Unit	Unit	UCUM	Valid	Standard
710236	[alcohol'U]/(24.h)	alcohol unit per 24 hours	Unit	Unit	UCUM	Valid	Standard
710237	[alcohol'U]/w	alcohol unit per week	Unit	Unit	UCUM	Valid	Standard
710238	U/wk	unit per week	Unit	Unit	UCUM	Valid	Standard
710239	Gy/h	gray per hour	Unit	Unit	UCUM	Valid	Standard
710240	Gy/min	gray per minute	Unit	Unit	UCUM	Valid	Standard
710241	MeV	megaelectronvolt	Unit	Unit	UCUM	Valid	Standard
710242	uGy	microgray	Unit	Unit	UCUM	Valid	Standard
710243	R/h	roentgen per hour	Unit	Unit	UCUM	Valid	Standard
710244	R/min	roentgen per minute	Unit	Unit	UCUM	Valid	Standard
710245	RAD/min	radiation absorbed dose per minute	Unit	Unit	UCUM	Valid	Standard
710246	J/mL	joule per milliliter	Unit	Unit	UCUM	Valid	Standard
710247	kcal/mL	kilocalorie per milliliter	Unit	Unit	UCUM	Valid	Standard
710248	MJ/h	megajoule per hour	Unit	Unit	UCUM	Valid	Standard
710249	MJ/(24.h)	megajoule per 24 hours	Unit	Unit	UCUM	Valid	Standard
710250	MJ/(12.h)	megajoule per 12 hours	Unit	Unit	UCUM	Valid	Standard
710251	kcal/kg	kilocalorie per kilogram	Unit	Unit	UCUM	Valid	Standard
710252	MJ/kg	megajoule per kilogram	Unit	Unit	UCUM	Valid	Standard
710253	J/kg	joule per kilogram	Unit	Unit	UCUM	Valid	Standard
710254	[SQU]/mL	standardized quality unit per milliliter	Unit	Unit	UCUM	Valid	Standard
710255	mGy	milligray	Unit	Unit	UCUM	Valid	Standard
710256	10*3.[U]	kilounit	Unit	Unit	UCUM	Valid	Standard
710257	10*2	hundred	Unit	Unit	UCUM	Valid	Standard
710258	10*4	ten thousand	Unit	Unit	UCUM	Valid	Standard
710259	10*7	ten million	Unit	Unit	UCUM	Valid	Standard
710260	10*12	trillion	Unit	Unit	UCUM	Valid	Standard
710261	10*12/mL	trillion per milliliter	Unit	Unit	UCUM	Valid	Standard
720838	ml/kg/min	milliliter per kilogram per minute	Unit	Unit	UCUM	Invalid	Non-standard
720839	ng/kg/min	nanogram per kilogram per minute	Unit	Unit	UCUM	Valid	Standard
720840	[wood'U]/m2	wood unit per square meter	Unit	Unit	UCUM	Valid	Standard
720841	dyn.s/cm5/m2	dyne-second per centimeter to the fifth power per square meter	Unit	Unit	UCUM	Valid	Standard
720842	10*6/kg	million per kilogram	Unit	Unit	UCUM	Valid	Standard
720843	mV	millivolt	Unit	Unit	UCUM	Valid	Standard
720844	g/(72.h)	gram per 72 hour	Unit	Unit	UCUM	Valid	Standard
720845	kJ/mol	kilojoule per mole	Unit	Unit	UCUM	Valid	Standard
720846	10*3[arb'U]/L	kiloarbitary unit per liter	Unit	Unit	UCUM	Valid	Standard
720847	g/(48.h)	gram per 48 hours	Unit	Unit	UCUM	Valid	Standard
720848	[U]/10*10.{cells}	unit per 10 to the 10th power cells	Unit	Unit	UCUM	Valid	Standard
720849	um/s	micrometer per second	Unit	Unit	UCUM	Valid	Standard
720850	pg/g{creat}	picogram per gram of creatinine	Unit	Unit	UCUM	Valid	Standard
720851	nmol/min/mg{protein}	nanomole per minute per mg of protein	Unit	Unit	UCUM	Valid	Standard
720852	{cells}/(75.10*-1.mL)	cells per 7.5 mililiters	Unit	Unit	UCUM	Valid	Standard
720853	fL/nL	femtoliter per nanoliter	Unit	Unit	UCUM	Valid	Standard
720854	[U]/kg{HGB}	unit per kilogram of hemoglobin	Unit	Unit	UCUM	Valid	Standard
720855	[U]/(2.h)	unit per 2 hours	Unit	Unit	UCUM	Valid	Standard
720856	{Ct_value}	cycle threshold value	Unit	Unit	UCUM	Valid	Standard
720857	mL/[lb_us]	milliliter per pound (US)	Unit	Unit	UCUM	Valid	Standard
720858	mbar	millibar	Unit	Unit	UCUM	Valid	Standard
720859	ng/ng	nanogram per nanogram	Unit	Unit	UCUM	Valid	Standard
720860	{FTI%}	free thyroxine index	Unit	Unit	UCUM	Valid	Standard
720861	mg/dL/(24.h)	milligram per deciliter per 24 hours	Unit	Unit	UCUM	Valid	Standard
720862	pg/mg{creat}	picogram per milligram of creatinine	Unit	Unit	UCUM	Valid	Standard
720863	pmol/hr/uL	picomole per hour per microliter	Unit	Unit	UCUM	Valid	Standard
720864	nmol/(24.h)/mg	nanomole per 24 hours per milligram	Unit	Unit	UCUM	Valid	Standard
720865	ml/mbar	milliliter per millibar	Unit	Unit	UCUM	Valid	Standard
720866	ml/cm [H2O]	milliliter per centimeter of water	Unit	Unit	UCUM	Valid	Standard
720867	mbar/L	millibar per liter	Unit	Unit	UCUM	Valid	Standard
720868	{fraction}	fraction	Unit	Unit	UCUM	Valid	Standard
720869	mL/s/(173.10*-2.m2)	milliliter per second per 1.73 square meter	Unit	Unit	UCUM	Valid	Standard
720870	mL/min/(173.10*-2.m2)	milliliter per minute per 1.73 square meter	Unit	Unit	UCUM	Valid	Standard
720871	ml/m2/{beat}	milliliter per square meter per beat	Unit	Unit	UCUM	Valid	Standard
37522620	C73751	mL/cage/day	Unit	Unit	CDISC	Valid	Non-standard
37523504	C69094	kg/cm2	Unit	Unit	CDISC	Valid	Non-standard
37524330	C73721	g/mol	Unit	Unit	CDISC	Valid	Non-standard
37524734	C105490	10^5/L	Unit	Unit	CDISC	Valid	Non-standard
37525557	C67397	ukat/L	Unit	Unit	CDISC	Valid	Non-standard
37526628	C85715	mL/s/kg	Unit	Unit	CDISC	Valid	Non-standard
37526803	C126082	umol/kg/min	Unit	Unit	CDISC	Valid	Non-standard
37527318	C191360	daPa	Unit	Unit	CDISC	Valid	Non-standard
37527548	C120850	SFC/10^6 PBMC	Unit	Unit	CDISC	Valid	Non-standard
37527827	C70509	pkat	Unit	Unit	CDISC	Valid	Non-standard
37528991	C73780	U/mg	Unit	Unit	CDISC	Valid	Non-standard
37529540	C71202	kUSP	Unit	Unit	CDISC	Valid	Non-standard
37529658	C122207	IU/g Hb	Unit	Unit	CDISC	Valid	Non-standard
37529838	C70469	rpm	Unit	Unit	CDISC	Valid	Non-standard
37530543	C96620	/LPF	Unit	Unit	CDISC	Valid	Non-standard
37530607	C114242	cy/cm	Unit	Unit	CDISC	Valid	Non-standard
37530899	C48510	um	Unit	Unit	CDISC	Valid	Non-standard
37532408	C73738	mg/animal	Unit	Unit	CDISC	Valid	Non-standard
37532707	C120848	IU/dL	Unit	Unit	CDISC	Valid	Non-standard
37532872	C42536	amp	Unit	Unit	CDISC	Valid	Non-standard
37532978	C184721	tuberculin unit/0.1mL	Unit	Unit	CDISC	Valid	Non-standard
37534772	C122228	U/10^12 RBC	Unit	Unit	CDISC	Valid	Non-standard
37535070	C64783	g/dL	Unit	Unit	CDISC	Valid	Non-standard
37535439	C124463	uIU/dL	Unit	Unit	CDISC	Valid	Non-standard
37535742	C114238	PIXELS/cm	Unit	Unit	CDISC	Valid	Non-standard
37535926	C48508	umol/L	Unit	Unit	CDISC	Valid	Non-standard
37536093	C73749	mL/breath	Unit	Unit	CDISC	Valid	Non-standard
37536732	C68898	CFU/g	Unit	Unit	CDISC	Valid	Non-standard
37537382	C71186	Organisms	Unit	Unit	CDISC	Valid	Non-standard
37537933	C73718	g/cage/wk	Unit	Unit	CDISC	Valid	Non-standard
37538399	C118137	nmol BCE/mmol	Unit	Unit	CDISC	Valid	Non-standard
37538754	C135517	/cmH2O	Unit	Unit	CDISC	Valid	Non-standard
37539880	C189650	FFU/mL	Unit	Unit	CDISC	Valid	Non-standard
37540483	C186223	MPS U/mL	Unit	Unit	CDISC	Valid	Non-standard
37540604	C186219	APS U/mL	Unit	Unit	CDISC	Valid	Non-standard
37541654	C124457	mg/dose	Unit	Unit	CDISC	Valid	Non-standard
37541947	C116232	HEP	Unit	Unit	CDISC	Valid	Non-standard
37542426	C161495	ug/L DDU	Unit	Unit	CDISC	Valid	Non-standard
37543307	C98786	10^7/L	Unit	Unit	CDISC	Valid	Non-standard
37544204	C69175	uL/mL	Unit	Unit	CDISC	Valid	Non-standard
37545377	C184705	ngEq	Unit	Unit	CDISC	Valid	Non-standard
37545444	C154859	uSiemens	Unit	Unit	CDISC	Valid	Non-standard
37545874	C73716	g/cage	Unit	Unit	CDISC	Valid	Non-standard
37546042	C42570	m3	Unit	Unit	CDISC	Valid	Non-standard
37546273	C67276	keV	Unit	Unit	CDISC	Valid	Non-standard
37546330	C105481	cm/min	Unit	Unit	CDISC	Valid	Non-standard
37546769	C187981	%*min/h	Unit	Unit	CDISC	Valid	Non-standard
37546770	C98759	10^6/hpf	Unit	Unit	CDISC	Valid	Non-standard
37546771	C73710	DPM	Unit	Unit	CDISC	Valid	Non-standard
37546772	C198390	g/ston_av	Unit	Unit	CDISC	Valid	Non-standard
37546773	C122214	mOsm/L	Unit	Unit	CDISC	Valid	Non-standard
37546774	C67394	ug/h	Unit	Unit	CDISC	Valid	Non-standard
37546775	C163566	vg/kg	Unit	Unit	CDISC	Valid	Non-standard
37546776	C25529	HOURS	Unit	Unit	CDISC	Valid	Non-standard
37546777	C130191	mL/(min*100mL)	Unit	Unit	CDISC	Valid	Non-standard
37546778	C85779	pg/h	Unit	Unit	CDISC	Valid	Non-standard
37546779	C66962	mL/h	Unit	Unit	CDISC	Valid	Non-standard
37546780	C48553	yd	Unit	Unit	CDISC	Valid	Non-standard
37546781	C42559	C	Unit	Unit	CDISC	Valid	Non-standard
37546782	C127809	mN	Unit	Unit	CDISC	Valid	Non-standard
37546783	C42560	lm	Unit	Unit	CDISC	Valid	Non-standard
37546784	C172603	tsp eq	Unit	Unit	CDISC	Valid	Non-standard
37546785	C73726	uEq	Unit	Unit	CDISC	Valid	Non-standard
37546786	C156119	10^8 IU	Unit	Unit	CDISC	Valid	Non-standard
37546787	C172606	JDF Unit	Unit	Unit	CDISC	Valid	Non-standard
37546788	C198384	10^8 copies/mL	Unit	Unit	CDISC	Valid	Non-standard
37546789	C73687	Absorbance U/min	Unit	Unit	CDISC	Valid	Non-standard
37546790	C70511	kBq	Unit	Unit	CDISC	Valid	Non-standard
37546791	C67326	ng/dL	Unit	Unit	CDISC	Valid	Non-standard
37546792	C68871	in2	Unit	Unit	CDISC	Valid	Non-standard
37546793	C135521	mL*cmH2O	Unit	Unit	CDISC	Valid	Non-standard
37546794	C48491	gtt	Unit	Unit	CDISC	Valid	Non-standard
37546795	C67423	mmol/min/kPa/L	Unit	Unit	CDISC	Valid	Non-standard
37546796	C116236	PNU/mL	Unit	Unit	CDISC	Valid	Non-standard
37546797	C170630	kV	Unit	Unit	CDISC	Valid	Non-standard
37546798	C199992	10 copies/mL	Unit	Unit	CDISC	Valid	Non-standard
37546799	C161498	APS U	Unit	Unit	CDISC	Valid	Non-standard
37546800	C48546	tonne	Unit	Unit	CDISC	Valid	Non-standard
37546801	C42558	Henry	Unit	Unit	CDISC	Valid	Non-standard
37546802	C91060	cm H2O	Unit	Unit	CDISC	Valid	Non-standard
37546803	C67282	g/m2	Unit	Unit	CDISC	Valid	Non-standard
37546804	C166096	10^7 CFU/mL	Unit	Unit	CDISC	Valid	Non-standard
37546805	C105482	cs	Unit	Unit	CDISC	Valid	Non-standard
37546806	C73713	g/animal	Unit	Unit	CDISC	Valid	Non-standard
37546807	C64564	dram	Unit	Unit	CDISC	Valid	Non-standard
37546808	C122224	pmol/10^9 cells	Unit	Unit	CDISC	Valid	Non-standard
37546809	C176377	pg/cell	Unit	Unit	CDISC	Valid	Non-standard
37546810	C158294	10^7 CFU	Unit	Unit	CDISC	Valid	Non-standard
37546811	C139131	h*%	Unit	Unit	CDISC	Valid	Non-standard
37546812	C124467	umol/h/mmol	Unit	Unit	CDISC	Valid	Non-standard
37546813	C48461	ft2	Unit	Unit	CDISC	Valid	Non-standard
37546814	C73688	cpm	Unit	Unit	CDISC	Valid	Non-standard
37546815	C116233	SBE/mL	Unit	Unit	CDISC	Valid	Non-standard
37546816	C85739	mol/min	Unit	Unit	CDISC	Valid	Non-standard
37546817	C64778	Enzyme U	Unit	Unit	CDISC	Valid	Non-standard
37546818	C122225	pmol/day	Unit	Unit	CDISC	Valid	Non-standard
37546819	C163565	ms/mmHg	Unit	Unit	CDISC	Valid	Non-standard
37546820	C73681	OD Unit	Unit	Unit	CDISC	Valid	Non-standard
37546821	C42549	Watt	Unit	Unit	CDISC	Valid	Non-standard
37546822	C135519	cmH2O*s2/mL	Unit	Unit	CDISC	Valid	Non-standard
37546823	C124466	uL/dose	Unit	Unit	CDISC	Valid	Non-standard
37546824	C127807	MET*min	Unit	Unit	CDISC	Valid	Non-standard
37546825	C68886	cmol/L	Unit	Unit	CDISC	Valid	Non-standard
37546826	C85749	ng/min	Unit	Unit	CDISC	Valid	Non-standard
37546827	C67410	mL/day	Unit	Unit	CDISC	Valid	Non-standard
37546828	C124459	mL/dose	Unit	Unit	CDISC	Valid	Non-standard
37546829	C85602	g/min	Unit	Unit	CDISC	Valid	Non-standard
37546830	C170635	h/wk	Unit	Unit	CDISC	Valid	Non-standard
37546831	C176385	ug/mol	Unit	Unit	CDISC	Valid	Non-standard
37546832	C124471	vg/dose	Unit	Unit	CDISC	Valid	Non-standard
37546833	C73558-DOSU-TRTDOSU	Dose Units	Unit	Unit	CDISC	Valid	Non-standard
37546834	C198399	Organisms/mL	Unit	Unit	CDISC	Valid	Non-standard
37546835	C184714	rad/s	Unit	Unit	CDISC	Valid	Non-standard
37546836	C96687	MdFI	Unit	Unit	CDISC	Valid	Non-standard
37546837	C166098	deg2	Unit	Unit	CDISC	Valid	Non-standard
37546838	C150900	mmHg*min/L	Unit	Unit	CDISC	Valid	Non-standard
37546839	C105509	mm/2h	Unit	Unit	CDISC	Valid	Non-standard
37546840	C73767	ns	Unit	Unit	CDISC	Valid	Non-standard
37546841	C69189	pL	Unit	Unit	CDISC	Valid	Non-standard
37546842	C68894	mol/mg	Unit	Unit	CDISC	Valid	Non-standard
37546843	C198386	10^9 copies/mL	Unit	Unit	CDISC	Valid	Non-standard
37546844	C122201	Anson U	Unit	Unit	CDISC	Valid	Non-standard
37546845	C96649	FEU	Unit	Unit	CDISC	Valid	Non-standard
37546846	C73778	U/kg/h	Unit	Unit	CDISC	Valid	Non-standard
37546847	C100900	copies/mL	Unit	Unit	CDISC	Valid	Non-standard
37546848	C48516	ng	Unit	Unit	CDISC	Valid	Non-standard
37546849	C198372	10^10 vp/dose	Unit	Unit	CDISC	Valid	Non-standard
37546850	C106524	Frames/s	Unit	Unit	CDISC	Valid	Non-standard
37546851	C77606	U/g	Unit	Unit	CDISC	Valid	Non-standard
37546852	C70504	AU/mL	Unit	Unit	CDISC	Valid	Non-standard
37546853	C71193	10^6 organisms/mg	Unit	Unit	CDISC	Valid	Non-standard
37546854	C139132	s*kPa	Unit	Unit	CDISC	Valid	Non-standard
37546855	C117973	MPL U/mL	Unit	Unit	CDISC	Valid	Non-standard
37546856	C67305	ug/dL	Unit	Unit	CDISC	Valid	Non-standard
37546857	C73748	mL/animal/wk	Unit	Unit	CDISC	Valid	Non-standard
37546858	C42551	V	Unit	Unit	CDISC	Valid	Non-standard
37546859	C117966	BU	Unit	Unit	CDISC	Valid	Non-standard
37546860	C116234	SQU/mL	Unit	Unit	CDISC	Valid	Non-standard
37546861	C73746	mL/animal	Unit	Unit	CDISC	Valid	Non-standard
37546862	C198385	10^8 IU/mL	Unit	Unit	CDISC	Valid	Non-standard
37546863	C71168	kBq/uL	Unit	Unit	CDISC	Valid	Non-standard
37546864	C67357	J/cm2	Unit	Unit	CDISC	Valid	Non-standard
37546865	C163046	MnFI	Unit	Unit	CDISC	Valid	Non-standard
37546866	C70566	pptr	Unit	Unit	CDISC	Valid	Non-standard
37546867	C42550	Coulomb	Unit	Unit	CDISC	Valid	Non-standard
37546868	C191356	SFC/10^5 PBMC	Unit	Unit	CDISC	Valid	Non-standard
37546869	C124472	vg/mL	Unit	Unit	CDISC	Valid	Non-standard
37546870	C154858	um/s	Unit	Unit	CDISC	Valid	Non-standard
37546871	C68902	CFU/mL	Unit	Unit	CDISC	Valid	Non-standard
37546872	C161491	ECL unit	Unit	Unit	CDISC	Valid	Non-standard
37546873	C105506	mmHg/L/min	Unit	Unit	CDISC	Valid	Non-standard
37546874	C42547	Pa	Unit	Unit	CDISC	Valid	Non-standard
37546875	C69188	nL	Unit	Unit	CDISC	Valid	Non-standard
37546876	C150901	EVENTS	Unit	Unit	CDISC	Valid	Non-standard
37546877	C163045	FIU	Unit	Unit	CDISC	Valid	Non-standard
37546878	C198381	10^7 copies/mL	Unit	Unit	CDISC	Valid	Non-standard
37546879	C67388	L/min	Unit	Unit	CDISC	Valid	Non-standard
37546880	C201486	(mmHg*min/L)*m2	Unit	Unit	CDISC	Valid	Non-standard
37546881	C85741	ng/day	Unit	Unit	CDISC	Valid	Non-standard
37546882	C70524	Bq/mg	Unit	Unit	CDISC	Valid	Non-standard
37546883	C70507	mkat	Unit	Unit	CDISC	Valid	Non-standard
37546884	C68895	10^3 CFU	Unit	Unit	CDISC	Valid	Non-standard
37546885	C132475	/40 HPFs	Unit	Unit	CDISC	Valid	Non-standard
37546886	C42555	Siemens	Unit	Unit	CDISC	Valid	Non-standard
37546887	C117968	dpm/100 mg	Unit	Unit	CDISC	Valid	Non-standard
37546888	C48513	mmol	Unit	Unit	CDISC	Valid	Non-standard
37546889	C98789	10^3/hpf	Unit	Unit	CDISC	Valid	Non-standard
37546890	C122209	ka_u/dL	Unit	Unit	CDISC	Valid	Non-standard
37546891	C105497	ugEq	Unit	Unit	CDISC	Valid	Non-standard
37546892	C158699	/10 HPFs	Unit	Unit	CDISC	Valid	Non-standard
37546893	C64572	ug/mL	Unit	Unit	CDISC	Valid	Non-standard
37546894	C122223	pmol/10^10 cells	Unit	Unit	CDISC	Valid	Non-standard
37546895	C68687	cmol	Unit	Unit	CDISC	Valid	Non-standard
37546896	C124456	mg/cm2	Unit	Unit	CDISC	Valid	Non-standard
37546897	C48531	LB	Unit	Unit	CDISC	Valid	Non-standard
37546898	C77607	U/mL	Unit	Unit	CDISC	Valid	Non-standard
37546899	C132472	/200 HPFs	Unit	Unit	CDISC	Valid	Non-standard
37546900	C71177	km	Unit	Unit	CDISC	Valid	Non-standard
37546901	C71198	PFU/dose	Unit	Unit	CDISC	Valid	Non-standard
37546902	C67419	mm/h	Unit	Unit	CDISC	Valid	Non-standard
37546903	C135520	cmH2O/mL	Unit	Unit	CDISC	Valid	Non-standard
37546904	C154857	P	Unit	Unit	CDISC	Valid	Non-standard
37546905	C68875	ELISA unit	Unit	Unit	CDISC	Valid	Non-standard
37546906	C68854	fmol	Unit	Unit	CDISC	Valid	Non-standard
37546907	C161492	genEq/mL	Unit	Unit	CDISC	Valid	Non-standard
37546908	C68685	dmol	Unit	Unit	CDISC	Valid	Non-standard
37546909	C67270	CAE Unit	Unit	Unit	CDISC	Valid	Non-standard
37546910	C198388	10^9/uL	Unit	Unit	CDISC	Valid	Non-standard
37546911	C198383	10^8 CFU	Unit	Unit	CDISC	Valid	Non-standard
37546912	C67311	ug/cm2	Unit	Unit	CDISC	Valid	Non-standard
37546913	C98719	DNA copies/mL	Unit	Unit	CDISC	Valid	Non-standard
37546914	C198378	10^5 copies/mL	Unit	Unit	CDISC	Valid	Non-standard
37546915	C25301	DAYS	Unit	Unit	CDISC	Valid	Non-standard
37546916	C64554	cg	Unit	Unit	CDISC	Valid	Non-standard
37546917	C73714	g/animal/day	Unit	Unit	CDISC	Valid	Non-standard
37546918	C70562	ukat	Unit	Unit	CDISC	Valid	Non-standard
37546919	C189651	ukat/g Hb	Unit	Unit	CDISC	Valid	Non-standard
37546920	C48511	mCi	Unit	Unit	CDISC	Valid	Non-standard
37546921	C66969	mg/h	Unit	Unit	CDISC	Valid	Non-standard
37546922	C85597	fg/mL	Unit	Unit	CDISC	Valid	Non-standard
37546923	C73770	um2	Unit	Unit	CDISC	Valid	Non-standard
37546924	C67264	PFU	Unit	Unit	CDISC	Valid	Non-standard
37546925	C69149	us	Unit	Unit	CDISC	Valid	Non-standard
37546926	C120846	dpm/0.5 mL	Unit	Unit	CDISC	Valid	Non-standard
37546927	C67349	Mrad	Unit	Unit	CDISC	Valid	Non-standard
37546928	C73771	10^4/L	Unit	Unit	CDISC	Valid	Non-standard
37546929	C68900	10^6 CFU/g	Unit	Unit	CDISC	Valid	Non-standard
37546930	C67194	kcal	Unit	Unit	CDISC	Valid	Non-standard
37546931	C176380	hr/day	Unit	Unit	CDISC	Valid	Non-standard
37546932	C161494	DDU	Unit	Unit	CDISC	Valid	Non-standard
37546933	C98787	10^4/hpf	Unit	Unit	CDISC	Valid	Non-standard
37546934	C105500	mph	Unit	Unit	CDISC	Valid	Non-standard
37546935	C111318	STEPS	Unit	Unit	CDISC	Valid	Non-standard
37546936	C105505	mL/s/1.73 m2	Unit	Unit	CDISC	Valid	Non-standard
37546937	C189120	Binding Ab Unit	Unit	Unit	CDISC	Valid	Non-standard
37546938	C122200	10^9/g	Unit	Unit	CDISC	Valid	Non-standard
37546939	C158292	ug/L FEU	Unit	Unit	CDISC	Valid	Non-standard
37546940	C139130	MAC50	Unit	Unit	CDISC	Valid	Non-standard
37546941	C117974	nmol BCE/L	Unit	Unit	CDISC	Valid	Non-standard
37546942	C198389	copies/cell	Unit	Unit	CDISC	Valid	Non-standard
37546943	C42566	kat	Unit	Unit	CDISC	Valid	Non-standard
37546944	C117967	BU/mL	Unit	Unit	CDISC	Valid	Non-standard
37546945	C64777	mL/min	Unit	Unit	CDISC	Valid	Non-standard
37546946	C130189	10^6/Ejaculate U	Unit	Unit	CDISC	Valid	Non-standard
37546947	C172604	cup eq	Unit	Unit	CDISC	Valid	Non-standard
37546948	C102405	CAPFUL	Unit	Unit	CDISC	Valid	Non-standard
37546949	C89829	g/wk	Unit	Unit	CDISC	Valid	Non-standard
37546950	C198382	10^7 IU/mL	Unit	Unit	CDISC	Valid	Non-standard
37546951	C73739	mg/CAPSULE	Unit	Unit	CDISC	Valid	Non-standard
37546952	C42572	m/s2	Unit	Unit	CDISC	Valid	Non-standard
37546953	C122213	mmol2/L2	Unit	Unit	CDISC	Valid	Non-standard
37546954	C49670	mmHg	Unit	Unit	CDISC	Valid	Non-standard
37546955	C67427	mOsm/kg	Unit	Unit	CDISC	Valid	Non-standard
37546956	C124465	ukat/10^12 RBC	Unit	Unit	CDISC	Valid	Non-standard
37546957	C68905	10^9 CFU/mL	Unit	Unit	CDISC	Valid	Non-standard
37546958	C147130	Enzyme U/L	Unit	Unit	CDISC	Valid	Non-standard
37546959	C154855	mL/100g/min	Unit	Unit	CDISC	Valid	Non-standard
37546960	C67417	mL/min/mmHg	Unit	Unit	CDISC	Valid	Non-standard
37546961	C130188	/mm	Unit	Unit	CDISC	Valid	Non-standard
37546962	C48153	uL	Unit	Unit	CDISC	Valid	Non-standard
37546963	C48497	grain	Unit	Unit	CDISC	Valid	Non-standard
37546964	C189647	Binding Ab Unit/mL	Unit	Unit	CDISC	Valid	Non-standard
37546965	C85751	nmol/day	Unit	Unit	CDISC	Valid	Non-standard
37546966	C73717	g/cage/day	Unit	Unit	CDISC	Valid	Non-standard
37546967	C67456	U/L	Unit	Unit	CDISC	Valid	Non-standard
37546968	C163562	aMFI	Unit	Unit	CDISC	Valid	Non-standard
37546969	C96599	EU	Unit	Unit	CDISC	Valid	Non-standard
37546970	C42545	Hz	Unit	Unit	CDISC	Valid	Non-standard
37546971	C71187	10^3 organisms	Unit	Unit	CDISC	Valid	Non-standard
37546972	C105488	10^11/L	Unit	Unit	CDISC	Valid	Non-standard
37546973	C67404	mg/wk	Unit	Unit	CDISC	Valid	Non-standard
37546974	C73742	mg/min	Unit	Unit	CDISC	Valid	Non-standard
37546975	C105518	10^12 IU/L	Unit	Unit	CDISC	Valid	Non-standard
37546976	C71170	Ci/L	Unit	Unit	CDISC	Valid	Non-standard
37546977	C117965	APL U/mL	Unit	Unit	CDISC	Valid	Non-standard
37546978	C68855	amol	Unit	Unit	CDISC	Valid	Non-standard
37546979	C127806	MET*h	Unit	Unit	CDISC	Valid	Non-standard
37546980	C28253	mg	Unit	Unit	CDISC	Valid	Non-standard
37546981	C70521	Bq/kg	Unit	Unit	CDISC	Valid	Non-standard
37546982	C67396	pg/mg	Unit	Unit	CDISC	Valid	Non-standard
37546983	C122205	EIA unit	Unit	Unit	CDISC	Valid	Non-standard
37546984	C98743	10^5/hpf	Unit	Unit	CDISC	Valid	Non-standard
37546985	C70455	mol/mol	Unit	Unit	CDISC	Valid	Non-standard
37546986	C70525	GBq/g	Unit	Unit	CDISC	Valid	Non-standard
37546987	C70526	GBq/ug	Unit	Unit	CDISC	Valid	Non-standard
37546988	C68892	mmol/kg	Unit	Unit	CDISC	Valid	Non-standard
37546989	C98757	10^6 IU/mL	Unit	Unit	CDISC	Valid	Non-standard
37546990	C48523	ppm	Unit	Unit	CDISC	Valid	Non-standard
37546991	C100898	10^6 copies/mL	Unit	Unit	CDISC	Valid	Non-standard
37546992	C124461	TRANSDUCING UNIT/mL	Unit	Unit	CDISC	Valid	Non-standard
37546993	C71171	Ci/uL	Unit	Unit	CDISC	Valid	Non-standard
37546994	C67328	nm	Unit	Unit	CDISC	Valid	Non-standard
37546995	C166102	uV2	Unit	Unit	CDISC	Valid	Non-standard
37546996	C48509	umol	Unit	Unit	CDISC	Valid	Non-standard
37546997	C67465	U/kg	Unit	Unit	CDISC	Valid	Non-standard
37546998	C67377	IU/mL	Unit	Unit	CDISC	Valid	Non-standard
37546999	C64387	mmol/L	Unit	Unit	CDISC	Valid	Non-standard
37547000	C156468	mgEq	Unit	Unit	CDISC	Valid	Non-standard
37547001	C154854	Hz/s	Unit	Unit	CDISC	Valid	Non-standard
37547002	C122204	cd/m2	Unit	Unit	CDISC	Valid	Non-standard
37547003	C126079	copies/ug	Unit	Unit	CDISC	Valid	Non-standard
37547004	C139135	kcal/day	Unit	Unit	CDISC	Valid	Non-standard
37547005	C70508	nkat	Unit	Unit	CDISC	Valid	Non-standard
37547006	C100899	DIOPTER	Unit	Unit	CDISC	Valid	Non-standard
37547007	C198395	nmol/dL	Unit	Unit	CDISC	Valid	Non-standard
37547008	C67334	psi	Unit	Unit	CDISC	Valid	Non-standard
37547009	C105503	mL/cm	Unit	Unit	CDISC	Valid	Non-standard
37547010	C67376	mIU/mL	Unit	Unit	CDISC	Valid	Non-standard
37547011	C105512	mV*min	Unit	Unit	CDISC	Valid	Non-standard
37547012	C111140	BLOCKS	Unit	Unit	CDISC	Valid	Non-standard
37547013	C201487	cmH2O/mL/s	Unit	Unit	CDISC	Valid	Non-standard
37547014	C67265	10^7 PFU	Unit	Unit	CDISC	Valid	Non-standard
37547015	C96619	/HPF	Unit	Unit	CDISC	Valid	Non-standard
37547016	C67432	nmol/L	Unit	Unit	CDISC	Valid	Non-standard
37547017	C92618	U/mmol	Unit	Unit	CDISC	Valid	Non-standard
37547018	C156467	Enzyme U/m2	Unit	Unit	CDISC	Valid	Non-standard
37547019	C18063	Gy	Unit	Unit	CDISC	Valid	Non-standard
37547020	C67273	eq	Unit	Unit	CDISC	Valid	Non-standard
37547021	C199995	/100x FIELD	Unit	Unit	CDISC	Valid	Non-standard
37547022	C111129	Antibody Unit	Unit	Unit	CDISC	Valid	Non-standard
37547023	C48519	oz	Unit	Unit	CDISC	Valid	Non-standard
37547024	C48555	mol/L	Unit	Unit	CDISC	Valid	Non-standard
37547025	C139133	L/s/kPa	Unit	Unit	CDISC	Valid	Non-standard
37547026	C198371	10^10 IU/mL	Unit	Unit	CDISC	Valid	Non-standard
37547027	C199993	10 IU/mL	Unit	Unit	CDISC	Valid	Non-standard
37547028	C71189	10^9 organisms	Unit	Unit	CDISC	Valid	Non-standard
37547029	C116241	mJoule/cm2	Unit	Unit	CDISC	Valid	Non-standard
37547030	C42562	Bq	Unit	Unit	CDISC	Valid	Non-standard
37547031	C71166	Bq/uL	Unit	Unit	CDISC	Valid	Non-standard
37547032	C85778	pg/day	Unit	Unit	CDISC	Valid	Non-standard
37547033	C198398	Organisms/g	Unit	Unit	CDISC	Valid	Non-standard
37547034	C154856	Enzyme U/g Hb	Unit	Unit	CDISC	Valid	Non-standard
37547035	C163560	%/s	Unit	Unit	CDISC	Valid	Non-standard
37547036	C184717	10^7/kg	Unit	Unit	CDISC	Valid	Non-standard
37547037	C67412	mL/min/1.73 m2	Unit	Unit	CDISC	Valid	Non-standard
37547038	C98790	10^3 RNA copies/mL	Unit	Unit	CDISC	Valid	Non-standard
37547039	C68877	ELISA unit/mL	Unit	Unit	CDISC	Valid	Non-standard
37547040	C102695	/100 HPFs	Unit	Unit	CDISC	Valid	Non-standard
37547041	C70470	dyn	Unit	Unit	CDISC	Valid	Non-standard
37547042	C96691	MESF	Unit	Unit	CDISC	Valid	Non-standard
37547043	C71201	g/cm2	Unit	Unit	CDISC	Valid	Non-standard
37547044	C70580	mEq/g	Unit	Unit	CDISC	Valid	Non-standard
37547045	C105504	mL/dL	Unit	Unit	CDISC	Valid	Non-standard
37547046	C64552	fg	Unit	Unit	CDISC	Valid	Non-standard
37547047	C71165	Bq/L	Unit	Unit	CDISC	Valid	Non-standard
37547048	C85646	IU/h	Unit	Unit	CDISC	Valid	Non-standard
37547049	C85753	nmol/h	Unit	Unit	CDISC	Valid	Non-standard
37547050	C105487	hPa	Unit	Unit	CDISC	Valid	Non-standard
37547051	C170633	days/wk	Unit	Unit	CDISC	Valid	Non-standard
37547052	C66970	U/h	Unit	Unit	CDISC	Valid	Non-standard
37547053	C48512	mEq	Unit	Unit	CDISC	Valid	Non-standard
37547054	C105516	/VF	Unit	Unit	CDISC	Valid	Non-standard
37547055	C28254	mL	Unit	Unit	CDISC	Valid	Non-standard
37547056	C129002	BEAM BREAKS	Unit	Unit	CDISC	Valid	Non-standard
37547057	C41140	ms	Unit	Unit	CDISC	Valid	Non-standard
37547058	C64566	kg/L	Unit	Unit	CDISC	Valid	Non-standard
37547059	C73752	mL/cage/wk	Unit	Unit	CDISC	Valid	Non-standard
37547060	C130187	/LSQN	Unit	Unit	CDISC	Valid	Non-standard
37547061	C42561	lx	Unit	Unit	CDISC	Valid	Non-standard
37547062	C127804	1/(s*kPa)	Unit	Unit	CDISC	Valid	Non-standard
37547063	C67310	10^6 U	Unit	Unit	CDISC	Valid	Non-standard
37547064	C166097	deg/s	Unit	Unit	CDISC	Valid	Non-standard
37547065	C105499	uV*s	Unit	Unit	CDISC	Valid	Non-standard
37547066	C152057	MeV	Unit	Unit	CDISC	Valid	Non-standard
37547067	C191357	SFC/2x10^5 PBMC	Unit	Unit	CDISC	Valid	Non-standard
37547068	C71167	Bq/mL	Unit	Unit	CDISC	Valid	Non-standard
37547069	C116231	BE/mL	Unit	Unit	CDISC	Valid	Non-standard
37547070	C97343	mAmp	Unit	Unit	CDISC	Valid	Non-standard
37547071	C73779	U/kg/min	Unit	Unit	CDISC	Valid	Non-standard
37547072	C176386	ng/mol	Unit	Unit	CDISC	Valid	Non-standard
37547073	C198370	10^10 copies/mL	Unit	Unit	CDISC	Valid	Non-standard
37547074	C67472	meq/h	Unit	Unit	CDISC	Valid	Non-standard
37547075	C105493	ks	Unit	Unit	CDISC	Valid	Non-standard
37547076	C184723	mg/breath	Unit	Unit	CDISC	Valid	Non-standard
37547077	C85782	pg/min	Unit	Unit	CDISC	Valid	Non-standard
37547078	C85647	IU/min	Unit	Unit	CDISC	Valid	Non-standard
37547079	C64551	pg	Unit	Unit	CDISC	Valid	Non-standard
37547080	C65045	pmol	Unit	Unit	CDISC	Valid	Non-standard
37547081	C73784	U/m2/h	Unit	Unit	CDISC	Valid	Non-standard
37547082	C128269	CGE	Unit	Unit	CDISC	Valid	Non-standard
37547083	C105507	mm/min	Unit	Unit	CDISC	Valid	Non-standard
37547084	C71203	km/h	Unit	Unit	CDISC	Valid	Non-standard
37547085	C163563	gMFI	Unit	Unit	CDISC	Valid	Non-standard
37547086	C48154	min	Unit	Unit	CDISC	Valid	Non-standard
37547087	C68893	mol/g	Unit	Unit	CDISC	Valid	Non-standard
37547088	C70497	anti-Xa IU	Unit	Unit	CDISC	Valid	Non-standard
37547089	C73785	U/m2/min	Unit	Unit	CDISC	Valid	Non-standard
37547090	C69092	cP	Unit	Unit	CDISC	Valid	Non-standard
37547091	C105495	L/L	Unit	Unit	CDISC	Valid	Non-standard
37547092	C48500	in	Unit	Unit	CDISC	Valid	Non-standard
37547093	C70523	Bq/ug	Unit	Unit	CDISC	Valid	Non-standard
37547094	C105517	10^10/L	Unit	Unit	CDISC	Valid	Non-standard
37547095	C65104	mm2	Unit	Unit	CDISC	Valid	Non-standard
37547096	C85722	mmol/min	Unit	Unit	CDISC	Valid	Non-standard
37547097	C70513	GBq	Unit	Unit	CDISC	Valid	Non-standard
37547098	C130194	s^-1(%O2)^-1	Unit	Unit	CDISC	Valid	Non-standard
37547099	C67399	mg/day	Unit	Unit	CDISC	Valid	Non-standard
37547100	C85645	IU/day	Unit	Unit	CDISC	Valid	Non-standard
37547101	C85742	ng/h	Unit	Unit	CDISC	Valid	Non-standard
37547102	C42554	ohm	Unit	Unit	CDISC	Valid	Non-standard
37547103	C67418	mL/mmHg/min/L	Unit	Unit	CDISC	Valid	Non-standard
37547104	C187969	dpm/g	Unit	Unit	CDISC	Valid	Non-standard
37547105	C71196	10^6 organisms/mL	Unit	Unit	CDISC	Valid	Non-standard
37547106	C70570	mCi/kg	Unit	Unit	CDISC	Valid	Non-standard
37547107	C67327	pg/mL	Unit	Unit	CDISC	Valid	Non-standard
37547108	C122220	nmol/mol	Unit	Unit	CDISC	Valid	Non-standard
37547109	C135518	cmH2O*s/mL	Unit	Unit	CDISC	Valid	Non-standard
37547110	C187972	mmHg*beats/min	Unit	Unit	CDISC	Valid	Non-standard
37547111	C170632	DNA copies/ug	Unit	Unit	CDISC	Valid	Non-standard
37547112	C105520	U/cL	Unit	Unit	CDISC	Valid	Non-standard
37547113	C116237	copies/uL	Unit	Unit	CDISC	Valid	Non-standard
37547114	C67267	10^9 PFU	Unit	Unit	CDISC	Valid	Non-standard
37547115	C71253	ft	Unit	Unit	CDISC	Valid	Non-standard
37547116	C126078	Absorbance U/mL	Unit	Unit	CDISC	Valid	Non-standard
37547117	C71188	10^6 organisms	Unit	Unit	CDISC	Valid	Non-standard
37547118	C105492	kPa/L/s	Unit	Unit	CDISC	Valid	Non-standard
37547119	C73772	Gravitational Unit	Unit	Unit	CDISC	Valid	Non-standard
37547120	C69148	pm	Unit	Unit	CDISC	Valid	Non-standard
37547121	C85738	mol/h	Unit	Unit	CDISC	Valid	Non-standard
37547122	C71194	10^9 organisms/mg	Unit	Unit	CDISC	Valid	Non-standard
37547123	C161496	MPS U	Unit	Unit	CDISC	Valid	Non-standard
37547124	C126081	um/day	Unit	Unit	CDISC	Valid	Non-standard
37547125	C70493	IU/g	Unit	Unit	CDISC	Valid	Non-standard
37547126	C67308	10^12/L	Unit	Unit	CDISC	Valid	Non-standard
37547127	C64553	ag	Unit	Unit	CDISC	Valid	Non-standard
37547128	C68915	Gauss	Unit	Unit	CDISC	Valid	Non-standard
37547129	C71205	ug/day	Unit	Unit	CDISC	Valid	Non-standard
37547130	C85737	mol/day	Unit	Unit	CDISC	Valid	Non-standard
37547131	C71172	Ci/mL	Unit	Unit	CDISC	Valid	Non-standard
37547132	C42576	mg/mL	Unit	Unit	CDISC	Valid	Non-standard
37547133	C122222	pkat/L	Unit	Unit	CDISC	Valid	Non-standard
37547134	C120849	kg/cm	Unit	Unit	CDISC	Valid	Non-standard
37547135	C158296	Gy/min	Unit	Unit	CDISC	Valid	Non-standard
37547136	C68904	10^6 CFU/mL	Unit	Unit	CDISC	Valid	Non-standard
37547137	C42556	Weber	Unit	Unit	CDISC	Valid	Non-standard
37547138	C48517	nmol	Unit	Unit	CDISC	Valid	Non-standard
37547139	C111253	mmol/mol	Unit	Unit	CDISC	Valid	Non-standard
37547140	C67335	10^6 IU	Unit	Unit	CDISC	Valid	Non-standard
37547141	C161497	GPS U	Unit	Unit	CDISC	Valid	Non-standard
37547142	C70565	ppb	Unit	Unit	CDISC	Valid	Non-standard
37547143	C139134	Linear ft*LB	Unit	Unit	CDISC	Valid	Non-standard
37547144	C71183	Mile	Unit	Unit	CDISC	Valid	Non-standard
37547145	C67380	IU/mg	Unit	Unit	CDISC	Valid	Non-standard
37547146	C198400	ston_av	Unit	Unit	CDISC	Valid	Non-standard
37547147	C71211	ug/min	Unit	Unit	CDISC	Valid	Non-standard
37547148	C70501	DAgU	Unit	Unit	CDISC	Valid	Non-standard
37547149	C64697	dL	Unit	Unit	CDISC	Valid	Non-standard
37547150	C28251	mm	Unit	Unit	CDISC	Valid	Non-standard
37547151	C116235	BAU/mL	Unit	Unit	CDISC	Valid	Non-standard
37547152	C73715	g/animal/wk	Unit	Unit	CDISC	Valid	Non-standard
37547153	C166100	mL/s/m2	Unit	Unit	CDISC	Valid	Non-standard
37547154	C71174	mCi/L	Unit	Unit	CDISC	Valid	Non-standard
37547155	C67452	10^6/L	Unit	Unit	CDISC	Valid	Non-standard
37547156	C67406	umol/day	Unit	Unit	CDISC	Valid	Non-standard
37547157	C105521	U/dL	Unit	Unit	CDISC	Valid	Non-standard
37547158	C73735	umol/mg/min	Unit	Unit	CDISC	Valid	Non-standard
37547159	C124464	uIU/L	Unit	Unit	CDISC	Valid	Non-standard
37547160	C67015	mg/dL	Unit	Unit	CDISC	Valid	Non-standard
37547161	C85720	mmol/h	Unit	Unit	CDISC	Valid	Non-standard
37547162	C176383	nkat/g Hb	Unit	Unit	CDISC	Valid	Non-standard
37547163	C85723	mmol/s	Unit	Unit	CDISC	Valid	Non-standard
37547164	C166095	10^4 CFU/mL	Unit	Unit	CDISC	Valid	Non-standard
37547165	C117970	dpm/mL	Unit	Unit	CDISC	Valid	Non-standard
37547166	C73720	g/g/day	Unit	Unit	CDISC	Valid	Non-standard
37547167	C67420	mmol/day	Unit	Unit	CDISC	Valid	Non-standard
37547168	C158291	mg/L FEU	Unit	Unit	CDISC	Valid	Non-standard
37547169	C42557	Tesla	Unit	Unit	CDISC	Valid	Non-standard
37547170	C172605	oz eq	Unit	Unit	CDISC	Valid	Non-standard
37547171	C122231	umol/mol	Unit	Unit	CDISC	Valid	Non-standard
37547172	C98758	10^6/g	Unit	Unit	CDISC	Valid	Non-standard
37547173	C68897	10^9 CFU	Unit	Unit	CDISC	Valid	Non-standard
37547174	C85601	g/h	Unit	Unit	CDISC	Valid	Non-standard
37547175	C163564	mL/cm3/min	Unit	Unit	CDISC	Valid	Non-standard
37547176	C70453	g/g	Unit	Unit	CDISC	Valid	Non-standard
37547177	C75303	FFU	Unit	Unit	CDISC	Valid	Non-standard
37547178	C67434	pmol/L	Unit	Unit	CDISC	Valid	Non-standard
37547179	C198377	10^5 CFU	Unit	Unit	CDISC	Valid	Non-standard
37547180	C67330	Osm	Unit	Unit	CDISC	Valid	Non-standard
37547181	C122208	IU/mmol	Unit	Unit	CDISC	Valid	Non-standard
37547182	C161573-PCAEXU	Planned Challenge Agent Exposure Units	Unit	Unit	CDISC	Valid	Non-standard
37547183	C120843	mg/mol	Unit	Unit	CDISC	Valid	Non-standard
37547184	C105484	fraction of 1	Unit	Unit	CDISC	Valid	Non-standard
37547185	C67266	10^8 PFU	Unit	Unit	CDISC	Valid	Non-standard
37547186	C202451	uL/L	Unit	Unit	CDISC	Valid	Non-standard
37547187	C105489	10^8/L	Unit	Unit	CDISC	Valid	Non-standard
37547188	C67372	g/day	Unit	Unit	CDISC	Valid	Non-standard
37547189	C124473	vp/dose	Unit	Unit	CDISC	Valid	Non-standard
37547190	C48494	foz_us	Unit	Unit	CDISC	Valid	Non-standard
37547191	C85707	umol/h	Unit	Unit	CDISC	Valid	Non-standard
37547192	C122226	pmol/dL	Unit	Unit	CDISC	Valid	Non-standard
37547193	C67475	mEq/kg	Unit	Unit	CDISC	Valid	Non-standard
37547194	C48152	ug	Unit	Unit	CDISC	Valid	Non-standard
37547195	C70512	MBq	Unit	Unit	CDISC	Valid	Non-standard
37547196	C42546	Newton	Unit	Unit	CDISC	Valid	Non-standard
37547197	C71192	10^9 organisms/g	Unit	Unit	CDISC	Valid	Non-standard
37547198	C64780	fL	Unit	Unit	CDISC	Valid	Non-standard
37547199	C48577	foz_br	Unit	Unit	CDISC	Valid	Non-standard
37547200	C69114	pt_br	Unit	Unit	CDISC	Valid	Non-standard
37547201	C71197	10^9 organisms/mL	Unit	Unit	CDISC	Valid	Non-standard
37547202	C166099	g/U	Unit	Unit	CDISC	Valid	Non-standard
37547203	C73747	mL/animal/day	Unit	Unit	CDISC	Valid	Non-standard
37547204	C42548	Joule	Unit	Unit	CDISC	Valid	Non-standard
37547205	C67436	RAE	Unit	Unit	CDISC	Valid	Non-standard
37547206	C102406	cm/s	Unit	Unit	CDISC	Valid	Non-standard
37547207	C98756	10^6 DNA copies/mL	Unit	Unit	CDISC	Valid	Non-standard
37547208	C147129	cmHg	Unit	Unit	CDISC	Valid	Non-standard
37547209	C48507	uCi	Unit	Unit	CDISC	Valid	Non-standard
37547210	C124462	ug/dose	Unit	Unit	CDISC	Valid	Non-standard
37547211	C70581	mEq/ug	Unit	Unit	CDISC	Valid	Non-standard
37547212	C48466	Ci	Unit	Unit	CDISC	Valid	Non-standard
37547213	C71191	10^6 organisms/g	Unit	Unit	CDISC	Valid	Non-standard
37547214	C161488	deg/mm	Unit	Unit	CDISC	Valid	Non-standard
37547215	C67284	kPa	Unit	Unit	CDISC	Valid	Non-standard
37547216	C122221	PFU/animal	Unit	Unit	CDISC	Valid	Non-standard
37547217	C73736	uOsm	Unit	Unit	CDISC	Valid	Non-standard
37547218	C73768	ps	Unit	Unit	CDISC	Valid	Non-standard
37547219	C67352	nCi	Unit	Unit	CDISC	Valid	Non-standard
37547220	C98788	10^3 DNA copies/mL	Unit	Unit	CDISC	Valid	Non-standard
37547221	C71204	NEBULE	Unit	Unit	CDISC	Valid	Non-standard
37547222	C130190	gpELISA unit/mL	Unit	Unit	CDISC	Valid	Non-standard
37547223	C105508	mm/s	Unit	Unit	CDISC	Valid	Non-standard
37547224	C199994	100 copies/mL	Unit	Unit	CDISC	Valid	Non-standard
37547225	C67347	GPL U	Unit	Unit	CDISC	Valid	Non-standard
37547226	C198375	10^4 copies/mL	Unit	Unit	CDISC	Valid	Non-standard
37547227	C186221	GPS U/mL	Unit	Unit	CDISC	Valid	Non-standard
37547228	C124460	TRANSDUCING UNIT	Unit	Unit	CDISC	Valid	Non-standard
37547229	C198394	lton_av	Unit	Unit	CDISC	Valid	Non-standard
37547230	C67348	MPL U	Unit	Unit	CDISC	Valid	Non-standard
37547231	C201345	Biomedical Concept	Unit	Unit	CDISC	Valid	Non-standard
37547232	C69441	DROP	Unit	Unit	CDISC	Valid	Non-standard
37547233	C69110	L/day	Unit	Unit	CDISC	Valid	Non-standard
37547234	C73775	U/g/h	Unit	Unit	CDISC	Valid	Non-standard
37547235	C73750	mL/cage	Unit	Unit	CDISC	Valid	Non-standard
37547236	C69160	L/h	Unit	Unit	CDISC	Valid	Non-standard
37547237	C198379	10^5 IU/mL	Unit	Unit	CDISC	Valid	Non-standard
37547238	C122212	mg2/dL2	Unit	Unit	CDISC	Valid	Non-standard
37547239	C70529	Ci/kg	Unit	Unit	CDISC	Valid	Non-standard
37547240	C198387	10^9 IU/mL	Unit	Unit	CDISC	Valid	Non-standard
37547241	C67279	kHz	Unit	Unit	CDISC	Valid	Non-standard
37547242	C105519	10^3/L	Unit	Unit	CDISC	Valid	Non-standard
37547243	C198380	10^6/kg	Unit	Unit	CDISC	Valid	Non-standard
37547244	C117969	dpm/mg	Unit	Unit	CDISC	Valid	Non-standard
37547245	C71199	PFU/mL	Unit	Unit	CDISC	Valid	Non-standard
37547246	C122210	kg/mol	Unit	Unit	CDISC	Valid	Non-standard
37547247	C187982	g/m2*h	Unit	Unit	CDISC	Valid	Non-standard
37547248	C117971	GPL U/mL	Unit	Unit	CDISC	Valid	Non-standard
37547249	C67306	ng/mL	Unit	Unit	CDISC	Valid	Non-standard
37547250	C70575	Roentgen	Unit	Unit	CDISC	Valid	Non-standard
37547251	C127805	MET	Unit	Unit	CDISC	Valid	Non-standard
37547252	C73776	U/g/min	Unit	Unit	CDISC	Valid	Non-standard
37547253	C170634	days/month	Unit	Unit	CDISC	Valid	Non-standard
37547254	C70527	GBq/mg	Unit	Unit	CDISC	Valid	Non-standard
37547255	C122202	APL U	Unit	Unit	CDISC	Valid	Non-standard
37547256	C68899	10^3 CFU/g	Unit	Unit	CDISC	Valid	Non-standard
37547257	C114239	PIXELS/in	Unit	Unit	CDISC	Valid	Non-standard
37547258	C85758	nmol/min	Unit	Unit	CDISC	Valid	Non-standard
37547259	C67402	mg/m2	Unit	Unit	CDISC	Valid	Non-standard
37547260	C85708	umol/min	Unit	Unit	CDISC	Valid	Non-standard
37547261	C71195	10^3 organisms/mL	Unit	Unit	CDISC	Valid	Non-standard
37547262	C73777	U/kg/day	Unit	Unit	CDISC	Valid	Non-standard
37547263	C68876	ELISA unit/dose	Unit	Unit	CDISC	Valid	Non-standard
37547264	C42552	Farad	Unit	Unit	CDISC	Valid	Non-standard
37547265	C127808	mL/beat	Unit	Unit	CDISC	Valid	Non-standard
37547266	C68906	m2/s	Unit	Unit	CDISC	Valid	Non-standard
37547267	C71175	uV	Unit	Unit	CDISC	Valid	Non-standard
37547268	C116242	mmol/min/kPa	Unit	Unit	CDISC	Valid	Non-standard
37547269	C68667	deg	Unit	Unit	CDISC	Valid	Non-standard
37547270	C67324	mV	Unit	Unit	CDISC	Valid	Non-standard
37547271	C68891	mol/mL	Unit	Unit	CDISC	Valid	Non-standard
37547272	C98755	mL/cm H2O	Unit	Unit	CDISC	Valid	Non-standard
37547273	C122217	nmol BCE/nmol	Unit	Unit	CDISC	Valid	Non-standard
37547274	C67314	MHz	Unit	Unit	CDISC	Valid	Non-standard
37547275	C98760	10^6 RNA copies/mL	Unit	Unit	CDISC	Valid	Non-standard
37547276	C70502	DAgU/mL	Unit	Unit	CDISC	Valid	Non-standard
37547277	C70531	Ci/mg	Unit	Unit	CDISC	Valid	Non-standard
37547278	C189642	ARMOUR UNIT	Unit	Unit	CDISC	Valid	Non-standard
37547279	C68901	10^9 CFU/g	Unit	Unit	CDISC	Valid	Non-standard
37547280	C70528	Ci/g	Unit	Unit	CDISC	Valid	Non-standard
37547281	C67268	10^6 PFU	Unit	Unit	CDISC	Valid	Non-standard
37547282	C42553	Sv	Unit	Unit	CDISC	Valid	Non-standard
37547283	C184715	10^5/kg	Unit	Unit	CDISC	Valid	Non-standard
37547284	C184713	m*%	Unit	Unit	CDISC	Valid	Non-standard
37547285	C100897	10^3 copies/mL	Unit	Unit	CDISC	Valid	Non-standard
37547286	C68887	fmol/L	Unit	Unit	CDISC	Valid	Non-standard
37547287	C73686	Absorbance U	Unit	Unit	CDISC	Valid	Non-standard
37547288	C198374	10^3 IU/mL	Unit	Unit	CDISC	Valid	Non-standard
37547289	C122211	mAnson U/mL	Unit	Unit	CDISC	Valid	Non-standard
37547290	C158295	Gy/h	Unit	Unit	CDISC	Valid	Non-standard
37547291	C73765	mPa	Unit	Unit	CDISC	Valid	Non-standard
37547292	C130046	Ejaculate U	Unit	Unit	CDISC	Valid	Non-standard
37547293	C122203	cd*s/m2	Unit	Unit	CDISC	Valid	Non-standard
37547294	C71169	MBq/uL	Unit	Unit	CDISC	Valid	Non-standard
37547295	C67441	RNA copies/mL	Unit	Unit	CDISC	Valid	Non-standard
37547296	C105522	U/g Hb	Unit	Unit	CDISC	Valid	Non-standard
37547297	C181551	10^5 CFU/mL	Unit	Unit	CDISC	Valid	Non-standard
37547298	C64693	cGy	Unit	Unit	CDISC	Valid	Non-standard
37547299	C70506	tuberculin unit/mL	Unit	Unit	CDISC	Valid	Non-standard
37547300	C198376	10^4 IU/mL	Unit	Unit	CDISC	Valid	Non-standard
37547301	C67255	10^9/L	Unit	Unit	CDISC	Valid	Non-standard
37547302	C70522	Bq/g	Unit	Unit	CDISC	Valid	Non-standard
37547303	C67471	mEq/day	Unit	Unit	CDISC	Valid	Non-standard
37547304	C114240	%/min	Unit	Unit	CDISC	Valid	Non-standard
37547305	C92613	nmol/mL/min	Unit	Unit	CDISC	Valid	Non-standard
37547306	C71185	100 IU/mL	Unit	Unit	CDISC	Valid	Non-standard
37547307	C161489	ms2	Unit	Unit	CDISC	Valid	Non-standard
37547308	C191362	nm/min	Unit	Unit	CDISC	Valid	Non-standard
37547309	C71190	10^3 organisms/g	Unit	Unit	CDISC	Valid	Non-standard
37547310	C158293	10^4 CFU	Unit	Unit	CDISC	Valid	Non-standard
37547311	C48460	cm2	Unit	Unit	CDISC	Valid	Non-standard
37547312	C67405	uIU/mL	Unit	Unit	CDISC	Valid	Non-standard
37547313	C176381	min/day	Unit	Unit	CDISC	Valid	Non-standard
37547314	C73728	ug/animal	Unit	Unit	CDISC	Valid	Non-standard
37547315	C48155	g	Unit	Unit	CDISC	Valid	Non-standard
37547316	C132480	mMU/mL	Unit	Unit	CDISC	Valid	Non-standard
37547317	C73774	U/g/day	Unit	Unit	CDISC	Valid	Non-standard
37547318	C67407	umol/dL	Unit	Unit	CDISC	Valid	Non-standard
37547319	C67318	mOsm	Unit	Unit	CDISC	Valid	Non-standard
37547320	C105483	damol/L	Unit	Unit	CDISC	Valid	Non-standard
37547321	C70571	uCi/kg	Unit	Unit	CDISC	Valid	Non-standard
37547322	C198373	10^10 vp/mL	Unit	Unit	CDISC	Valid	Non-standard
37547323	C69087	cL	Unit	Unit	CDISC	Valid	Non-standard
37547324	C189643	mkat/L	Unit	Unit	CDISC	Valid	Non-standard
37547325	C68903	10^3 CFU/mL	Unit	Unit	CDISC	Valid	Non-standard
37547326	C70510	nkat/L	Unit	Unit	CDISC	Valid	Non-standard
37547327	C68896	10^6 CFU	Unit	Unit	CDISC	Valid	Non-standard
37547328	C71176	cycle/min	Unit	Unit	CDISC	Valid	Non-standard
37547329	C124474	vp/mL	Unit	Unit	CDISC	Valid	Non-standard
37547330	C42571	m/s	Unit	Unit	CDISC	Valid	Non-standard
37547331	C48505	L	Unit	Unit	CDISC	Valid	Non-standard
37547332	C54711	atm	Unit	Unit	CDISC	Valid	Non-standard
37547333	C71173	uCi/L	Unit	Unit	CDISC	Valid	Non-standard
37547334	C73783	U/m2/day	Unit	Unit	CDISC	Valid	Non-standard
37547335	C70530	Ci/ug	Unit	Unit	CDISC	Valid	Non-standard
37547336	C94908	Hounsfield Unit	Unit	Unit	CDISC	Valid	Non-standard
37547337	C102407	dB	Unit	Unit	CDISC	Valid	Non-standard
37547338	C69112	ppth	Unit	Unit	CDISC	Valid	Non-standard
44777555	%{calc}	percent calculated	Unit	Unit	UCUM	Valid	Standard
44777556	/(24.h)	per 24 hours	Unit	Unit	UCUM	Valid	Standard
44777557	/h	per hour	Unit	Unit	UCUM	Valid	Standard
44777558	/m3	per cubic meter	Unit	Unit	UCUM	Valid	Standard
44777559	/w	per week	Unit	Unit	UCUM	Valid	Standard
44777560	/y	per year	Unit	Unit	UCUM	Valid	Standard
44777561	[arb'U]/L	arbitrary unit per liter	Unit	Unit	UCUM	Valid	Standard
44777562	[beth'U]/mL	Bethesda unit per milliliter	Unit	Unit	UCUM	Valid	Standard
44777563	[FiU]	fluorescence intensity unit	Unit	Unit	UCUM	Valid	Standard
44777564	[iU]/(24.h)	international unit per 24 hours	Unit	Unit	UCUM	Valid	Standard
44777565	[LIV]	lyme index value	Unit	Unit	UCUM	Valid	Standard
44777566	[score]	score	Unit	Unit	UCUM	Valid	Standard
44777567	[U]/(24.h)	unit per 24 hours	Unit	Unit	UCUM	Valid	Standard
44777568	[U]/dL	unit per deciliter	Unit	Unit	UCUM	Valid	Standard
44777569	{cells}/L	cells per liter	Unit	Unit	UCUM	Valid	Standard
44777570	{copies}/L	copies per liter	Unit	Unit	UCUM	Valid	Standard
44777571	{RBC}/[HPF]	red blood cells per high power field	Unit	Unit	UCUM	Valid	Standard
44777572	{relative'to'H2O}	relative to H2O	Unit	Unit	UCUM	Valid	Standard
44777573	{relative'to'saline}	relative to saline	Unit	Unit	UCUM	Valid	Standard
44777574	{WBC}/[HPF]	white blood cells per high power field	Unit	Unit	UCUM	Valid	Standard
44777575	10*12.{cells}/L	trillion cells per liter	Unit	Unit	UCUM	Valid	Standard
44777576	10*3(rbc)	thousand red blood cells	Unit	Unit	UCUM	Valid	Standard
44777577	10*-3.[iU]	milli-international unit	Unit	Unit	UCUM	Valid	Standard
44777578	10*-3.[U]/L	milliunit per liter	Unit	Unit	UCUM	Valid	Standard
44777579	10*3.[UA]/L	thousand allergen-specific IgE antibody units per liter	Unit	Unit	UCUM	Valid	Standard
44777580	10*3.{cells}/L	thousand cells per liter	Unit	Unit	UCUM	Valid	Standard
44777581	10*3.{copies}/L	thousand copies per liter	Unit	Unit	UCUM	Valid	Standard
44777582	10*-3.eq/(24.h)	milliequivalent per 24 hours	Unit	Unit	UCUM	Valid	Standard
44777583	10*-6.[iU]/L	micro-international unit per liter	Unit	Unit	UCUM	Valid	Standard
44777584	10*-6.[U]/{spec}	microunit per specimen	Unit	Unit	UCUM	Valid	Standard
44777585	10*6.[UA]/L	million allergen-specific IgE antibody units per liter	Unit	Unit	UCUM	Valid	Standard
44777586	10*6.{cells}/L	million cells per liter	Unit	Unit	UCUM	Valid	Standard
44777587	10*6.{copies}/L	million copies per liter	Unit	Unit	UCUM	Valid	Standard
44777588	10*9.{cellls}/L	billion cells per liter	Unit	Unit	UCUM	Valid	Standard
44777589	10*9.{copies}/L	billion copies per liter	Unit	Unit	UCUM	Valid	Standard
44777590	cm[H2O]	centimeter watercolumn	Unit	Unit	UCUM	Valid	Standard
44777591	dB	Decibel	Unit	Unit	UCUM	Valid	Standard
44777592	fg/L	femtogram per liter	Unit	Unit	UCUM	Valid	Standard
44777593	g/(12.h)	gram per 12 hours	Unit	Unit	UCUM	Valid	Standard
44777594	g/h	gram per hour	Unit	Unit	UCUM	Valid	Standard
44777595	g/mol	gram per mole	Unit	Unit	UCUM	Valid	Standard
44777596	g{creat}	gram of creatinine	Unit	Unit	UCUM	Valid	Standard
44777597	g{HGB}	gram of hemoglobin	Unit	Unit	UCUM	Valid	Standard
44777598	g{tot'nit}	gram of total nitrate	Unit	Unit	UCUM	Valid	Standard
44777599	g{tot'prot}	gram of total protein	Unit	Unit	UCUM	Valid	Standard
44777600	g{wet'tis}	gram or wet tissue	Unit	Unit	UCUM	Valid	Standard
44777601	kat/L	katal per liter	Unit	Unit	UCUM	Valid	Standard
44777602	kPa	kilopascal	Unit	Unit	UCUM	Valid	Standard
44777603	L/h	liter per hour	Unit	Unit	UCUM	Valid	Standard
44777604	L/L	liter per liter	Unit	Unit	UCUM	Valid	Standard
44777605	lg({cells})/mL	log cells per milliliter	Unit	Unit	UCUM	Valid	Standard
44777606	m/s	meter per second	Unit	Unit	UCUM	Valid	Standard
44777607	m/s2	meter per square second	Unit	Unit	UCUM	Valid	Standard
44777608	mg/g{dry'wt}	milligram per gram dry weight	Unit	Unit	UCUM	Valid	Standard
44777609	mg/g{wet'wt}	milligram per gram wet weight	Unit	Unit	UCUM	Valid	Standard
44777610	mg/h	milligram per hour	Unit	Unit	UCUM	Valid	Standard
44777611	mg/min	milligram per minute	Unit	Unit	UCUM	Valid	Standard
44777612	mg/mmol	milligram per millimole	Unit	Unit	UCUM	Valid	Standard
44777613	mL/h	milliliter per hour	Unit	Unit	UCUM	Valid	Standard
44777614	mL/s	milliliter per second	Unit	Unit	UCUM	Valid	Standard
44777615	mmol/{spec}	millimole per specimen	Unit	Unit	UCUM	Valid	Standard
44777616	mmol/g{dry'wt}	millimole per gram of wet weight	Unit	Unit	UCUM	Valid	Standard
44777617	mmol/g{wet'wt}	millimole per gram of dry weight	Unit	Unit	UCUM	Valid	Standard
44777618	mmol/mmol	millimole per millimole	Unit	Unit	UCUM	Valid	Standard
44777619	mmol/mmol{creat}	millimole per millimole of creatinine	Unit	Unit	UCUM	Valid	Standard
44777620	mmol/mol{HGB}	millimole per mole of hemoglobin	Unit	Unit	UCUM	Valid	Standard
44777621	mol/s	mole per second	Unit	Unit	UCUM	Valid	Standard
44777622	mPa.s	millipascal second	Unit	Unit	UCUM	Valid	Standard
44777623	mPas	millipascal	Unit	Unit	UCUM	Valid	Standard
44777624	ng/(24.h)	nanogram per 24 hours	Unit	Unit	UCUM	Valid	Standard
44777625	ng/mg{creat}	nanogram per milligram of creatinine	Unit	Unit	UCUM	Valid	Standard
44777626	nkat	nanokatal	Unit	Unit	UCUM	Valid	Standard
44777627	nmol/(24.h)	nanomole per 24 hours	Unit	Unit	UCUM	Valid	Standard
44777628	nmol/10*9.{platelets}	nanomole per billion platelets	Unit	Unit	UCUM	Valid	Standard
44777629	nmol/h/g	nanomole per hour and gram	Unit	Unit	UCUM	Valid	Standard
44777630	nmol/h/L	nanomole per hour and liter	Unit	Unit	UCUM	Valid	Standard
44777631	nmol/h/mL	nanomole per hour and milliliter	Unit	Unit	UCUM	Valid	Standard
44777632	nmol/h/mL{RBC}	nanomole per hour and milliliter red blood cells	Unit	Unit	UCUM	Valid	Standard
44777633	nmol/kg	nanomole per kilogram	Unit	Unit	UCUM	Valid	Standard
44777634	nmol/mg{creat}	nanomole per milligram of creatinine	Unit	Unit	UCUM	Valid	Standard
44777635	nmol/min/mL	nanomole per minute and milliliter	Unit	Unit	UCUM	Valid	Standard
44777636	nmol/mol{creat}	nanomole per mole of creatinine	Unit	Unit	UCUM	Valid	Standard
44777637	nmol/s	nanomole per second	Unit	Unit	UCUM	Valid	Standard
44777638	pg/uL	picogram per microliter	Unit	Unit	UCUM	Valid	Standard
44777639	pkat	picokatal	Unit	Unit	UCUM	Valid	Standard
44777640	pmol/(24.h)	picomole per 24 hours	Unit	Unit	UCUM	Valid	Standard
44777641	pmol/g{HGB}	picomole per gram hemoglobin	Unit	Unit	UCUM	Valid	Standard
44777642	pmol/h/mg{HGB}	picomole per hour and milligram of hemoglobin	Unit	Unit	UCUM	Valid	Standard
44777643	pmol/kg	picomole per kilogram	Unit	Unit	UCUM	Valid	Standard
44777644	ug/g{wet'wt}	microgram per gram wet weight	Unit	Unit	UCUM	Valid	Standard
44777645	ug/h	microgram per hour	Unit	Unit	UCUM	Valid	Standard
44777646	ug/mmol{creat}	microgram per millimole of creatinine	Unit	Unit	UCUM	Valid	Standard
44777647	ukat	microkatal	Unit	Unit	UCUM	Valid	Standard
44777648	umol/g{dry'wt}	micromole per gram of dry weight	Unit	Unit	UCUM	Valid	Standard
44777649	umol/g{wet'wt}	micromole per gram of wet weight	Unit	Unit	UCUM	Valid	Standard
44777650	umol/h/g{HGB}	micromole per hour and gram of hemoglobin	Unit	Unit	UCUM	Valid	Standard
44777651	umol/h/g{prot}	micromole per hour and gram of protein	Unit	Unit	UCUM	Valid	Standard
44777652	umol/h/L	micromole per hour and liter	Unit	Unit	UCUM	Valid	Standard
44777653	umol/h/mL	micromole per hour and milliliter	Unit	Unit	UCUM	Valid	Standard
44777654	umol/kg	micromole per kilogram	Unit	Unit	UCUM	Valid	Standard
44777655	umol/min	micromole per minute	Unit	Unit	UCUM	Valid	Standard
44777656	umol/mmol	micromole per millimole	Unit	Unit	UCUM	Valid	Standard
44777657	umol/mol{HGB}	micromole per mole of hemoglobin	Unit	Unit	UCUM	Valid	Standard
44777658	/mo	per month	Unit	Unit	UCUM	Valid	Standard
44777659	/s	per second	Unit	Unit	UCUM	Valid	Standard
44777660	10*9	billion	Unit	Unit	UCUM	Valid	Standard
44777661	3.mo	trimester	Unit	Unit	UCUM	Valid	Standard
44777662	cm3	cubic centimeter	Unit	Unit	UCUM	Valid	Standard
44777663	mg{FEU}/L	milligram of fibrinogen equivalent unit per liter	Unit	Unit	UCUM	Valid	Standard
44777664	mL/(12.h)	milliliter per 12 hours	Unit	Unit	UCUM	Valid	Standard
44819154	mCi	millicurie	Unit	Unit	UCUM	Valid	Standard
45744809	{actuat}	Actuation	Unit	Unit	UCUM	Valid	Standard
45744810	{BAU}	bioequivalent allergenic unit	Unit	Unit	UCUM	Valid	Standard
45744811	{AU}	allergenic unit	Unit	Unit	UCUM	Valid	Standard
45744812	{cells}	cells	Unit	Unit	UCUM	Valid	Standard
45744813	{CU}	clinical unit	Unit	Unit	UCUM	Valid	Standard
45744814	{LFU}	limit of flocculation unit	Unit	Unit	UCUM	Valid	Standard
45744815	{bacteria}	bacteria	Unit	Unit	UCUM	Valid	Standard
45744816	{PNU}	protein nitrogen unit	Unit	Unit	UCUM	Valid	Standard
45890995	10*6.[U]/mL	Million unit per milliliter	Unit	Unit	UCUM	Valid	Standard
45890996	g/[dose]	gram per dose	Unit	Unit	UCUM	Valid	Standard
45890997	mg/[dose]	milligram per dose	Unit	Unit	UCUM	Valid	Standard
45890998	ug/[dose]	microgram per dose	Unit	Unit	UCUM	Valid	Standard
45890999	[U]/[dose]	unit per dose	Unit	Unit	UCUM	Valid	Standard
45891000	[App]	application	Unit	Unit	UCUM	Valid	Standard
45891001	g/[App]	gram per application	Unit	Unit	UCUM	Valid	Standard
45891002	mg/[App]	milligram per application	Unit	Unit	UCUM	Valid	Standard
45891003	[tb'U]/mL	tuberculin unit per milliliter	Unit	Unit	UCUM	Valid	Standard
45891004	mo{supply}	month supply	Unit	Unit	UCUM	Valid	Standard
45891005	wk{supply}	week supply	Unit	Unit	UCUM	Valid	Standard
45891006	[U]/[drop]	unit per drop	Unit	Unit	UCUM	Valid	Standard
45891007	MBq	Megabecquerel	Unit	Unit	UCUM	Valid	Standard
45891008	kBq	kilobecquerel	Unit	Unit	UCUM	Valid	Standard
45891009	{wt}%{vol}	weight percent volume	Unit	Unit	UCUM	Valid	Standard
45891010	{vol}%{vol}	volume percent volume	Unit	Unit	UCUM	Valid	Standard
45891011	{wt}%{wt}	weight percent weight	Unit	Unit	UCUM	Valid	Standard
45891012	{vol}%{wt}	volume percent weight	Unit	Unit	UCUM	Valid	Standard
45891013	mL/L	milliliter per liter	Unit	Unit	UCUM	Valid	Standard
45891014	mmol/mL	millimole per milliliter	Unit	Unit	UCUM	Valid	Standard
45891015	ug/{actuat}	microgram per actuation	Unit	Unit	UCUM	Valid	Standard
45891016	mg/{actuat}	milligram per actuation	Unit	Unit	UCUM	Valid	Standard
45891017	[U]/{actuat}	unit per actuation	Unit	Unit	UCUM	Valid	Standard
45891018	g/{actuat}	gram per actuation	Unit	Unit	UCUM	Valid	Standard
45891019	[iU]/mg	international unit per milligram	Unit	Unit	UCUM	Valid	Standard
45891021	mg/(16.h)	milligram per 16 hours	Unit	Unit	UCUM	Valid	Standard
45891022	mg/(72.h)	milligram per 72 hours	Unit	Unit	UCUM	Valid	Standard
45891023	ug/(72.h)	microgram per 72 hours	Unit	Unit	UCUM	Valid	Standard
45891024	{KIU}	Kallikrein inactivator unit	Unit	Unit	UCUM	Valid	Standard
45891025	nL/mL	nanoliter per milliliter	Unit	Unit	UCUM	Valid	Standard
45891026	[KIU]/mL	Kallikrein inactivator unit per milliliter	Unit	Unit	UCUM	Valid	Standard
45891027	ug/cm2	microgram per square centimeter	Unit	Unit	UCUM	Valid	Standard
45891028	GBq/mL	Gigabecquerel per milliliter	Unit	Unit	UCUM	Valid	Standard
45891029	uL/mL	microliter per milliliter	Unit	Unit	UCUM	Valid	Standard
45891030	[U]/mg	unit per milligram	Unit	Unit	UCUM	Valid	Standard
45891031	GBq	Gigabecquerel	Unit	Unit	UCUM	Valid	Standard
45891032	MBq/mL	Megabecquerel per milliliter	Unit	Unit	UCUM	Valid	Standard
45891033	mL/mL	milliliter per milliliter	Unit	Unit	UCUM	Valid	Standard
45891034	[U]/cm2	unit per square centimeter	Unit	Unit	UCUM	Valid	Standard
45891035	mL/g	milliliter per gram	Unit	Unit	UCUM	Valid	Standard
45891036	mg/cm2	milligram per square centimeter	Unit	Unit	UCUM	Valid	Standard
45891037	uL/g	microliter per gram	Unit	Unit	UCUM	Valid	Standard
45891038	kBq/mL	kilobecquerel per milliliter	Unit	Unit	UCUM	Valid	Standard
45956701	g/cm3	gram per cubical centimeter	Unit	Unit	UCUM	Valid	Standard
