CPT4_Code,Description,Domain
0002M,"Liver disease, ten biochemical assays (ALT, A2-macroglobulin, apolipoprotein A-1, total bilirubin, GGT, haptoglobin, AST, glucose, total cholesterol and triglycerides) utilizing serum, prognostic algorithm reported as quantitative scores for fibrosis,...",Measurement
00103,"Anesthesia for reconstructive procedures of eyelid (eg, blepharoplasty, ptosis surgery)",Procedure
00120,"Anesthesia for procedures on external, middle, and inner ear including biopsy; not otherwise specified",Procedure
00126,"Anesthesia for procedures on external, middle, and inner ear including biopsy; tympanotomy",Procedure
0012T,"Arthroscopy, knee, surgical, implantation of osteochondral graft(s) for treatment of articular surface defect; autografts (Deprecated)",Procedure
00145,Anesthesia for procedures on eye; vitreoretinal surgery,Procedure
00170,"Anesthesia for intraoral procedures, including biopsy; not otherwise specified",Procedure
00176,"Anesthesia for intraoral procedures, including biopsy; radical surgery",Procedure
00190,Anesthesia for procedures on facial bones or skull; not otherwise specified,Procedure
00192,Anesthesia for procedures on facial bones or skull; radical surgery (including prognathism),Procedure
00211,Anesthesia for intracranial procedures; craniotomy or craniectomy for evacuation of hematoma,Procedure
00214,"Anesthesia for intracranial procedures; burr holes, including ventriculography",Procedure
00215,"Anesthesia for intracranial procedures; cranioplasty or elevation of depressed skull fracture, extradural (simple or compound)",Procedure
00222,Anesthesia for intracranial procedures; electrocoagulation of intracranial nerve,Procedure
00300,"Anesthesia for all procedures on the integumentary system, muscles and nerves of head, neck, and posterior trunk, not otherwise specified",Procedure
0030T,"Antiprothrombin (phospholipid cofactor) antibody, each Ig class (Deprecated)",Procedure
00320,"Anesthesia for all procedures on esophagus, thyroid, larynx, trachea and lymphatic system of neck; not otherwise specified, age 1 year or older",Procedure
00352,Anesthesia for procedures on major vessels of neck; simple ligation,Procedure
00400,"Anesthesia for procedures on the integumentary system on the extremities, anterior trunk and perineum; not otherwise specified",Procedure
00402,"Anesthesia for procedures on the integumentary system on the extremities, anterior trunk and perineum; reconstructive procedures on breast (eg, reduction or augmentation mammoplasty, muscle flaps)",Procedure
00404,"Anesthesia for procedures on the integumentary system on the extremities, anterior trunk and perineum; radical or modified radical procedures on breast",Procedure
00410,"Anesthesia for procedures on the integumentary system on the extremities, anterior trunk and perineum; electrical conversion of arrhythmias",Procedure
0042T,"Cerebral perfusion analysis using computed tomography with contrast administration, including post-processing of parametric maps with determination of cerebral blood flow, cerebral blood volume, and mean transit time",Procedure
00474,"Anesthesia for partial rib resection; radical procedures (eg, pectus excavatum)",Procedure
0048T,"Implantation of a ventricular assist device, extracorporeal, percutaneous transseptal access, single or dual cannulation (Deprecated)",Procedure
00500,Anesthesia for all procedures on esophagus,Procedure
00520,Anesthesia for closed chest procedures; (including bronchoscopy) not otherwise specified,Procedure
00522,Anesthesia for closed chest procedures; needle biopsy of pleura,Procedure
00524,Anesthesia for closed chest procedures; pneumocentesis,Procedure
00528,Anesthesia for closed chest procedures; mediastinoscopy and diagnostic thoracoscopy not utilizing 1 lung ventilation,Procedure
00529,Anesthesia for closed chest procedures; mediastinoscopy and diagnostic thoracoscopy utilizing 1 lung ventilation,Procedure
0052T,Replacement or repair of thoracic unit of a total replacement heart system (artificial heart) (Deprecated),Procedure
00532,Anesthesia for access to central venous circulation,Procedure
00534,Anesthesia for transvenous insertion or replacement of pacing cardioverter-defibrillator,Procedure
00537,Anesthesia for cardiac electrophysiologic procedures including radiofrequency ablation,Procedure
00539,Anesthesia for tracheobronchial reconstruction,Procedure
00540,"Anesthesia for thoracotomy procedures involving lungs, pleura, diaphragm, and mediastinum (including surgical thoracoscopy); not otherwise specified",Procedure
00541,"Anesthesia for thoracotomy procedures involving lungs, pleura, diaphragm, and mediastinum (including surgical thoracoscopy); utilizing 1 lung ventilation",Procedure
00542,"Anesthesia for thoracotomy procedures involving lungs, pleura, diaphragm, and mediastinum (including surgical thoracoscopy); decortication",Procedure
00546,"Anesthesia for thoracotomy procedures involving lungs, pleura, diaphragm, and mediastinum (including surgical thoracoscopy); pulmonary resection with thoracoplasty",Procedure
00548,"Anesthesia for thoracotomy procedures involving lungs, pleura, diaphragm, and mediastinum (including surgical thoracoscopy); intrathoracic procedures on the trachea and bronchi",Procedure
0054T,"Computer-assisted musculoskeletal surgical navigational orthopedic procedure, with image-guidance based on fluoroscopic images (List separately in addition to code for primary procedure)",Procedure
00550,Anesthesia for sternal debridement,Procedure
0055T,"Computer-assisted musculoskeletal surgical navigational orthopedic procedure, with image-guidance based on CT/MRI images (List separately in addition to code for primary procedure)",Procedure
00560,"Anesthesia for procedures on heart, pericardial sac, and great vessels of chest; without pump oxygenator",Procedure
00562,"Anesthesia for procedures on heart, pericardial sac, and great vessels of chest; with pump oxygenator, age 1 year or older, for all noncoronary bypass procedures (eg, valve procedures) or for re-operation for coronary bypass more than 1 month after ori...",Procedure
00563,"Anesthesia for procedures on heart, pericardial sac, and great vessels of chest; with pump oxygenator with hypothermic circulatory arrest",Procedure
00566,Anesthesia for direct coronary artery bypass grafting; without pump oxygenator,Procedure
00567,Anesthesia for direct coronary artery bypass grafting; with pump oxygenator,Procedure
0056T,"Computer assisted musculoskeletal surgical navigational orthopedic procedure, image-less (List separately in addition to code for primary procedure) (Deprecated)",Procedure
00580,Anesthesia for heart transplant or heart/lung transplant,Procedure
00600,Anesthesia for procedures on cervical spine and cord; not otherwise specified,Procedure
00625,"Anesthesia for procedures on the thoracic spine and cord, via an anterior transthoracic approach; not utilizing 1 lung ventilation",Procedure
00626,"Anesthesia for procedures on the thoracic spine and cord, via an anterior transthoracic approach; utilizing 1 lung ventilation",Procedure
00635,Anesthesia for procedures in lumbar region; diagnostic or therapeutic lumbar puncture,Procedure
00640,"Anesthesia for manipulation of the spine or for closed procedures on the cervical, thoracic or lumbar spine",Procedure
00670,"Anesthesia for extensive spine and spinal cord procedures (eg, spinal instrumentation or vascular procedures)",Procedure
0071T,"Focused ultrasound ablation of uterine leiomyomata, including MR guidance; total leiomyomata volume less than 200 cc of tissue",Procedure
00731,"Anesthesia for upper gastrointestinal endoscopic procedures, endoscope introduced proximal to duodenum; not otherwise specified",Procedure
00732,"Anesthesia for upper gastrointestinal endoscopic procedures, endoscope introduced proximal to duodenum; endoscopic retrograde cholangiopancreatography (ERCP)",Procedure
00752,Anesthesia for hernia repairs in upper abdomen; lumbar and ventral (incisional) hernias and/or wound dehiscence,Procedure
0075T,"Transcatheter placement of extracranial vertebral artery stent(s), including radiologic supervision and interpretation, open or percutaneous; initial vessel",Procedure
0076T,"Transcatheter placement of extracranial vertebral artery stent(s), including radiologic supervision and interpretation, open or percutaneous; each additional vessel (List separately in addition to code for primary procedure)",Procedure
00770,Anesthesia for all procedures on major abdominal blood vessels,Procedure
0078T,"Endovascular repair of abdominal aortic aneurysm, pseudoaneurysm or dissection, abdominal aorta involving visceral vessels (superior mesenteric, celiac or renal), using fenestrated modular bifurcated prosthesis (two docking limbs) (Deprecated)",Procedure
00790,Anesthesia for intraperitoneal procedures in upper abdomen including laparoscopy; not otherwise specified,Procedure
00792,Anesthesia for intraperitoneal procedures in upper abdomen including laparoscopy; partial hepatectomy or management of liver hemorrhage (excluding liver biopsy),Procedure
00794,"Anesthesia for intraperitoneal procedures in upper abdomen including laparoscopy; pancreatectomy, partial or total (eg, Whipple procedure)",Procedure
00796,Anesthesia for intraperitoneal procedures in upper abdomen including laparoscopy; liver transplant (recipient),Procedure
00797,Anesthesia for intraperitoneal procedures in upper abdomen including laparoscopy; gastric restrictive procedure for morbid obesity,Procedure
0079T,"Placement of visceral extension prosthesis for endovascular repair of abdominal aortic aneurysm involving visceral vessels, each visceral branch (List separately in addition to code for primary procedure) (Deprecated)",Procedure
0080T,"Endovascular repair of abdominal aortic aneurysm, pseudoaneurysm or dissection, abdominal aorta involving visceral vessels (superior mesenteric, celiac or renal), using fenestrated modular bifurcated prosthesis (two docking limbs), radiolo... (Deprecated)",Procedure
00810,"Anesthesia for lower intestinal endoscopic procedures, endoscope introduced distal to duodenum (Deprecated)",Procedure
00811,"Anesthesia for lower intestinal endoscopic procedures, endoscope introduced distal to duodenum; not otherwise specified",Procedure
00812,"Anesthesia for lower intestinal endoscopic procedures, endoscope introduced distal to duodenum; screening colonoscopy",Procedure
00813,"Anesthesia for combined upper and lower gastrointestinal endoscopic procedures, endoscope introduced both proximal to and distal to the duodenum",Procedure
0081T,"Placement of visceral extension prosthesis for endovascular repair of abdominal aortic aneurysm involving visceral vessels, each visceral branch, radiological supervision and interpretation (List separately in addition to code for primary ... (Deprecated)",Procedure
00840,Anesthesia for intraperitoneal procedures in lower abdomen including laparoscopy; not otherwise specified,Procedure
00844,Anesthesia for intraperitoneal procedures in lower abdomen including laparoscopy; abdominoperineal resection,Procedure
00846,Anesthesia for intraperitoneal procedures in lower abdomen including laparoscopy; radical hysterectomy,Procedure
00848,Anesthesia for intraperitoneal procedures in lower abdomen including laparoscopy; pelvic exenteration,Procedure
00851,Anesthesia for intraperitoneal procedures in lower abdomen including laparoscopy; tubal ligation/transection,Procedure
00860,"Anesthesia for extraperitoneal procedures in lower abdomen, including urinary tract; not otherwise specified",Procedure
00862,"Anesthesia for extraperitoneal procedures in lower abdomen, including urinary tract; renal procedures, including upper one-third of ureter, or donor nephrectomy",Procedure
00864,"Anesthesia for extraperitoneal procedures in lower abdomen, including urinary tract; total cystectomy",Procedure
00865,"Anesthesia for extraperitoneal procedures in lower abdomen, including urinary tract; radical prostatectomy (suprapubic, retropubic)",Procedure
00866,"Anesthesia for extraperitoneal procedures in lower abdomen, including urinary tract; adrenalectomy",Procedure
00868,"Anesthesia for extraperitoneal procedures in lower abdomen, including urinary tract; renal transplant (recipient)",Procedure
00870,"Anesthesia for extraperitoneal procedures in lower abdomen, including urinary tract; cystolithotomy",Procedure
00872,"Anesthesia for lithotripsy, extracorporeal shock wave; with water bath",Procedure
00873,"Anesthesia for lithotripsy, extracorporeal shock wave; without water bath",Procedure
00880,Anesthesia for procedures on major lower abdominal vessels; not otherwise specified,Procedure
00900,Anesthesia for procedures on perineal integumentary system (including biopsy of male genital system); not otherwise specified (Deprecated),Procedure
0090T,"Total disc arthroplasty (artificial disc), anterior approach, including diskectomy to prepare interspace (other than for decompression); single interspace, cervical (Deprecated)",Procedure
00918,"Anesthesia for transurethral procedures (including urethrocystoscopy); with fragmentation, manipulation and/or removal of ureteral calculus",Procedure
00921,"Anesthesia for procedures on male genitalia (including open urethral procedures); vasectomy, unilateral or bilateral",Procedure
00938,Anesthesia for procedures on male genitalia (including open urethral procedures); insertion of penile prosthesis (perineal approach),Procedure
00940,"Anesthesia for vaginal procedures (including biopsy of labia, vagina, cervix or endometrium); not otherwise specified",Procedure
00942,"Anesthesia for vaginal procedures (including biopsy of labia, vagina, cervix or endometrium); colpotomy, vaginectomy, colporrhaphy, and open urethral procedures",Procedure
00952,"Anesthesia for vaginal procedures (including biopsy of labia, vagina, cervix or endometrium); hysteroscopy and/or hysterosalpingography",Procedure
0101T,"Extracorporeal shock wave involving musculoskeletal system, not otherwise specified",Procedure
01112,"Anesthesia for bone marrow aspiration and/or biopsy, anterior or posterior iliac crest",Procedure
01150,"Anesthesia for radical procedures for tumor of pelvis, except hindquarter amputation",Procedure
01160,Anesthesia for closed procedures involving symphysis pubis or sacroiliac joint,Procedure
01170,Anesthesia for open procedures involving symphysis pubis or sacroiliac joint,Procedure
01173,Anesthesia for open repair of fracture disruption of pelvis or column fracture involving acetabulum,Procedure
01200,Anesthesia for all closed procedures involving hip joint,Procedure
01202,Anesthesia for arthroscopic procedures of hip joint,Procedure
01210,Anesthesia for open procedures involving hip joint; not otherwise specified,Procedure
01214,Anesthesia for open procedures involving hip joint; total hip arthroplasty,Procedure
01215,Anesthesia for open procedures involving hip joint; revision of total hip arthroplasty,Procedure
01220,Anesthesia for all closed procedures involving upper two-thirds of femur,Procedure
01230,Anesthesia for open procedures involving upper two-thirds of femur; not otherwise specified,Procedure
01232,Anesthesia for open procedures involving upper two-thirds of femur; amputation,Procedure
01250,"Anesthesia for all procedures on nerves, muscles, tendons, fascia, and bursae of upper leg",Procedure
01260,"Anesthesia for all procedures involving veins of upper leg, including exploration",Procedure
01270,"Anesthesia for procedures involving arteries of upper leg, including bypass graft; not otherwise specified",Procedure
01272,"Anesthesia for procedures involving arteries of upper leg, including bypass graft; femoral artery ligation",Procedure
01274,"Anesthesia for procedures involving arteries of upper leg, including bypass graft; femoral artery embolectomy",Procedure
01320,"Anesthesia for all procedures on nerves, muscles, tendons, fascia, and bursae of knee and/or popliteal area",Procedure
01340,Anesthesia for all closed procedures on lower one-third of femur,Procedure
01360,Anesthesia for all open procedures on lower one-third of femur,Procedure
0137T,"Biopsy, prostate, needle, saturation sampling for prostate mapping (Deprecated)",Procedure
01390,"Anesthesia for all closed procedures on upper ends of tibia, fibula, and/or patella",Procedure
01392,"Anesthesia for all open procedures on upper ends of tibia, fibula, and/or patella",Procedure
01400,Anesthesia for open or surgical arthroscopic procedures on knee joint; not otherwise specified,Procedure
01420,"Anesthesia for all cast applications, removal, or repair involving knee joint",Procedure
0142T,"Pancreatic islet cell transplantation through portal vein, open (Deprecated)",Procedure
01444,Anesthesia for procedures on arteries of knee and popliteal area; popliteal excision and graft or repair for occlusion or aneurysm,Procedure
01464,Anesthesia for arthroscopic procedures of ankle and/or foot,Procedure
01470,"Anesthesia for procedures on nerves, muscles, tendons, and fascia of lower leg, ankle, and foot; not otherwise specified",Procedure
01472,"Anesthesia for procedures on nerves, muscles, tendons, and fascia of lower leg, ankle, and foot; repair of ruptured Achilles tendon, with or without graft",Procedure
01474,"Anesthesia for procedures on nerves, muscles, tendons, and fascia of lower leg, ankle, and foot; gastrocnemius recession (eg, Strayer procedure)",Procedure
01484,"Anesthesia for open procedures on bones of lower leg, ankle, and foot; osteotomy or osteoplasty of tibia and/or fibula",Procedure
01500,"Anesthesia for procedures on arteries of lower leg, including bypass graft; not otherwise specified",Procedure
01502,"Anesthesia for procedures on arteries of lower leg, including bypass graft; embolectomy, direct or with catheter",Procedure
01522,"Anesthesia for procedures on veins of lower leg; venous thrombectomy, direct or with catheter",Procedure
0159T,"Computer-aided detection, including computer algorithm analysis of MRI image data for lesion detection/characterization, pharmacokinetic analysis, with further physician review for interpretation, breast MRI (List separately in addition to... (Deprecated)",Procedure
01610,"Anesthesia for all procedures on nerves, muscles, tendons, fascia, and bursae of shoulder and axilla",Procedure
01620,"Anesthesia for all closed procedures on humeral head and neck, sternoclavicular joint, acromioclavicular joint, and shoulder joint",Procedure
01622,Anesthesia for diagnostic arthroscopic procedures of shoulder joint,Procedure
01630,"Anesthesia for open or surgical arthroscopic procedures on humeral head and neck, sternoclavicular joint, acromioclavicular joint, and shoulder joint; not otherwise specified",Procedure
01634,"Anesthesia for open or surgical arthroscopic procedures on humeral head and neck, sternoclavicular joint, acromioclavicular joint, and shoulder joint; shoulder disarticulation",Procedure
01638,"Anesthesia for open or surgical arthroscopic procedures on humeral head and neck, sternoclavicular joint, acromioclavicular joint, and shoulder joint; total shoulder replacement",Procedure
01652,Anesthesia for procedures on arteries of shoulder and axilla; axillary-brachial aneurysm,Procedure
01656,Anesthesia for procedures on arteries of shoulder and axilla; axillary-femoral bypass graft,Procedure
01670,Anesthesia for all procedures on veins of shoulder and axilla,Procedure
01710,"Anesthesia for procedures on nerves, muscles, tendons, fascia, and bursae of upper arm and elbow; not otherwise specified",Procedure
01712,"Anesthesia for procedures on nerves, muscles, tendons, fascia, and bursae of upper arm and elbow; tenotomy, elbow to shoulder, open",Procedure
01716,"Anesthesia for procedures on nerves, muscles, tendons, fascia, and bursae of upper arm and elbow; tenodesis, rupture of long tendon of biceps",Procedure
01740,Anesthesia for open or surgical arthroscopic procedures of the elbow; not otherwise specified,Procedure
01744,Anesthesia for open or surgical arthroscopic procedures of the elbow; repair of nonunion or malunion of humerus,Procedure
01758,Anesthesia for open or surgical arthroscopic procedures of the elbow; excision of cyst or tumor of humerus,Procedure
01760,Anesthesia for open or surgical arthroscopic procedures of the elbow; total elbow replacement,Procedure
01810,"Anesthesia for all procedures on nerves, muscles, tendons, fascia, and bursae of forearm, wrist, and hand",Procedure
01830,"Anesthesia for open or surgical arthroscopic/endoscopic procedures on distal radius, distal ulna, wrist, or hand joints; not otherwise specified",Procedure
01844,"Anesthesia for vascular shunt, or shunt revision, any type (eg, dialysis)",Procedure
0184T,"Excision of rectal tumor, transanal endoscopic microsurgical approach (ie, TEMS), including muscularis propria (ie, full thickness)",Procedure
01916,Anesthesia for diagnostic arteriography/venography,Procedure
0191T,"Insertion of anterior segment aqueous drainage device, without extraocular reservoir, internal approach, into the trabecular meshwork; initial insertion (Deprecated)",Procedure
01920,Anesthesia for cardiac catheterization including coronary angiography and ventriculography (not to include Swan-Ganz catheter),Procedure
01922,Anesthesia for non-invasive imaging or radiation therapy,Procedure
01924,Anesthesia for therapeutic interventional radiological procedures involving the arterial system; not otherwise specified,Procedure
01925,Anesthesia for therapeutic interventional radiological procedures involving the arterial system; carotid or coronary,Procedure
01926,"Anesthesia for therapeutic interventional radiological procedures involving the arterial system; intracranial, intracardiac, or aortic",Procedure
0192T,"Insertion of anterior segment aqueous drainage device, without extraocular reservoir; external approach (Deprecated)",Procedure
01930,Anesthesia for therapeutic interventional radiological procedures involving the venous/lymphatic system (not to include access to the central circulation); not otherwise specified,Procedure
01931,"Anesthesia for therapeutic interventional radiological procedures involving the venous/lymphatic system (not to include access to the central circulation); intrahepatic or portal circulation (eg, transvenous intrahepatic portosystemic shunt[s] [TIPS])",Procedure
01932,Anesthesia for therapeutic interventional radiological procedures involving the venous/lymphatic system (not to include access to the central circulation); intrathoracic or jugular,Procedure
01933,Anesthesia for therapeutic interventional radiological procedures involving the venous/lymphatic system (not to include access to the central circulation); intracranial,Procedure
01935,Anesthesia for percutaneous image guided procedures on the spine and spinal cord; diagnostic (Deprecated),Procedure
01936,Anesthesia for percutaneous image guided procedures on the spine and spinal cord; therapeutic (Deprecated),Procedure
01958,Anesthesia for external cephalic version procedure,Procedure
0195T,"Arthrodesis, pre-sacral interbody technique, disc space preparation, discectomy, without instrumentation, with image guidance, includes bone graft when performed; L5-S1 interspace (Deprecated)",Procedure
01961,Anesthesia for cesarean delivery only,Procedure
01962,Anesthesia for urgent hysterectomy following delivery,Procedure
01963,Anesthesia for cesarean hysterectomy without any labor analgesia/anesthesia care,Procedure
01965,Anesthesia for incomplete or missed abortion procedures,Procedure
01966,Anesthesia for induced abortion procedures,Procedure
01967,Neuraxial labor analgesia/anesthesia for planned vaginal delivery (this includes any repeat subarachnoid needle placement and drug injection and/or any necessary replacement of an epidural catheter during labor),Procedure
01968,Anesthesia for cesarean delivery following neuraxial labor analgesia/anesthesia (List separately in addition to code for primary procedure performed),Procedure
01969,Anesthesia for cesarean hysterectomy following neuraxial labor analgesia/anesthesia (List separately in addition to code for primary procedure performed),Procedure
0197T,"Intra-fraction localization and tracking of target or patient motion during delivery of radiation therapy (eg, 3D positional tracking, gating, 3D surface tracking), each fraction of treatment (Deprecated)",Procedure
01990,Physiological support for harvesting of organ(s) from brain-dead patient,Procedure
01991,Anesthesia for diagnostic or therapeutic nerve blocks and injections (when block or injection is performed by a different physician or other qualified health care professional); other than the prone position,Procedure
01992,Anesthesia for diagnostic or therapeutic nerve blocks and injections (when block or injection is performed by a different physician or other qualified health care professional); prone position,Procedure
01996,Daily hospital management of epidural or subarachnoid continuous drug administration,Procedure
01999,Unlisted anesthesia procedure(s),Procedure
0200T,"Percutaneous sacral augmentation (sacroplasty), unilateral injection(s), including the use of a balloon or mechanical device, when used, 1 or more needles, includes imaging guidance and bone biopsy, when performed",Procedure
0201T,"Percutaneous sacral augmentation (sacroplasty), bilateral injections, including the use of a balloon or mechanical device, when used, 2 or more needles, includes imaging guidance and bone biopsy, when performed",Procedure
0207T,"Evacuation of meibomian glands, automated, using heat and intermittent pressure, unilateral",Procedure
0211T,"Speech audiometry threshold, automated; with speech recognition",Procedure
0213T,"Injection(s), diagnostic or therapeutic agent, paravertebral facet (zygapophyseal) joint (or nerves innervating that joint) with ultrasound guidance, cervical or thoracic; single level",Procedure
0214T,"Injection(s), diagnostic or therapeutic agent, paravertebral facet (zygapophyseal) joint (or nerves innervating that joint) with ultrasound guidance, cervical or thoracic; second level (List separately in addition to code for primary procedure)",Procedure
0215T,"Injection(s), diagnostic or therapeutic agent, paravertebral facet (zygapophyseal) joint (or nerves innervating that joint) with ultrasound guidance, cervical or thoracic; third and any additional level(s) (List separately in addition to code for prima...",Procedure
0227T,"Anoscopy, high resolution (HRA) (with magnification and chemical agent enhancement); with biopsy(ies) (Deprecated)",Procedure
0228T,"Injection(s), anesthetic agent and/or steroid, transforaminal epidural, with ultrasound guidance, cervical or thoracic; single level (Deprecated)",Procedure
0230T,"Injection(s), anesthetic agent and/or steroid, transforaminal epidural, with ultrasound guidance, lumbar or sacral; single level (Deprecated)",Procedure
0232T,"Injection(s), platelet rich plasma, any site, including image guidance, harvesting and preparation when performed",Procedure
0234T,"Transluminal peripheral atherectomy, open or percutaneous, including radiological supervision and interpretation; renal artery",Procedure
0235T,"Transluminal peripheral atherectomy, open or percutaneous, including radiological supervision and interpretation; visceral artery (except renal), each vessel",Procedure
0236T,"Transluminal peripheral atherectomy, open or percutaneous, including radiological supervision and interpretation; abdominal aorta",Procedure
0237T,"Transluminal peripheral atherectomy, open or percutaneous, including radiological supervision and interpretation; brachiocephalic trunk and branches, each vessel",Procedure
0238T,"Transluminal peripheral atherectomy, open or percutaneous, including radiological supervision and interpretation; iliac artery, each vessel",Procedure
0240T,Esophageal motility (manometric study of the esophagus and/or gastroesophageal junction) study with interpretation and report; with high resolution esophageal pressure topography (Deprecated),Procedure
0242T,"Gastrointestinal tract transit and pressure measurement, stomach through colon, wireless capsule, with interpretation and report (Deprecated)",Procedure
0245T,Open treatment of 1-2 broken ribs on one side of the chest with insertion of hardware (Deprecated),Procedure
0246T,Open treatment of 3-4 broken ribs on one side of the chest with insertion of hardware (Deprecated),Procedure
0247T,Open treatment of 5-6 broken ribs on one side of the chest with insertion of hardware (Deprecated),Procedure
0248T,Open treatment of 7 or more broken ribs on one of the chest with insertion of hardware (Deprecated),Procedure
0254T,"Endovascular repair of iliac artery bifurcation (eg, aneurysm, pseudoaneurysm, arteriovenous malformation, trauma, dissection) using bifurcated endograft from the common iliac artery into both the external and internal iliac artery, includ... (Deprecated)",Procedure
0255T,"Endovascular repair of iliac artery bifurcation (eg, aneurysm, pseudoaneurysm, arteriovenous malformation, trauma) using bifurcated endoprosthesis from the common iliac artery into both the external and internal iliac artery, unilateral; r... (Deprecated)",Procedure
0256T,Implantation of catheter-delivered prosthetic aortic heart valve; endovascular approach (Deprecated),Procedure
0257T,"Implantation of catheter-delivered prosthetic aortic heart valve; open thoracic approach (eg, transapical, transventricular) (Deprecated)",Procedure
0258T,"Transthoracic cardiac exposure (eg, sternotomy, thoracotomy, subxiphoid) for catheter-delivered aortic valve replacement; without cardiopulmonary bypass (Deprecated)",Procedure
0263T,"Intramuscular autologous bone marrow cell therapy, with preparation of harvested cells, multiple injections, one leg, including ultrasound guidance, if performed; complete procedure including unilateral or bilateral bone marrow harvest",Procedure
0264T,"Intramuscular autologous bone marrow cell therapy, with preparation of harvested cells, multiple injections, one leg, including ultrasound guidance, if performed; complete procedure excluding bone marrow harvest",Procedure
0265T,"Intramuscular autologous bone marrow cell therapy, with preparation of harvested cells, multiple injections, one leg, including ultrasound guidance, if performed; unilateral or bilateral bone marrow harvest only for intramuscular autologous bone marrow...",Procedure
0268T,"Implantation or replacement of carotid sinus baroreflex activation device; pulse generator only (includes intra-operative interrogation, programming, and repositioning, when performed)",Procedure
0274T,"Percutaneous laminotomy/laminectomy (interlaminar approach) for decompression of neural elements, (with or without ligamentous resection, discectomy, facetectomy and/or foraminotomy), any method, under indirect image guidance (eg, fluoroscopic, CT), si...",Procedure
0275T,"Percutaneous laminotomy/laminectomy (interlaminar approach) for decompression of neural elements, (with or without ligamentous resection, discectomy, facetectomy and/or foraminotomy), any method, under indirect image guidance (eg, fluoroscopic, CT), si...",Procedure
0291T,"Imaging of heart vessel or graft including supervision, interpretation, and report (Deprecated)",Procedure
0293T,"Insertion of left atrial hemodynamic monitor; complete system, includes implanted communication module and pressure sensor lead in left atrium including transseptal access, radiological supervision and interpretation, and associated inject... (Deprecated)",Procedure
0295T,"External electrocardiographic recording for more than 48 hours up to 21 days by continuous rhythm recording and storage; includes recording, scanning analysis with report, review and interpretation (Deprecated)",Procedure
0296T,External electrocardiographic recording for more than 48 hours up to 21 days by continuous rhythm recording and storage; recording (includes connection and initial recording) (Deprecated),Procedure
0297T,External electrocardiographic recording for more than 48 hours up to 21 days by continuous rhythm recording and storage; scanning analysis with report (Deprecated),Procedure
0298T,External electrocardiographic recording for more than 48 hours up to 21 days by continuous rhythm recording and storage; review and interpretation (Deprecated),Procedure
0300T,"Extracorporeal shock wave for integumentary wound healing, high energy, including topical application and dressing care; each additional wound (List separately in addition to code for primary procedure) (Deprecated)",Procedure
0308T,Insertion of ocular telescope prosthesis including removal of crystalline lens or intraocular lens prosthesis,Procedure
0309T,"Arthrodesis, pre-sacral interbody technique, including disc space preparation, discectomy, with posterior instrumentation, with image guidance, includes bone graft, when performed, lumbar, L4-L5 interspace (List separately in addition to c... (Deprecated)",Procedure
0310T,"Motor function mapping using non-invasive navigated transcranial magnetic stimulation (nTMS) for therapeutic treatment planning, upper and lower extremity (Deprecated)",Procedure
0318T,"Implantation of catheter-delivered prosthetic aortic heart valve, open thoracic approach, (eg, transapical, other than transaortic) (Deprecated)",Procedure
0319T,Insertion or replacement of electrode and defibrillator generator implantable beneath the skin (Deprecated),Procedure
0322T,Removal of defibrillator device accessed beneath the skin (Deprecated),Procedure
0324T,Removal of electrode of defibrillator device accessed beneath the skin (Deprecated),Procedure
0326T,"Electrophysiologic evaluation of subcutaneous implantable defibrillator (includes defibrillation threshold evaluation, induction of arrhythmia, evaluation of sensing for arrhythmia termination, and programming or reprogramming of sensing o... (Deprecated)",Procedure
0334T,"Sacroiliac joint stabilization for arthrodesis, percutaneous or minimally invasive (indirect visualization), includes obtaining and applying autograft or allograft (structural or morselized), when performed, includes image guidance when pe... (Deprecated)",Procedure
0335T,Insertion of sinus tarsi implant,Procedure
0336T,"Laparoscopy, surgical, ablation of uterine fibroid(s), including intraoperative ultrasound guidance and monitoring, radiofrequency (Deprecated)",Procedure
0338T,"Transcatheter renal sympathetic denervation, percutaneous approach including arterial puncture, selective catheter placement(s) renal artery(ies), fluoroscopy, contrast injection(s), intraprocedural roadmapping and radiological supervision and interpre...",Procedure
0340T,"Ablation, pulmonary tumor(s), including pleura or chest wall when involved by tumor extension, percutaneous, cryoablation, unilateral, includes imaging guidance (Deprecated)",Procedure
0343T,Transcatheter mitral valve repair percutaneous approach including transseptal puncture when performed; initial prosthesis (Deprecated),Procedure
0344T,Additional prosthesis (es) during same session (list separately in addition to code for primary procedure) (Deprecated),Procedure
0345T,Transcatheter mitral valve repair percutaneous approach via the coronary sinus,Procedure
0346T,"Ultrasound, elastography (List separately in addition to code for primary procedure) (Deprecated)",Procedure
0349T,"Radiologic examination, radiostereometric analysis (RSA); upper extremity(ies), (includes shoulder, elbow, and wrist, when performed)",Procedure
0350T,"Radiologic examination, radiostereometric analysis (RSA); lower extremity(ies), (includes hip, proximal femur, knee, and ankle, when performed)",Procedure
0376T,"Insertion of anterior segment aqueous drainage device, without extraocular reservoir, internal approach, into the trabecular meshwork; each additional device insertion (List separately in addition to code for primary procedure) (Deprecated)",Procedure
0387T,"Transcatheter insertion or replacement of permanent leadless pacemaker, ventricular (Deprecated)",Procedure
0389T,"Programming device evaluation (in person) with iterative adjustment of the implantable device to test the function of the device and select optimal permanent programmed values with analysis, review and report, leadless pacemaker system (Deprecated)",Procedure
0390T,"Peri-procedural device evaluation (in person) and programming of device system parameters before or after a surgery, procedure or test with analysis, review and report, leadless pacemaker system (Deprecated)",Procedure
0391T,"Interrogation device evaluation (in person) with analysis, review and report, includes connection, recording and disconnection per patient encounter, leadless pacemaker system (Deprecated)",Procedure
0397T,"Endoscopic retrograde cholangiopancreatography (ERCP), with optical endomicroscopy (List separately in addition to code for primary procedure)",Procedure
0398T,"Magnetic resonance image guided high intensity focused ultrasound (MRgFUS), stereotactic ablation lesion, intracranial for movement disorder including stereotactic navigation and frame placement when performed (Deprecated)",Procedure
0399T,Myocardial strain imaging (quantitative assessment of myocardial mechanics using image-based analysis of local myocardial dynamics) (List separately in addition to code for primary procedure) (Deprecated),Procedure
0402T,"Collagen cross-linking of cornea, including removal of the corneal epithelium, when performed, and intraoperative pachymetry, when performed",Procedure
0403T,"Preventive behavior change, intensive program of prevention of diabetes using a standardized diabetes prevention program curriculum, provided to individuals in a group setting, minimum 60 minutes, per day",Procedure
0404T,"Transcervical uterine fibroid(s) ablation with ultrasound guidance, radiofrequency (Deprecated)",Procedure
0421T,"Transurethral waterjet ablation of prostate, including control of post-operative bleeding, including ultrasound guidance, complete (vasectomy, meatotomy, cystourethroscopy, urethral calibration and/or dilation, and internal urethrotomy are included whe...",Procedure
0424T,"Insertion or replacement of neurostimulator system for treatment of central sleep apnea; complete system (transvenous placement of right or left stimulation lead, sensing lead, implantable pulse generator) (Deprecated)",Procedure
0427T,Insertion or replacement of neurostimulator system for treatment of central sleep apnea; pulse generator only (Deprecated),Procedure
0431T,"Removal and replacement of neurostimulator system for treatment of central sleep apnea, pulse generator only (Deprecated)",Procedure
0437T,"Implantation of non-biologic or synthetic implant (eg, polypropylene) for fascial reinforcement of the abdominal wall (List separately in addition to code for primary procedure)",Procedure
0438T,"Transperineal placement of biodegradable material, peri-prostatic (via needle), single or multiple, includes image guidance (Deprecated)",Procedure
0449T,"Insertion of aqueous drainage device, without extraocular reservoir, internal approach, into the subconjunctival space; initial device",Procedure
0466T,"Insertion of chest wall respiratory sensor electrode or electrode array, including connection to pulse generator (List separately in addition to code for primary procedure) (Deprecated)",Procedure
0474T,"Insertion of anterior segment aqueous drainage device, with creation of intraocular reservoir, internal approach, into the supraciliary space",Procedure
0483T,"Transcatheter mitral valve implantation/replacement (TMVI) with prosthetic valve; percutaneous approach, including transseptal puncture, when performed",Procedure
0484T,"Transcatheter mitral valve implantation/replacement (TMVI) with prosthetic valve; transthoracic exposure (eg, thoracotomy, transapical)",Procedure
0499T,"Cystourethroscopy, with mechanical dilation and urethral therapeutic drug delivery for urethral stricture or stenosis, including fluoroscopy, when performed (Deprecated)",Procedure
0503F,Postpartum care visit (Prenatal),Observation
0503T,Noninvasive estimated coronary fractional flow reserve (FFR) derived from coronary computed tomography angiography data using computation fluid dynamics physiologic simulation software analysis of functional data to assess the severity of ... (Deprecated),Procedure
0504T,Noninvasive estimated coronary fractional flow reserve (FFR) derived from coronary computed tomography angiography data using computation fluid dynamics physiologic simulation software analysis of functional data to assess the severity of ... (Deprecated),Procedure
0509T,"Electroretinography (ERG) with interpretation and report, pattern (PERG)",Procedure
0517F,Glaucoma plan of care documented (EC),Observation
0520F,Radiation dose limits to normal tissues established prior to the initiation of a course of 3D conformal radiation for a minimum of 2 tissue/organ (ONC),Observation
0537T,"Chimeric antigen receptor T-cell (CAR-T) therapy; harvesting of blood-derived T lymphocytes for development of genetically modified autologous CAR-T cells, per day (Deprecated)",Procedure
0538T,"Chimeric antigen receptor T-cell (CAR-T) therapy; preparation of blood-derived T lymphocytes for transportation (eg, cryopreservation, storage) (Deprecated)",Procedure
0539T,Chimeric antigen receptor T-cell (CAR-T) therapy; receipt and preparation of CAR-T cells for administration (Deprecated),Procedure
0540T,"Chimeric antigen receptor T-cell (CAR-T) therapy; CAR-T cell administration, autologous (Deprecated)",Procedure
0559T,Anatomic model 3D-printed from image data set(s); first individually prepared and processed component of an anatomic structure,Procedure
0561T,Anatomic guide 3D-printed and designed from image data set(s); first anatomic guide,Procedure
0562T,Anatomic guide 3D-printed and designed from image data set(s); each additional anatomic guide (List separately in addition to code for primary procedure),Procedure
0569T,"Transcatheter tricuspid valve repair, percutaneous approach; initial prosthesis",Procedure
0570T,"Transcatheter tricuspid valve repair, percutaneous approach; each additional prosthesis during same session (List separately in addition to code for primary procedure)",Procedure
0571T,"Insertion or replacement of implantable cardioverter-defibrillator system with substernal electrode(s), including all imaging guidance and electrophysiological evaluation (includes defibrillation threshold evaluation, induction of arrhythmia, evaluatio...",Procedure
0575F,"HIV RNA control plan of care, documented (HIV)",Observation
0576T,"Interrogation device evaluation (in person) of implantable cardioverter-defibrillator system with substernal electrode, with analysis, review and report by a physician or other qualified health care professional, includes connection, recording and disc...",Procedure
0582T,"Transurethral ablation of malignant prostate tissue by high-energy water vapor thermotherapy, including intraoperative imaging and needle guidance",Procedure
0600T,"Ablation, irreversible electroporation; 1 or more tumors per organ, including imaging guidance, when performed, percutaneous",Procedure
0601T,"Ablation, irreversible electroporation; 1 or more tumors per organ, including fluoroscopic and ultrasound guidance, when performed, open",Procedure
0620T,"Endovascular venous arterialization, tibial or peroneal vein, with transcatheter placement of intravascular stent graft(s) and closure by any method, including percutaneous or open vascular access, ultrasound guidance for vascular access when performed...",Procedure
0644T,"Transcatheter removal or debulking of intracardiac mass (eg, vegetations, thrombus) via suction (eg, vacuum, aspiration) device, percutaneous approach, with intraoperative reinfusion of aspirated blood, including imaging guidance, when performed",Procedure
0646T,"Transcatheter tricuspid valve implantation (TTVI)/replacement with prosthetic valve, percutaneous approach, including right heart catheterization, temporary pacemaker insertion, and selective right ventricular or right atrial angiography, when performed",Procedure
0654T,"Esophagogastroduodenoscopy, flexible, transnasal; with insertion of intraluminal tube or catheter",Procedure
0667T,Donor hysterectomy (including cold preservation); recipient uterus allograft transplantation from cadaver or living donor,Procedure
0668T,"Backbench standard preparation of cadaver or living donor uterine allograft prior to transplantation, including dissection and removal of surrounding soft tissues and preparation of uterine vein(s) and uterine artery(ies), as necessary",Procedure
0685T,"Interrogation device evaluation (in-person) with analysis, review and report by a physician or other qualified health care professional, including connection, recording and disconnection per patient encounter, permanent implantable synchronized diaphra...",Procedure
0690T,"Quantitative ultrasound tissue characterization (non-elastographic), including interpretation and report, obtained with diagnostic ultrasound examination of the same anatomy (eg, organ, gland, tissue, target structure) (List separately in addition to c...",Procedure
0715T,Percutaneous transluminal coronary lithotripsy (List separately in addition to code for primary procedure) (Deprecated),Procedure
10004,"Fine needle aspiration biopsy, without imaging guidance; each additional lesion (List separately in addition to code for primary procedure)",Procedure
10007,"Fine needle aspiration biopsy, including fluoroscopic guidance; first lesion",Procedure
10021,"Fine needle aspiration biopsy, without imaging guidance; first lesion",Procedure
10030,"Image-guided fluid collection drainage by catheter (eg, abscess, hematoma, seroma, lymphocele, cyst), soft tissue (eg, extremity, abdominal wall, neck), percutaneous",Procedure
10035,"Placement of soft tissue localization device(s) (eg, clip, metallic pellet, wire/needle, radioactive seeds), percutaneous, including imaging guidance; first lesion",Procedure
10036,"Placement of soft tissue localization device(s) (eg, clip, metallic pellet, wire/needle, radioactive seeds), percutaneous, including imaging guidance; each additional lesion (List separately in addition to code for primary procedure)",Procedure
10060,"Incision and drainage of abscess (eg, carbuncle, suppurative hidradenitis, cutaneous or subcutaneous abscess, cyst, furuncle, or paronychia); simple or single",Procedure
10061,"Incision and drainage of abscess (eg, carbuncle, suppurative hidradenitis, cutaneous or subcutaneous abscess, cyst, furuncle, or paronychia); complicated or multiple",Procedure
10080,Incision and drainage of pilonidal cyst; simple,Procedure
10081,Incision and drainage of pilonidal cyst; complicated,Procedure
10120,"Incision and removal of foreign body, subcutaneous tissues; simple",Procedure
10121,"Incision and removal of foreign body, subcutaneous tissues; complicated",Procedure
10140,"Incision and drainage of hematoma, seroma or fluid collection",Procedure
1015F,"Chronic obstructive pulmonary disease (COPD) symptoms assessed (Includes assessment of at least 1 of the following: dyspnea, cough/sputum, wheezing), or respiratory symptom assessment tool completed (COPD)",Observation
10160,"Puncture aspiration of abscess, hematoma, bulla, or cyst",Procedure
10180,"Incision and drainage, complex, postoperative wound infection",Procedure
1034F,"Current tobacco smoker (CAD, CAP, COPD, PV) (DM)",Observation
1050F,History obtained regarding new or changing moles (ML),Observation
1055F,Visual functional status assessed (EC),Observation
1070F,"Alarm symptoms (involuntary weight loss, dysphagia, or gastrointestinal bleeding) assessed; none present (GERD)",Observation
11000,Debridement of extensive eczematous or infected skin; up to 10% of body surface,Procedure
11001,"Debridement of extensive eczematous or infected skin; each additional 10% of the body surface, or part thereof (List separately in addition to code for primary procedure)",Procedure
11004,"Debridement of skin, subcutaneous tissue, muscle and fascia for necrotizing soft tissue infection; external genitalia and perineum",Procedure
11005,"Debridement of skin, subcutaneous tissue, muscle and fascia for necrotizing soft tissue infection; abdominal wall, with or without fascial closure",Procedure
11006,"Debridement of skin, subcutaneous tissue, muscle and fascia for necrotizing soft tissue infection; external genitalia, perineum and abdominal wall, with or without fascial closure",Procedure
11008,"Removal of prosthetic material or mesh, abdominal wall for infection (eg, for chronic or recurrent mesh infection or necrotizing soft tissue infection) (List separately in addition to code for primary procedure)",Procedure
11010,"Debridement including removal of foreign material at the site of an open fracture and/or an open dislocation (eg, excisional debridement); skin and subcutaneous tissues",Procedure
11011,"Debridement including removal of foreign material at the site of an open fracture and/or an open dislocation (eg, excisional debridement); skin, subcutaneous tissue, muscle fascia, and muscle",Procedure
11012,"Debridement including removal of foreign material at the site of an open fracture and/or an open dislocation (eg, excisional debridement); skin, subcutaneous tissue, muscle fascia, muscle, and bone",Procedure
11040,"Debridement; skin, partial thickness (Deprecated)",Procedure
11041,"Debridement; skin, full thickness (Deprecated)",Procedure
11042,"Debridement, subcutaneous tissue (includes epidermis and dermis, if performed); first 20 sq cm or less",Procedure
11043,"Debridement, muscle and/or fascia (includes epidermis, dermis, and subcutaneous tissue, if performed); first 20 sq cm or less",Procedure
11044,"Debridement, bone (includes epidermis, dermis, subcutaneous tissue, muscle and/or fascia, if performed); first 20 sq cm or less",Procedure
11045,"Debridement, subcutaneous tissue (includes epidermis and dermis, if performed); each additional 20 sq cm, or part thereof (List separately in addition to code for primary procedure)",Procedure
11046,"Debridement, muscle and/or fascia (includes epidermis, dermis, and subcutaneous tissue, if performed); each additional 20 sq cm, or part thereof (List separately in addition to code for primary procedure)",Procedure
11047,"Debridement, bone (includes epidermis, dermis, subcutaneous tissue, muscle and/or fascia, if performed); each additional 20 sq cm, or part thereof (List separately in addition to code for primary procedure)",Procedure
11055,"Paring or cutting of benign hyperkeratotic lesion (eg, corn or callus); single lesion",Procedure
11056,"Paring or cutting of benign hyperkeratotic lesion (eg, corn or callus); 2 to 4 lesions",Procedure
11057,"Paring or cutting of benign hyperkeratotic lesion (eg, corn or callus); more than 4 lesions",Procedure
11100,"Biopsy of skin, subcutaneous tissue and/or mucous membrane (including simple closure), unless otherwise listed; single lesion (Deprecated)",Procedure
11101,"Biopsy of skin, subcutaneous tissue and/or mucous membrane (including simple closure), unless otherwise listed; each separate/additional lesion (List separately in addition to code for primary procedure) (Deprecated)",Procedure
11102,"Tangential biopsy of skin (eg, shave, scoop, saucerize, curette); single lesion",Procedure
11103,"Tangential biopsy of skin (eg, shave, scoop, saucerize, curette); each separate/additional lesion (List separately in addition to code for primary procedure)",Procedure
11104,"Punch biopsy of skin (including simple closure, when performed); single lesion",Procedure
11105,"Punch biopsy of skin (including simple closure, when performed); each separate/additional lesion (List separately in addition to code for primary procedure)",Procedure
11106,"Incisional biopsy of skin (eg, wedge) (including simple closure, when performed); single lesion",Procedure
11107,"Incisional biopsy of skin (eg, wedge) (including simple closure, when performed); each separate/additional lesion (List separately in addition to code for primary procedure)",Procedure
1111F,Discharge medications reconciled with the current medication list in outpatient medical record (COA) (GER),Observation
11200,"Removal of skin tags, multiple fibrocutaneous tags, any area; up to and including 15 lesions",Procedure
11201,"Removal of skin tags, multiple fibrocutaneous tags, any area; each additional 10 lesions, or part thereof (List separately in addition to code for primary procedure)",Procedure
1123F,"Advance Care Planning discussed and documented advance care plan or surrogate decision maker documented in the medical record (DEM) (GER, Pall Cr)",Observation
1124F,"Advance Care Planning discussed and documented in the medical record, patient did not wish or was not able to name a surrogate decision maker or provide an advance care plan (DEM) (GER, Pall Cr)",Observation
1125F,Pain severity quantified; pain present (COA) (ONC),Observation
1126F,Pain severity quantified; no pain present (COA) (ONC),Observation
11300,"Shaving of epidermal or dermal lesion, single lesion, trunk, arms or legs; lesion diameter 0.5 cm or less",Procedure
11301,"Shaving of epidermal or dermal lesion, single lesion, trunk, arms or legs; lesion diameter 0.6 to 1.0 cm",Procedure
11302,"Shaving of epidermal or dermal lesion, single lesion, trunk, arms or legs; lesion diameter 1.1 to 2.0 cm",Procedure
11303,"Shaving of epidermal or dermal lesion, single lesion, trunk, arms or legs; lesion diameter over 2.0 cm",Procedure
11305,"Shaving of epidermal or dermal lesion, single lesion, scalp, neck, hands, feet, genitalia; lesion diameter 0.5 cm or less",Procedure
11306,"Shaving of epidermal or dermal lesion, single lesion, scalp, neck, hands, feet, genitalia; lesion diameter 0.6 to 1.0 cm",Procedure
11307,"Shaving of epidermal or dermal lesion, single lesion, scalp, neck, hands, feet, genitalia; lesion diameter 1.1 to 2.0 cm",Procedure
11308,"Shaving of epidermal or dermal lesion, single lesion, scalp, neck, hands, feet, genitalia; lesion diameter over 2.0 cm",Procedure
11310,"Shaving of epidermal or dermal lesion, single lesion, face, ears, eyelids, nose, lips, mucous membrane; lesion diameter 0.5 cm or less",Procedure
11311,"Shaving of epidermal or dermal lesion, single lesion, face, ears, eyelids, nose, lips, mucous membrane; lesion diameter 0.6 to 1.0 cm",Procedure
11312,"Shaving of epidermal or dermal lesion, single lesion, face, ears, eyelids, nose, lips, mucous membrane; lesion diameter 1.1 to 2.0 cm",Procedure
11313,"Shaving of epidermal or dermal lesion, single lesion, face, ears, eyelids, nose, lips, mucous membrane; lesion diameter over 2.0 cm",Procedure
11400,"Excision, benign lesion including margins, except skin tag (unless listed elsewhere), trunk, arms or legs; excised diameter 0.5 cm or less",Procedure
11401,"Excision, benign lesion including margins, except skin tag (unless listed elsewhere), trunk, arms or legs; excised diameter 0.6 to 1.0 cm",Procedure
11402,"Excision, benign lesion including margins, except skin tag (unless listed elsewhere), trunk, arms or legs; excised diameter 1.1 to 2.0 cm",Procedure
11403,"Excision, benign lesion including margins, except skin tag (unless listed elsewhere), trunk, arms or legs; excised diameter 2.1 to 3.0 cm",Procedure
11404,"Excision, benign lesion including margins, except skin tag (unless listed elsewhere), trunk, arms or legs; excised diameter 3.1 to 4.0 cm",Procedure
11406,"Excision, benign lesion including margins, except skin tag (unless listed elsewhere), trunk, arms or legs; excised diameter over 4.0 cm",Procedure
11420,"Excision, benign lesion including margins, except skin tag (unless listed elsewhere), scalp, neck, hands, feet, genitalia; excised diameter 0.5 cm or less",Procedure
11421,"Excision, benign lesion including margins, except skin tag (unless listed elsewhere), scalp, neck, hands, feet, genitalia; excised diameter 0.6 to 1.0 cm",Procedure
11422,"Excision, benign lesion including margins, except skin tag (unless listed elsewhere), scalp, neck, hands, feet, genitalia; excised diameter 1.1 to 2.0 cm",Procedure
11423,"Excision, benign lesion including margins, except skin tag (unless listed elsewhere), scalp, neck, hands, feet, genitalia; excised diameter 2.1 to 3.0 cm",Procedure
11424,"Excision, benign lesion including margins, except skin tag (unless listed elsewhere), scalp, neck, hands, feet, genitalia; excised diameter 3.1 to 4.0 cm",Procedure
11426,"Excision, benign lesion including margins, except skin tag (unless listed elsewhere), scalp, neck, hands, feet, genitalia; excised diameter over 4.0 cm",Procedure
11440,"Excision, other benign lesion including margins, except skin tag (unless listed elsewhere), face, ears, eyelids, nose, lips, mucous membrane; excised diameter 0.5 cm or less",Procedure
11441,"Excision, other benign lesion including margins, except skin tag (unless listed elsewhere), face, ears, eyelids, nose, lips, mucous membrane; excised diameter 0.6 to 1.0 cm",Procedure
11442,"Excision, other benign lesion including margins, except skin tag (unless listed elsewhere), face, ears, eyelids, nose, lips, mucous membrane; excised diameter 1.1 to 2.0 cm",Procedure
11443,"Excision, other benign lesion including margins, except skin tag (unless listed elsewhere), face, ears, eyelids, nose, lips, mucous membrane; excised diameter 2.1 to 3.0 cm",Procedure
11444,"Excision, other benign lesion including margins, except skin tag (unless listed elsewhere), face, ears, eyelids, nose, lips, mucous membrane; excised diameter 3.1 to 4.0 cm",Procedure
11446,"Excision, other benign lesion including margins, except skin tag (unless listed elsewhere), face, ears, eyelids, nose, lips, mucous membrane; excised diameter over 4.0 cm",Procedure
11450,"Excision of skin and subcutaneous tissue for hidradenitis, axillary; with simple or intermediate repair",Procedure
11451,"Excision of skin and subcutaneous tissue for hidradenitis, axillary; with complex repair",Procedure
11462,"Excision of skin and subcutaneous tissue for hidradenitis, inguinal; with simple or intermediate repair",Procedure
11463,"Excision of skin and subcutaneous tissue for hidradenitis, inguinal; with complex repair",Procedure
11470,"Excision of skin and subcutaneous tissue for hidradenitis, perianal, perineal, or umbilical; with simple or intermediate repair",Procedure
11471,"Excision of skin and subcutaneous tissue for hidradenitis, perianal, perineal, or umbilical; with complex repair",Procedure
1152F,"Documentation of advanced disease diagnosis, goals of care prioritize comfort (Pall Cr)",Observation
1159F,Medication list documented in medical record (COA),Observation
11600,"Excision, malignant lesion including margins, trunk, arms, or legs; excised diameter 0.5 cm or less",Procedure
11601,"Excision, malignant lesion including margins, trunk, arms, or legs; excised diameter 0.6 to 1.0 cm",Procedure
11602,"Excision, malignant lesion including margins, trunk, arms, or legs; excised diameter 1.1 to 2.0 cm",Procedure
11603,"Excision, malignant lesion including margins, trunk, arms, or legs; excised diameter 2.1 to 3.0 cm",Procedure
11604,"Excision, malignant lesion including margins, trunk, arms, or legs; excised diameter 3.1 to 4.0 cm",Procedure
11606,"Excision, malignant lesion including margins, trunk, arms, or legs; excised diameter over 4.0 cm",Procedure
1160F,"Review of all medications by a prescribing practitioner or clinical pharmacist (such as, prescriptions, OTCs, herbal therapies and supplements) documented in the medical record (COA)",Observation
11620,"Excision, malignant lesion including margins, scalp, neck, hands, feet, genitalia; excised diameter 0.5 cm or less",Procedure
11621,"Excision, malignant lesion including margins, scalp, neck, hands, feet, genitalia; excised diameter 0.6 to 1.0 cm",Procedure
11622,"Excision, malignant lesion including margins, scalp, neck, hands, feet, genitalia; excised diameter 1.1 to 2.0 cm",Procedure
11623,"Excision, malignant lesion including margins, scalp, neck, hands, feet, genitalia; excised diameter 2.1 to 3.0 cm",Procedure
11624,"Excision, malignant lesion including margins, scalp, neck, hands, feet, genitalia; excised diameter 3.1 to 4.0 cm",Procedure
11626,"Excision, malignant lesion including margins, scalp, neck, hands, feet, genitalia; excised diameter over 4.0 cm",Procedure
11640,"Excision, malignant lesion including margins, face, ears, eyelids, nose, lips; excised diameter 0.5 cm or less",Procedure
11641,"Excision, malignant lesion including margins, face, ears, eyelids, nose, lips; excised diameter 0.6 to 1.0 cm",Procedure
11642,"Excision, malignant lesion including margins, face, ears, eyelids, nose, lips; excised diameter 1.1 to 2.0 cm",Procedure
11643,"Excision, malignant lesion including margins, face, ears, eyelids, nose, lips; excised diameter 2.1 to 3.0 cm",Procedure
11644,"Excision, malignant lesion including margins, face, ears, eyelids, nose, lips; excised diameter 3.1 to 4.0 cm",Procedure
11646,"Excision, malignant lesion including margins, face, ears, eyelids, nose, lips; excised diameter over 4.0 cm",Procedure
1170F,Functional status assessed (COA) (RA),Observation
11719,"Trimming of nondystrophic nails, any number",Procedure
11720,Debridement of nail(s) by any method(s); 1 to 5,Procedure
11721,Debridement of nail(s) by any method(s); 6 or more,Procedure
11730,"Avulsion of nail plate, partial or complete, simple; single",Procedure
11732,"Avulsion of nail plate, partial or complete, simple; each additional nail plate (List separately in addition to code for primary procedure)",Procedure
11770,Excision of pilonidal cyst or sinus; simple,Procedure
11771,Excision of pilonidal cyst or sinus; extensive,Procedure
11772,Excision of pilonidal cyst or sinus; complicated,Procedure
11921,"Tattooing, intradermal introduction of insoluble opaque pigments to correct color defects of skin, including micropigmentation; 6.1 to 20.0 sq cm",Procedure
11922,"Tattooing, intradermal introduction of insoluble opaque pigments to correct color defects of skin, including micropigmentation; each additional 20.0 sq cm, or part thereof (List separately in addition to code for primary procedure)",Procedure
11950,"Subcutaneous injection of filling material (eg, collagen); 1 cc or less",Procedure
11951,"Subcutaneous injection of filling material (eg, collagen); 1.1 to 5.0 cc",Procedure
11952,"Subcutaneous injection of filling material (eg, collagen); 5.1 to 10.0 cc",Procedure
11954,"Subcutaneous injection of filling material (eg, collagen); over 10.0 cc",Procedure
11960,"Insertion of tissue expander(s) for other than breast, including subsequent expansion",Procedure
11970,Replacement of tissue expander with permanent implant,Procedure
11971,Removal of tissue expander without insertion of implant,Procedure
11975,"Insertion, implantable contraceptive capsules (Deprecated)",Procedure
11976,"Removal, implantable contraceptive capsules",Procedure
11980,Subcutaneous hormone pellet implantation (implantation of estradiol and/or testosterone pellets beneath the skin),Procedure
11981,"Insertion, drug-delivery implant (ie, bioresorbable, biodegradable, non-biodegradable)",Procedure
11983,"Removal with reinsertion, non-biodegradable drug delivery implant",Procedure
12001,"Simple repair of superficial wounds of scalp, neck, axillae, external genitalia, trunk and/or extremities (including hands and feet); 2.5 cm or less",Procedure
12002,"Simple repair of superficial wounds of scalp, neck, axillae, external genitalia, trunk and/or extremities (including hands and feet); 2.6 cm to 7.5 cm",Procedure
12004,"Simple repair of superficial wounds of scalp, neck, axillae, external genitalia, trunk and/or extremities (including hands and feet); 7.6 cm to 12.5 cm",Procedure
12005,"Simple repair of superficial wounds of scalp, neck, axillae, external genitalia, trunk and/or extremities (including hands and feet); 12.6 cm to 20.0 cm",Procedure
12006,"Simple repair of superficial wounds of scalp, neck, axillae, external genitalia, trunk and/or extremities (including hands and feet); 20.1 cm to 30.0 cm",Procedure
12007,"Simple repair of superficial wounds of scalp, neck, axillae, external genitalia, trunk and/or extremities (including hands and feet); over 30.0 cm",Procedure
1200F,Seizure type(s) and current seizure frequency(ies) documented (EPI),Observation
12011,"Simple repair of superficial wounds of face, ears, eyelids, nose, lips and/or mucous membranes; 2.5 cm or less",Procedure
12013,"Simple repair of superficial wounds of face, ears, eyelids, nose, lips and/or mucous membranes; 2.6 cm to 5.0 cm",Procedure
12014,"Simple repair of superficial wounds of face, ears, eyelids, nose, lips and/or mucous membranes; 5.1 cm to 7.5 cm",Procedure
12015,"Simple repair of superficial wounds of face, ears, eyelids, nose, lips and/or mucous membranes; 7.6 cm to 12.5 cm",Procedure
12016,"Simple repair of superficial wounds of face, ears, eyelids, nose, lips and/or mucous membranes; 12.6 cm to 20.0 cm",Procedure
12017,"Simple repair of superficial wounds of face, ears, eyelids, nose, lips and/or mucous membranes; 20.1 cm to 30.0 cm",Procedure
12018,"Simple repair of superficial wounds of face, ears, eyelids, nose, lips and/or mucous membranes; over 30.0 cm",Procedure
12020,Treatment of superficial wound dehiscence; simple closure,Procedure
12021,Treatment of superficial wound dehiscence; with packing,Procedure
12031,"Repair, intermediate, wounds of scalp, axillae, trunk and/or extremities (excluding hands and feet); 2.5 cm or less",Procedure
12032,"Repair, intermediate, wounds of scalp, axillae, trunk and/or extremities (excluding hands and feet); 2.6 cm to 7.5 cm",Procedure
12034,"Repair, intermediate, wounds of scalp, axillae, trunk and/or extremities (excluding hands and feet); 7.6 cm to 12.5 cm",Procedure
12035,"Repair, intermediate, wounds of scalp, axillae, trunk and/or extremities (excluding hands and feet); 12.6 cm to 20.0 cm",Procedure
12036,"Repair, intermediate, wounds of scalp, axillae, trunk and/or extremities (excluding hands and feet); 20.1 cm to 30.0 cm",Procedure
12037,"Repair, intermediate, wounds of scalp, axillae, trunk and/or extremities (excluding hands and feet); over 30.0 cm",Procedure
12041,"Repair, intermediate, wounds of neck, hands, feet and/or external genitalia; 2.5 cm or less",Procedure
12042,"Repair, intermediate, wounds of neck, hands, feet and/or external genitalia; 2.6 cm to 7.5 cm",Procedure
12044,"Repair, intermediate, wounds of neck, hands, feet and/or external genitalia; 7.6 cm to 12.5 cm",Procedure
12045,"Repair, intermediate, wounds of neck, hands, feet and/or external genitalia; 12.6 cm to 20.0 cm",Procedure
12046,"Repair, intermediate, wounds of neck, hands, feet and/or external genitalia; 20.1 cm to 30.0 cm",Procedure
12047,"Repair, intermediate, wounds of neck, hands, feet and/or external genitalia; over 30.0 cm",Procedure
12051,"Repair, intermediate, wounds of face, ears, eyelids, nose, lips and/or mucous membranes; 2.5 cm or less",Procedure
12052,"Repair, intermediate, wounds of face, ears, eyelids, nose, lips and/or mucous membranes; 2.6 cm to 5.0 cm",Procedure
12053,"Repair, intermediate, wounds of face, ears, eyelids, nose, lips and/or mucous membranes; 5.1 cm to 7.5 cm",Procedure
12054,"Repair, intermediate, wounds of face, ears, eyelids, nose, lips and/or mucous membranes; 7.6 cm to 12.5 cm",Procedure
12055,"Repair, intermediate, wounds of face, ears, eyelids, nose, lips and/or mucous membranes; 12.6 cm to 20.0 cm",Procedure
12056,"Repair, intermediate, wounds of face, ears, eyelids, nose, lips and/or mucous membranes; 20.1 cm to 30.0 cm",Procedure
12057,"Repair, intermediate, wounds of face, ears, eyelids, nose, lips and/or mucous membranes; over 30.0 cm",Procedure
1205F,Etiology of epilepsy or epilepsy syndrome(s) reviewed and documented (EPI),Observation
13100,"Repair, complex, trunk; 1.1 cm to 2.5 cm",Procedure
13101,"Repair, complex, trunk; 2.6 cm to 7.5 cm",Procedure
13102,"Repair, complex, trunk; each additional 5 cm or less (List separately in addition to code for primary procedure)",Procedure
13120,"Repair, complex, scalp, arms, and/or legs; 1.1 cm to 2.5 cm",Procedure
13121,"Repair, complex, scalp, arms, and/or legs; 2.6 cm to 7.5 cm",Procedure
13122,"Repair, complex, scalp, arms, and/or legs; each additional 5 cm or less (List separately in addition to code for primary procedure)",Procedure
13131,"Repair, complex, forehead, cheeks, chin, mouth, neck, axillae, genitalia, hands and/or feet; 1.1 cm to 2.5 cm",Procedure
13132,"Repair, complex, forehead, cheeks, chin, mouth, neck, axillae, genitalia, hands and/or feet; 2.6 cm to 7.5 cm",Procedure
13133,"Repair, complex, forehead, cheeks, chin, mouth, neck, axillae, genitalia, hands and/or feet; each additional 5 cm or less (List separately in addition to code for primary procedure)",Procedure
13150,"Repair, complex, eyelids, nose, ears and/or lips; 1.0 cm or less (Deprecated)",Procedure
13151,"Repair, complex, eyelids, nose, ears and/or lips; 1.1 cm to 2.5 cm",Procedure
13152,"Repair, complex, eyelids, nose, ears and/or lips; 2.6 cm to 7.5 cm",Procedure
13153,"Repair, complex, eyelids, nose, ears and/or lips; each additional 5 cm or less (List separately in addition to code for primary procedure)",Procedure
13160,"Secondary closure of surgical wound or dehiscence, extensive or complicated",Procedure
14000,"Adjacent tissue transfer or rearrangement, trunk; defect 10 sq cm or less",Procedure
14001,"Adjacent tissue transfer or rearrangement, trunk; defect 10.1 sq cm to 30.0 sq cm",Procedure
14020,"Adjacent tissue transfer or rearrangement, scalp, arms and/or legs; defect 10 sq cm or less",Procedure
14021,"Adjacent tissue transfer or rearrangement, scalp, arms and/or legs; defect 10.1 sq cm to 30.0 sq cm",Procedure
14040,"Adjacent tissue transfer or rearrangement, forehead, cheeks, chin, mouth, neck, axillae, genitalia, hands and/or feet; defect 10 sq cm or less",Procedure
14041,"Adjacent tissue transfer or rearrangement, forehead, cheeks, chin, mouth, neck, axillae, genitalia, hands and/or feet; defect 10.1 sq cm to 30.0 sq cm",Procedure
14060,"Adjacent tissue transfer or rearrangement, eyelids, nose, ears and/or lips; defect 10 sq cm or less",Procedure
14061,"Adjacent tissue transfer or rearrangement, eyelids, nose, ears and/or lips; defect 10.1 sq cm to 30.0 sq cm",Procedure
14300,"Adjacent tissue transfer or rearrangement, more than 30 sq cm, unusual or complicated, any area (Deprecated)",Procedure
14301,"Adjacent tissue transfer or rearrangement, any area; defect 30.1 sq cm to 60.0 sq cm",Procedure
14302,"Adjacent tissue transfer or rearrangement, any area; each additional 30.0 sq cm, or part thereof (List separately in addition to code for primary procedure)",Procedure
14350,"Filleted finger or toe flap, including preparation of recipient site",Procedure
15000,"Surgical preparation or creation of recipient site by excision of open wounds, burn eschar, or scar (including subcutaneous tissues); first 100 sq cm or one percent of body area of infants and children (Deprecated)",Procedure
15002,"Surgical preparation or creation of recipient site by excision of open wounds, burn eschar, or scar (including subcutaneous tissues), or incisional release of scar contracture, trunk, arms, legs; first 100 sq cm or 1% of body area of infants and children",Procedure
15003,"Surgical preparation or creation of recipient site by excision of open wounds, burn eschar, or scar (including subcutaneous tissues), or incisional release of scar contracture, trunk, arms, legs; each additional 100 sq cm, or part thereof, or each addi...",Procedure
15004,"Surgical preparation or creation of recipient site by excision of open wounds, burn eschar, or scar (including subcutaneous tissues), or incisional release of scar contracture, face, scalp, eyelids, mouth, neck, ears, orbits, genitalia, hands, feet and...",Procedure
15005,"Surgical preparation or creation of recipient site by excision of open wounds, burn eschar, or scar (including subcutaneous tissues), or incisional release of scar contracture, face, scalp, eyelids, mouth, neck, ears, orbits, genitalia, hands, feet and...",Procedure
15040,"Harvest of skin for tissue cultured skin autograft, 100 sq cm or less",Procedure
1504F,Patient has respiratory insufficiency (ALS),Observation
15050,"Pinch graft, single or multiple, to cover small ulcer, tip of digit, or other minimal open area (except on face), up to defect size 2 cm diameter",Procedure
15100,"Split-thickness autograft, trunk, arms, legs; first 100 sq cm or less, or 1% of body area of infants and children (except 15050)",Procedure
15101,"Split-thickness autograft, trunk, arms, legs; each additional 100 sq cm, or each additional 1% of body area of infants and children, or part thereof (List separately in addition to code for primary procedure)",Procedure
15110,"Epidermal autograft, trunk, arms, legs; first 100 sq cm or less, or 1% of body area of infants and children",Procedure
15111,"Epidermal autograft, trunk, arms, legs; each additional 100 sq cm, or each additional 1% of body area of infants and children, or part thereof (List separately in addition to code for primary procedure)",Procedure
15115,"Epidermal autograft, face, scalp, eyelids, mouth, neck, ears, orbits, genitalia, hands, feet, and/or multiple digits; first 100 sq cm or less, or 1% of body area of infants and children",Procedure
15116,"Epidermal autograft, face, scalp, eyelids, mouth, neck, ears, orbits, genitalia, hands, feet, and/or multiple digits; each additional 100 sq cm, or each additional 1% of body area of infants and children, or part thereof (List separately in addition to...",Procedure
15120,"Split-thickness autograft, face, scalp, eyelids, mouth, neck, ears, orbits, genitalia, hands, feet, and/or multiple digits; first 100 sq cm or less, or 1% of body area of infants and children (except 15050)",Procedure
15121,"Split-thickness autograft, face, scalp, eyelids, mouth, neck, ears, orbits, genitalia, hands, feet, and/or multiple digits; each additional 100 sq cm, or each additional 1% of body area of infants and children, or part thereof (List separately in addit...",Procedure
15130,"Dermal autograft, trunk, arms, legs; first 100 sq cm or less, or 1% of body area of infants and children",Procedure
15131,"Dermal autograft, trunk, arms, legs; each additional 100 sq cm, or each additional 1% of body area of infants and children, or part thereof (List separately in addition to code for primary procedure)",Procedure
15135,"Dermal autograft, face, scalp, eyelids, mouth, neck, ears, orbits, genitalia, hands, feet, and/or multiple digits; first 100 sq cm or less, or 1% of body area of infants and children",Procedure
15150,"Tissue cultured skin autograft, trunk, arms, legs; first 25 sq cm or less",Procedure
15151,"Tissue cultured skin autograft, trunk, arms, legs; additional 1 sq cm to 75 sq cm (List separately in addition to code for primary procedure)",Procedure
15152,"Tissue cultured skin autograft, trunk, arms, legs; each additional 100 sq cm, or each additional 1% of body area of infants and children, or part thereof (List separately in addition to code for primary procedure)",Procedure
15155,"Tissue cultured skin autograft, face, scalp, eyelids, mouth, neck, ears, orbits, genitalia, hands, feet, and/or multiple digits; first 25 sq cm or less",Procedure
15170,"Acellular dermal replacement, trunk, arms, legs; first 100 sq cm or less, or one percent of body area of infants and children (Deprecated)",Procedure
15171,"Acellular dermal replacement, trunk, arms, legs; each additional 100 sq cm, or each additional one percent of body area of infants and children, or part thereof (List separately in addition to code for primary procedure) (Deprecated)",Procedure
15175,"Acellular dermal replacement, face, scalp, eyelids, mouth, neck, ears, orbits, genitalia, hands, feet, and/or multiple digits; first 100 sq cm or less, or one percent of body area of infants and children (Deprecated)",Procedure
15176,"Acellular dermal replacement, face, scalp, eyelids, mouth, neck, ears, orbits, genitalia, hands, feet, and/or multiple digits; each additional 100 sq cm, or each additional one percent of body area of infants and children, or part thereof ... (Deprecated)",Procedure
15200,"Full thickness graft, free, including direct closure of donor site, trunk; 20 sq cm or less",Procedure
15201,"Full thickness graft, free, including direct closure of donor site, trunk; each additional 20 sq cm, or part thereof (List separately in addition to code for primary procedure)",Procedure
15220,"Full thickness graft, free, including direct closure of donor site, scalp, arms, and/or legs; 20 sq cm or less",Procedure
15221,"Full thickness graft, free, including direct closure of donor site, scalp, arms, and/or legs; each additional 20 sq cm, or part thereof (List separately in addition to code for primary procedure)",Procedure
15240,"Full thickness graft, free, including direct closure of donor site, forehead, cheeks, chin, mouth, neck, axillae, genitalia, hands, and/or feet; 20 sq cm or less",Procedure
15241,"Full thickness graft, free, including direct closure of donor site, forehead, cheeks, chin, mouth, neck, axillae, genitalia, hands, and/or feet; each additional 20 sq cm, or part thereof (List separately in addition to code for primary procedure)",Procedure
15260,"Full thickness graft, free, including direct closure of donor site, nose, ears, eyelids, and/or lips; 20 sq cm or less",Procedure
15261,"Full thickness graft, free, including direct closure of donor site, nose, ears, eyelids, and/or lips; each additional 20 sq cm, or part thereof (List separately in addition to code for primary procedure)",Procedure
15271,"Application of skin substitute graft to trunk, arms, legs, total wound surface area up to 100 sq cm; first 25 sq cm or less wound surface area",Procedure
15272,"Application of skin substitute graft to trunk, arms, legs, total wound surface area up to 100 sq cm; each additional 25 sq cm wound surface area, or part thereof (List separately in addition to code for primary procedure)",Procedure
15273,"Application of skin substitute graft to trunk, arms, legs, total wound surface area greater than or equal to 100 sq cm; first 100 sq cm wound surface area, or 1% of body area of infants and children",Procedure
15274,"Application of skin substitute graft to trunk, arms, legs, total wound surface area greater than or equal to 100 sq cm; each additional 100 sq cm wound surface area, or part thereof, or each additional 1% of body area of infants and children, or part t...",Procedure
15275,"Application of skin substitute graft to face, scalp, eyelids, mouth, neck, ears, orbits, genitalia, hands, feet, and/or multiple digits, total wound surface area up to 100 sq cm; first 25 sq cm or less wound surface area",Procedure
15276,"Application of skin substitute graft to face, scalp, eyelids, mouth, neck, ears, orbits, genitalia, hands, feet, and/or multiple digits, total wound surface area up to 100 sq cm; each additional 25 sq cm wound surface area, or part thereof (List separa...",Procedure
15277,"Application of skin substitute graft to face, scalp, eyelids, mouth, neck, ears, orbits, genitalia, hands, feet, and/or multiple digits, total wound surface area greater than or equal to 100 sq cm; first 100 sq cm wound surface area, or 1% of body area...",Procedure
15278,"Application of skin substitute graft to face, scalp, eyelids, mouth, neck, ears, orbits, genitalia, hands, feet, and/or multiple digits, total wound surface area greater than or equal to 100 sq cm; each additional 100 sq cm wound surface area, or part...",Procedure
15300,"Allograft skin for temporary wound closure, trunk, arms, legs; first 100 sq cm or less, or one percent of body area of infants and children (Deprecated)",Procedure
15301,"Allograft skin for temporary wound closure, trunk, arms, legs; each additional 100 sq cm, or each additional one percent of body area of infants and children, or part thereof (List separately in addition to code for primary procedure) (Deprecated)",Procedure
15320,"Allograft skin for temporary wound closure, face, scalp, eyelids, mouth, neck, ears, orbits, genitalia, hands, feet, and/or multiple digits; first 100 sq cm or less, or one percent of body area of infants and children (Deprecated)",Procedure
15321,"Allograft skin for temporary wound closure, face, scalp, eyelids, mouth, neck, ears, orbits, genitalia, hands, feet, and/or multiple digits; each additional 100 sq cm, or each additional one percent of body area of infants and children, or... (Deprecated)",Procedure
15330,"Acellular dermal allograft, trunk, arms, legs; first 100 sq cm or less, or one percent of body area of infants and children (Deprecated)",Procedure
15331,"Acellular dermal allograft, trunk, arms, legs; each additional 100 sq cm, or each additional one percent of body area of infants and children, or part thereof (List separately in addition to code for primary procedure) (Deprecated)",Procedure
15335,"Acellular dermal allograft, face, scalp, eyelids, mouth, neck, ears, orbits, genitalia, hands, feet, and/or multiple digits; first 100 sq cm or less, or one percent of body area of infants and children (Deprecated)",Procedure
15336,"Acellular dermal allograft, face, scalp, eyelids, mouth, neck, ears, orbits, genitalia, hands, feet, and/or multiple digits; each additional 100 sq cm, or each additional one percent of body area of infants and children, or part thereof (L... (Deprecated)",Procedure
15340,Tissue cultured allogeneic skin substitute; first 25 sq cm or less (Deprecated),Procedure
15341,Tissue cultured allogeneic skin substitute; each additional 25 sq cm (Deprecated),Procedure
15342,Application of bilaminate skin substitute/neodermis; 25 sq cm (Deprecated),Procedure
15400,"Application of xenograft, skin; 100 sq cm or less (Deprecated)",Procedure
15401,"Application of xenograft, skin; each additional 100 sq cm (List separately in addition to code for primary procedure) (Deprecated)",Procedure
15420,"Xenograft skin (dermal), for temporary wound closure, face, scalp, eyelids, mouth, neck, ears, orbits, genitalia, hands, feet, and/or multiple digits; first 100 sq cm or less, or one percent of body area of infants and children (Deprecated)",Procedure
15421,"Xenograft skin (dermal), for temporary wound closure, face, scalp, eyelids, mouth, neck, ears, orbits, genitalia, hands, feet, and/or multiple digits; each additional 100 sq cm, or each additional one percent of body area of infants and ch... (Deprecated)",Procedure
15430,"Acellular xenograft implant; first 100 sq cm or less, or one percent of body area of infants and children (Deprecated)",Procedure
15431,"Acellular xenograft implant; each additional 100 sq cm, or each additional one percent of body area of infants and children, or part thereof (List separately in addition to code for primary procedure) (Deprecated)",Procedure
15570,"Formation of direct or tubed pedicle, with or without transfer; trunk",Procedure
15572,"Formation of direct or tubed pedicle, with or without transfer; scalp, arms, or legs",Procedure
15574,"Formation of direct or tubed pedicle, with or without transfer; forehead, cheeks, chin, mouth, neck, axillae, genitalia, hands or feet",Procedure
15576,"Formation of direct or tubed pedicle, with or without transfer; eyelids, nose, ears, lips, or intraoral",Procedure
15600,Delay of flap or sectioning of flap (division and inset); at trunk,Procedure
15610,"Delay of flap or sectioning of flap (division and inset); at scalp, arms, or legs",Procedure
15620,"Delay of flap or sectioning of flap (division and inset); at forehead, cheeks, chin, neck, axillae, genitalia, hands, or feet",Procedure
15630,"Delay of flap or sectioning of flap (division and inset); at eyelids, nose, ears, or lips",Procedure
15730,"Midface flap (ie, zygomaticofacial flap) with preservation of vascular pedicle(s)",Procedure
15731,"Forehead flap with preservation of vascular pedicle (eg, axial pattern flap, paramedian forehead flap)",Procedure
15732,"Muscle, myocutaneous, or fasciocutaneous flap; head and neck (eg, temporalis, masseter muscle, sternocleidomastoid, levator scapulae) (Deprecated)",Procedure
15733,"Muscle, myocutaneous, or fasciocutaneous flap; head and neck with named vascular pedicle (ie, buccinators, genioglossus, temporalis, masseter, sternocleidomastoid, levator scapulae)",Procedure
15734,"Muscle, myocutaneous, or fasciocutaneous flap; trunk",Procedure
15736,"Muscle, myocutaneous, or fasciocutaneous flap; upper extremity",Procedure
15738,"Muscle, myocutaneous, or fasciocutaneous flap; lower extremity",Procedure
15740,Flap; island pedicle requiring identification and dissection of an anatomically named axial vessel,Procedure
15756,Free muscle or myocutaneous flap with microvascular anastomosis,Procedure
15757,Free skin flap with microvascular anastomosis,Procedure
15758,Free fascial flap with microvascular anastomosis,Procedure
15760,"Graft; composite (eg, full thickness of external ear or nasal ala), including primary closure, donor area",Procedure
15769,"Grafting of autologous soft tissue, other, harvested by direct excision (eg, fat, dermis, fascia)",Procedure
15771,"Grafting of autologous fat harvested by liposuction technique to trunk, breasts, scalp, arms, and/or legs; 50 cc or less injectate",Procedure
15772,"Grafting of autologous fat harvested by liposuction technique to trunk, breasts, scalp, arms, and/or legs; each additional 50 cc injectate, or part thereof (List separately in addition to code for primary procedure)",Procedure
15773,"Grafting of autologous fat harvested by liposuction technique to face, eyelids, mouth, neck, ears, orbits, genitalia, hands, and/or feet; 25 cc or less injectate",Procedure
15774,"Grafting of autologous fat harvested by liposuction technique to face, eyelids, mouth, neck, ears, orbits, genitalia, hands, and/or feet; each additional 25 cc injectate, or part thereof (List separately in addition to code for primary procedure)",Procedure
15776,Punch graft for hair transplant; more than 15 punch grafts,Procedure
15777,"Implantation of biologic implant (eg, acellular dermal matrix) for soft tissue reinforcement (ie, breast, trunk) (List separately in addition to code for primary procedure)",Procedure
15778,"Implantation of absorbable mesh or other prosthesis for delayed closure of defect(s) (ie, external genitalia, perineum, abdominal wall) due to soft tissue infection or trauma",Procedure
15780,"Dermabrasion; total face (eg, for acne scarring, fine wrinkling, rhytids, general keratosis)",Procedure
15782,"Dermabrasion; regional, other than face",Procedure
15788,"Chemical peel, facial; epidermal",Procedure
15789,"Chemical peel, facial; dermal",Procedure
15819,Cervicoplasty (Deprecated),Procedure
15821,"Blepharoplasty, lower eyelid; with extensive herniated fat pad",Procedure
15823,"Blepharoplasty, upper eyelid; with excessive skin weighting down lid",Procedure
15828,"Rhytidectomy; cheek, chin, and neck",Procedure
15829,Rhytidectomy; superficial musculoaponeurotic system (SMAS) flap,Procedure
15830,"Excision, excessive skin and subcutaneous tissue (includes lipectomy); abdomen, infraumbilical panniculectomy",Procedure
15831,"Excision, excessive skin and subcutaneous tissue (including lipectomy); abdomen (abdominoplasty) (Deprecated)",Procedure
15837,"Excision, excessive skin and subcutaneous tissue (includes lipectomy); forearm or hand",Procedure
15838,"Excision, excessive skin and subcutaneous tissue (includes lipectomy); submental fat pad",Procedure
15839,"Excision, excessive skin and subcutaneous tissue (includes lipectomy); other area",Procedure
15840,Graft for facial nerve paralysis; free fascia graft (including obtaining fascia),Procedure
15841,Graft for facial nerve paralysis; free muscle graft (including obtaining graft),Procedure
15842,Graft for facial nerve paralysis; free muscle flap by microsurgical technique,Procedure
15845,Graft for facial nerve paralysis; regional muscle transfer,Procedure
15847,"Excision, excessive skin and subcutaneous tissue (includes lipectomy), abdomen (eg, abdominoplasty) (includes umbilical transposition and fascial plication) (List separately in addition to code for primary procedure)",Procedure
15852,Dressing change (for other than burns) under anesthesia (other than local),Procedure
15853,Removal of sutures or staples not requiring anesthesia (List separately in addition to E/M code),Procedure
15860,"Intravenous injection of agent (eg, fluorescein) to test vascular flow in flap or graft",Procedure
15876,Suction assisted lipectomy; head and neck,Procedure
15922,"Excision, coccygeal pressure ulcer, with coccygectomy; with flap closure",Procedure
15933,"Excision, sacral pressure ulcer, with primary suture; with ostectomy",Procedure
15934,"Excision, sacral pressure ulcer, with skin flap closure",Procedure
15935,"Excision, sacral pressure ulcer, with skin flap closure; with ostectomy",Procedure
15936,"Excision, sacral pressure ulcer, in preparation for muscle or myocutaneous flap or skin graft closure",Procedure
15937,"Excision, sacral pressure ulcer, in preparation for muscle or myocutaneous flap or skin graft closure; with ostectomy",Procedure
15941,"Excision, ischial pressure ulcer, with primary suture; with ostectomy (ischiectomy)",Procedure
15946,"Excision, ischial pressure ulcer, with ostectomy, in preparation for muscle or myocutaneous flap or skin graft closure",Procedure
15951,"Excision, trochanteric pressure ulcer, with primary suture; with ostectomy",Procedure
15953,"Excision, trochanteric pressure ulcer, with skin flap closure; with ostectomy",Procedure
15956,"Excision, trochanteric pressure ulcer, in preparation for muscle or myocutaneous flap or skin graft closure",Procedure
15958,"Excision, trochanteric pressure ulcer, in preparation for muscle or myocutaneous flap or skin graft closure; with ostectomy",Procedure
15999,"Unlisted procedure, excision pressure ulcer",Procedure
16000,"Initial treatment, first degree burn, when no more than local treatment is required",Procedure
16020,"Dressings and/or debridement of partial-thickness burns, initial or subsequent; small (less than 5% total body surface area)",Procedure
16025,"Dressings and/or debridement of partial-thickness burns, initial or subsequent; medium (eg, whole face or whole extremity, or 5% to 10% total body surface area)",Procedure
16030,"Dressings and/or debridement of partial-thickness burns, initial or subsequent; large (eg, more than 1 extremity, or greater than 10% total body surface area)",Procedure
17000,"Destruction (eg, laser surgery, electrosurgery, cryosurgery, chemosurgery, surgical curettement), premalignant lesions (eg, actinic keratoses); first lesion",Procedure
17003,"Destruction (eg, laser surgery, electrosurgery, cryosurgery, chemosurgery, surgical curettement), premalignant lesions (eg, actinic keratoses); second through 14 lesions, each (List separately in addition to code for first lesion)",Procedure
17004,"Destruction (eg, laser surgery, electrosurgery, cryosurgery, chemosurgery, surgical curettement), premalignant lesions (eg, actinic keratoses), 15 or more lesions",Procedure
17106,"Destruction of cutaneous vascular proliferative lesions (eg, laser technique); less than 10 sq cm",Procedure
17107,"Destruction of cutaneous vascular proliferative lesions (eg, laser technique); 10.0 to 50.0 sq cm",Procedure
17108,"Destruction of cutaneous vascular proliferative lesions (eg, laser technique); over 50.0 sq cm",Procedure
17110,"Destruction (eg, laser surgery, electrosurgery, cryosurgery, chemosurgery, surgical curettement), of benign lesions other than skin tags or cutaneous vascular proliferative lesions; up to 14 lesions",Procedure
17111,"Destruction (eg, laser surgery, electrosurgery, cryosurgery, chemosurgery, surgical curettement), of benign lesions other than skin tags or cutaneous vascular proliferative lesions; 15 or more lesions",Procedure
17250,"Chemical cauterization of granulation tissue (ie, proud flesh)",Procedure
17260,"Destruction, malignant lesion (eg, laser surgery, electrosurgery, cryosurgery, chemosurgery, surgical curettement), trunk, arms or legs; lesion diameter 0.5 cm or less",Procedure
17261,"Destruction, malignant lesion (eg, laser surgery, electrosurgery, cryosurgery, chemosurgery, surgical curettement), trunk, arms or legs; lesion diameter 0.6 to 1.0 cm",Procedure
17262,"Destruction, malignant lesion (eg, laser surgery, electrosurgery, cryosurgery, chemosurgery, surgical curettement), trunk, arms or legs; lesion diameter 1.1 to 2.0 cm",Procedure
17263,"Destruction, malignant lesion (eg, laser surgery, electrosurgery, cryosurgery, chemosurgery, surgical curettement), trunk, arms or legs; lesion diameter 2.1 to 3.0 cm",Procedure
17264,"Destruction, malignant lesion (eg, laser surgery, electrosurgery, cryosurgery, chemosurgery, surgical curettement), trunk, arms or legs; lesion diameter 3.1 to 4.0 cm",Procedure
17266,"Destruction, malignant lesion (eg, laser surgery, electrosurgery, cryosurgery, chemosurgery, surgical curettement), trunk, arms or legs; lesion diameter over 4.0 cm",Procedure
17270,"Destruction, malignant lesion (eg, laser surgery, electrosurgery, cryosurgery, chemosurgery, surgical curettement), scalp, neck, hands, feet, genitalia; lesion diameter 0.5 cm or less",Procedure
17271,"Destruction, malignant lesion (eg, laser surgery, electrosurgery, cryosurgery, chemosurgery, surgical curettement), scalp, neck, hands, feet, genitalia; lesion diameter 0.6 to 1.0 cm",Procedure
17272,"Destruction, malignant lesion (eg, laser surgery, electrosurgery, cryosurgery, chemosurgery, surgical curettement), scalp, neck, hands, feet, genitalia; lesion diameter 1.1 to 2.0 cm",Procedure
17273,"Destruction, malignant lesion (eg, laser surgery, electrosurgery, cryosurgery, chemosurgery, surgical curettement), scalp, neck, hands, feet, genitalia; lesion diameter 2.1 to 3.0 cm",Procedure
17274,"Destruction, malignant lesion (eg, laser surgery, electrosurgery, cryosurgery, chemosurgery, surgical curettement), scalp, neck, hands, feet, genitalia; lesion diameter 3.1 to 4.0 cm",Procedure
17276,"Destruction, malignant lesion (eg, laser surgery, electrosurgery, cryosurgery, chemosurgery, surgical curettement), scalp, neck, hands, feet, genitalia; lesion diameter over 4.0 cm",Procedure
17280,"Destruction, malignant lesion (eg, laser surgery, electrosurgery, cryosurgery, chemosurgery, surgical curettement), face, ears, eyelids, nose, lips, mucous membrane; lesion diameter 0.5 cm or less",Procedure
17281,"Destruction, malignant lesion (eg, laser surgery, electrosurgery, cryosurgery, chemosurgery, surgical curettement), face, ears, eyelids, nose, lips, mucous membrane; lesion diameter 0.6 to 1.0 cm",Procedure
17282,"Destruction, malignant lesion (eg, laser surgery, electrosurgery, cryosurgery, chemosurgery, surgical curettement), face, ears, eyelids, nose, lips, mucous membrane; lesion diameter 1.1 to 2.0 cm",Procedure
17283,"Destruction, malignant lesion (eg, laser surgery, electrosurgery, cryosurgery, chemosurgery, surgical curettement), face, ears, eyelids, nose, lips, mucous membrane; lesion diameter 2.1 to 3.0 cm",Procedure
17284,"Destruction, malignant lesion (eg, laser surgery, electrosurgery, cryosurgery, chemosurgery, surgical curettement), face, ears, eyelids, nose, lips, mucous membrane; lesion diameter 3.1 to 4.0 cm",Procedure
17286,"Destruction, malignant lesion (eg, laser surgery, electrosurgery, cryosurgery, chemosurgery, surgical curettement), face, ears, eyelids, nose, lips, mucous membrane; lesion diameter over 4.0 cm",Procedure
17311,"Mohs micrographic technique, including removal of all gross tumor, surgical excision of tissue specimens, mapping, color coding of specimens, microscopic examination of specimens by the surgeon, and histopathologic preparation including routine stain(s...",Procedure
17312,"Mohs micrographic technique, including removal of all gross tumor, surgical excision of tissue specimens, mapping, color coding of specimens, microscopic examination of specimens by the surgeon, and histopathologic preparation including routine stain(s...",Procedure
17313,"Mohs micrographic technique, including removal of all gross tumor, surgical excision of tissue specimens, mapping, color coding of specimens, microscopic examination of specimens by the surgeon, and histopathologic preparation including routine stain(s...",Procedure
17314,"Mohs micrographic technique, including removal of all gross tumor, surgical excision of tissue specimens, mapping, color coding of specimens, microscopic examination of specimens by the surgeon, and histopathologic preparation including routine stain(s...",Procedure
17315,"Mohs micrographic technique, including removal of all gross tumor, surgical excision of tissue specimens, mapping, color coding of specimens, microscopic examination of specimens by the surgeon, and histopathologic preparation including routine stain(s...",Procedure
17340,"Cryotherapy (CO2 slush, liquid N2) for acne",Procedure
17380,"Electrolysis epilation, each 30 minutes",Procedure
17999,"Unlisted procedure, skin, mucous membrane and subcutaneous tissue",Procedure
19000,Puncture aspiration of cyst of breast,Procedure
19001,Puncture aspiration of cyst of breast; each additional cyst (List separately in addition to code for primary procedure),Procedure
19081,"Biopsy, breast, with placement of breast localization device(s) (eg, clip, metallic pellet), when performed, and imaging of the biopsy specimen, when performed, percutaneous; first lesion, including stereotactic guidance",Procedure
19082,"Biopsy, breast, with placement of breast localization device(s) (eg, clip, metallic pellet), when performed, and imaging of the biopsy specimen, when performed, percutaneous; each additional lesion, including stereotactic guidance (List separately in a...",Procedure
19083,"Biopsy, breast, with placement of breast localization device(s) (eg, clip, metallic pellet), when performed, and imaging of the biopsy specimen, when performed, percutaneous; first lesion, including ultrasound guidance",Procedure
19084,"Biopsy, breast, with placement of breast localization device(s) (eg, clip, metallic pellet), when performed, and imaging of the biopsy specimen, when performed, percutaneous; each additional lesion, including ultrasound guidance (List separately in add...",Procedure
19085,"Biopsy, breast, with placement of breast localization device(s) (eg, clip, metallic pellet), when performed, and imaging of the biopsy specimen, when performed, percutaneous; first lesion, including magnetic resonance guidance",Procedure
19086,"Biopsy, breast, with placement of breast localization device(s) (eg, clip, metallic pellet), when performed, and imaging of the biopsy specimen, when performed, percutaneous; each additional lesion, including magnetic resonance guidance (List separatel...",Procedure
19102,"Biopsy of breast; percutaneous, needle core, using imaging guidance (Deprecated)",Procedure
19103,"Biopsy of breast; percutaneous, automated vacuum assisted or rotating biopsy device, using imaging guidance (Deprecated)",Procedure
19105,"Ablation, cryosurgical, of fibroadenoma, including ultrasound guidance, each fibroadenoma",Procedure
19120,"Excision of cyst, fibroadenoma, or other benign or malignant tumor, aberrant breast tissue, duct lesion, nipple or areolar lesion (except 19300), open, male or female, 1 or more lesions",Procedure
19125,"Excision of breast lesion identified by preoperative placement of radiological marker, open; single lesion",Procedure
19126,"Excision of breast lesion identified by preoperative placement of radiological marker, open; each additional lesion separately identified by a preoperative radiological marker (List separately in addition to code for primary procedure)",Procedure
19160,"Mastectomy, partial (Deprecated)",Procedure
19162,"Mastectomy, partial; with axillary lymphadenectomy (Deprecated)",Procedure
19271,"Excision of chest wall tumor involving ribs, with plastic reconstruction; without mediastinal lymphadenectomy (Deprecated)",Procedure
19272,"Excision of chest wall tumor involving ribs, with plastic reconstruction; with mediastinal lymphadenectomy (Deprecated)",Procedure
19281,"Placement of breast localization device(s) (eg, clip, metallic pellet, wire/needle, radioactive seeds), percutaneous; first lesion, including mammographic guidance",Procedure
19282,"Placement of breast localization device(s) (eg, clip, metallic pellet, wire/needle, radioactive seeds), percutaneous; each additional lesion, including mammographic guidance (List separately in addition to code for primary procedure)",Procedure
19283,"Placement of breast localization device(s) (eg, clip, metallic pellet, wire/needle, radioactive seeds), percutaneous; first lesion, including stereotactic guidance",Procedure
19284,"Placement of breast localization device(s) (eg, clip, metallic pellet, wire/needle, radioactive seeds), percutaneous; each additional lesion, including stereotactic guidance (List separately in addition to code for primary procedure)",Procedure
19285,"Placement of breast localization device(s) (eg, clip, metallic pellet, wire/needle, radioactive seeds), percutaneous; first lesion, including ultrasound guidance",Procedure
19286,"Placement of breast localization device(s) (eg, clip, metallic pellet, wire/needle, radioactive seeds), percutaneous; each additional lesion, including ultrasound guidance (List separately in addition to code for primary procedure)",Procedure
19287,"Placement of breast localization device(s) (eg clip, metallic pellet, wire/needle, radioactive seeds), percutaneous; first lesion, including magnetic resonance guidance",Procedure
19290,"Preoperative placement of needle localization wire, breast (Deprecated)",Procedure
19291,"Preoperative placement of needle localization wire, breast; each additional lesion (List separately in addition to code for primary procedure) (Deprecated)",Procedure
19295,"Image guided placement, metallic localization clip, percutaneous, during breast biopsy (List separately in addition to code for primary procedure) (Deprecated)",Procedure
19296,"Placement of radiotherapy afterloading expandable catheter (single or multichannel) into the breast for interstitial radioelement application following partial mastectomy, includes imaging guidance; on date separate from partial mastectomy",Procedure
19297,"Placement of radiotherapy afterloading expandable catheter (single or multichannel) into the breast for interstitial radioelement application following partial mastectomy, includes imaging guidance; concurrent with partial mastectomy (List separately i...",Procedure
19298,"Placement of radiotherapy after loading brachytherapy catheters (multiple tube and button type) into the breast for interstitial radioelement application following (at the time of or subsequent to) partial mastectomy, includes imaging guidance",Procedure
19303,"Mastectomy, simple, complete",Procedure
19306,"Mastectomy, radical, including pectoral muscles, axillary and internal mammary lymph nodes (Urban type operation)",Procedure
19307,"Mastectomy, modified radical, including axillary lymph nodes, with or without pectoralis minor muscle, but excluding pectoralis major muscle",Procedure
19316,Mastopexy,Procedure
19324,"Mammaplasty, augmentation; without prosthetic implant (Deprecated)",Procedure
19325,Breast augmentation with implant,Procedure
19330,"Removal of ruptured breast implant, including implant contents (eg, saline, silicone gel)",Procedure
19340,"Insertion of breast implant on same day of mastectomy (ie, immediate)",Procedure
19342,Insertion or replacement of breast implant on separate day from mastectomy,Procedure
19357,"Tissue expander placement in breast reconstruction, including subsequent expansion(s)",Procedure
19366,Breast reconstruction with other technique (Deprecated),Procedure
19367,Breast reconstruction; with single-pedicled transverse rectus abdominis myocutaneous (TRAM) flap,Procedure
19368,"Breast reconstruction; with single-pedicled transverse rectus abdominis myocutaneous (TRAM) flap, requiring separate microvascular anastomosis (supercharging)",Procedure
19369,Breast reconstruction; with bipedicled transverse rectus abdominis myocutaneous (TRAM) flap,Procedure
19370,"Revision of peri-implant capsule, breast, including capsulotomy, capsulorrhaphy, and/or partial capsulectomy",Procedure
19371,"Peri-implant capsulectomy, breast, complete, including removal of all intracapsular contents",Procedure
19396,Preparation of moulage for custom breast implant,Procedure
19499,"Unlisted procedure, breast",Procedure
20000,"Incision of soft tissue abscess (eg, secondary to osteomyelitis); superficial (Deprecated)",Procedure
20005,"Incision and drainage of soft tissue abscess, subfascial (ie, involves the soft tissue below the deep fascia) (Deprecated)",Procedure
20100,Exploration of penetrating wound (separate procedure); neck,Procedure
20101,Exploration of penetrating wound (separate procedure); chest,Procedure
20102,Exploration of penetrating wound (separate procedure); abdomen/flank/back,Procedure
20103,Exploration of penetrating wound (separate procedure); extremity,Procedure
2019F,"Dilated macular exam performed, including documentation of the presence or absence of macular thickening or hemorrhage and the level of macular degeneration severity (EC)",Observation
2021F,"Dilated macular or fundus exam performed, including documentation of the presence or absence of macular edema and level of severity of retinopathy (EC)",Observation
20220,"Biopsy, bone, trocar, or needle; superficial (eg, ilium, sternum, spinous process, ribs)",Procedure
20225,"Biopsy, bone, trocar, or needle; deep (eg, vertebral body, femur)",Procedure
2022F,Dilated retinal eye exam with interpretation by an ophthalmologist or optometrist documented and reviewed; with evidence of retinopathy (DM),Observation
20251,"Biopsy, vertebral body, open; lumbar or cervical",Procedure
2029F,Complete physical skin exam performed (ML),Observation
2044F,Documentation of mental health assessment prior to intervention (back surgery or epidural steroid injection) or for back pain episode lasting longer than 6 weeks (BkP),Observation
20520,Removal of foreign body in muscle or tendon sheath; simple,Procedure
20525,Removal of foreign body in muscle or tendon sheath; deep or complicated,Procedure
20526,"Injection, therapeutic (eg, local anesthetic, corticosteroid), carpal tunnel",Procedure
20527,"Injection, enzyme (eg, collagenase), palmar fascial cord (ie, Dupuytren's contracture)",Procedure
20550,"Injection(s); single tendon sheath, or ligament, aponeurosis (eg, plantar ""fascia"")",Procedure
20551,Injection(s); single tendon origin/insertion,Procedure
20552,"Injection(s); single or multiple trigger point(s), 1 or 2 muscle(s)",Procedure
20553,"Injection(s); single or multiple trigger point(s), 3 or more muscles",Procedure
20555,Placement of needles or catheters into muscle and/or soft tissue for subsequent interstitial radioelement application (at the time of or subsequent to the procedure),Procedure
20560,Needle insertion(s) without injection(s); 1 or 2 muscle(s),Procedure
20600,"Arthrocentesis, aspiration and/or injection, small joint or bursa (eg, fingers, toes); without ultrasound guidance",Procedure
20604,"Arthrocentesis, aspiration and/or injection, small joint or bursa (eg, fingers, toes); with ultrasound guidance, with permanent recording and reporting",Procedure
20605,"Arthrocentesis, aspiration and/or injection, intermediate joint or bursa (eg, temporomandibular, acromioclavicular, wrist, elbow or ankle, olecranon bursa); without ultrasound guidance",Procedure
20606,"Arthrocentesis, aspiration and/or injection, intermediate joint or bursa (eg, temporomandibular, acromioclavicular, wrist, elbow or ankle, olecranon bursa); with ultrasound guidance, with permanent recording and reporting",Procedure
20610,"Arthrocentesis, aspiration and/or injection, major joint or bursa (eg, shoulder, hip, knee, subacromial bursa); without ultrasound guidance",Procedure
20611,"Arthrocentesis, aspiration and/or injection, major joint or bursa (eg, shoulder, hip, knee, subacromial bursa); with ultrasound guidance, with permanent recording and reporting",Procedure
20612,Aspiration and/or injection of ganglion cyst(s) any location,Procedure
20615,Aspiration and injection for treatment of bone cyst,Procedure
20650,"Insertion of wire or pin with application of skeletal traction, including removal (separate procedure)",Procedure
20660,"Application of cranial tongs, caliper, or stereotactic frame, including removal (separate procedure)",Procedure
20661,"Application of halo, including removal; cranial",Procedure
20662,"Application of halo, including removal; pelvic",Procedure
20663,"Application of halo, including removal; femoral",Procedure
20664,"Application of halo, including removal, cranial, 6 or more pins placed, for thin skull osteology (eg, pediatric patients, hydrocephalus, osteogenesis imperfecta)",Procedure
20665,Removal of tongs or halo applied by another individual,Procedure
20690,"Application of a uniplane (pins or wires in 1 plane), unilateral, external fixation system",Procedure
20692,"Application of a multiplane (pins or wires in more than 1 plane), unilateral, external fixation system (eg, Ilizarov, Monticelli type)",Procedure
20693,"Adjustment or revision of external fixation system requiring anesthesia (eg, new pin[s] or wire[s] and/or new ring[s] or bar[s])",Procedure
20694,"Removal, under anesthesia, of external fixation system",Procedure
20696,"Application of multiplane (pins or wires in more than 1 plane), unilateral, external fixation with stereotactic computer-assisted adjustment (eg, spatial frame), including imaging; initial and subsequent alignment(s), assessment(s), and computation(s)...",Procedure
20697,"Application of multiplane (pins or wires in more than 1 plane), unilateral, external fixation with stereotactic computer-assisted adjustment (eg, spatial frame), including imaging; exchange (ie, removal and replacement) of strut, each",Procedure
20700,"Manual preparation and insertion of drug-delivery device(s), deep (eg, subfascial) (List separately in addition to code for primary procedure)",Procedure
20701,"Removal of drug-delivery device(s), deep (eg, subfascial) (List separately in addition to code for primary procedure)",Procedure
20702,"Manual preparation and insertion of drug-delivery device(s), intramedullary (List separately in addition to code for primary procedure)",Procedure
20703,"Removal of drug-delivery device(s), intramedullary (List separately in addition to code for primary procedure)",Procedure
20704,"Manual preparation and insertion of drug-delivery device(s), intra-articular (List separately in addition to code for primary procedure)",Procedure
20705,"Removal of drug-delivery device(s), intra-articular (List separately in addition to code for primary procedure)",Procedure
20805,"Replantation, forearm (includes radius and ulna to radial carpal joint), complete amputation",Procedure
20808,"Replantation, hand (includes hand through metacarpophalangeal joints), complete amputation",Procedure
20816,"Replantation, digit, excluding thumb (includes metacarpophalangeal joint to insertion of flexor sublimis tendon), complete amputation",Procedure
20822,"Replantation, digit, excluding thumb (includes distal tip to sublimis tendon insertion), complete amputation",Procedure
20824,"Replantation, thumb (includes carpometacarpal joint to MP joint), complete amputation",Procedure
20827,"Replantation, thumb (includes distal tip to MP joint), complete amputation",Procedure
20900,"Bone graft, any donor area; minor or small (eg, dowel or button)",Procedure
20902,"Bone graft, any donor area; major or large",Procedure
20920,Fascia lata graft; by stripper,Procedure
20922,"Fascia lata graft; by incision and area exposure, complex or sheet",Procedure
20924,"Tendon graft, from a distance (eg, palmaris, toe extensor, plantaris)",Procedure
20926,"Tissue grafts, other (eg, paratenon, fat, dermis) (Deprecated)",Procedure
20930,"Allograft, morselized, or placement of osteopromotive material, for spine surgery only (List separately in addition to code for primary procedure)",Procedure
20931,"Allograft, structural, for spine surgery only (List separately in addition to code for primary procedure)",Procedure
20936,"Autograft for spine surgery only (includes harvesting the graft); local (eg, ribs, spinous process, or laminar fragments) obtained from same incision (List separately in addition to code for primary procedure)",Procedure
20937,Autograft for spine surgery only (includes harvesting the graft); morselized (through separate skin or fascial incision) (List separately in addition to code for primary procedure),Procedure
20938,"Autograft for spine surgery only (includes harvesting the graft); structural, bicortical or tricortical (through separate skin or fascial incision) (List separately in addition to code for primary procedure)",Procedure
20939,"Bone marrow aspiration for bone grafting, spine surgery only, through separate skin or fascial incision (List separately in addition to code for primary procedure)",Procedure
20950,"Monitoring of interstitial fluid pressure (includes insertion of device, eg, wick catheter technique, needle manometer technique) in detection of muscle compartment syndrome",Procedure
20955,Bone graft with microvascular anastomosis; fibula,Procedure
20962,"Bone graft with microvascular anastomosis; other than fibula, iliac crest, or metatarsal",Procedure
20969,"Free osteocutaneous flap with microvascular anastomosis; other than iliac crest, metatarsal, or great toe",Procedure
20970,Free osteocutaneous flap with microvascular anastomosis; iliac crest,Procedure
20973,Free osteocutaneous flap with microvascular anastomosis; great toe with web space,Procedure
20974,Electrical stimulation to aid bone healing; noninvasive (nonoperative),Procedure
20975,Electrical stimulation to aid bone healing; invasive (operative),Procedure
20982,"Ablation therapy for reduction or eradication of 1 or more bone tumors (eg, metastasis) including adjacent soft tissue when involved by tumor extension, percutaneous, including imaging guidance when performed; radiofrequency",Procedure
20983,"Ablation therapy for reduction or eradication of 1 or more bone tumors (eg, metastasis) including adjacent soft tissue when involved by tumor extension, percutaneous, including imaging guidance when performed; cryoablation",Procedure
20985,"Computer-assisted surgical navigational procedure for musculoskeletal procedures, image-less (List separately in addition to code for primary procedure)",Procedure
20999,"Unlisted procedure, musculoskeletal system, general",Procedure
21011,"Excision, tumor, soft tissue of face or scalp, subcutaneous; less than 2 cm",Procedure
21012,"Excision, tumor, soft tissue of face or scalp, subcutaneous; 2 cm or greater",Procedure
21013,"Excision, tumor, soft tissue of face and scalp, subfascial (eg, subgaleal, intramuscular); less than 2 cm",Procedure
21014,"Excision, tumor, soft tissue of face and scalp, subfascial (eg, subgaleal, intramuscular); 2 cm or greater",Procedure
21015,"Radical resection of tumor (eg, sarcoma), soft tissue of face or scalp; less than 2 cm",Procedure
21016,"Radical resection of tumor (eg, sarcoma), soft tissue of face or scalp; 2 cm or greater",Procedure
21026,"Excision of bone (eg, for osteomyelitis or bone abscess); facial bone(s)",Procedure
21029,"Removal by contouring of benign tumor of facial bone (eg, fibrous dysplasia)",Procedure
21030,Excision of benign tumor or cyst of maxilla or zygoma by enucleation and curettage,Procedure
21034,Excision of malignant tumor of maxilla or zygoma,Procedure
21040,"Excision of benign tumor or cyst of mandible, by enucleation and/or curettage",Procedure
21044,Excision of malignant tumor of mandible,Procedure
21045,Excision of malignant tumor of mandible; radical resection,Procedure
21046,"Excision of benign tumor or cyst of mandible; requiring intra-oral osteotomy (eg, locally aggressive or destructive lesion[s])",Procedure
21047,"Excision of benign tumor or cyst of mandible; requiring extra-oral osteotomy and partial mandibulectomy (eg, locally aggressive or destructive lesion[s])",Procedure
21048,"Excision of benign tumor or cyst of maxilla; requiring intra-oral osteotomy (eg, locally aggressive or destructive lesion[s])",Procedure
21049,"Excision of benign tumor or cyst of maxilla; requiring extra-oral osteotomy and partial maxillectomy (eg, locally aggressive or destructive lesion[s])",Procedure
21060,"Meniscectomy, partial or complete, temporomandibular joint (separate procedure)",Procedure
21073,"Manipulation of temporomandibular joint(s) (TMJ), therapeutic, requiring an anesthesia service (ie, general or monitored anesthesia care)",Procedure
21076,Impression and custom preparation; surgical obturator prosthesis,Procedure
21079,Impression and custom preparation; interim obturator prosthesis,Procedure
21080,Impression and custom preparation; definitive obturator prosthesis,Procedure
21081,Impression and custom preparation; mandibular resection prosthesis,Procedure
21082,Impression and custom preparation; palatal augmentation prosthesis,Procedure
21083,Impression and custom preparation; palatal lift prosthesis,Procedure
21085,Impression and custom preparation; oral surgical splint,Procedure
21086,Impression and custom preparation; auricular prosthesis,Procedure
21087,Impression and custom preparation; nasal prosthesis,Procedure
21089,Unlisted maxillofacial prosthetic procedure,Procedure
21100,"Application of halo type appliance for maxillofacial fixation, includes removal (separate procedure)",Procedure
21110,"Application of interdental fixation device for conditions other than fracture or dislocation, includes removal",Procedure
21116,Injection procedure for temporomandibular joint arthrography,Procedure
21125,"Augmentation, mandibular body or angle; prosthetic material",Procedure
21127,"Augmentation, mandibular body or angle; with bone graft, onlay or interpositional (includes obtaining autograft)",Procedure
21138,Reduction forehead; contouring and application of prosthetic material or bone graft (includes obtaining autograft),Procedure
21141,"Reconstruction midface, LeFort I; single piece, segment movement in any direction (eg, for Long Face Syndrome), without bone graft",Procedure
21142,"Reconstruction midface, LeFort I; 2 pieces, segment movement in any direction, without bone graft",Procedure
21143,"Reconstruction midface, LeFort I; 3 or more pieces, segment movement in any direction, without bone graft",Procedure
21145,"Reconstruction midface, LeFort I; single piece, segment movement in any direction, requiring bone grafts (includes obtaining autografts)",Procedure
21146,"Reconstruction midface, LeFort I; 2 pieces, segment movement in any direction, requiring bone grafts (includes obtaining autografts) (eg, ungrafted unilateral alveolar cleft)",Procedure
21150,"Reconstruction midface, LeFort II; anterior intrusion (eg, Treacher-Collins Syndrome)",Procedure
21151,"Reconstruction midface, LeFort II; any direction, requiring bone grafts (includes obtaining autografts)",Procedure
21154,"Reconstruction midface, LeFort III (extracranial), any type, requiring bone grafts (includes obtaining autografts); without LeFort I",Procedure
21159,"Reconstruction midface, LeFort III (extra and intracranial) with forehead advancement (eg, mono bloc), requiring bone grafts (includes obtaining autografts); without LeFort I",Procedure
21172,"Reconstruction superior-lateral orbital rim and lower forehead, advancement or alteration, with or without grafts (includes obtaining autografts)",Procedure
21175,"Reconstruction, bifrontal, superior-lateral orbital rims and lower forehead, advancement or alteration (eg, plagiocephaly, trigonocephaly, brachycephaly), with or without grafts (includes obtaining autografts)",Procedure
21179,"Reconstruction, entire or majority of forehead and/or supraorbital rims; with grafts (allograft or prosthetic material)",Procedure
21180,"Reconstruction, entire or majority of forehead and/or supraorbital rims; with autograft (includes obtaining grafts)",Procedure
21181,"Reconstruction by contouring of benign tumor of cranial bones (eg, fibrous dysplasia), extracranial",Procedure
21182,"Reconstruction of orbital walls, rims, forehead, nasoethmoid complex following intra- and extracranial excision of benign tumor of cranial bone (eg, fibrous dysplasia), with multiple autografts (includes obtaining grafts); total area of bone grafting l...",Procedure
21183,"Reconstruction of orbital walls, rims, forehead, nasoethmoid complex following intra- and extracranial excision of benign tumor of cranial bone (eg, fibrous dysplasia), with multiple autografts (includes obtaining grafts); total area of bone grafting g...",Procedure
21184,"Reconstruction of orbital walls, rims, forehead, nasoethmoid complex following intra- and extracranial excision of benign tumor of cranial bone (eg, fibrous dysplasia), with multiple autografts (includes obtaining grafts); total area of bone grafting g...",Procedure
21188,"Reconstruction midface, osteotomies (other than LeFort type) and bone grafts (includes obtaining autografts)",Procedure
21193,"Reconstruction of mandibular rami, horizontal, vertical, C, or L osteotomy; without bone graft",Procedure
21194,"Reconstruction of mandibular rami, horizontal, vertical, C, or L osteotomy; with bone graft (includes obtaining graft)",Procedure
21195,"Reconstruction of mandibular rami and/or body, sagittal split; without internal rigid fixation",Procedure
21196,"Reconstruction of mandibular rami and/or body, sagittal split; with internal rigid fixation",Procedure
21199,"Osteotomy, mandible, segmental; with genioglossus advancement",Procedure
21210,"Graft, bone; nasal, maxillary or malar areas (includes obtaining graft)",Procedure
21230,"Graft; rib cartilage, autogenous, to face, chin, nose or ear (includes obtaining graft)",Procedure
21235,"Graft; ear cartilage, autogenous, to nose or ear (includes obtaining graft)",Procedure
21244,"Reconstruction of mandible, extraoral, with transosteal bone plate (eg, mandibular staple bone plate)",Procedure
21245,"Reconstruction of mandible or maxilla, subperiosteal implant; partial",Procedure
21246,"Reconstruction of mandible or maxilla, subperiosteal implant; complete",Procedure
21247,"Reconstruction of mandibular condyle with bone and cartilage autografts (includes obtaining grafts) (eg, for hemifacial microsomia)",Procedure
21248,"Reconstruction of mandible or maxilla, endosteal implant (eg, blade, cylinder); partial",Procedure
21249,"Reconstruction of mandible or maxilla, endosteal implant (eg, blade, cylinder); complete",Procedure
21255,Reconstruction of zygomatic arch and glenoid fossa with bone and cartilage (includes obtaining autografts),Procedure
21256,"Reconstruction of orbit with osteotomies (extracranial) and with bone grafts (includes obtaining autografts) (eg, micro-ophthalmia)",Procedure
21261,"Periorbital osteotomies for orbital hypertelorism, with bone grafts; combined intra- and extracranial approach",Procedure
21263,"Periorbital osteotomies for orbital hypertelorism, with bone grafts; with forehead advancement",Procedure
21267,"Orbital repositioning, periorbital osteotomies, unilateral, with bone grafts; extracranial approach",Procedure
21268,"Orbital repositioning, periorbital osteotomies, unilateral, with bone grafts; combined intra- and extracranial approach",Procedure
21270,"Malar augmentation, prosthetic material",Procedure
21295,"Reduction of masseter muscle and bone (eg, for treatment of benign masseteric hypertrophy); extraoral approach",Procedure
21296,"Reduction of masseter muscle and bone (eg, for treatment of benign masseteric hypertrophy); intraoral approach",Procedure
21299,Unlisted craniofacial and maxillofacial procedure,Procedure
21310,Closed treatment of nasal bone fracture without manipulation (Deprecated),Procedure
21315,Closed treatment of nasal bone fracture with manipulation; without stabilization,Procedure
21320,Closed treatment of nasal bone fracture with manipulation; with stabilization,Procedure
21325,Open treatment of nasal fracture; uncomplicated,Procedure
21330,"Open treatment of nasal fracture; complicated, with internal and/or external skeletal fixation",Procedure
21335,Open treatment of nasal fracture; with concomitant open treatment of fractured septum,Procedure
21336,"Open treatment of nasal septal fracture, with or without stabilization",Procedure
21337,"Closed treatment of nasal septal fracture, with or without stabilization",Procedure
21338,Open treatment of nasoethmoid fracture; without external fixation,Procedure
21340,"Percutaneous treatment of nasoethmoid complex fracture, with splint, wire or headcap fixation, including repair of canthal ligaments and/or the nasolacrimal apparatus",Procedure
21343,Open treatment of depressed frontal sinus fracture,Procedure
21344,"Open treatment of complicated (eg, comminuted or involving posterior wall) frontal sinus fracture, via coronal or multiple approaches",Procedure
21345,"Closed treatment of nasomaxillary complex fracture (LeFort II type), with interdental wire fixation or fixation of denture or splint",Procedure
21346,Open treatment of nasomaxillary complex fracture (LeFort II type); with wiring and/or local fixation,Procedure
21347,Open treatment of nasomaxillary complex fracture (LeFort II type); requiring multiple open approaches,Procedure
21348,Open treatment of nasomaxillary complex fracture (LeFort II type); with bone grafting (includes obtaining graft),Procedure
21355,"Percutaneous treatment of fracture of malar area, including zygomatic arch and malar tripod, with manipulation",Procedure
21356,"Open treatment of depressed zygomatic arch fracture (eg, Gillies approach)",Procedure
21360,"Open treatment of depressed malar fracture, including zygomatic arch and malar tripod",Procedure
21365,"Open treatment of complicated (eg, comminuted or involving cranial nerve foramina) fracture(s) of malar area, including zygomatic arch and malar tripod; with internal fixation and multiple surgical approaches",Procedure
21366,"Open treatment of complicated (eg, comminuted or involving cranial nerve foramina) fracture(s) of malar area, including zygomatic arch and malar tripod; with bone grafting (includes obtaining graft)",Procedure
21385,Open treatment of orbital floor blowout fracture; transantral approach (Caldwell-Luc type operation),Procedure
21390,"Open treatment of orbital floor blowout fracture; periorbital approach, with alloplastic or other implant",Procedure
21395,Open treatment of orbital floor blowout fracture; periorbital approach with bone graft (includes obtaining graft),Procedure
21400,"Closed treatment of fracture of orbit, except blowout; without manipulation",Procedure
21401,"Closed treatment of fracture of orbit, except blowout; with manipulation",Procedure
21406,"Open treatment of fracture of orbit, except blowout; without implant",Procedure
21407,"Open treatment of fracture of orbit, except blowout; with implant",Procedure
21408,"Open treatment of fracture of orbit, except blowout; with bone grafting (includes obtaining graft)",Procedure
21421,"Closed treatment of palatal or maxillary fracture (LeFort I type), with interdental wire fixation or fixation of denture or splint",Procedure
21422,Open treatment of palatal or maxillary fracture (LeFort I type),Procedure
21423,"Open treatment of palatal or maxillary fracture (LeFort I type); complicated (comminuted or involving cranial nerve foramina), multiple approaches",Procedure
21431,Closed treatment of craniofacial separation (LeFort III type) using interdental wire fixation of denture or splint,Procedure
21432,Open treatment of craniofacial separation (LeFort III type); with wiring and/or internal fixation,Procedure
21433,"Open treatment of craniofacial separation (LeFort III type); complicated (eg, comminuted or involving cranial nerve foramina), multiple surgical approaches",Procedure
21435,"Open treatment of craniofacial separation (LeFort III type); complicated, utilizing internal and/or external fixation techniques (eg, head cap, halo device, and/or intermaxillary fixation)",Procedure
21436,"Open treatment of craniofacial separation (LeFort III type); complicated, multiple surgical approaches, internal fixation, with bone grafting (includes obtaining graft)",Procedure
21440,Closed treatment of mandibular or maxillary alveolar ridge fracture (separate procedure),Procedure
21445,Open treatment of mandibular or maxillary alveolar ridge fracture (separate procedure),Procedure
21450,Closed treatment of mandibular fracture; without manipulation,Procedure
21451,Closed treatment of mandibular fracture; with manipulation,Procedure
21452,"Percutaneous treatment of mandibular fracture, with external fixation",Procedure
21453,Closed treatment of mandibular fracture with interdental fixation,Procedure
21454,Open treatment of mandibular fracture with external fixation,Procedure
21461,Open treatment of mandibular fracture; without interdental fixation,Procedure
21462,Open treatment of mandibular fracture; with interdental fixation,Procedure
21470,"Open treatment of complicated mandibular fracture by multiple surgical approaches including internal fixation, interdental fixation, and/or wiring of dentures or splints",Procedure
21480,Closed treatment of temporomandibular dislocation; initial or subsequent,Procedure
21485,"Closed treatment of temporomandibular dislocation; complicated (eg, recurrent requiring intermaxillary fixation or splinting), initial or subsequent",Procedure
21497,"Interdental wiring, for condition other than fracture",Procedure
21499,"Unlisted musculoskeletal procedure, head",Procedure
21501,"Incision and drainage, deep abscess or hematoma, soft tissues of neck or thorax",Procedure
21502,"Incision and drainage, deep abscess or hematoma, soft tissues of neck or thorax; with partial rib ostectomy",Procedure
21550,"Biopsy, soft tissue of neck or thorax",Procedure
21552,"Excision, tumor, soft tissue of neck or anterior thorax, subcutaneous; 3 cm or greater",Procedure
21554,"Excision, tumor, soft tissue of neck or anterior thorax, subfascial (eg, intramuscular); 5 cm or greater",Procedure
21555,"Excision, tumor, soft tissue of neck or anterior thorax, subcutaneous; less than 3 cm",Procedure
21556,"Excision, tumor, soft tissue of neck or anterior thorax, subfascial (eg, intramuscular); less than 5 cm",Procedure
21557,"Radical resection of tumor (eg, sarcoma), soft tissue of neck or anterior thorax; less than 5 cm",Procedure
21558,"Radical resection of tumor (eg, sarcoma), soft tissue of neck or anterior thorax; 5 cm or greater",Procedure
21601,Excision of chest wall tumor including rib(s),Procedure
21602,"Excision of chest wall tumor involving rib(s), with plastic reconstruction; without mediastinal lymphadenectomy",Procedure
21603,"Excision of chest wall tumor involving rib(s), with plastic reconstruction; with mediastinal lymphadenectomy",Procedure
21615,Excision first and/or cervical rib,Procedure
21616,Excision first and/or cervical rib; with sympathectomy,Procedure
21627,Sternal debridement,Procedure
21630,Radical resection of sternum,Procedure
21685,Hyoid myotomy and suspension,Procedure
21700,Division of scalenus anticus; without resection of cervical rib,Procedure
21705,Division of scalenus anticus; with resection of cervical rib,Procedure
21720,"Division of sternocleidomastoid for torticollis, open operation; without cast application",Procedure
21740,Reconstructive repair of pectus excavatum or carinatum; open,Procedure
21743,"Reconstructive repair of pectus excavatum or carinatum; minimally invasive approach (Nuss procedure), with thoracoscopy",Procedure
21750,Closure of median sternotomy separation with or without debridement (separate procedure),Procedure
21800,Closed treatment of broken rib (Deprecated),Procedure
21805,"Open treatment of rib fracture without fixation, each (Deprecated)",Procedure
21810,Treatment of broken rib (Deprecated),Procedure
21811,"Open treatment of rib fracture(s) with internal fixation, includes thoracoscopic visualization when performed, unilateral; 1-3 ribs",Procedure
21812,"Open treatment of rib fracture(s) with internal fixation, includes thoracoscopic visualization when performed, unilateral; 4-6 ribs",Procedure
21813,"Open treatment of rib fracture(s) with internal fixation, includes thoracoscopic visualization when performed, unilateral; 7 or more ribs",Procedure
21899,"Unlisted procedure, neck or thorax",Procedure
21920,"Biopsy, soft tissue of back or flank; superficial",Procedure
21925,"Biopsy, soft tissue of back or flank; deep",Procedure
21930,"Excision, tumor, soft tissue of back or flank, subcutaneous; less than 3 cm",Procedure
21931,"Excision, tumor, soft tissue of back or flank, subcutaneous; 3 cm or greater",Procedure
21932,"Excision, tumor, soft tissue of back or flank, subfascial (eg, intramuscular); less than 5 cm",Procedure
21933,"Excision, tumor, soft tissue of back or flank, subfascial (eg, intramuscular); 5 cm or greater",Procedure
21935,"Radical resection of tumor (eg, sarcoma), soft tissue of back or flank; less than 5 cm",Procedure
21936,"Radical resection of tumor (eg, sarcoma), soft tissue of back or flank; 5 cm or greater",Procedure
22010,"Incision and drainage, open, of deep abscess (subfascial), posterior spine; cervical, thoracic, or cervicothoracic",Procedure
22015,"Incision and drainage, open, of deep abscess (subfascial), posterior spine; lumbar, sacral, or lumbosacral",Procedure
22100,"Partial excision of posterior vertebral component (eg, spinous process, lamina or facet) for intrinsic bony lesion, single vertebral segment; cervical",Procedure
22101,"Partial excision of posterior vertebral component (eg, spinous process, lamina or facet) for intrinsic bony lesion, single vertebral segment; thoracic",Procedure
22102,"Partial excision of posterior vertebral component (eg, spinous process, lamina or facet) for intrinsic bony lesion, single vertebral segment; lumbar",Procedure
22103,"Partial excision of posterior vertebral component (eg, spinous process, lamina or facet) for intrinsic bony lesion, single vertebral segment; each additional segment (List separately in addition to code for primary procedure)",Procedure
22110,"Partial excision of vertebral body, for intrinsic bony lesion, without decompression of spinal cord or nerve root(s), single vertebral segment; cervical",Procedure
22112,"Partial excision of vertebral body, for intrinsic bony lesion, without decompression of spinal cord or nerve root(s), single vertebral segment; thoracic",Procedure
22114,"Partial excision of vertebral body, for intrinsic bony lesion, without decompression of spinal cord or nerve root(s), single vertebral segment; lumbar",Procedure
22116,"Partial excision of vertebral body, for intrinsic bony lesion, without decompression of spinal cord or nerve root(s), single vertebral segment; each additional vertebral segment (List separately in addition to code for primary procedure)",Procedure
22206,"Osteotomy of spine, posterior or posterolateral approach, 3 columns, 1 vertebral segment (eg, pedicle/vertebral body subtraction); thoracic",Procedure
22207,"Osteotomy of spine, posterior or posterolateral approach, 3 columns, 1 vertebral segment (eg, pedicle/vertebral body subtraction); lumbar",Procedure
22208,"Osteotomy of spine, posterior or posterolateral approach, 3 columns, 1 vertebral segment (eg, pedicle/vertebral body subtraction); each additional vertebral segment (List separately in addition to code for primary procedure)",Procedure
22210,"Osteotomy of spine, posterior or posterolateral approach, 1 vertebral segment; cervical",Procedure
22212,"Osteotomy of spine, posterior or posterolateral approach, 1 vertebral segment; thoracic",Procedure
22214,"Osteotomy of spine, posterior or posterolateral approach, 1 vertebral segment; lumbar",Procedure
22216,"Osteotomy of spine, posterior or posterolateral approach, 1 vertebral segment; each additional vertebral segment (List separately in addition to primary procedure)",Procedure
22220,"Osteotomy of spine, including discectomy, anterior approach, single vertebral segment; cervical",Procedure
22222,"Osteotomy of spine, including discectomy, anterior approach, single vertebral segment; thoracic",Procedure
22224,"Osteotomy of spine, including discectomy, anterior approach, single vertebral segment; lumbar",Procedure
22226,"Osteotomy of spine, including discectomy, anterior approach, single vertebral segment; each additional vertebral segment (List separately in addition to code for primary procedure)",Procedure
22305,Closed treatment of vertebral process fracture(s) (Deprecated),Procedure
22310,"Closed treatment of vertebral body fracture(s), without manipulation, requiring and including casting or bracing",Procedure
22315,"Closed treatment of vertebral fracture(s) and/or dislocation(s) requiring casting or bracing, with and including casting and/or bracing by manipulation or traction",Procedure
22318,"Open treatment and/or reduction of odontoid fracture(s) and or dislocation(s) (including os odontoideum), anterior approach, including placement of internal fixation; without grafting",Procedure
22325,"Open treatment and/or reduction of vertebral fracture(s) and/or dislocation(s), posterior approach, 1 fractured vertebra or dislocated segment; lumbar",Procedure
22326,"Open treatment and/or reduction of vertebral fracture(s) and/or dislocation(s), posterior approach, 1 fractured vertebra or dislocated segment; cervical",Procedure
22327,"Open treatment and/or reduction of vertebral fracture(s) and/or dislocation(s), posterior approach, 1 fractured vertebra or dislocated segment; thoracic",Procedure
22328,"Open treatment and/or reduction of vertebral fracture(s) and/or dislocation(s), posterior approach, 1 fractured vertebra or dislocated segment; each additional fractured vertebra or dislocated segment (List separately in addition to code for primary pr...",Procedure
22505,"Manipulation of spine requiring anesthesia, any region",Procedure
22510,"Percutaneous vertebroplasty (bone biopsy included when performed), 1 vertebral body, unilateral or bilateral injection, inclusive of all imaging guidance; cervicothoracic",Procedure
22511,"Percutaneous vertebroplasty (bone biopsy included when performed), 1 vertebral body, unilateral or bilateral injection, inclusive of all imaging guidance; lumbosacral",Procedure
22512,"Percutaneous vertebroplasty (bone biopsy included when performed), 1 vertebral body, unilateral or bilateral injection, inclusive of all imaging guidance; each additional cervicothoracic or lumbosacral vertebral body (List separately in addition to cod...",Procedure
22513,"Percutaneous vertebral augmentation, including cavity creation (fracture reduction and bone biopsy included when performed) using mechanical device (eg, kyphoplasty), 1 vertebral body, unilateral or bilateral cannulation, inclusive of all imaging guida...",Procedure
22514,"Percutaneous vertebral augmentation, including cavity creation (fracture reduction and bone biopsy included when performed) using mechanical device (eg, kyphoplasty), 1 vertebral body, unilateral or bilateral cannulation, inclusive of all imaging guida...",Procedure
22515,"Percutaneous vertebral augmentation, including cavity creation (fracture reduction and bone biopsy included when performed) using mechanical device (eg, kyphoplasty), 1 vertebral body, unilateral or bilateral cannulation, inclusive of all imaging guida...",Procedure
22520,"Injection of bone cement into body of middle spine bone, accessed through the skin (Deprecated)",Procedure
22521,"Injection of bone cement into body of lower spine bone, accessed through the skin (Deprecated)",Procedure
22522,"Injection of bone cement into body of middle or lower spine bone, accessed through the skin (Deprecated)",Procedure
22523,"Injection of bone cement into body of middle spine bone, accessed through the skin (Deprecated)",Procedure
22524,"Injection of bone cement into body of lower spine bone, accessed through the skin (Deprecated)",Procedure
22525,"Injection of bone cement into body of middle or lower spine bone, , accessed through the skin (Deprecated)",Procedure
22526,"Percutaneous intradiscal electrothermal annuloplasty, unilateral or bilateral including fluoroscopic guidance; single level",Procedure
22532,"Arthrodesis, lateral extracavitary technique, including minimal discectomy to prepare interspace (other than for decompression); thoracic",Procedure
22533,"Arthrodesis, lateral extracavitary technique, including minimal discectomy to prepare interspace (other than for decompression); lumbar",Procedure
22534,"Arthrodesis, lateral extracavitary technique, including minimal discectomy to prepare interspace (other than for decompression); thoracic or lumbar, each additional vertebral segment (List separately in addition to code for primary procedure)",Procedure
22548,"Arthrodesis, anterior transoral or extraoral technique, clivus-C1-C2 (atlas-axis), with or without excision of odontoid process",Procedure
22551,"Arthrodesis, anterior interbody, including disc space preparation, discectomy, osteophytectomy and decompression of spinal cord and/or nerve roots; cervical below C2",Procedure
22552,"Arthrodesis, anterior interbody, including disc space preparation, discectomy, osteophytectomy and decompression of spinal cord and/or nerve roots; cervical below C2, each additional interspace (List separately in addition to code for primary procedure)",Procedure
22554,"Arthrodesis, anterior interbody technique, including minimal discectomy to prepare interspace (other than for decompression); cervical below C2",Procedure
22556,"Arthrodesis, anterior interbody technique, including minimal discectomy to prepare interspace (other than for decompression); thoracic",Procedure
22558,"Arthrodesis, anterior interbody technique, including minimal discectomy to prepare interspace (other than for decompression); lumbar",Procedure
22585,"Arthrodesis, anterior interbody technique, including minimal discectomy to prepare interspace (other than for decompression); each additional interspace (List separately in addition to code for primary procedure)",Procedure
22586,"Arthrodesis, pre-sacral interbody technique, including disc space preparation, discectomy, with posterior instrumentation, with image guidance, includes bone graft when performed, L5-S1 interspace",Procedure
22590,"Arthrodesis, posterior technique, craniocervical (occiput-C2)",Procedure
22595,"Arthrodesis, posterior technique, atlas-axis (C1-C2)",Procedure
22600,"Arthrodesis, posterior or posterolateral technique, single interspace; cervical below C2 segment",Procedure
22610,"Arthrodesis, posterior or posterolateral technique, single interspace; thoracic (with lateral transverse technique, when performed)",Procedure
22612,"Arthrodesis, posterior or posterolateral technique, single interspace; lumbar (with lateral transverse technique, when performed)",Procedure
22614,"Arthrodesis, posterior or posterolateral technique, single interspace; each additional interspace (List separately in addition to code for primary procedure)",Procedure
22630,"Arthrodesis, posterior interbody technique, including laminectomy and/or discectomy to prepare interspace (other than for decompression), single interspace, lumbar",Procedure
22632,"Arthrodesis, posterior interbody technique, including laminectomy and/or discectomy to prepare interspace (other than for decompression), single interspace, lumbar; each additional interspace (List separately in addition to code for primary procedure)",Procedure
22633,"Arthrodesis, combined posterior or posterolateral technique with posterior interbody technique including laminectomy and/or discectomy sufficient to prepare interspace (other than for decompression), single interspace, lumbar",Procedure
22634,"Arthrodesis, combined posterior or posterolateral technique with posterior interbody technique including laminectomy and/or discectomy sufficient to prepare interspace (other than for decompression), single interspace, lumbar; each additional interspac...",Procedure
22800,"Arthrodesis, posterior, for spinal deformity, with or without cast; up to 6 vertebral segments",Procedure
22802,"Arthrodesis, posterior, for spinal deformity, with or without cast; 7 to 12 vertebral segments",Procedure
22804,"Arthrodesis, posterior, for spinal deformity, with or without cast; 13 or more vertebral segments",Procedure
22808,"Arthrodesis, anterior, for spinal deformity, with or without cast; 2 to 3 vertebral segments",Procedure
22810,"Arthrodesis, anterior, for spinal deformity, with or without cast; 4 to 7 vertebral segments",Procedure
22818,"Kyphectomy, circumferential exposure of spine and resection of vertebral segment(s) (including body and posterior elements); single or 2 segments",Procedure
22840,"Posterior non-segmental instrumentation (eg, Harrington rod technique, pedicle fixation across 1 interspace, atlantoaxial transarticular screw fixation, sublaminar wiring at C1, facet screw fixation) (List separately in addition to code for primary pro...",Procedure
22841,Internal spinal fixation by wiring of spinous processes (List separately in addition to code for primary procedure),Procedure
22842,"Posterior segmental instrumentation (eg, pedicle fixation, dual rods with multiple hooks and sublaminar wires); 3 to 6 vertebral segments (List separately in addition to code for primary procedure)",Procedure
22843,"Posterior segmental instrumentation (eg, pedicle fixation, dual rods with multiple hooks and sublaminar wires); 7 to 12 vertebral segments (List separately in addition to code for primary procedure)",Procedure
22844,"Posterior segmental instrumentation (eg, pedicle fixation, dual rods with multiple hooks and sublaminar wires); 13 or more vertebral segments (List separately in addition to code for primary procedure)",Procedure
22845,Anterior instrumentation; 2 to 3 vertebral segments (List separately in addition to code for primary procedure),Procedure
22846,Anterior instrumentation; 4 to 7 vertebral segments (List separately in addition to code for primary procedure),Procedure
22847,Anterior instrumentation; 8 or more vertebral segments (List separately in addition to code for primary procedure),Procedure
22848,Pelvic fixation (attachment of caudal end of instrumentation to pelvic bony structures) other than sacrum (List separately in addition to code for primary procedure),Procedure
22851,"Application of intervertebral biomechanical device(s) (eg, synthetic cage(s), methylmethacrylate) to vertebral defect or interspace (List separately in addition to code for primary procedure) (Deprecated)",Procedure
22853,"Insertion of interbody biomechanical device(s) (eg, synthetic cage, mesh) with integral anterior instrumentation for device anchoring (eg, screws, flanges), when performed, to intervertebral disc space in conjunction with interbody arthrodesis, each in...",Procedure
22854,"Insertion of intervertebral biomechanical device(s) (eg, synthetic cage, mesh) with integral anterior instrumentation for device anchoring (eg, screws, flanges), when performed, to vertebral corpectomy(ies) (vertebral body resection, partial or complet...",Procedure
22856,"Total disc arthroplasty (artificial disc), anterior approach, including discectomy with end plate preparation (includes osteophytectomy for nerve root or spinal cord decompression and microdissection); single interspace, cervical",Procedure
22858,"Total disc arthroplasty (artificial disc), anterior approach, including discectomy with end plate preparation (includes osteophytectomy for nerve root or spinal cord decompression and microdissection); second level, cervical (List separately in additio...",Procedure
22859,"Insertion of intervertebral biomechanical device(s) (eg, synthetic cage, mesh, methylmethacrylate) to intervertebral disc space or vertebral body defect without interbody arthrodesis, each contiguous defect (List separately in addition to code for prim...",Procedure
22861,"Revision including replacement of total disc arthroplasty (artificial disc), anterior approach, single interspace; cervical",Procedure
22864,"Removal of total disc arthroplasty (artificial disc), anterior approach, single interspace; cervical",Procedure
22867,"Insertion of interlaminar/interspinous process stabilization/distraction device, without fusion, including image guidance when performed, with open decompression, lumbar; single level",Procedure
22868,"Insertion of interlaminar/interspinous process stabilization/distraction device, without fusion, including image guidance when performed, with open decompression, lumbar; second level (List separately in addition to code for primary procedure)",Procedure
22869,"Insertion of interlaminar/interspinous process stabilization/distraction device, without open decompression or fusion, including image guidance when performed, lumbar; single level",Procedure
22899,"Unlisted procedure, spine",Procedure
22900,"Excision, tumor, soft tissue of abdominal wall, subfascial (eg, intramuscular); less than 5 cm",Procedure
22901,"Excision, tumor, soft tissue of abdominal wall, subfascial (eg, intramuscular); 5 cm or greater",Procedure
22902,"Excision, tumor, soft tissue of abdominal wall, subcutaneous; less than 3 cm",Procedure
22903,"Excision, tumor, soft tissue of abdominal wall, subcutaneous; 3 cm or greater",Procedure
22904,"Radical resection of tumor (eg, sarcoma), soft tissue of abdominal wall; less than 5 cm",Procedure
22905,"Radical resection of tumor (eg, sarcoma), soft tissue of abdominal wall; 5 cm or greater",Procedure
22999,"Unlisted procedure, abdomen, musculoskeletal system",Procedure
23020,"Capsular contracture release (eg, Sever type procedure)",Procedure
23030,"Incision and drainage, shoulder area; deep abscess or hematoma",Procedure
23040,"Arthrotomy, glenohumeral joint, including exploration, drainage, or removal of foreign body",Procedure
23044,"Arthrotomy, acromioclavicular, sternoclavicular joint, including exploration, drainage, or removal of foreign body",Procedure
23065,"Biopsy, soft tissue of shoulder area; superficial",Procedure
23066,"Biopsy, soft tissue of shoulder area; deep",Procedure
23071,"Excision, tumor, soft tissue of shoulder area, subcutaneous; 3 cm or greater",Procedure
23073,"Excision, tumor, soft tissue of shoulder area, subfascial (eg, intramuscular); 5 cm or greater",Procedure
23075,"Excision, tumor, soft tissue of shoulder area, subcutaneous; less than 3 cm",Procedure
23076,"Excision, tumor, soft tissue of shoulder area, subfascial (eg, intramuscular); less than 5 cm",Procedure
23077,"Radical resection of tumor (eg, sarcoma), soft tissue of shoulder area; less than 5 cm",Procedure
23078,"Radical resection of tumor (eg, sarcoma), soft tissue of shoulder area; 5 cm or greater",Procedure
23101,"Arthrotomy, acromioclavicular joint or sternoclavicular joint, including biopsy and/or excision of torn cartilage",Procedure
23107,"Arthrotomy, glenohumeral joint, with joint exploration, with or without removal of loose or foreign body",Procedure
23130,"Acromioplasty or acromionectomy, partial, with or without coracoacromial ligament release",Procedure
23140,Excision or curettage of bone cyst or benign tumor of clavicle or scapula,Procedure
23150,Excision or curettage of bone cyst or benign tumor of proximal humerus,Procedure
23156,Excision or curettage of bone cyst or benign tumor of proximal humerus; with allograft,Procedure
23200,Radical resection of tumor; clavicle,Procedure
23210,Radical resection of tumor; scapula,Procedure
23220,"Radical resection of tumor, proximal humerus",Procedure
23331,"Removal of foreign body, shoulder; deep (eg, Neer hemiarthroplasty removal) (Deprecated)",Procedure
23332,"Removal of foreign body, shoulder; complicated (eg, total shoulder) (Deprecated)",Procedure
23333,"Removal of foreign body, shoulder; deep (subfascial or intramuscular)",Procedure
23334,"Removal of prosthesis, includes debridement and synovectomy when performed; humeral or glenoid component",Procedure
23335,"Removal of prosthesis, includes debridement and synovectomy when performed; humeral and glenoid components (eg, total shoulder)",Procedure
23395,"Muscle transfer, any type, shoulder or upper arm; single",Procedure
23405,"Tenotomy, shoulder area; single tendon",Procedure
23406,"Tenotomy, shoulder area; multiple tendons through same incision",Procedure
23415,"Coracoacromial ligament release, with or without acromioplasty",Procedure
23440,Resection or transplantation of long tendon of biceps,Procedure
23450,"Capsulorrhaphy, anterior; Putti-Platt procedure or Magnuson type operation",Procedure
23455,"Capsulorrhaphy, anterior; with labral repair (eg, Bankart procedure)",Procedure
23460,"Capsulorrhaphy, anterior, any type; with bone block",Procedure
23462,"Capsulorrhaphy, anterior, any type; with coracoid process transfer",Procedure
23465,"Capsulorrhaphy, glenohumeral joint, posterior, with or without bone block",Procedure
23466,"Capsulorrhaphy, glenohumeral joint, any type multidirectional instability",Procedure
23472,"Arthroplasty, glenohumeral joint; total shoulder (glenoid and proximal humeral replacement (eg, total shoulder))",Procedure
23473,"Revision of total shoulder arthroplasty, including allograft when performed; humeral or glenoid component",Procedure
23474,"Revision of total shoulder arthroplasty, including allograft when performed; humeral and glenoid component",Procedure
23485,"Osteotomy, clavicle, with or without internal fixation; with bone graft for nonunion or malunion (includes obtaining graft and/or necessary fixation)",Procedure
23491,"Prophylactic treatment (nailing, pinning, plating or wiring) with or without methylmethacrylate; proximal humerus",Procedure
23500,Closed treatment of clavicular fracture; without manipulation,Procedure
23505,Closed treatment of clavicular fracture; with manipulation,Procedure
23515,"Open treatment of clavicular fracture, includes internal fixation, when performed",Procedure
23520,Closed treatment of sternoclavicular dislocation; without manipulation,Procedure
23525,Closed treatment of sternoclavicular dislocation; with manipulation,Procedure
23530,"Open treatment of sternoclavicular dislocation, acute or chronic",Procedure
23540,Closed treatment of acromioclavicular dislocation; without manipulation,Procedure
23545,Closed treatment of acromioclavicular dislocation; with manipulation,Procedure
23550,"Open treatment of acromioclavicular dislocation, acute or chronic",Procedure
23552,"Open treatment of acromioclavicular dislocation, acute or chronic; with fascial graft (includes obtaining graft)",Procedure
23570,Closed treatment of scapular fracture; without manipulation,Procedure
23575,"Closed treatment of scapular fracture; with manipulation, with or without skeletal traction (with or without shoulder joint involvement)",Procedure
23585,"Open treatment of scapular fracture (body, glenoid or acromion) includes internal fixation, when performed",Procedure
23600,Closed treatment of proximal humeral (surgical or anatomical neck) fracture; without manipulation,Procedure
23605,"Closed treatment of proximal humeral (surgical or anatomical neck) fracture; with manipulation, with or without skeletal traction",Procedure
23615,"Open treatment of proximal humeral (surgical or anatomical neck) fracture, includes internal fixation, when performed, includes repair of tuberosity(s), when performed",Procedure
23616,"Open treatment of proximal humeral (surgical or anatomical neck) fracture, includes internal fixation, when performed, includes repair of tuberosity(s), when performed; with proximal humeral prosthetic replacement",Procedure
23620,Closed treatment of greater humeral tuberosity fracture; without manipulation,Procedure
23625,Closed treatment of greater humeral tuberosity fracture; with manipulation,Procedure
23630,"Open treatment of greater humeral tuberosity fracture, includes internal fixation, when performed",Procedure
23650,"Closed treatment of shoulder dislocation, with manipulation; without anesthesia",Procedure
23655,"Closed treatment of shoulder dislocation, with manipulation; requiring anesthesia",Procedure
23660,Open treatment of acute shoulder dislocation,Procedure
23665,"Closed treatment of shoulder dislocation, with fracture of greater humeral tuberosity, with manipulation",Procedure
23670,"Open treatment of shoulder dislocation, with fracture of greater humeral tuberosity, includes internal fixation, when performed",Procedure
23675,"Closed treatment of shoulder dislocation, with surgical or anatomical neck fracture, with manipulation",Procedure
23680,"Open treatment of shoulder dislocation, with surgical or anatomical neck fracture, includes internal fixation, when performed",Procedure
23700,"Manipulation under anesthesia, shoulder joint, including application of fixation apparatus (dislocation excluded)",Procedure
23921,Disarticulation of shoulder; secondary closure or scar revision,Procedure
23929,"Unlisted procedure, shoulder",Procedure
23930,"Incision and drainage, upper arm or elbow area; deep abscess or hematoma",Procedure
23931,"Incision and drainage, upper arm or elbow area; bursa",Procedure
23935,"Incision, deep, with opening of bone cortex (eg, for osteomyelitis or bone abscess), humerus or elbow",Procedure
24000,"Arthrotomy, elbow, including exploration, drainage, or removal of foreign body",Procedure
24006,"Arthrotomy of the elbow, with capsular excision for capsular release (separate procedure)",Procedure
24065,"Biopsy, soft tissue of upper arm or elbow area; superficial",Procedure
24066,"Biopsy, soft tissue of upper arm or elbow area; deep (subfascial or intramuscular)",Procedure
24071,"Excision, tumor, soft tissue of upper arm or elbow area, subcutaneous; 3 cm or greater",Procedure
24073,"Excision, tumor, soft tissue of upper arm or elbow area, subfascial (eg, intramuscular); 5 cm or greater",Procedure
24075,"Excision, tumor, soft tissue of upper arm or elbow area, subcutaneous; less than 3 cm",Procedure
24076,"Excision, tumor, soft tissue of upper arm or elbow area, subfascial (eg, intramuscular); less than 5 cm",Procedure
24077,"Radical resection of tumor (eg, sarcoma), soft tissue of upper arm or elbow area; less than 5 cm",Procedure
24079,"Radical resection of tumor (eg, sarcoma), soft tissue of upper arm or elbow area; 5 cm or greater",Procedure
24100,"Arthrotomy, elbow; with synovial biopsy only",Procedure
24101,"Arthrotomy, elbow; with joint exploration, with or without biopsy, with or without removal of loose or foreign body",Procedure
24110,"Excision or curettage of bone cyst or benign tumor, humerus",Procedure
24115,"Excision or curettage of bone cyst or benign tumor, humerus; with autograft (includes obtaining graft)",Procedure
24116,"Excision or curettage of bone cyst or benign tumor, humerus; with allograft",Procedure
24120,Excision or curettage of bone cyst or benign tumor of head or neck of radius or olecranon process,Procedure
24125,Excision or curettage of bone cyst or benign tumor of head or neck of radius or olecranon process; with autograft (includes obtaining graft),Procedure
24126,Excision or curettage of bone cyst or benign tumor of head or neck of radius or olecranon process; with allograft,Procedure
24145,"Partial excision (craterization, saucerization, or diaphysectomy) bone (eg, osteomyelitis), radial head or neck",Procedure
24149,"Radical resection of capsule, soft tissue, and heterotopic bone, elbow, with contracture release (separate procedure)",Procedure
24150,"Radical resection of tumor, shaft or distal humerus",Procedure
24160,"Removal of prosthesis, includes debridement and synovectomy when performed; humeral and ulnar components",Procedure
24200,"Removal of foreign body, upper arm or elbow area; subcutaneous",Procedure
24201,"Removal of foreign body, upper arm or elbow area; deep (subfascial or intramuscular)",Procedure
24300,"Manipulation, elbow, under anesthesia",Procedure
24301,"Muscle or tendon transfer, any type, upper arm or elbow, single (excluding 24320-24331)",Procedure
24305,"Tendon lengthening, upper arm or elbow, each tendon",Procedure
24310,"Tenotomy, open, elbow to shoulder, each tendon",Procedure
24320,"Tenoplasty, with muscle transfer, with or without free graft, elbow to shoulder, single (Seddon-Brookes type procedure)",Procedure
24340,Tenodesis of biceps tendon at elbow (separate procedure),Procedure
24341,"Repair, tendon or muscle, upper arm or elbow, each tendon or muscle, primary or secondary (excludes rotator cuff)",Procedure
24342,"Reinsertion of ruptured biceps or triceps tendon, distal, with or without tendon graft",Procedure
24343,"Repair lateral collateral ligament, elbow, with local tissue",Procedure
24344,"Reconstruction lateral collateral ligament, elbow, with tendon graft (includes harvesting of graft)",Procedure
24345,"Repair medial collateral ligament, elbow, with local tissue",Procedure
24346,"Reconstruction medial collateral ligament, elbow, with tendon graft (includes harvesting of graft)",Procedure
24350,"Fasciotomy, lateral or medial (eg, tennis elbow or epicondylitis) (Deprecated)",Procedure
24357,"Tenotomy, elbow, lateral or medial (eg, epicondylitis, tennis elbow, golfer's elbow); percutaneous",Procedure
24358,"Tenotomy, elbow, lateral or medial (eg, epicondylitis, tennis elbow, golfer's elbow); debridement, soft tissue and/or bone, open",Procedure
24359,"Tenotomy, elbow, lateral or medial (eg, epicondylitis, tennis elbow, golfer's elbow); debridement, soft tissue and/or bone, open with tendon repair or reattachment",Procedure
24361,"Arthroplasty, elbow; with distal humeral prosthetic replacement",Procedure
24363,"Arthroplasty, elbow; with distal humerus and proximal ulnar prosthetic replacement (eg, total elbow)",Procedure
24370,"Revision of total elbow arthroplasty, including allograft when performed; humeral or ulnar component",Procedure
24371,"Revision of total elbow arthroplasty, including allograft when performed; humeral and ulnar component",Procedure
24430,"Repair of nonunion or malunion, humerus; without graft (eg, compression technique)",Procedure
24435,"Repair of nonunion or malunion, humerus; with iliac or other autograft (includes obtaining graft)",Procedure
24495,"Decompression fasciotomy, forearm, with brachial artery exploration",Procedure
24498,"Prophylactic treatment (nailing, pinning, plating or wiring), with or without methylmethacrylate, humeral shaft",Procedure
24500,Closed treatment of humeral shaft fracture; without manipulation,Procedure
24515,"Open treatment of humeral shaft fracture with plate/screws, with or without cerclage",Procedure
24516,"Treatment of humeral shaft fracture, with insertion of intramedullary implant, with or without cerclage and/or locking screws",Procedure
24530,"Closed treatment of supracondylar or transcondylar humeral fracture, with or without intercondylar extension; without manipulation",Procedure
24535,"Closed treatment of supracondylar or transcondylar humeral fracture, with or without intercondylar extension; with manipulation, with or without skin or skeletal traction",Procedure
24538,"Percutaneous skeletal fixation of supracondylar or transcondylar humeral fracture, with or without intercondylar extension",Procedure
24545,"Open treatment of humeral supracondylar or transcondylar fracture, includes internal fixation, when performed; without intercondylar extension",Procedure
24546,"Open treatment of humeral supracondylar or transcondylar fracture, includes internal fixation, when performed; with intercondylar extension",Procedure
24560,"Closed treatment of humeral epicondylar fracture, medial or lateral; without manipulation",Procedure
24565,"Closed treatment of humeral epicondylar fracture, medial or lateral; with manipulation",Procedure
24566,"Percutaneous skeletal fixation of humeral epicondylar fracture, medial or lateral, with manipulation",Procedure
24575,"Open treatment of humeral epicondylar fracture, medial or lateral, includes internal fixation, when performed",Procedure
24576,"Closed treatment of humeral condylar fracture, medial or lateral; without manipulation",Procedure
24577,"Closed treatment of humeral condylar fracture, medial or lateral; with manipulation",Procedure
24579,"Open treatment of humeral condylar fracture, medial or lateral, includes internal fixation, when performed",Procedure
24582,"Percutaneous skeletal fixation of humeral condylar fracture, medial or lateral, with manipulation",Procedure
24586,Open treatment of periarticular fracture and/or dislocation of the elbow (fracture distal humerus and proximal ulna and/or proximal radius),Procedure
24587,Open treatment of periarticular fracture and/or dislocation of the elbow (fracture distal humerus and proximal ulna and/or proximal radius); with implant arthroplasty,Procedure
24600,Treatment of closed elbow dislocation; without anesthesia,Procedure
24615,Open treatment of acute or chronic elbow dislocation,Procedure
24620,"Closed treatment of Monteggia type of fracture dislocation at elbow (fracture proximal end of ulna with dislocation of radial head), with manipulation",Procedure
24635,"Open treatment of Monteggia type of fracture dislocation at elbow (fracture proximal end of ulna with dislocation of radial head), includes internal fixation, when performed",Procedure
24640,"Closed treatment of radial head subluxation in child, nursemaid elbow, with manipulation",Procedure
24650,Closed treatment of radial head or neck fracture; without manipulation,Procedure
24655,Closed treatment of radial head or neck fracture; with manipulation,Procedure
24665,"Open treatment of radial head or neck fracture, includes internal fixation or radial head excision, when performed",Procedure
24666,"Open treatment of radial head or neck fracture, includes internal fixation or radial head excision, when performed; with radial head prosthetic replacement",Procedure
24670,"Closed treatment of ulnar fracture, proximal end (eg, olecranon or coronoid process[es]); without manipulation",Procedure
24685,"Open treatment of ulnar fracture, proximal end (eg, olecranon or coronoid process[es]), includes internal fixation, when performed",Procedure
24900,"Amputation, arm through humerus; with primary closure",Procedure
24920,"Amputation, arm through humerus; open, circular (guillotine)",Procedure
24925,"Amputation, arm through humerus; secondary closure or scar revision",Procedure
24931,"Amputation, arm through humerus; with implant",Procedure
24940,"Cineplasty, upper extremity, complete procedure",Procedure
24999,"Unlisted procedure, humerus or elbow",Procedure
25,"Significant, Separately Identifiable Evaluation and Management Service by the Same Physician or Other Qualified Health Care Professional on the Same Day of the Procedure or Other Service",Procedure
25000,"Incision, extensor tendon sheath, wrist (eg, de Quervains disease)",Procedure
25020,"Decompression fasciotomy, forearm and/or wrist, flexor OR extensor compartment; without debridement of nonviable muscle and/or nerve",Procedure
25023,"Decompression fasciotomy, forearm and/or wrist, flexor OR extensor compartment; with debridement of nonviable muscle and/or nerve",Procedure
25024,"Decompression fasciotomy, forearm and/or wrist, flexor AND extensor compartment; without debridement of nonviable muscle and/or nerve",Procedure
25025,"Decompression fasciotomy, forearm and/or wrist, flexor AND extensor compartment; with debridement of nonviable muscle and/or nerve",Procedure
25028,"Incision and drainage, forearm and/or wrist; deep abscess or hematoma",Procedure
25031,"Incision and drainage, forearm and/or wrist; bursa",Procedure
25035,"Incision, deep, bone cortex, forearm and/or wrist (eg, osteomyelitis or bone abscess)",Procedure
25040,"Arthrotomy, radiocarpal or midcarpal joint, with exploration, drainage, or removal of foreign body",Procedure
25065,"Biopsy, soft tissue of forearm and/or wrist; superficial",Procedure
25066,"Biopsy, soft tissue of forearm and/or wrist; deep (subfascial or intramuscular)",Procedure
25071,"Excision, tumor, soft tissue of forearm and/or wrist area, subcutaneous; 3 cm or greater",Procedure
25073,"Excision, tumor, soft tissue of forearm and/or wrist area, subfascial (eg, intramuscular); 3 cm or greater",Procedure
25075,"Excision, tumor, soft tissue of forearm and/or wrist area, subcutaneous; less than 3 cm",Procedure
25076,"Excision, tumor, soft tissue of forearm and/or wrist area, subfascial (eg, intramuscular); less than 3 cm",Procedure
25077,"Radical resection of tumor (eg, sarcoma), soft tissue of forearm and/or wrist area; less than 3 cm",Procedure
25078,"Radical resection of tumor (eg, sarcoma), soft tissue of forearm and/or wrist area; 3 cm or greater",Procedure
25101,"Arthrotomy, wrist joint; with joint exploration, with or without biopsy, with or without removal of loose or foreign body",Procedure
25107,"Arthrotomy, distal radioulnar joint including repair of triangular cartilage, complex",Procedure
25109,"Excision of tendon, forearm and/or wrist, flexor or extensor, each",Procedure
25110,"Excision, lesion of tendon sheath, forearm and/or wrist",Procedure
25115,"Radical excision of bursa, synovia of wrist, or forearm tendon sheaths (eg, tenosynovitis, fungus, Tbc, or other granulomas, rheumatoid arthritis); flexors",Procedure
25116,"Radical excision of bursa, synovia of wrist, or forearm tendon sheaths (eg, tenosynovitis, fungus, Tbc, or other granulomas, rheumatoid arthritis); extensors, with or without transposition of dorsal retinaculum",Procedure
25118,"Synovectomy, extensor tendon sheath, wrist, single compartment",Procedure
25119,"Synovectomy, extensor tendon sheath, wrist, single compartment; with resection of distal ulna",Procedure
25120,Excision or curettage of bone cyst or benign tumor of radius or ulna (excluding head or neck of radius and olecranon process),Procedure
25125,Excision or curettage of bone cyst or benign tumor of radius or ulna (excluding head or neck of radius and olecranon process); with autograft (includes obtaining graft),Procedure
25126,Excision or curettage of bone cyst or benign tumor of radius or ulna (excluding head or neck of radius and olecranon process); with allograft,Procedure
25130,Excision or curettage of bone cyst or benign tumor of carpal bones,Procedure
25135,Excision or curettage of bone cyst or benign tumor of carpal bones; with autograft (includes obtaining graft),Procedure
25145,"Sequestrectomy (eg, for osteomyelitis or bone abscess), forearm and/or wrist",Procedure
25170,"Radical resection of tumor, radius or ulna",Procedure
25240,"Excision distal ulna partial or complete (eg, Darrach type or matched resection)",Procedure
25248,"Exploration with removal of deep foreign body, forearm or wrist",Procedure
25251,"Removal of wrist prosthesis; complicated, including total wrist",Procedure
25259,"Manipulation, wrist, under anesthesia",Procedure
25260,"Repair, tendon or muscle, flexor, forearm and/or wrist; primary, single, each tendon or muscle",Procedure
25263,"Repair, tendon or muscle, flexor, forearm and/or wrist; secondary, single, each tendon or muscle",Procedure
25265,"Repair, tendon or muscle, flexor, forearm and/or wrist; secondary, with free graft (includes obtaining graft), each tendon or muscle",Procedure
25270,"Repair, tendon or muscle, extensor, forearm and/or wrist; primary, single, each tendon or muscle",Procedure
25272,"Repair, tendon or muscle, extensor, forearm and/or wrist; secondary, single, each tendon or muscle",Procedure
25274,"Repair, tendon or muscle, extensor, forearm and/or wrist; secondary, with free graft (includes obtaining graft), each tendon or muscle",Procedure
25275,"Repair, tendon sheath, extensor, forearm and/or wrist, with free graft (includes obtaining graft) (eg, for extensor carpi ulnaris subluxation)",Procedure
25280,"Lengthening or shortening of flexor or extensor tendon, forearm and/or wrist, single, each tendon",Procedure
25290,"Tenotomy, open, flexor or extensor tendon, forearm and/or wrist, single, each tendon",Procedure
25295,"Tenolysis, flexor or extensor tendon, forearm and/or wrist, single, each tendon",Procedure
25301,Tenodesis at wrist; extensors of fingers,Procedure
25310,"Tendon transplantation or transfer, flexor or extensor, forearm and/or wrist, single; each tendon",Procedure
25312,"Tendon transplantation or transfer, flexor or extensor, forearm and/or wrist, single; with tendon graft(s) (includes obtaining graft), each tendon",Procedure
25315,"Flexor origin slide (eg, for cerebral palsy, Volkmann contracture), forearm and/or wrist",Procedure
25320,"Capsulorrhaphy or reconstruction, wrist, open (eg, capsulodesis, ligament repair, tendon transfer or graft) (includes synovectomy, capsulotomy and open reduction) for carpal instability",Procedure
25332,"Arthroplasty, wrist, with or without interposition, with or without external or internal fixation",Procedure
25337,"Reconstruction for stabilization of unstable distal ulna or distal radioulnar joint, secondary by soft tissue stabilization (eg, tendon transfer, tendon graft or weave, or tenodesis) with or without open reduction of distal radioulnar joint",Procedure
25355,"Osteotomy, radius; middle or proximal third",Procedure
25390,"Osteoplasty, radius OR ulna; shortening",Procedure
25400,"Repair of nonunion or malunion, radius OR ulna; without graft (eg, compression technique)",Procedure
25405,"Repair of nonunion or malunion, radius OR ulna; with autograft (includes obtaining graft)",Procedure
25415,"Repair of nonunion or malunion, radius AND ulna; without graft (eg, compression technique)",Procedure
25420,"Repair of nonunion or malunion, radius AND ulna; with autograft (includes obtaining graft)",Procedure
25425,Repair of defect with autograft; radius OR ulna,Procedure
25430,"Insertion of vascular pedicle into carpal bone (eg, Hori procedure)",Procedure
25431,"Repair of nonunion of carpal bone (excluding carpal scaphoid (navicular)) (includes obtaining graft and necessary fixation), each bone",Procedure
25440,"Repair of nonunion, scaphoid carpal (navicular) bone, with or without radial styloidectomy (includes obtaining graft and necessary fixation)",Procedure
25446,Arthroplasty with prosthetic replacement; distal radius and partial or entire carpus (total wrist),Procedure
25447,"Arthroplasty, intercarpal or carpometacarpal joints; interposition (eg, tendon)",Procedure
25449,"Revision of arthroplasty, including removal of implant, wrist joint",Procedure
25450,Epiphyseal arrest by epiphysiodesis or stapling; distal radius OR ulna,Procedure
25490,"Prophylactic treatment (nailing, pinning, plating or wiring) with or without methylmethacrylate; radius",Procedure
25491,"Prophylactic treatment (nailing, pinning, plating or wiring) with or without methylmethacrylate; ulna",Procedure
25492,"Prophylactic treatment (nailing, pinning, plating or wiring) with or without methylmethacrylate; radius AND ulna",Procedure
25500,Closed treatment of radial shaft fracture; without manipulation,Procedure
25505,Closed treatment of radial shaft fracture; with manipulation,Procedure
25515,"Open treatment of radial shaft fracture, includes internal fixation, when performed",Procedure
25520,Closed treatment of radial shaft fracture and closed treatment of dislocation of distal radioulnar joint (Galeazzi fracture/dislocation),Procedure
25525,"Open treatment of radial shaft fracture, includes internal fixation, when performed, and closed treatment of distal radioulnar joint dislocation (Galeazzi fracture/ dislocation), includes percutaneous skeletal fixation, when performed",Procedure
25526,"Open treatment of radial shaft fracture, includes internal fixation, when performed, and open treatment of distal radioulnar joint dislocation (Galeazzi fracture/ dislocation), includes internal fixation, when performed, includes repair of triangular f...",Procedure
25530,Closed treatment of ulnar shaft fracture; without manipulation,Procedure
25535,Closed treatment of ulnar shaft fracture; with manipulation,Procedure
25545,"Open treatment of ulnar shaft fracture, includes internal fixation, when performed",Procedure
25560,Closed treatment of radial and ulnar shaft fractures; without manipulation,Procedure
25565,Closed treatment of radial and ulnar shaft fractures; with manipulation,Procedure
25574,"Open treatment of radial AND ulnar shaft fractures, with internal fixation, when performed; of radius OR ulna",Procedure
25575,"Open treatment of radial AND ulnar shaft fractures, with internal fixation, when performed; of radius AND ulna",Procedure
25600,"Closed treatment of distal radial fracture (eg, Colles or Smith type) or epiphyseal separation, includes closed treatment of fracture of ulnar styloid, when performed; without manipulation",Procedure
25605,"Closed treatment of distal radial fracture (eg, Colles or Smith type) or epiphyseal separation, includes closed treatment of fracture of ulnar styloid, when performed; with manipulation",Procedure
25606,Percutaneous skeletal fixation of distal radial fracture or epiphyseal separation,Procedure
25607,"Open treatment of distal radial extra-articular fracture or epiphyseal separation, with internal fixation",Procedure
25608,Open treatment of distal radial intra-articular fracture or epiphyseal separation; with internal fixation of 2 fragments,Procedure
25609,Open treatment of distal radial intra-articular fracture or epiphyseal separation; with internal fixation of 3 or more fragments,Procedure
25611,"Percutaneous skeletal fixation of distal radial fracture (eg, Colles or Smith type) or epiphyseal separation, with or without fracture of ulnar styloid, requiring manipulation, with or without external fixation (Deprecated)",Procedure
25620,"Open treatment of distal radial fracture (eg, Colles or Smith type) or epiphyseal separation, with or without fracture of ulnar styloid, with or without internal or external fixation (Deprecated)",Procedure
25622,Closed treatment of carpal scaphoid (navicular) fracture; without manipulation,Procedure
25624,Closed treatment of carpal scaphoid (navicular) fracture; with manipulation,Procedure
25628,"Open treatment of carpal scaphoid (navicular) fracture, includes internal fixation, when performed",Procedure
25630,"Closed treatment of carpal bone fracture (excluding carpal scaphoid [navicular]); without manipulation, each bone",Procedure
25635,"Closed treatment of carpal bone fracture (excluding carpal scaphoid [navicular]); with manipulation, each bone",Procedure
25645,"Open treatment of carpal bone fracture (other than carpal scaphoid [navicular]), each bone",Procedure
25650,Closed treatment of ulnar styloid fracture,Procedure
25651,Percutaneous skeletal fixation of ulnar styloid fracture,Procedure
25652,Open treatment of ulnar styloid fracture,Procedure
25660,"Closed treatment of radiocarpal or intercarpal dislocation, 1 or more bones, with manipulation",Procedure
25670,"Open treatment of radiocarpal or intercarpal dislocation, 1 or more bones",Procedure
25671,Percutaneous skeletal fixation of distal radioulnar dislocation,Procedure
25675,Closed treatment of distal radioulnar dislocation with manipulation,Procedure
25676,"Open treatment of distal radioulnar dislocation, acute or chronic",Procedure
25680,"Closed treatment of trans-scaphoperilunar type of fracture dislocation, with manipulation",Procedure
25685,Open treatment of trans-scaphoperilunar type of fracture dislocation,Procedure
25690,"Closed treatment of lunate dislocation, with manipulation",Procedure
25800,"Arthrodesis, wrist; complete, without bone graft (includes radiocarpal and/or intercarpal and/or carpometacarpal joints)",Procedure
25810,"Arthrodesis, wrist; with iliac or other autograft (includes obtaining graft)",Procedure
25820,"Arthrodesis, wrist; limited, without bone graft (eg, intercarpal or radiocarpal)",Procedure
25830,"Arthrodesis, distal radioulnar joint with segmental resection of ulna, with or without bone graft (eg, Sauve-Kapandji procedure)",Procedure
25907,"Amputation, forearm, through radius and ulna; secondary closure or scar revision",Procedure
25920,Disarticulation through wrist,Procedure
25999,"Unlisted procedure, forearm or wrist",Procedure
26010,Drainage of finger abscess; simple,Procedure
26011,"Drainage of finger abscess; complicated (eg, felon)",Procedure
26020,"Drainage of tendon sheath, digit and/or palm, each",Procedure
26025,"Drainage of palmar bursa; single, bursa",Procedure
26030,Drainage of palmar bursa; multiple bursa,Procedure
26034,"Incision, bone cortex, hand or finger (eg, osteomyelitis or bone abscess)",Procedure
26035,"Decompression fingers and/or hand, injection injury (eg, grease gun)",Procedure
26040,"Fasciotomy, palmar (eg, Dupuytren's contracture); percutaneous",Procedure
26045,"Fasciotomy, palmar (eg, Dupuytren's contracture); open, partial",Procedure
26060,"Tenotomy, percutaneous, single, each digit",Procedure
26070,"Arthrotomy, with exploration, drainage, or removal of loose or foreign body; carpometacarpal joint",Procedure
26075,"Arthrotomy, with exploration, drainage, or removal of loose or foreign body; metacarpophalangeal joint, each",Procedure
26080,"Arthrotomy, with exploration, drainage, or removal of loose or foreign body; interphalangeal joint, each",Procedure
26105,"Arthrotomy with biopsy; metacarpophalangeal joint, each",Procedure
26110,"Arthrotomy with biopsy; interphalangeal joint, each",Procedure
26111,"Excision, tumor or vascular malformation, soft tissue of hand or finger, subcutaneous; 1.5 cm or greater",Procedure
26113,"Excision, tumor, soft tissue, or vascular malformation, of hand or finger, subfascial (eg, intramuscular); 1.5 cm or greater",Procedure
26115,"Excision, tumor or vascular malformation, soft tissue of hand or finger, subcutaneous; less than 1.5 cm",Procedure
26116,"Excision, tumor, soft tissue, or vascular malformation, of hand or finger, subfascial (eg, intramuscular); less than 1.5 cm",Procedure
26117,"Radical resection of tumor (eg, sarcoma), soft tissue of hand or finger; less than 3 cm",Procedure
26118,"Radical resection of tumor (eg, sarcoma), soft tissue of hand or finger; 3 cm or greater",Procedure
26121,"Fasciectomy, palm only, with or without Z-plasty, other local tissue rearrangement, or skin grafting (includes obtaining graft)",Procedure
26123,"Fasciectomy, partial palmar with release of single digit including proximal interphalangeal joint, with or without Z-plasty, other local tissue rearrangement, or skin grafting (includes obtaining graft)",Procedure
26125,"Fasciectomy, partial palmar with release of single digit including proximal interphalangeal joint, with or without Z-plasty, other local tissue rearrangement, or skin grafting (includes obtaining graft); each additional digit (List separately in additi...",Procedure
26135,"Synovectomy, metacarpophalangeal joint including intrinsic release and extensor hood reconstruction, each digit",Procedure
26140,"Synovectomy, proximal interphalangeal joint, including extensor reconstruction, each interphalangeal joint",Procedure
26145,"Synovectomy, tendon sheath, radical (tenosynovectomy), flexor tendon, palm and/or finger, each tendon",Procedure
26160,"Excision of lesion of tendon sheath or joint capsule (eg, cyst, mucous cyst, or ganglion), hand or finger",Procedure
26170,"Excision of tendon, palm, flexor or extensor, single, each tendon",Procedure
26200,Excision or curettage of bone cyst or benign tumor of metacarpal,Procedure
26205,Excision or curettage of bone cyst or benign tumor of metacarpal; with autograft (includes obtaining graft),Procedure
26210,"Excision or curettage of bone cyst or benign tumor of proximal, middle, or distal phalanx of finger",Procedure
26215,"Excision or curettage of bone cyst or benign tumor of proximal, middle, or distal phalanx of finger; with autograft (includes obtaining graft)",Procedure
26235,"Partial excision (craterization, saucerization, or diaphysectomy) bone (eg, osteomyelitis); proximal or middle phalanx of finger",Procedure
26250,"Radical resection of tumor, metacarpal",Procedure
26262,"Radical resection of tumor, distal phalanx of finger",Procedure
26320,Removal of implant from finger or hand,Procedure
26340,"Manipulation, finger joint, under anesthesia, each joint",Procedure
26341,"Manipulation, palmar fascial cord (ie, Dupuytren's cord), post enzyme injection (eg, collagenase), single cord",Procedure
26350,"Repair or advancement, flexor tendon, not in zone 2 digital flexor tendon sheath (eg, no man's land); primary or secondary without free graft, each tendon",Procedure
26352,"Repair or advancement, flexor tendon, not in zone 2 digital flexor tendon sheath (eg, no man's land); secondary with free graft (includes obtaining graft), each tendon",Procedure
26356,"Repair or advancement, flexor tendon, in zone 2 digital flexor tendon sheath (eg, no man's land); primary, without free graft, each tendon",Procedure
26357,"Repair or advancement, flexor tendon, in zone 2 digital flexor tendon sheath (eg, no man's land); secondary, without free graft, each tendon",Procedure
26370,"Repair or advancement of profundus tendon, with intact superficialis tendon; primary, each tendon",Procedure
26373,"Repair or advancement of profundus tendon, with intact superficialis tendon; secondary without free graft, each tendon",Procedure
26390,"Excision flexor tendon, with implantation of synthetic rod for delayed tendon graft, hand or finger, each rod",Procedure
26392,"Removal of synthetic rod and insertion of flexor tendon graft, hand or finger (includes obtaining graft), each rod",Procedure
26410,"Repair, extensor tendon, hand, primary or secondary; without free graft, each tendon",Procedure
26412,"Repair, extensor tendon, hand, primary or secondary; with free graft (includes obtaining graft), each tendon",Procedure
26415,"Excision of extensor tendon, with implantation of synthetic rod for delayed tendon graft, hand or finger, each rod",Procedure
26416,"Removal of synthetic rod and insertion of extensor tendon graft (includes obtaining graft), hand or finger, each rod",Procedure
26418,"Repair, extensor tendon, finger, primary or secondary; without free graft, each tendon",Procedure
26420,"Repair, extensor tendon, finger, primary or secondary; with free graft (includes obtaining graft) each tendon",Procedure
26426,"Repair of extensor tendon, central slip, secondary (eg, boutonniere deformity); using local tissue(s), including lateral band(s), each finger",Procedure
26428,"Repair of extensor tendon, central slip, secondary (eg, boutonniere deformity); with free graft (includes obtaining graft), each finger",Procedure
26432,"Closed treatment of distal extensor tendon insertion, with or without percutaneous pinning (eg, mallet finger)",Procedure
26433,"Repair of extensor tendon, distal insertion, primary or secondary; without graft (eg, mallet finger)",Procedure
26440,"Tenolysis, flexor tendon; palm OR finger, each tendon",Procedure
26442,"Tenolysis, flexor tendon; palm AND finger, each tendon",Procedure
26445,"Tenolysis, extensor tendon, hand OR finger, each tendon",Procedure
26449,"Tenolysis, complex, extensor tendon, finger, including forearm, each tendon",Procedure
26450,"Tenotomy, flexor, palm, open, each tendon",Procedure
26455,"Tenotomy, flexor, finger, open, each tendon",Procedure
26460,"Tenotomy, extensor, hand or finger, open, each tendon",Procedure
26471,"Tenodesis; of proximal interphalangeal joint, each joint",Procedure
26474,"Tenodesis; of distal joint, each joint",Procedure
26476,"Lengthening of tendon, extensor, hand or finger, each tendon",Procedure
26478,"Lengthening of tendon, flexor, hand or finger, each tendon",Procedure
26479,"Shortening of tendon, flexor, hand or finger, each tendon",Procedure
26480,"Transfer or transplant of tendon, carpometacarpal area or dorsum of hand; without free graft, each tendon",Procedure
26483,"Transfer or transplant of tendon, carpometacarpal area or dorsum of hand; with free tendon graft (includes obtaining graft), each tendon",Procedure
26485,"Transfer or transplant of tendon, palmar; without free tendon graft, each tendon",Procedure
26489,"Transfer or transplant of tendon, palmar; with free tendon graft (includes obtaining graft), each tendon",Procedure
26496,Opponensplasty; other methods,Procedure
26497,Transfer of tendon to restore intrinsic function; ring and small finger,Procedure
26498,Transfer of tendon to restore intrinsic function; all 4 fingers,Procedure
26499,"Correction claw finger, other methods",Procedure
26500,"Reconstruction of tendon pulley, each tendon; with local tissues (separate procedure)",Procedure
26502,"Reconstruction of tendon pulley, each tendon; with tendon or fascial graft (includes obtaining graft) (separate procedure)",Procedure
26508,"Release of thenar muscle(s) (eg, thumb contracture)",Procedure
26516,"Capsulodesis, metacarpophalangeal joint; single digit",Procedure
26517,"Capsulodesis, metacarpophalangeal joint; 2 digits",Procedure
26518,"Capsulodesis, metacarpophalangeal joint; 3 or 4 digits",Procedure
26520,"Capsulectomy or capsulotomy; metacarpophalangeal joint, each joint",Procedure
26525,"Capsulectomy or capsulotomy; interphalangeal joint, each joint",Procedure
26530,"Arthroplasty, metacarpophalangeal joint; each joint",Procedure
26531,"Arthroplasty, metacarpophalangeal joint; with prosthetic implant, each joint",Procedure
26535,"Arthroplasty, interphalangeal joint; each joint",Procedure
26536,"Arthroplasty, interphalangeal joint; with prosthetic implant, each joint",Procedure
26540,"Repair of collateral ligament, metacarpophalangeal or interphalangeal joint",Procedure
26541,"Reconstruction, collateral ligament, metacarpophalangeal joint, single; with tendon or fascial graft (includes obtaining graft)",Procedure
26542,"Reconstruction, collateral ligament, metacarpophalangeal joint, single; with local tissue (eg, adductor advancement)",Procedure
26545,"Reconstruction, collateral ligament, interphalangeal joint, single, including graft, each joint",Procedure
26546,"Repair non-union, metacarpal or phalanx (includes obtaining bone graft with or without external or internal fixation)",Procedure
26548,"Repair and reconstruction, finger, volar plate, interphalangeal joint",Procedure
26553,"Transfer, toe-to-hand with microvascular anastomosis; other than great toe, single",Procedure
26554,"Transfer, toe-to-hand with microvascular anastomosis; other than great toe, double",Procedure
26555,"Transfer, finger to another position without microvascular anastomosis",Procedure
26560,Repair of syndactyly (web finger) each web space; with skin flaps,Procedure
26561,Repair of syndactyly (web finger) each web space; with skin flaps and grafts,Procedure
26562,"Repair of syndactyly (web finger) each web space; complex (eg, involving bone, nails)",Procedure
26565,"Osteotomy; metacarpal, each",Procedure
26568,"Osteoplasty, lengthening, metacarpal or phalanx",Procedure
26587,"Reconstruction of polydactylous digit, soft tissue and bone",Procedure
26596,"Excision of constricting ring of finger, with multiple Z-plasties",Procedure
26600,"Closed treatment of metacarpal fracture, single; without manipulation, each bone",Procedure
26605,"Closed treatment of metacarpal fracture, single; with manipulation, each bone",Procedure
26607,"Closed treatment of metacarpal fracture, with manipulation, with external fixation, each bone",Procedure
26608,"Percutaneous skeletal fixation of metacarpal fracture, each bone",Procedure
26615,"Open treatment of metacarpal fracture, single, includes internal fixation, when performed, each bone",Procedure
26641,"Closed treatment of carpometacarpal dislocation, thumb, with manipulation",Procedure
26645,"Closed treatment of carpometacarpal fracture dislocation, thumb (Bennett fracture), with manipulation",Procedure
26650,"Percutaneous skeletal fixation of carpometacarpal fracture dislocation, thumb (Bennett fracture), with manipulation",Procedure
26665,"Open treatment of carpometacarpal fracture dislocation, thumb (Bennett fracture), includes internal fixation, when performed",Procedure
26670,"Closed treatment of carpometacarpal dislocation, other than thumb, with manipulation, each joint; without anesthesia",Procedure
26675,"Closed treatment of carpometacarpal dislocation, other than thumb, with manipulation, each joint; requiring anesthesia",Procedure
26676,"Percutaneous skeletal fixation of carpometacarpal dislocation, other than thumb, with manipulation, each joint",Procedure
26685,"Open treatment of carpometacarpal dislocation, other than thumb; includes internal fixation, when performed, each joint",Procedure
26686,"Open treatment of carpometacarpal dislocation, other than thumb; complex, multiple, or delayed reduction",Procedure
26700,"Closed treatment of metacarpophalangeal dislocation, single, with manipulation; without anesthesia",Procedure
26705,"Closed treatment of metacarpophalangeal dislocation, single, with manipulation; requiring anesthesia",Procedure
26706,"Percutaneous skeletal fixation of metacarpophalangeal dislocation, single, with manipulation",Procedure
26715,"Open treatment of metacarpophalangeal dislocation, single, includes internal fixation, when performed",Procedure
26720,"Closed treatment of phalangeal shaft fracture, proximal or middle phalanx, finger or thumb; without manipulation, each",Procedure
26725,"Closed treatment of phalangeal shaft fracture, proximal or middle phalanx, finger or thumb; with manipulation, with or without skin or skeletal traction, each",Procedure
26727,"Percutaneous skeletal fixation of unstable phalangeal shaft fracture, proximal or middle phalanx, finger or thumb, with manipulation, each",Procedure
26735,"Open treatment of phalangeal shaft fracture, proximal or middle phalanx, finger or thumb, includes internal fixation, when performed, each",Procedure
26740,"Closed treatment of articular fracture, involving metacarpophalangeal or interphalangeal joint; without manipulation, each",Procedure
26742,"Closed treatment of articular fracture, involving metacarpophalangeal or interphalangeal joint; with manipulation, each",Procedure
26746,"Open treatment of articular fracture, involving metacarpophalangeal or interphalangeal joint, includes internal fixation, when performed, each",Procedure
26750,"Closed treatment of distal phalangeal fracture, finger or thumb; without manipulation, each",Procedure
26755,"Closed treatment of distal phalangeal fracture, finger or thumb; with manipulation, each",Procedure
26756,"Percutaneous skeletal fixation of distal phalangeal fracture, finger or thumb, each",Procedure
26765,"Open treatment of distal phalangeal fracture, finger or thumb, includes internal fixation, when performed, each",Procedure
26770,"Closed treatment of interphalangeal joint dislocation, single, with manipulation; without anesthesia",Procedure
26775,"Closed treatment of interphalangeal joint dislocation, single, with manipulation; requiring anesthesia",Procedure
26776,"Percutaneous skeletal fixation of interphalangeal joint dislocation, single, with manipulation",Procedure
26785,"Open treatment of interphalangeal joint dislocation, includes internal fixation, when performed, single",Procedure
26820,"Fusion in opposition, thumb, with autogenous graft (includes obtaining graft)",Procedure
26844,"Arthrodesis, carpometacarpal joint, digit, other than thumb, each; with autograft (includes obtaining graft)",Procedure
26862,"Arthrodesis, interphalangeal joint, with or without internal fixation; with autograft (includes obtaining graft)",Procedure
26863,"Arthrodesis, interphalangeal joint, with or without internal fixation; with autograft (includes obtaining graft), each additional joint (List separately in addition to code for primary procedure)",Procedure
26910,"Amputation, metacarpal, with finger or thumb (ray amputation), single, with or without interosseous transfer",Procedure
26951,"Amputation, finger or thumb, primary or secondary, any joint or phalanx, single, including neurectomies; with direct closure",Procedure
26952,"Amputation, finger or thumb, primary or secondary, any joint or phalanx, single, including neurectomies; with local advancement flaps (V-Y, hood)",Procedure
26989,"Unlisted procedure, hands or fingers",Procedure
26990,"Incision and drainage, pelvis or hip joint area; deep abscess or hematoma",Procedure
26991,"Incision and drainage, pelvis or hip joint area; infected bursa",Procedure
26992,"Incision, bone cortex, pelvis and/or hip joint (eg, osteomyelitis or bone abscess)",Procedure
27006,"Tenotomy, abductors and/or extensor(s) of hip, open (separate procedure)",Procedure
27027,"Decompression fasciotomy(ies), pelvic (buttock) compartment(s) (eg, gluteus medius-minimus, gluteus maximus, iliopsoas, and/or tensor fascia lata muscle), unilateral",Procedure
27030,"Arthrotomy, hip, with drainage (eg, infection)",Procedure
27033,"Arthrotomy, hip, including exploration or removal of loose or foreign body",Procedure
27035,"Denervation, hip joint, intrapelvic or extrapelvic intra-articular branches of sciatic, femoral, or obturator nerves",Procedure
27036,"Capsulectomy or capsulotomy, hip, with or without excision of heterotopic bone, with release of hip flexor muscles (ie, gluteus medius, gluteus minimus, tensor fascia latae, rectus femoris, sartorius, iliopsoas)",Procedure
27040,"Biopsy, soft tissue of pelvis and hip area; superficial",Procedure
27041,"Biopsy, soft tissue of pelvis and hip area; deep, subfascial or intramuscular",Procedure
27043,"Excision, tumor, soft tissue of pelvis and hip area, subcutaneous; 3 cm or greater",Procedure
27045,"Excision, tumor, soft tissue of pelvis and hip area, subfascial (eg, intramuscular); 5 cm or greater",Procedure
27047,"Excision, tumor, soft tissue of pelvis and hip area, subcutaneous; less than 3 cm",Procedure
27048,"Excision, tumor, soft tissue of pelvis and hip area, subfascial (eg, intramuscular); less than 5 cm",Procedure
27049,"Radical resection of tumor (eg, sarcoma), soft tissue of pelvis and hip area; less than 5 cm",Procedure
27057,"Decompression fasciotomy(ies), pelvic (buttock) compartment(s) (eg, gluteus medius-minimus, gluteus maximus, iliopsoas, and/or tensor fascia lata muscle) with debridement of nonviable muscle, unilateral",Procedure
27059,"Radical resection of tumor (eg, sarcoma), soft tissue of pelvis and hip area; 5 cm or greater",Procedure
27062,Excision; trochanteric bursa or calcification,Procedure
27065,"Excision of bone cyst or benign tumor, wing of ilium, symphysis pubis, or greater trochanter of femur; superficial, includes autograft, when performed",Procedure
27066,"Excision of bone cyst or benign tumor, wing of ilium, symphysis pubis, or greater trochanter of femur; deep (subfascial), includes autograft, when performed",Procedure
27070,"Partial excision, wing of ilium, symphysis pubis, or greater trochanter of femur, (craterization, saucerization) (eg, osteomyelitis or bone abscess); superficial",Procedure
27071,"Partial excision, wing of ilium, symphysis pubis, or greater trochanter of femur, (craterization, saucerization) (eg, osteomyelitis or bone abscess); deep (subfascial or intramuscular)",Procedure
27075,"Radical resection of tumor; wing of ilium, 1 pubic or ischial ramus or symphysis pubis",Procedure
27076,"Radical resection of tumor; ilium, including acetabulum, both pubic rami, or ischium and acetabulum",Procedure
27077,"Radical resection of tumor; innominate bone, total",Procedure
27078,Radical resection of tumor; ischial tuberosity and greater trochanter of femur,Procedure
27086,"Removal of foreign body, pelvis or hip; subcutaneous tissue",Procedure
27087,"Removal of foreign body, pelvis or hip; deep (subfascial or intramuscular)",Procedure
27091,"Removal of hip prosthesis; complicated, including total hip prosthesis, methylmethacrylate with or without insertion of spacer",Procedure
27093,Injection procedure for hip arthrography; without anesthesia,Procedure
27095,Injection procedure for hip arthrography; with anesthesia,Procedure
27096,"Injection procedure for sacroiliac joint, anesthetic/steroid, with image guidance (fluoroscopy or CT) including arthrography when performed",Procedure
27132,"Conversion of previous hip surgery to total hip arthroplasty, with or without autograft or allograft",Procedure
27134,"Revision of total hip arthroplasty; both components, with or without autograft or allograft",Procedure
27137,"Revision of total hip arthroplasty; acetabular component only, with or without autograft or allograft",Procedure
27138,"Revision of total hip arthroplasty; femoral component only, with or without allograft",Procedure
27146,"Osteotomy, iliac, acetabular or innominate bone",Procedure
27147,"Osteotomy, iliac, acetabular or innominate bone; with open reduction of hip",Procedure
27151,"Osteotomy, iliac, acetabular or innominate bone; with femoral osteotomy",Procedure
27156,"Osteotomy, iliac, acetabular or innominate bone; with femoral osteotomy and with open reduction of hip",Procedure
27158,"Osteotomy, pelvis, bilateral (eg, congenital malformation)",Procedure
27165,"Osteotomy, intertrochanteric or subtrochanteric including internal or external fixation and/or cast",Procedure
27170,"Bone graft, femoral head, neck, intertrochanteric or subtrochanteric area (includes obtaining bone graft)",Procedure
27176,"Treatment of slipped femoral epiphysis; by single or multiple pinning, in situ",Procedure
27178,Open treatment of slipped femoral epiphysis; closed manipulation with single or multiple pinning,Procedure
27179,Open treatment of slipped femoral epiphysis; osteoplasty of femoral neck (Heyman type procedure),Procedure
27181,Open treatment of slipped femoral epiphysis; osteotomy and internal fixation,Procedure
27185,"Epiphyseal arrest by epiphysiodesis or stapling, greater trochanter of femur",Procedure
27187,"Prophylactic treatment (nailing, pinning, plating or wiring) with or without methylmethacrylate, femoral neck and proximal femur",Procedure
27193,"Closed treatment of pelvic ring fracture, dislocation, diastasis or subluxation; without manipulation (Deprecated)",Procedure
27194,"Closed treatment of pelvic ring fracture, dislocation, diastasis or subluxation; with manipulation, requiring more than local anesthesia (Deprecated)",Procedure
27197,"Closed treatment of posterior pelvic ring fracture(s), dislocation(s), diastasis or subluxation of the ilium, sacroiliac joint, and/or sacrum, with or without anterior pelvic ring fracture(s) and/or dislocation(s) of the pubic symphysis and/or superior...",Procedure
27198,"Closed treatment of posterior pelvic ring fracture(s), dislocation(s), diastasis or subluxation of the ilium, sacroiliac joint, and/or sacrum, with or without anterior pelvic ring fracture(s) and/or dislocation(s) of the pubic symphysis and/or superior...",Procedure
27200,Closed treatment of coccygeal fracture,Procedure
27215,"Open treatment of iliac spine(s), tuberosity avulsion, or iliac wing fracture(s), unilateral, for pelvic bone fracture patterns that do not disrupt the pelvic ring, includes internal fixation, when performed",Procedure
27216,"Percutaneous skeletal fixation of posterior pelvic bone fracture and/or dislocation, for fracture patterns that disrupt the pelvic ring, unilateral (includes ipsilateral ilium, sacroiliac joint and/or sacrum)",Procedure
27217,"Open treatment of anterior pelvic bone fracture and/or dislocation for fracture patterns that disrupt the pelvic ring, unilateral, includes internal fixation, when performed (includes pubic symphysis and/or ipsilateral superior/inferior rami)",Procedure
27218,"Open treatment of posterior pelvic bone fracture and/or dislocation, for fracture patterns that disrupt the pelvic ring, unilateral, includes internal fixation, when performed (includes ipsilateral ilium, sacroiliac joint and/or sacrum)",Procedure
27220,Closed treatment of acetabulum (hip socket) fracture(s); without manipulation,Procedure
27222,"Closed treatment of acetabulum (hip socket) fracture(s); with manipulation, with or without skeletal traction",Procedure
27226,"Open treatment of posterior or anterior acetabular wall fracture, with internal fixation",Procedure
27227,"Open treatment of acetabular fracture(s) involving anterior or posterior (one) column, or a fracture running transversely across the acetabulum, with internal fixation",Procedure
27228,"Open treatment of acetabular fracture(s) involving anterior and posterior (two) columns, includes T-fracture and both column fracture with complete articular detachment, or single column or transverse fracture with associated acetabular wall fracture,...",Procedure
27230,"Closed treatment of femoral fracture, proximal end, neck; without manipulation",Procedure
27232,"Closed treatment of femoral fracture, proximal end, neck; with manipulation, with or without skeletal traction",Procedure
27235,"Percutaneous skeletal fixation of femoral fracture, proximal end, neck",Procedure
27236,"Open treatment of femoral fracture, proximal end, neck, internal fixation or prosthetic replacement",Procedure
27238,"Closed treatment of intertrochanteric, peritrochanteric, or subtrochanteric femoral fracture; without manipulation",Procedure
27240,"Closed treatment of intertrochanteric, peritrochanteric, or subtrochanteric femoral fracture; with manipulation, with or without skin or skeletal traction",Procedure
27244,"Treatment of intertrochanteric, peritrochanteric, or subtrochanteric femoral fracture; with plate/screw type implant, with or without cerclage",Procedure
27245,"Treatment of intertrochanteric, peritrochanteric, or subtrochanteric femoral fracture; with intramedullary implant, with or without interlocking screws and/or cerclage",Procedure
27246,"Closed treatment of greater trochanteric fracture, without manipulation",Procedure
27248,"Open treatment of greater trochanteric fracture, includes internal fixation, when performed",Procedure
27250,"Closed treatment of hip dislocation, traumatic; without anesthesia",Procedure
27252,"Closed treatment of hip dislocation, traumatic; requiring anesthesia",Procedure
27253,"Open treatment of hip dislocation, traumatic, without internal fixation",Procedure
27254,"Open treatment of hip dislocation, traumatic, with acetabular wall and femoral head fracture, with or without internal or external fixation",Procedure
27256,"Treatment of spontaneous hip dislocation (developmental, including congenital or pathological), by abduction, splint or traction; without anesthesia, without manipulation",Procedure
27257,"Treatment of spontaneous hip dislocation (developmental, including congenital or pathological), by abduction, splint or traction; with manipulation, requiring anesthesia",Procedure
27258,"Open treatment of spontaneous hip dislocation (developmental, including congenital or pathological), replacement of femoral head in acetabulum (including tenotomy, etc)",Procedure
27259,"Open treatment of spontaneous hip dislocation (developmental, including congenital or pathological), replacement of femoral head in acetabulum (including tenotomy, etc); with femoral shaft shortening",Procedure
27265,Closed treatment of post hip arthroplasty dislocation; without anesthesia,Procedure
27266,Closed treatment of post hip arthroplasty dislocation; requiring regional or general anesthesia,Procedure
27267,"Closed treatment of femoral fracture, proximal end, head; without manipulation",Procedure
27268,"Closed treatment of femoral fracture, proximal end, head; with manipulation",Procedure
27269,"Open treatment of femoral fracture, proximal end, head, includes internal fixation, when performed",Procedure
27279,"Arthrodesis, sacroiliac joint, percutaneous or minimally invasive (indirect visualization), with image guidance, includes obtaining bone graft when performed, and placement of transfixation device",Procedure
27280,"Arthrodesis, sacroiliac joint, open, includes obtaining bone graft, including instrumentation, when performed",Procedure
27295,Disarticulation of hip,Procedure
27299,"Unlisted procedure, pelvis or hip joint",Procedure
27301,"Incision and drainage, deep abscess, bursa, or hematoma, thigh or knee region",Procedure
27303,"Incision, deep, with opening of bone cortex, femur or knee (eg, osteomyelitis or bone abscess)",Procedure
27306,"Tenotomy, percutaneous, adductor or hamstring; single tendon (separate procedure)",Procedure
27307,"Tenotomy, percutaneous, adductor or hamstring; multiple tendons",Procedure
27310,"Arthrotomy, knee, with exploration, drainage, or removal of foreign body (eg, infection)",Procedure
27323,"Biopsy, soft tissue of thigh or knee area; superficial",Procedure
27324,"Biopsy, soft tissue of thigh or knee area; deep (subfascial or intramuscular)",Procedure
27327,"Excision, tumor, soft tissue of thigh or knee area, subcutaneous; less than 3 cm",Procedure
27328,"Excision, tumor, soft tissue of thigh or knee area, subfascial (eg, intramuscular); less than 5 cm",Procedure
27329,"Radical resection of tumor (eg, sarcoma), soft tissue of thigh or knee area; less than 5 cm",Procedure
27330,"Arthrotomy, knee; with synovial biopsy only",Procedure
27331,"Arthrotomy, knee; including joint exploration, biopsy, or removal of loose or foreign bodies",Procedure
27332,"Arthrotomy, with excision of semilunar cartilage (meniscectomy) knee; medial OR lateral",Procedure
27333,"Arthrotomy, with excision of semilunar cartilage (meniscectomy) knee; medial AND lateral",Procedure
27334,"Arthrotomy, with synovectomy, knee; anterior OR posterior",Procedure
27335,"Arthrotomy, with synovectomy, knee; anterior AND posterior including popliteal area",Procedure
27337,"Excision, tumor, soft tissue of thigh or knee area, subcutaneous; 3 cm or greater",Procedure
27339,"Excision, tumor, soft tissue of thigh or knee area, subfascial (eg, intramuscular); 5 cm or greater",Procedure
27347,"Excision of lesion of meniscus or capsule (eg, cyst, ganglion), knee",Procedure
27350,Patellectomy or hemipatellectomy,Procedure
27355,Excision or curettage of bone cyst or benign tumor of femur,Procedure
27356,Excision or curettage of bone cyst or benign tumor of femur; with allograft,Procedure
27357,Excision or curettage of bone cyst or benign tumor of femur; with autograft (includes obtaining graft),Procedure
27358,Excision or curettage of bone cyst or benign tumor of femur; with internal fixation (List in addition to code for primary procedure),Procedure
27360,"Partial excision (craterization, saucerization, or diaphysectomy) bone, femur, proximal tibia and/or fibula (eg, osteomyelitis or bone abscess)",Procedure
27364,"Radical resection of tumor (eg, sarcoma), soft tissue of thigh or knee area; 5 cm or greater",Procedure
27365,"Radical resection of tumor, femur or knee",Procedure
27369,Injection procedure for contrast knee arthrography or contrast enhanced CT/MRI knee arthrography,Procedure
27370,Injection of contrast for knee arthrography (Deprecated),Procedure
27372,"Removal of foreign body, deep, thigh region or knee area",Procedure
27381,"Suture of infrapatellar tendon; secondary reconstruction, including fascial or tendon graft",Procedure
27385,Suture of quadriceps or hamstring muscle rupture; primary,Procedure
27386,"Suture of quadriceps or hamstring muscle rupture; secondary reconstruction, including fascial or tendon graft",Procedure
27390,"Tenotomy, open, hamstring, knee to hip; single tendon",Procedure
27391,"Tenotomy, open, hamstring, knee to hip; multiple tendons, 1 leg",Procedure
27392,"Tenotomy, open, hamstring, knee to hip; multiple tendons, bilateral",Procedure
27393,Lengthening of hamstring tendon; single tendon,Procedure
27394,"Lengthening of hamstring tendon; multiple tendons, 1 leg",Procedure
27395,"Lengthening of hamstring tendon; multiple tendons, bilateral",Procedure
27396,"Transplant or transfer (with muscle redirection or rerouting), thigh (eg, extensor to flexor); single tendon",Procedure
27397,"Transplant or transfer (with muscle redirection or rerouting), thigh (eg, extensor to flexor); multiple tendons",Procedure
27400,"Transfer, tendon or muscle, hamstrings to femur (eg, Egger's type procedure)",Procedure
27405,"Repair, primary, torn ligament and/or capsule, knee; collateral",Procedure
27407,"Repair, primary, torn ligament and/or capsule, knee; cruciate",Procedure
27409,"Repair, primary, torn ligament and/or capsule, knee; collateral and cruciate ligaments",Procedure
27412,"Autologous chondrocyte implantation, knee",Procedure
27415,"Osteochondral allograft, knee, open",Procedure
27416,"Osteochondral autograft(s), knee, open (eg, mosaicplasty) (includes harvesting of autograft[s])",Procedure
27418,"Anterior tibial tubercleplasty (eg, Maquet type procedure)",Procedure
27420,"Reconstruction of dislocating patella; (eg, Hauser type procedure)",Procedure
27422,"Reconstruction of dislocating patella; with extensor realignment and/or muscle advancement or release (eg, Campbell, Goldwaite type procedure)",Procedure
27424,Reconstruction of dislocating patella; with patellectomy,Procedure
27437,"Arthroplasty, patella; without prosthesis",Procedure
27441,"Arthroplasty, knee, tibial plateau; with debridement and partial synovectomy",Procedure
27442,"Arthroplasty, femoral condyles or tibial plateau(s), knee",Procedure
27443,"Arthroplasty, femoral condyles or tibial plateau(s), knee; with debridement and partial synovectomy",Procedure
27446,"Arthroplasty, knee, condyle and plateau; medial OR lateral compartment",Procedure
27447,"Arthroplasty, knee, condyle and plateau; medial AND lateral compartments with or without patella resurfacing (total knee arthroplasty)",Procedure
27448,"Osteotomy, femur, shaft or supracondylar; without fixation",Procedure
27450,"Osteotomy, femur, shaft or supracondylar; with fixation",Procedure
27454,"Osteotomy, multiple, with realignment on intramedullary rod, femoral shaft (eg, Sofield type procedure)",Procedure
27455,"Osteotomy, proximal tibia, including fibular excision or osteotomy (includes correction of genu varus [bowleg] or genu valgus [knock-knee]); before epiphyseal closure",Procedure
27457,"Osteotomy, proximal tibia, including fibular excision or osteotomy (includes correction of genu varus [bowleg] or genu valgus [knock-knee]); after epiphyseal closure",Procedure
27470,"Repair, nonunion or malunion, femur, distal to head and neck; without graft (eg, compression technique)",Procedure
27472,"Repair, nonunion or malunion, femur, distal to head and neck; with iliac or other autogenous bone graft (includes obtaining graft)",Procedure
27475,"Arrest, epiphyseal, any method (eg, epiphysiodesis); distal femur",Procedure
27477,"Arrest, epiphyseal, any method (eg, epiphysiodesis); tibia and fibula, proximal",Procedure
27479,"Arrest, epiphyseal, any method (eg, epiphysiodesis); combined distal femur, proximal tibia and fibula",Procedure
27485,"Arrest, hemiepiphyseal, distal femur or proximal tibia or fibula (eg, genu varus or valgus)",Procedure
27486,"Revision of total knee arthroplasty, with or without allograft; 1 component",Procedure
27488,"Removal of prosthesis, including total knee prosthesis, methylmethacrylate with or without insertion of spacer, knee",Procedure
27496,"Decompression fasciotomy, thigh and/or knee, 1 compartment (flexor or extensor or adductor)",Procedure
27497,"Decompression fasciotomy, thigh and/or knee, 1 compartment (flexor or extensor or adductor); with debridement of nonviable muscle and/or nerve",Procedure
27498,"Decompression fasciotomy, thigh and/or knee, multiple compartments",Procedure
27499,"Decompression fasciotomy, thigh and/or knee, multiple compartments; with debridement of nonviable muscle and/or nerve",Procedure
27500,"Closed treatment of femoral shaft fracture, without manipulation",Procedure
27501,"Closed treatment of supracondylar or transcondylar femoral fracture with or without intercondylar extension, without manipulation",Procedure
27502,"Closed treatment of femoral shaft fracture, with manipulation, with or without skin or skeletal traction",Procedure
27503,"Closed treatment of supracondylar or transcondylar femoral fracture with or without intercondylar extension, with manipulation, with or without skin or skeletal traction",Procedure
27506,"Open treatment of femoral shaft fracture, with or without external fixation, with insertion of intramedullary implant, with or without cerclage and/or locking screws",Procedure
27507,"Open treatment of femoral shaft fracture with plate/screws, with or without cerclage",Procedure
27508,"Closed treatment of femoral fracture, distal end, medial or lateral condyle, without manipulation",Procedure
27509,"Percutaneous skeletal fixation of femoral fracture, distal end, medial or lateral condyle, or supracondylar or transcondylar, with or without intercondylar extension, or distal femoral epiphyseal separation",Procedure
27510,"Closed treatment of femoral fracture, distal end, medial or lateral condyle, with manipulation",Procedure
27511,"Open treatment of femoral supracondylar or transcondylar fracture without intercondylar extension, includes internal fixation, when performed",Procedure
27513,"Open treatment of femoral supracondylar or transcondylar fracture with intercondylar extension, includes internal fixation, when performed",Procedure
27514,"Open treatment of femoral fracture, distal end, medial or lateral condyle, includes internal fixation, when performed",Procedure
27516,Closed treatment of distal femoral epiphyseal separation; without manipulation,Procedure
27517,"Closed treatment of distal femoral epiphyseal separation; with manipulation, with or without skin or skeletal traction",Procedure
27520,"Closed treatment of patellar fracture, without manipulation",Procedure
27524,"Open treatment of patellar fracture, with internal fixation and/or partial or complete patellectomy and soft tissue repair",Procedure
27530,"Closed treatment of tibial fracture, proximal (plateau); without manipulation",Procedure
27532,"Closed treatment of tibial fracture, proximal (plateau); with or without manipulation, with skeletal traction",Procedure
27535,"Open treatment of tibial fracture, proximal (plateau); unicondylar, includes internal fixation, when performed",Procedure
27536,"Open treatment of tibial fracture, proximal (plateau); bicondylar, with or without internal fixation",Procedure
27538,"Closed treatment of intercondylar spine(s) and/or tuberosity fracture(s) of knee, with or without manipulation",Procedure
27540,"Open treatment of intercondylar spine(s) and/or tuberosity fracture(s) of the knee, includes internal fixation, when performed",Procedure
27550,Closed treatment of knee dislocation; without anesthesia,Procedure
27552,Closed treatment of knee dislocation; requiring anesthesia,Procedure
27556,"Open treatment of knee dislocation, includes internal fixation, when performed; without primary ligamentous repair or augmentation/reconstruction",Procedure
27557,"Open treatment of knee dislocation, includes internal fixation, when performed; with primary ligamentous repair",Procedure
27560,Closed treatment of patellar dislocation; without anesthesia,Procedure
27562,Closed treatment of patellar dislocation; requiring anesthesia,Procedure
27566,"Open treatment of patellar dislocation, with or without partial or total patellectomy",Procedure
27592,"Amputation, thigh, through femur, any level; open, circular (guillotine)",Procedure
27594,"Amputation, thigh, through femur, any level; secondary closure or scar revision",Procedure
27596,"Amputation, thigh, through femur, any level; re-amputation",Procedure
27599,"Unlisted procedure, femur or knee",Procedure
27600,"Decompression fasciotomy, leg; anterior and/or lateral compartments only",Procedure
27601,"Decompression fasciotomy, leg; posterior compartment(s) only",Procedure
27602,"Decompression fasciotomy, leg; anterior and/or lateral, and posterior compartment(s)",Procedure
27603,"Incision and drainage, leg or ankle; deep abscess or hematoma",Procedure
27604,"Incision and drainage, leg or ankle; infected bursa",Procedure
27605,"Tenotomy, percutaneous, Achilles tendon (separate procedure); local anesthesia",Procedure
27606,"Tenotomy, percutaneous, Achilles tendon (separate procedure); general anesthesia",Procedure
27607,"Incision (eg, osteomyelitis or bone abscess), leg or ankle",Procedure
27610,"Arthrotomy, ankle, including exploration, drainage, or removal of foreign body",Procedure
27612,"Arthrotomy, posterior capsular release, ankle, with or without Achilles tendon lengthening",Procedure
27613,"Biopsy, soft tissue of leg or ankle area; superficial",Procedure
27614,"Biopsy, soft tissue of leg or ankle area; deep (subfascial or intramuscular)",Procedure
27615,"Radical resection of tumor (eg, sarcoma), soft tissue of leg or ankle area; less than 5 cm",Procedure
27616,"Radical resection of tumor (eg, sarcoma), soft tissue of leg or ankle area; 5 cm or greater",Procedure
27618,"Excision, tumor, soft tissue of leg or ankle area, subcutaneous; less than 3 cm",Procedure
27619,"Excision, tumor, soft tissue of leg or ankle area, subfascial (eg, intramuscular); less than 5 cm",Procedure
27626,"Arthrotomy, with synovectomy, ankle; including tenosynovectomy",Procedure
27630,"Excision of lesion of tendon sheath or capsule (eg, cyst or ganglion), leg and/or ankle",Procedure
27632,"Excision, tumor, soft tissue of leg or ankle area, subcutaneous; 3 cm or greater",Procedure
27634,"Excision, tumor, soft tissue of leg or ankle area, subfascial (eg, intramuscular); 5 cm or greater",Procedure
27635,"Excision or curettage of bone cyst or benign tumor, tibia or fibula",Procedure
27637,"Excision or curettage of bone cyst or benign tumor, tibia or fibula; with autograft (includes obtaining graft)",Procedure
27638,"Excision or curettage of bone cyst or benign tumor, tibia or fibula; with allograft",Procedure
27645,Radical resection of tumor; tibia,Procedure
27646,Radical resection of tumor; fibula,Procedure
27647,Radical resection of tumor; talus or calcaneus,Procedure
27650,"Repair, primary, open or percutaneous, ruptured Achilles tendon",Procedure
27652,"Repair, primary, open or percutaneous, ruptured Achilles tendon; with graft (includes obtaining graft)",Procedure
27656,"Repair, fascial defect of leg",Procedure
27658,"Repair, flexor tendon, leg; primary, without graft, each tendon",Procedure
27659,"Repair, flexor tendon, leg; secondary, with or without graft, each tendon",Procedure
27664,"Repair, extensor tendon, leg; primary, without graft, each tendon",Procedure
27665,"Repair, extensor tendon, leg; secondary, with or without graft, each tendon",Procedure
27675,"Repair, dislocating peroneal tendons; without fibular osteotomy",Procedure
27676,"Repair, dislocating peroneal tendons; with fibular osteotomy",Procedure
27680,"Tenolysis, flexor or extensor tendon, leg and/or ankle; single, each tendon",Procedure
27681,"Tenolysis, flexor or extensor tendon, leg and/or ankle; multiple tendons (through separate incision[s])",Procedure
27685,"Lengthening or shortening of tendon, leg or ankle; single tendon (separate procedure)",Procedure
27686,"Lengthening or shortening of tendon, leg or ankle; multiple tendons (through same incision), each",Procedure
27690,"Transfer or transplant of single tendon (with muscle redirection or rerouting); superficial (eg, anterior tibial extensors into midfoot)",Procedure
27691,"Transfer or transplant of single tendon (with muscle redirection or rerouting); deep (eg, anterior tibial or posterior tibial through interosseous space, flexor digitorum longus, flexor hallucis longus, or peroneal tendon to midfoot or hindfoot)",Procedure
27692,Transfer or transplant of single tendon (with muscle redirection or rerouting); each additional tendon (List separately in addition to code for primary procedure),Procedure
27695,"Repair, primary, disrupted ligament, ankle; collateral",Procedure
27696,"Repair, primary, disrupted ligament, ankle; both collateral ligaments",Procedure
27698,"Repair, secondary, disrupted ligament, ankle, collateral (eg, Watson-Jones procedure)",Procedure
27712,"Osteotomy; multiple, with realignment on intramedullary rod (eg, Sofield type procedure)",Procedure
27720,"Repair of nonunion or malunion, tibia; without graft, (eg, compression technique)",Procedure
27722,"Repair of nonunion or malunion, tibia; with sliding graft",Procedure
27724,"Repair of nonunion or malunion, tibia; with iliac or other autograft (includes obtaining graft)",Procedure
27725,"Repair of nonunion or malunion, tibia; by synostosis, with fibula, any method",Procedure
27726,Repair of fibula nonunion and/or malunion with internal fixation,Procedure
27730,"Arrest, epiphyseal (epiphysiodesis), open; distal tibia",Procedure
27745,"Prophylactic treatment (nailing, pinning, plating or wiring) with or without methylmethacrylate, tibia",Procedure
27750,Closed treatment of tibial shaft fracture (with or without fibular fracture); without manipulation,Procedure
27752,"Closed treatment of tibial shaft fracture (with or without fibular fracture); with manipulation, with or without skeletal traction",Procedure
27756,"Percutaneous skeletal fixation of tibial shaft fracture (with or without fibular fracture) (eg, pins or screws)",Procedure
27758,"Open treatment of tibial shaft fracture (with or without fibular fracture), with plate/screws, with or without cerclage",Procedure
27759,"Treatment of tibial shaft fracture (with or without fibular fracture) by intramedullary implant, with or without interlocking screws and/or cerclage",Procedure
27760,Closed treatment of medial malleolus fracture; without manipulation,Procedure
27762,"Closed treatment of medial malleolus fracture; with manipulation, with or without skin or skeletal traction",Procedure
27766,"Open treatment of medial malleolus fracture, includes internal fixation, when performed",Procedure
27767,Closed treatment of posterior malleolus fracture; without manipulation,Procedure
27768,Closed treatment of posterior malleolus fracture; with manipulation,Procedure
27769,"Open treatment of posterior malleolus fracture, includes internal fixation, when performed",Procedure
27780,Closed treatment of proximal fibula or shaft fracture; without manipulation,Procedure
27781,Closed treatment of proximal fibula or shaft fracture; with manipulation,Procedure
27784,"Open treatment of proximal fibula or shaft fracture, includes internal fixation, when performed",Procedure
27786,Closed treatment of distal fibular fracture (lateral malleolus); without manipulation,Procedure
27788,Closed treatment of distal fibular fracture (lateral malleolus); with manipulation,Procedure
27792,"Open treatment of distal fibular fracture (lateral malleolus), includes internal fixation, when performed",Procedure
27808,"Closed treatment of bimalleolar ankle fracture (eg, lateral and medial malleoli, or lateral and posterior malleoli or medial and posterior malleoli); without manipulation",Procedure
27810,"Closed treatment of bimalleolar ankle fracture (eg, lateral and medial malleoli, or lateral and posterior malleoli or medial and posterior malleoli); with manipulation",Procedure
27814,"Open treatment of bimalleolar ankle fracture (eg, lateral and medial malleoli, or lateral and posterior malleoli, or medial and posterior malleoli), includes internal fixation, when performed",Procedure
27816,Closed treatment of trimalleolar ankle fracture; without manipulation,Procedure
27818,Closed treatment of trimalleolar ankle fracture; with manipulation,Procedure
27822,"Open treatment of trimalleolar ankle fracture, includes internal fixation, when performed, medial and/or lateral malleolus; without fixation of posterior lip",Procedure
27823,"Open treatment of trimalleolar ankle fracture, includes internal fixation, when performed, medial and/or lateral malleolus; with fixation of posterior lip",Procedure
27824,"Closed treatment of fracture of weight bearing articular portion of distal tibia (eg, pilon or tibial plafond), with or without anesthesia; without manipulation",Procedure
27825,"Closed treatment of fracture of weight bearing articular portion of distal tibia (eg, pilon or tibial plafond), with or without anesthesia; with skeletal traction and/or requiring manipulation",Procedure
27826,"Open treatment of fracture of weight bearing articular surface/portion of distal tibia (eg, pilon or tibial plafond), with internal fixation, when performed; of fibula only",Procedure
27827,"Open treatment of fracture of weight bearing articular surface/portion of distal tibia (eg, pilon or tibial plafond), with internal fixation, when performed; of tibia only",Procedure
27828,"Open treatment of fracture of weight bearing articular surface/portion of distal tibia (eg, pilon or tibial plafond), with internal fixation, when performed; of both tibia and fibula",Procedure
27829,"Open treatment of distal tibiofibular joint (syndesmosis) disruption, includes internal fixation, when performed",Procedure
27830,Closed treatment of proximal tibiofibular joint dislocation; without anesthesia,Procedure
27831,Closed treatment of proximal tibiofibular joint dislocation; requiring anesthesia,Procedure
27832,"Open treatment of proximal tibiofibular joint dislocation, includes internal fixation, when performed, or with excision of proximal fibula",Procedure
27840,Closed treatment of ankle dislocation; without anesthesia,Procedure
27842,"Closed treatment of ankle dislocation; requiring anesthesia, with or without percutaneous skeletal fixation",Procedure
27846,"Open treatment of ankle dislocation, with or without percutaneous skeletal fixation; without repair or internal fixation",Procedure
27848,"Open treatment of ankle dislocation, with or without percutaneous skeletal fixation; with repair or internal or external fixation",Procedure
27870,"Arthrodesis, ankle, open",Procedure
27871,"Arthrodesis, tibiofibular joint, proximal or distal",Procedure
27881,"Amputation, leg, through tibia and fibula; with immediate fitting technique including application of first cast",Procedure
27882,"Amputation, leg, through tibia and fibula; open, circular (guillotine)",Procedure
27884,"Amputation, leg, through tibia and fibula; secondary closure or scar revision",Procedure
27886,"Amputation, leg, through tibia and fibula; re-amputation",Procedure
27888,"Amputation, ankle, through malleoli of tibia and fibula (eg, Syme, Pirogoff type procedures), with plastic closure and resection of nerves",Procedure
27892,"Decompression fasciotomy, leg; anterior and/or lateral compartments only, with debridement of nonviable muscle and/or nerve",Procedure
27893,"Decompression fasciotomy, leg; posterior compartment(s) only, with debridement of nonviable muscle and/or nerve",Procedure
27894,"Decompression fasciotomy, leg; anterior and/or lateral, and posterior compartment(s), with debridement of nonviable muscle and/or nerve",Procedure
27899,"Unlisted procedure, leg or ankle",Procedure
28002,"Incision and drainage below fascia, with or without tendon sheath involvement, foot; single bursal space",Procedure
28003,"Incision and drainage below fascia, with or without tendon sheath involvement, foot; multiple areas",Procedure
28010,"Tenotomy, percutaneous, toe; single tendon",Procedure
28011,"Tenotomy, percutaneous, toe; multiple tendons",Procedure
28020,"Arthrotomy, including exploration, drainage, or removal of loose or foreign body; intertarsal or tarsometatarsal joint",Procedure
28022,"Arthrotomy, including exploration, drainage, or removal of loose or foreign body; metatarsophalangeal joint",Procedure
28024,"Arthrotomy, including exploration, drainage, or removal of loose or foreign body; interphalangeal joint",Procedure
28035,"Release, tarsal tunnel (posterior tibial nerve decompression)",Procedure
28039,"Excision, tumor, soft tissue of foot or toe, subcutaneous; 1.5 cm or greater",Procedure
28041,"Excision, tumor, soft tissue of foot or toe, subfascial (eg, intramuscular); 1.5 cm or greater",Procedure
28043,"Excision, tumor, soft tissue of foot or toe, subcutaneous; less than 1.5 cm",Procedure
28045,"Excision, tumor, soft tissue of foot or toe, subfascial (eg, intramuscular); less than 1.5 cm",Procedure
28046,"Radical resection of tumor (eg, sarcoma), soft tissue of foot or toe; less than 3 cm",Procedure
28047,"Radical resection of tumor (eg, sarcoma), soft tissue of foot or toe; 3 cm or greater",Procedure
28050,Arthrotomy with biopsy; intertarsal or tarsometatarsal joint,Procedure
28052,Arthrotomy with biopsy; metatarsophalangeal joint,Procedure
28070,"Synovectomy; intertarsal or tarsometatarsal joint, each",Procedure
28080,"Excision, interdigital (Morton) neuroma, single, each",Procedure
28090,"Excision of lesion, tendon, tendon sheath, or capsule (including synovectomy) (eg, cyst or ganglion); foot",Procedure
28092,"Excision of lesion, tendon, tendon sheath, or capsule (including synovectomy) (eg, cyst or ganglion); toe(s), each",Procedure
28100,"Excision or curettage of bone cyst or benign tumor, talus or calcaneus",Procedure
28102,"Excision or curettage of bone cyst or benign tumor, talus or calcaneus; with iliac or other autograft (includes obtaining graft)",Procedure
28103,"Excision or curettage of bone cyst or benign tumor, talus or calcaneus; with allograft",Procedure
28104,"Excision or curettage of bone cyst or benign tumor, tarsal or metatarsal, except talus or calcaneus",Procedure
28106,"Excision or curettage of bone cyst or benign tumor, tarsal or metatarsal, except talus or calcaneus; with iliac or other autograft (includes obtaining graft)",Procedure
28107,"Excision or curettage of bone cyst or benign tumor, tarsal or metatarsal, except talus or calcaneus; with allograft",Procedure
28108,"Excision or curettage of bone cyst or benign tumor, phalanges of foot",Procedure
28110,"Ostectomy, partial excision, fifth metatarsal head (bunionette) (separate procedure)",Procedure
28111,"Ostectomy, complete excision; first metatarsal head",Procedure
28112,"Ostectomy, complete excision; other metatarsal head (second, third or fourth)",Procedure
28113,"Ostectomy, complete excision; fifth metatarsal head",Procedure
28114,"Ostectomy, complete excision; all metatarsal heads, with partial proximal phalangectomy, excluding first metatarsal (eg, Clayton type procedure)",Procedure
28120,"Partial excision (craterization, saucerization, sequestrectomy, or diaphysectomy) bone (eg, osteomyelitis or bossing); talus or calcaneus",Procedure
28122,"Partial excision (craterization, saucerization, sequestrectomy, or diaphysectomy) bone (eg, osteomyelitis or bossing); tarsal or metatarsal bone, except talus or calcaneus",Procedure
28126,"Resection, partial or complete, phalangeal base, each toe",Procedure
28150,"Phalangectomy, toe, each toe",Procedure
28160,"Hemiphalangectomy or interphalangeal joint excision, toe, proximal end of phalanx, each",Procedure
28173,Radical resection of tumor; metatarsal,Procedure
28193,"Removal of foreign body, foot; complicated",Procedure
28200,"Repair, tendon, flexor, foot; primary or secondary, without free graft, each tendon",Procedure
28202,"Repair, tendon, flexor, foot; secondary with free graft, each tendon (includes obtaining graft)",Procedure
28208,"Repair, tendon, extensor, foot; primary or secondary, each tendon",Procedure
28220,"Tenolysis, flexor, foot; single tendon",Procedure
28222,"Tenolysis, flexor, foot; multiple tendons",Procedure
28225,"Tenolysis, extensor, foot; single tendon",Procedure
28226,"Tenolysis, extensor, foot; multiple tendons",Procedure
28230,"Tenotomy, open, tendon flexor; foot, single or multiple tendon(s) (separate procedure)",Procedure
28232,"Tenotomy, open, tendon flexor; toe, single tendon (separate procedure)",Procedure
28234,"Tenotomy, open, extensor, foot or toe, each tendon",Procedure
28240,"Tenotomy, lengthening, or release, abductor hallucis muscle",Procedure
28260,"Capsulotomy, midfoot; medial release only (separate procedure)",Procedure
28262,"Capsulotomy, midfoot; extensive, including posterior talotibial capsulotomy and tendon(s) lengthening (eg, resistant clubfoot deformity)",Procedure
28270,"Capsulotomy; metatarsophalangeal joint, with or without tenorrhaphy, each joint (separate procedure)",Procedure
28272,"Capsulotomy; interphalangeal joint, each joint (separate procedure)",Procedure
28280,"Syndactylization, toes (eg, webbing or Kelikian type procedure)",Procedure
28286,"Correction, cock-up fifth toe, with plastic skin closure (eg, Ruiz-Mora type procedure)",Procedure
28288,"Ostectomy, partial, exostectomy or condylectomy, metatarsal head, each metatarsal head",Procedure
28289,"Hallux rigidus correction with cheilectomy, debridement and capsular release of the first metatarsophalangeal joint; without implant",Procedure
28290,"Correction, hallux valgus (bunion), with or without sesamoidectomy; simple exostectomy (eg, Silver type procedure) (Deprecated)",Procedure
28291,"Hallux rigidus correction with cheilectomy, debridement and capsular release of the first metatarsophalangeal joint; with implant",Procedure
28292,"Correction, hallux valgus with bunionectomy, with sesamoidectomy when performed; with resection of proximal phalanx base, when performed, any method",Procedure
28293,"Correction, hallux valgus (bunion), with or without sesamoidectomy; resection of joint with implant (Deprecated)",Procedure
28295,"Correction, hallux valgus with bunionectomy, with sesamoidectomy when performed; with proximal metatarsal osteotomy, any method",Procedure
28296,"Correction, hallux valgus with bunionectomy, with sesamoidectomy when performed; with distal metatarsal osteotomy, any method",Procedure
28297,"Correction, hallux valgus with bunionectomy, with sesamoidectomy when performed; with first metatarsal and medial cuneiform joint arthrodesis, any method",Procedure
28298,"Correction, hallux valgus with bunionectomy, with sesamoidectomy when performed; with proximal phalanx osteotomy, any method",Procedure
28299,"Correction, hallux valgus with bunionectomy, with sesamoidectomy when performed; with double osteotomy, any method",Procedure
28300,"Osteotomy; calcaneus (eg, Dwyer or Chambers type procedure), with or without internal fixation",Procedure
28304,"Osteotomy, tarsal bones, other than calcaneus or talus",Procedure
28305,"Osteotomy, tarsal bones, other than calcaneus or talus; with autograft (includes obtaining graft) (eg, Fowler type)",Procedure
28306,"Osteotomy, with or without lengthening, shortening or angular correction, metatarsal; first metatarsal",Procedure
28307,"Osteotomy, with or without lengthening, shortening or angular correction, metatarsal; first metatarsal with autograft (other than first toe)",Procedure
28308,"Osteotomy, with or without lengthening, shortening or angular correction, metatarsal; other than first metatarsal, each",Procedure
28309,"Osteotomy, with or without lengthening, shortening or angular correction, metatarsal; multiple (eg, Swanson type cavus foot procedure)",Procedure
28310,"Osteotomy, shortening, angular or rotational correction; proximal phalanx, first toe (separate procedure)",Procedure
28312,"Osteotomy, shortening, angular or rotational correction; other phalanges, any toe",Procedure
28320,"Repair, nonunion or malunion; tarsal bones",Procedure
28322,"Repair, nonunion or malunion; metatarsal, with or without bone graft (includes obtaining graft)",Procedure
28344,"Reconstruction, toe(s); polydactyly",Procedure
28345,"Reconstruction, toe(s); syndactyly, with or without skin graft(s), each web",Procedure
28400,Closed treatment of calcaneal fracture; without manipulation,Procedure
28405,Closed treatment of calcaneal fracture; with manipulation,Procedure
28406,"Percutaneous skeletal fixation of calcaneal fracture, with manipulation",Procedure
28415,"Open treatment of calcaneal fracture, includes internal fixation, when performed",Procedure
28420,"Open treatment of calcaneal fracture, includes internal fixation, when performed; with primary iliac or other autogenous bone graft (includes obtaining graft)",Procedure
28430,Closed treatment of talus fracture; without manipulation,Procedure
28435,Closed treatment of talus fracture; with manipulation,Procedure
28445,"Open treatment of talus fracture, includes internal fixation, when performed",Procedure
28446,"Open osteochondral autograft, talus (includes obtaining graft[s])",Procedure
28450,"Treatment of tarsal bone fracture (except talus and calcaneus); without manipulation, each",Procedure
28455,"Treatment of tarsal bone fracture (except talus and calcaneus); with manipulation, each",Procedure
28456,"Percutaneous skeletal fixation of tarsal bone fracture (except talus and calcaneus), with manipulation, each",Procedure
28465,"Open treatment of tarsal bone fracture (except talus and calcaneus), includes internal fixation, when performed, each",Procedure
28470,"Closed treatment of metatarsal fracture; without manipulation, each",Procedure
28475,"Closed treatment of metatarsal fracture; with manipulation, each",Procedure
28476,"Percutaneous skeletal fixation of metatarsal fracture, with manipulation, each",Procedure
28485,"Open treatment of metatarsal fracture, includes internal fixation, when performed, each",Procedure
28490,"Closed treatment of fracture great toe, phalanx or phalanges; without manipulation",Procedure
28495,"Closed treatment of fracture great toe, phalanx or phalanges; with manipulation",Procedure
28496,"Percutaneous skeletal fixation of fracture great toe, phalanx or phalanges, with manipulation",Procedure
28505,"Open treatment of fracture, great toe, phalanx or phalanges, includes internal fixation, when performed",Procedure
28510,"Closed treatment of fracture, phalanx or phalanges, other than great toe; without manipulation, each",Procedure
28515,"Closed treatment of fracture, phalanx or phalanges, other than great toe; with manipulation, each",Procedure
28525,"Open treatment of fracture, phalanx or phalanges, other than great toe, includes internal fixation, when performed, each",Procedure
28530,Closed treatment of sesamoid fracture,Procedure
28540,"Closed treatment of tarsal bone dislocation, other than talotarsal; without anesthesia",Procedure
28545,"Closed treatment of tarsal bone dislocation, other than talotarsal; requiring anesthesia",Procedure
28555,"Open treatment of tarsal bone dislocation, includes internal fixation, when performed",Procedure
28570,Closed treatment of talotarsal joint dislocation; without anesthesia,Procedure
28575,Closed treatment of talotarsal joint dislocation; requiring anesthesia,Procedure
28576,"Percutaneous skeletal fixation of talotarsal joint dislocation, with manipulation",Procedure
28585,"Open treatment of talotarsal joint dislocation, includes internal fixation, when performed",Procedure
28600,Closed treatment of tarsometatarsal joint dislocation; without anesthesia,Procedure
28605,Closed treatment of tarsometatarsal joint dislocation; requiring anesthesia,Procedure
28615,"Open treatment of tarsometatarsal joint dislocation, includes internal fixation, when performed",Procedure
28630,Closed treatment of metatarsophalangeal joint dislocation; without anesthesia,Procedure
28635,Closed treatment of metatarsophalangeal joint dislocation; requiring anesthesia,Procedure
28645,"Open treatment of metatarsophalangeal joint dislocation, includes internal fixation, when performed",Procedure
28660,Closed treatment of interphalangeal joint dislocation; without anesthesia,Procedure
28665,Closed treatment of interphalangeal joint dislocation; requiring anesthesia,Procedure
28675,"Open treatment of interphalangeal joint dislocation, includes internal fixation, when performed",Procedure
28730,"Arthrodesis, midtarsal or tarsometatarsal, multiple or transverse",Procedure
28735,"Arthrodesis, midtarsal or tarsometatarsal, multiple or transverse; with osteotomy (eg, flatfoot correction)",Procedure
28740,"Arthrodesis, midtarsal or tarsometatarsal, single joint",Procedure
28805,"Amputation, foot; transmetatarsal",Procedure
28810,"Amputation, metatarsal, with toe, single",Procedure
28899,"Unlisted procedure, foot or toes",Procedure
29010,"Application of Risser jacket, localizer, body; only",Procedure
29015,"Application of Risser jacket, localizer, body; including head",Procedure
29046,"Application of body cast, shoulder to hips; including both thighs",Procedure
29086,"Application, cast; finger (eg, contracture)",Procedure
29126,Application of short arm splint (forearm to hand); dynamic,Procedure
29260,Strapping; elbow or wrist,Procedure
29280,Strapping; hand or finger,Procedure
29305,Application of hip spica cast; 1 leg,Procedure
29325,Application of hip spica cast; 1 and one-half spica or both legs,Procedure
29355,Application of long leg cast (thigh to toes); walker or ambulatory type,Procedure
29425,Application of short leg cast (below knee to toes); walking or ambulatory type,Procedure
29440,Adding walker to previously applied cast,Procedure
29450,"Application of clubfoot cast with molding or manipulation, long or short leg",Procedure
29540,Strapping; ankle and/or foot,Procedure
29581,"Application of multi-layer compression system; leg (below knee), including ankle and foot",Procedure
29584,"Application of multi-layer compression system; upper arm, forearm, hand, and fingers",Procedure
29700,"Removal or bivalving; gauntlet, boot or body cast",Procedure
29705,Removal or bivalving; full arm or full leg cast,Procedure
29740,Wedging of cast (except clubfoot casts),Procedure
29799,"Unlisted procedure, casting or strapping",Procedure
29804,"Arthroscopy, temporomandibular joint, surgical",Procedure
29806,"Arthroscopy, shoulder, surgical; capsulorrhaphy",Procedure
29825,"Arthroscopy, shoulder, surgical; with lysis and resection of adhesions, with or without manipulation",Procedure
29826,"Arthroscopy, shoulder, surgical; decompression of subacromial space with partial acromioplasty, with coracoacromial ligament (ie, arch) release, when performed (List separately in addition to code for primary procedure)",Procedure
29827,"Arthroscopy, shoulder, surgical; with rotator cuff repair",Procedure
29828,"Arthroscopy, shoulder, surgical; biceps tenodesis",Procedure
29846,"Arthroscopy, wrist, surgical; excision and/or repair of triangular fibrocartilage and/or joint debridement",Procedure
29847,"Arthroscopy, wrist, surgical; internal fixation for fracture or instability",Procedure
29848,"Endoscopy, wrist, surgical, with release of transverse carpal ligament",Procedure
29850,"Arthroscopically aided treatment of intercondylar spine(s) and/or tuberosity fracture(s) of the knee, with or without manipulation; without internal or external fixation (includes arthroscopy)",Procedure
29851,"Arthroscopically aided treatment of intercondylar spine(s) and/or tuberosity fracture(s) of the knee, with or without manipulation; with internal or external fixation (includes arthroscopy)",Procedure
29855,"Arthroscopically aided treatment of tibial fracture, proximal (plateau); unicondylar, includes internal fixation, when performed (includes arthroscopy)",Procedure
29856,"Arthroscopically aided treatment of tibial fracture, proximal (plateau); bicondylar, includes internal fixation, when performed (includes arthroscopy)",Procedure
29861,"Arthroscopy, hip, surgical; with removal of loose body or foreign body",Procedure
29862,"Arthroscopy, hip, surgical; with debridement/shaving of articular cartilage (chondroplasty), abrasion arthroplasty, and/or resection of labrum",Procedure
29866,"Arthroscopy, knee, surgical; osteochondral autograft(s) (eg, mosaicplasty) (includes harvesting of the autograft[s])",Procedure
29868,"Arthroscopy, knee, surgical; meniscal transplantation (includes arthrotomy for meniscal insertion), medial or lateral",Procedure
29871,"Arthroscopy, knee, surgical; for infection, lavage and drainage",Procedure
29873,"Arthroscopy, knee, surgical; with lateral release",Procedure
29874,"Arthroscopy, knee, surgical; for removal of loose body or foreign body (eg, osteochondritis dissecans fragmentation, chondral fragmentation)",Procedure
29875,"Arthroscopy, knee, surgical; synovectomy, limited (eg, plica or shelf resection) (separate procedure)",Procedure
29876,"Arthroscopy, knee, surgical; synovectomy, major, 2 or more compartments (eg, medial or lateral)",Procedure
29879,"Arthroscopy, knee, surgical; abrasion arthroplasty (includes chondroplasty where necessary) or multiple drilling or microfracture",Procedure
29880,"Arthroscopy, knee, surgical; with meniscectomy (medial AND lateral, including any meniscal shaving) including debridement/shaving of articular cartilage (chondroplasty), same or separate compartment(s), when performed",Procedure
29881,"Arthroscopy, knee, surgical; with meniscectomy (medial OR lateral, including any meniscal shaving) including debridement/shaving of articular cartilage (chondroplasty), same or separate compartment(s), when performed",Procedure
29882,"Arthroscopy, knee, surgical; with meniscus repair (medial OR lateral)",Procedure
29884,"Arthroscopy, knee, surgical; with lysis of adhesions, with or without manipulation (separate procedure)",Procedure
29886,"Arthroscopy, knee, surgical; drilling for intact osteochondritis dissecans lesion",Procedure
29887,"Arthroscopy, knee, surgical; drilling for intact osteochondritis dissecans lesion with internal fixation",Procedure
29888,Arthroscopically aided anterior cruciate ligament repair/augmentation or reconstruction,Procedure
29889,Arthroscopically aided posterior cruciate ligament repair/augmentation or reconstruction,Procedure
29891,"Arthroscopy, ankle, surgical, excision of osteochondral defect of talus and/or tibia, including drilling of the defect",Procedure
29892,"Arthroscopically aided repair of large osteochondritis dissecans lesion, talar dome fracture, or tibial plafond fracture, with or without internal fixation (includes arthroscopy)",Procedure
29893,Endoscopic plantar fasciotomy,Procedure
29895,"Arthroscopy, ankle (tibiotalar and fibulotalar joints), surgical; synovectomy, partial",Procedure
29897,"Arthroscopy, ankle (tibiotalar and fibulotalar joints), surgical; debridement, limited",Procedure
29898,"Arthroscopy, ankle (tibiotalar and fibulotalar joints), surgical; debridement, extensive",Procedure
29904,"Arthroscopy, subtalar joint, surgical; with removal of loose body or foreign body",Procedure
29905,"Arthroscopy, subtalar joint, surgical; with synovectomy",Procedure
29906,"Arthroscopy, subtalar joint, surgical; with debridement",Procedure
29907,"Arthroscopy, subtalar joint, surgical; with subtalar arthrodesis",Procedure
29914,"Arthroscopy, hip, surgical; with femoroplasty (ie, treatment of cam lesion)",Procedure
29915,"Arthroscopy, hip, surgical; with acetabuloplasty (ie, treatment of pincer lesion)",Procedure
29916,"Arthroscopy, hip, surgical; with labral repair",Procedure
29999,"Unlisted procedure, arthroscopy",Procedure
30000,"Drainage abscess or hematoma, nasal, internal approach",Procedure
30020,"Drainage abscess or hematoma, nasal septum",Procedure
3006F,Chest X-ray results documented and reviewed (CAP),Observation
30117,"Excision or destruction (eg, laser), intranasal lesion; internal approach",Procedure
30118,"Excision or destruction (eg, laser), intranasal lesion; external approach (lateral rhinotomy)",Procedure
30120,Excision or surgical planing of skin of nose for rhinophyma,Procedure
30124,"Excision dermoid cyst, nose; simple, skin, subcutaneous",Procedure
30130,"Excision inferior turbinate, partial or complete, any method",Procedure
30140,"Submucous resection inferior turbinate, partial or complete, any method",Procedure
3015F,Cervical cancer screening results documented and reviewed (PV),Observation
30310,"Removal foreign body, intranasal; requiring general anesthesia",Procedure
30320,"Removal foreign body, intranasal; by lateral rhinotomy",Procedure
30400,"Rhinoplasty, primary; lateral and alar cartilages and/or elevation of nasal tip",Procedure
30420,"Rhinoplasty, primary; including major septal repair",Procedure
30435,"Rhinoplasty, secondary; intermediate revision (bony work with osteotomies)",Procedure
3044F,Most recent hemoglobin A1c (HbA1c) level less than 7.0% (DM),Observation
3045F,Most recent hemoglobin A1c (HbA1c) level 7.0-9.0% (DM) (Deprecated),Observation
30460,"Rhinoplasty for nasal deformity secondary to congenital cleft lip and/or palate, including columellar lengthening; tip only",Procedure
30462,"Rhinoplasty for nasal deformity secondary to congenital cleft lip and/or palate, including columellar lengthening; tip, septum, osteotomies",Procedure
30465,"Repair of nasal vestibular stenosis (eg, spreader grafting, lateral nasal wall reconstruction)",Procedure
30468,Repair of nasal valve collapse with subcutaneous/submucosal lateral wall implant(s),Procedure
3046F,Most recent hemoglobin A1c level greater than 9.0% (DM),Observation
3048F,Most recent LDL-C less than 100 mg/dL (CAD) (DM),Observation
3049F,Most recent LDL-C 100-129 mg/dL (CAD) (DM),Observation
3050F,Most recent LDL-C greater than or equal to 130 mg/dL (CAD) (DM),Observation
3051F,Most recent hemoglobin A1c (HbA1c) level greater than or equal to 7.0% and less than 8.0% (DM),Observation
30520,"Septoplasty or submucous resection, with or without cartilage scoring, contouring or replacement with graft",Procedure
3052F,Most recent hemoglobin A1c (HbA1c) level greater than or equal to 8.0% and less than or equal to 9.0% (DM),Observation
3060F,Positive microalbuminuria test result documented and reviewed (DM),Observation
3061F,Negative microalbuminuria test result documented and reviewed (DM),Observation
30620,Septal or other intranasal dermatoplasty (does not include obtaining graft),Procedure
3062F,Positive macroalbuminuria test result documented and reviewed (DM),Observation
3072F,Low risk for retinopathy (no evidence of retinopathy in the prior year) (DM),Observation
3073F,"Pre-surgical (cataract) axial length, corneal power measurement and method of intraocular lens power calculation documented within 12 months prior to surgery (EC)",Observation
3074F,"Most recent systolic blood pressure less than 130 mm Hg (DM) (HTN, CKD, CAD)",Observation
3075F,"Most recent systolic blood pressure 130-139 mm Hg (DM) (HTN, CKD, CAD)",Observation
3077F,"Most recent systolic blood pressure greater than or equal to 140 mm Hg (HTN, CKD, CAD) (DM)",Observation
3078F,"Most recent diastolic blood pressure less than 80 mm Hg (HTN, CKD, CAD) (DM)",Observation
3079F,"Most recent diastolic blood pressure 80-89 mm Hg (HTN, CKD, CAD) (DM)",Observation
30801,"Ablation, soft tissue of inferior turbinates, unilateral or bilateral, any method (eg, electrocautery, radiofrequency ablation, or tissue volume reduction); superficial",Procedure
30802,"Ablation, soft tissue of inferior turbinates, unilateral or bilateral, any method (eg, electrocautery, radiofrequency ablation, or tissue volume reduction); intramural (ie, submucosal)",Procedure
3080F,"Most recent diastolic blood pressure greater than or equal to 90 mm Hg (HTN, CKD, CAD) (DM)",Observation
3089F,"Major depressive disorder, moderate (MDD)",Observation
30901,"Control nasal hemorrhage, anterior, simple (limited cautery and/or packing) any method",Procedure
30903,"Control nasal hemorrhage, anterior, complex (extensive cautery and/or packing) any method",Procedure
30905,"Control nasal hemorrhage, posterior, with posterior nasal packs and/or cautery, any method; initial",Procedure
30906,"Control nasal hemorrhage, posterior, with posterior nasal packs and/or cautery, any method; subsequent",Procedure
30999,"Unlisted procedure, nose",Procedure
3100F,"Carotid imaging study report (includes direct or indirect reference to measurements of distal internal carotid diameter as the denominator for stenosis measurement) (STR, RAD)",Observation
31030,"Sinusotomy, maxillary (antrotomy); radical (Caldwell-Luc) without removal of antrochoanal polyps",Procedure
31040,"Pterygomaxillary fossa surgery, any approach",Procedure
31050,"Sinusotomy, sphenoid, with or without biopsy",Procedure
31070,"Sinusotomy frontal; external, simple (trephine operation)",Procedure
31075,"Sinusotomy frontal; transorbital, unilateral (for mucocele or osteoma, Lynch type)",Procedure
31080,"Sinusotomy frontal; obliterative without osteoplastic flap, brow incision (includes ablation)",Procedure
31081,"Sinusotomy frontal; obliterative, without osteoplastic flap, coronal incision (includes ablation)",Procedure
31084,"Sinusotomy frontal; obliterative, with osteoplastic flap, brow incision",Procedure
31085,"Sinusotomy frontal; obliterative, with osteoplastic flap, coronal incision",Procedure
31087,"Sinusotomy frontal; nonobliterative, with osteoplastic flap, coronal incision",Procedure
31090,"Sinusotomy, unilateral, 3 or more paranasal sinuses (frontal, maxillary, ethmoid, sphenoid)",Procedure
3112F,"CT or MRI of the brain performed greater than 24 hours after arrival to the hospital or performed in an outpatient imaging center for purpose other than confirmation of initial diagnosis of stroke, TIA, or intracranial hemorrhage (STR)",Observation
3120F,12-Lead ECG Performed (EM),Observation
31225,Maxillectomy; without orbital exenteration,Procedure
31231,"Nasal endoscopy, diagnostic, unilateral or bilateral (separate procedure)",Procedure
31233,"Nasal/sinus endoscopy, diagnostic; with maxillary sinusoscopy (via inferior meatus or canine fossa puncture)",Procedure
31237,"Nasal/sinus endoscopy, surgical; with biopsy, polypectomy or debridement (separate procedure)",Procedure
31238,"Nasal/sinus endoscopy, surgical; with control of nasal hemorrhage",Procedure
31239,"Nasal/sinus endoscopy, surgical; with dacryocystorhinostomy",Procedure
31240,"Nasal/sinus endoscopy, surgical; with concha bullosa resection",Procedure
31241,"Nasal/sinus endoscopy, surgical; with ligation of sphenopalatine artery",Procedure
31253,"Nasal/sinus endoscopy, surgical with ethmoidectomy; total (anterior and posterior), including frontal sinus exploration, with removal of tissue from frontal sinus, when performed",Procedure
31256,"Nasal/sinus endoscopy, surgical, with maxillary antrostomy",Procedure
31257,"Nasal/sinus endoscopy, surgical with ethmoidectomy; total (anterior and posterior), including sphenoidotomy",Procedure
31259,"Nasal/sinus endoscopy, surgical with ethmoidectomy; total (anterior and posterior), including sphenoidotomy, with removal of tissue from the sphenoid sinus",Procedure
3125F,"Esophageal biopsy report with statement about dysplasia (present, absent, or indefinite) (PATH) (Deprecated)",Observation
31267,"Nasal/sinus endoscopy, surgical, with maxillary antrostomy; with removal of tissue from maxillary sinus",Procedure
3126F,"Esophageal biopsy report with a statement about dysplasia (present, absent, or indefinite, and if present, contains appropriate grading) (PATH)",Observation
31276,"Nasal/sinus endoscopy, surgical, with frontal sinus exploration, including removal of tissue from frontal sinus, when performed",Procedure
31287,"Nasal/sinus endoscopy, surgical, with sphenoidotomy",Procedure
31288,"Nasal/sinus endoscopy, surgical, with sphenoidotomy; with removal of tissue from the sphenoid sinus",Procedure
31290,"Nasal/sinus endoscopy, surgical, with repair of cerebrospinal fluid leak; ethmoid region",Procedure
31291,"Nasal/sinus endoscopy, surgical, with repair of cerebrospinal fluid leak; sphenoid region",Procedure
31292,"Nasal/sinus endoscopy, surgical, with orbital decompression; medial or inferior wall",Procedure
31293,"Nasal/sinus endoscopy, surgical, with orbital decompression; medial and inferior wall",Procedure
31294,"Nasal/sinus endoscopy, surgical, with optic nerve decompression",Procedure
31295,"Nasal/sinus endoscopy, surgical, with dilation (eg, balloon dilation); maxillary sinus ostium, transnasal or via canine fossa",Procedure
31296,"Nasal/sinus endoscopy, surgical, with dilation (eg, balloon dilation); frontal sinus ostium",Procedure
31297,"Nasal/sinus endoscopy, surgical, with dilation (eg, balloon dilation); sphenoid sinus ostium",Procedure
31299,"Unlisted procedure, accessory sinuses",Procedure
31300,"Laryngotomy (thyrotomy, laryngofissure), with removal of tumor or laryngocele, cordectomy",Procedure
3130F,Upper gastrointestinal endoscopy performed (GERD),Procedure
31320,"Laryngotomy (thyrotomy, laryngofissure); diagnostic (Deprecated)",Procedure
31360,"Laryngectomy; total, without radical neck dissection",Procedure
31367,"Laryngectomy; subtotal supraglottic, without radical neck dissection",Procedure
31390,"Pharyngolaryngectomy, with radical neck dissection; without reconstruction",Procedure
31400,"Arytenoidectomy or arytenoidopexy, external approach",Procedure
3141F,Upper gastrointestinal endoscopy report indicates no suspicion of Barrett's esophagus (GERD),Observation
3142F,Barium swallow test ordered (GERD),Observation
31502,Tracheotomy tube change prior to establishment of fistula tract,Procedure
31515,"Laryngoscopy direct, with or without tracheoscopy; for aspiration",Procedure
31525,"Laryngoscopy direct, with or without tracheoscopy; diagnostic, except newborn",Procedure
31528,"Laryngoscopy direct, with or without tracheoscopy; with dilation, initial",Procedure
31529,"Laryngoscopy direct, with or without tracheoscopy; with dilation, subsequent",Procedure
31531,"Laryngoscopy, direct, operative, with foreign body removal; with operating microscope or telescope",Procedure
31536,"Laryngoscopy, direct, operative, with biopsy; with operating microscope or telescope",Procedure
31540,"Laryngoscopy, direct, operative, with excision of tumor and/or stripping of vocal cords or epiglottis",Procedure
31541,"Laryngoscopy, direct, operative, with excision of tumor and/or stripping of vocal cords or epiglottis; with operating microscope or telescope",Procedure
31545,"Laryngoscopy, direct, operative, with operating microscope or telescope, with submucosal removal of non-neoplastic lesion(s) of vocal cord; reconstruction with local tissue flap(s)",Procedure
31546,"Laryngoscopy, direct, operative, with operating microscope or telescope, with submucosal removal of non-neoplastic lesion(s) of vocal cord; reconstruction with graft(s) (includes obtaining autograft)",Procedure
31551,"Laryngoplasty; for laryngeal stenosis, with graft, without indwelling stent placement, younger than 12 years of age",Procedure
31552,"Laryngoplasty; for laryngeal stenosis, with graft, without indwelling stent placement, age 12 years or older",Procedure
31553,"Laryngoplasty; for laryngeal stenosis, with graft, with indwelling stent placement, younger than 12 years of age",Procedure
31554,"Laryngoplasty; for laryngeal stenosis, with graft, with indwelling stent placement, age 12 years or older",Procedure
31571,"Laryngoscopy, direct, with injection into vocal cord(s), therapeutic; with operating microscope or telescope",Procedure
31572,"Laryngoscopy, flexible; with ablation or destruction of lesion(s) with laser, unilateral",Procedure
31573,"Laryngoscopy, flexible; with therapeutic injection(s) (eg, chemodenervation agent or corticosteroid, injected percutaneous, transoral, or via endoscope channel), unilateral",Procedure
31574,"Laryngoscopy, flexible; with injection(s) for augmentation (eg, percutaneous, transoral), unilateral",Procedure
31577,"Laryngoscopy, flexible; with removal of foreign body(s)",Procedure
31578,"Laryngoscopy, flexible; with removal of lesion(s), non-laser",Procedure
31579,"Laryngoscopy, flexible or rigid telescopic, with stroboscopy",Procedure
31580,"Laryngoplasty; for laryngeal web, with indwelling keel or stent insertion",Procedure
31582,"Laryngoplasty; for laryngeal stenosis, with graft or core mold, including tracheotomy (Deprecated)",Procedure
31584,"Laryngoplasty; with open reduction and fixation of (eg, plating) fracture, includes tracheostomy, if performed",Procedure
31588,"Laryngoplasty, not otherwise specified (eg, for burns, reconstruction after partial laryngectomy) (Deprecated)",Procedure
31591,"Laryngoplasty, medialization, unilateral",Procedure
31592,Cricotracheal resection,Procedure
31599,"Unlisted procedure, larynx",Procedure
31600,"Tracheostomy, planned (separate procedure)",Procedure
31601,"Tracheostomy, planned (separate procedure); younger than 2 years",Procedure
31605,"Tracheostomy, emergency procedure; cricothyroid membrane",Procedure
31611,"Construction of tracheoesophageal fistula and subsequent insertion of an alaryngeal speech prosthesis (eg, voice button, Blom-Singer prosthesis)",Procedure
31612,"Tracheal puncture, percutaneous with transtracheal aspiration and/or injection",Procedure
31613,"Tracheostoma revision; simple, without flap rotation",Procedure
31614,"Tracheostoma revision; complex, with flap rotation",Procedure
31615,Tracheobronchoscopy through established tracheostomy incision,Observation
31620,Endobronchial ultrasound (EBUS) during bronchoscopic diagnostic or therapeutic intervention(s) (List separately in addition to code for primary procedure[s]) (Deprecated),Procedure
31622,"Bronchoscopy, rigid or flexible, including fluoroscopic guidance, when performed; diagnostic, with cell washing, when performed (separate procedure)",Procedure
31623,"Bronchoscopy, rigid or flexible, including fluoroscopic guidance, when performed; with brushing or protected brushings",Procedure
31624,"Bronchoscopy, rigid or flexible, including fluoroscopic guidance, when performed; with bronchial alveolar lavage",Procedure
31626,"Bronchoscopy, rigid or flexible, including fluoroscopic guidance, when performed; with placement of fiducial markers, single or multiple",Procedure
31627,"Bronchoscopy, rigid or flexible, including fluoroscopic guidance, when performed; with computer-assisted, image-guided navigation (List separately in addition to code for primary procedure[s])",Procedure
31629,"Bronchoscopy, rigid or flexible, including fluoroscopic guidance, when performed; with transbronchial needle aspiration biopsy(s), trachea, main stem and/or lobar bronchus(i)",Procedure
31630,"Bronchoscopy, rigid or flexible, including fluoroscopic guidance, when performed; with tracheal/bronchial dilation or closed reduction of fracture",Procedure
31631,"Bronchoscopy, rigid or flexible, including fluoroscopic guidance, when performed; with placement of tracheal stent(s) (includes tracheal/bronchial dilation as required)",Procedure
31632,"Bronchoscopy, rigid or flexible, including fluoroscopic guidance, when performed; with transbronchial lung biopsy(s), each additional lobe (List separately in addition to code for primary procedure)",Procedure
31633,"Bronchoscopy, rigid or flexible, including fluoroscopic guidance, when performed; with transbronchial needle aspiration biopsy(s), each additional lobe (List separately in addition to code for primary procedure)",Procedure
31634,"Bronchoscopy, rigid or flexible, including fluoroscopic guidance, when performed; with balloon occlusion, with assessment of air leak, with administration of occlusive substance (eg, fibrin glue), if performed",Procedure
31636,"Bronchoscopy, rigid or flexible, including fluoroscopic guidance, when performed; with placement of bronchial stent(s) (includes tracheal/bronchial dilation as required), initial bronchus",Procedure
31637,"Bronchoscopy, rigid or flexible, including fluoroscopic guidance, when performed; each additional major bronchus stented (List separately in addition to code for primary procedure)",Procedure
31638,"Bronchoscopy, rigid or flexible, including fluoroscopic guidance, when performed; with revision of tracheal or bronchial stent inserted at previous session (includes tracheal/bronchial dilation as required)",Procedure
31640,"Bronchoscopy, rigid or flexible, including fluoroscopic guidance, when performed; with excision of tumor",Procedure
31641,"Bronchoscopy, rigid or flexible, including fluoroscopic guidance, when performed; with destruction of tumor or relief of stenosis by any method other than excision (eg, laser therapy, cryotherapy)",Procedure
31643,"Bronchoscopy, rigid or flexible, including fluoroscopic guidance, when performed; with placement of catheter(s) for intracavitary radioelement application",Procedure
31645,"Bronchoscopy, rigid or flexible, including fluoroscopic guidance, when performed; with therapeutic aspiration of tracheobronchial tree, initial",Procedure
31646,"Bronchoscopy, rigid or flexible, including fluoroscopic guidance, when performed; with therapeutic aspiration of tracheobronchial tree, subsequent, same hospital stay",Procedure
31647,"Bronchoscopy, rigid or flexible, including fluoroscopic guidance, when performed; with balloon occlusion, when performed, assessment of air leak, airway sizing, and insertion of bronchial valve(s), initial lobe",Procedure
31648,"Bronchoscopy, rigid or flexible, including fluoroscopic guidance, when performed; with removal of bronchial valve(s), initial lobe",Procedure
31649,"Bronchoscopy, rigid or flexible, including fluoroscopic guidance, when performed; with removal of bronchial valve(s), each additional lobe (List separately in addition to code for primary procedure)",Procedure
31651,"Bronchoscopy, rigid or flexible, including fluoroscopic guidance, when performed; with balloon occlusion, when performed, assessment of air leak, airway sizing, and insertion of bronchial valve(s), each additional lobe (List separately in addition to c...",Procedure
31652,"Bronchoscopy, rigid or flexible, including fluoroscopic guidance, when performed; with endobronchial ultrasound (EBUS) guided transtracheal and/or transbronchial sampling (eg, aspiration[s]/biopsy[ies]), one or two mediastinal and/or hilar lymph node s...",Procedure
31653,"Bronchoscopy, rigid or flexible, including fluoroscopic guidance, when performed; with endobronchial ultrasound (EBUS) guided transtracheal and/or transbronchial sampling (eg, aspiration[s]/biopsy[ies]), 3 or more mediastinal and/or hilar lymph node st...",Procedure
31654,"Bronchoscopy, rigid or flexible, including fluoroscopic guidance, when performed; with transendoscopic endobronchial ultrasound (EBUS) during bronchoscopic diagnostic or therapeutic intervention(s) for peripheral lesion(s) (List separately in addition...",Procedure
31660,"Bronchoscopy, rigid or flexible, including fluoroscopic guidance, when performed; with bronchial thermoplasty, 1 lobe",Procedure
31661,"Bronchoscopy, rigid or flexible, including fluoroscopic guidance, when performed; with bronchial thermoplasty, 2 or more lobes",Procedure
31730,Transtracheal (percutaneous) introduction of needle wire dilator/stent or indwelling tube for oxygen therapy,Procedure
31755,"Tracheoplasty; tracheopharyngeal fistulization, each stage",Procedure
31775,Bronchoplasty; excision stenosis and anastomosis,Procedure
31800,Suture of tracheal wound or injury; cervical,Procedure
31805,Suture of tracheal wound or injury; intrathoracic,Procedure
31820,Surgical closure tracheostomy or fistula; without plastic repair,Procedure
31825,Surgical closure tracheostomy or fistula; with plastic repair,Procedure
31899,"Unlisted procedure, trachea, bronchi",Procedure
32020,"Tube thoracostomy with or without water seal (eg, for abscess, hemothorax, empyema) (separate procedure) (Deprecated)",Procedure
32035,Thoracostomy; with rib resection for empyema,Procedure
32036,Thoracostomy; with open flap drainage for empyema,Procedure
32095,"Thoracotomy, limited, for biopsy of lung or pleura (Deprecated)",Procedure
32096,"Thoracotomy, with diagnostic biopsy(ies) of lung infiltrate(s) (eg, wedge, incisional), unilateral",Procedure
32097,"Thoracotomy, with diagnostic biopsy(ies) of lung nodule(s) or mass(es) (eg, wedge, incisional), unilateral",Procedure
32098,"Thoracotomy, with biopsy(ies) of pleura",Procedure
32110,Thoracotomy; with control of traumatic hemorrhage and/or repair of lung tear,Procedure
32120,Thoracotomy; for postoperative complications,Procedure
32140,"Thoracotomy; with cyst(s) removal, includes pleural procedure when performed",Procedure
32141,"Thoracotomy; with resection-plication of bullae, includes any pleural procedure when performed",Procedure
32150,Thoracotomy; with removal of intrapleural foreign body or fibrin deposit,Procedure
3215F,Patient has documented immunity to Hepatitis A (HEP-C),Observation
32200,"Pneumonostomy, with open drainage of abscess or cyst",Procedure
32201,Pneumonostomy; with percutaneous drainage of abscess or cyst (Deprecated),Procedure
32215,Pleural scarification for repeat pneumothorax,Procedure
32220,"Decortication, pulmonary (separate procedure); total",Procedure
32225,"Decortication, pulmonary (separate procedure); partial",Procedure
32405,"Biopsy, lung or mediastinum, percutaneous needle (Deprecated)",Procedure
32408,"Core needle biopsy, lung or mediastinum, percutaneous, including imaging guidance, when performed",Procedure
32420,"Pneumocentesis, puncture of lung for aspiration (Deprecated)",Procedure
32440,"Removal of lung, pneumonectomy",Procedure
32442,"Removal of lung, pneumonectomy; with resection of segment of trachea followed by broncho-tracheal anastomosis (sleeve pneumonectomy)",Procedure
32445,"Removal of lung, pneumonectomy; extrapleural",Procedure
32480,"Removal of lung, other than pneumonectomy; single lobe (lobectomy)",Procedure
32482,"Removal of lung, other than pneumonectomy; 2 lobes (bilobectomy)",Procedure
32484,"Removal of lung, other than pneumonectomy; single segment (segmentectomy)",Procedure
32486,"Removal of lung, other than pneumonectomy; with circumferential resection of segment of bronchus followed by broncho-bronchial anastomosis (sleeve lobectomy)",Procedure
32491,"Removal of lung, other than pneumonectomy; with resection-plication of emphysematous lung(s) (bullous or non-bullous) for lung volume reduction, sternal split or transthoracic approach, includes any pleural procedure, when performed",Procedure
32500,"Removal of lung, other than total pneumonectomy; wedge resection, single or multiple (Deprecated)",Procedure
32501,Resection and repair of portion of bronchus (bronchoplasty) when performed at time of lobectomy or segmentectomy (List separately in addition to code for primary procedure),Procedure
32503,"Resection of apical lung tumor (eg, Pancoast tumor), including chest wall resection, rib(s) resection(s), neurovascular dissection, when performed; without chest wall reconstruction(s)",Procedure
32504,"Resection of apical lung tumor (eg, Pancoast tumor), including chest wall resection, rib(s) resection(s), neurovascular dissection, when performed; with chest wall reconstruction",Procedure
32505,"Thoracotomy; with therapeutic wedge resection (eg, mass, nodule), initial",Procedure
32506,"Thoracotomy; with therapeutic wedge resection (eg, mass or nodule), each additional resection, ipsilateral (List separately in addition to code for primary procedure)",Procedure
32507,Thoracotomy; with diagnostic wedge resection followed by anatomic lung resection (List separately in addition to code for primary procedure),Procedure
3250F,Specimen site other than anatomic location of primary tumor (PATH),Observation
32550,Insertion of indwelling tunneled pleural catheter with cuff,Procedure
32551,"Tube thoracostomy, includes connection to drainage system (eg, water seal), when performed, open (separate procedure)",Procedure
32552,Removal of indwelling tunneled pleural catheter with cuff,Procedure
32553,"Placement of interstitial device(s) for radiation therapy guidance (eg, fiducial markers, dosimeter), percutaneous, intra-thoracic, single or multiple",Procedure
32554,"Thoracentesis, needle or catheter, aspiration of the pleural space; without imaging guidance",Procedure
32555,"Thoracentesis, needle or catheter, aspiration of the pleural space; with imaging guidance",Procedure
32556,"Pleural drainage, percutaneous, with insertion of indwelling catheter; without imaging guidance",Procedure
32557,"Pleural drainage, percutaneous, with insertion of indwelling catheter; with imaging guidance",Procedure
32561,"Instillation(s), via chest tube/catheter, agent for fibrinolysis (eg, fibrinolytic agent for break up of multiloculated effusion); initial day",Procedure
32562,"Instillation(s), via chest tube/catheter, agent for fibrinolysis (eg, fibrinolytic agent for break up of multiloculated effusion); subsequent day",Procedure
32601,"Thoracoscopy, diagnostic (separate procedure); lungs, pericardial sac, mediastinal or pleural space, without biopsy",Procedure
32602,"Thoracoscopy, diagnostic (separate procedure); lungs and pleural space, with biopsy (Deprecated)",Procedure
32604,"Thoracoscopy, diagnostic (separate procedure); pericardial sac, with biopsy",Procedure
32606,"Thoracoscopy, diagnostic (separate procedure); mediastinal space, with biopsy",Procedure
32607,"Thoracoscopy; with diagnostic biopsy(ies) of lung infiltrate(s) (eg, wedge, incisional), unilateral",Procedure
32608,"Thoracoscopy; with diagnostic biopsy(ies) of lung nodule(s) or mass(es) (eg, wedge, incisional), unilateral",Procedure
3260F,"PT category (primary tumor), pN category (regional lymph nodes), and histologic grade documented in pathology report (PATH)",Observation
32651,"Thoracoscopy, surgical; with partial pulmonary decortication",Procedure
32652,"Thoracoscopy, surgical; with total pulmonary decortication, including intrapleural pneumonolysis",Procedure
32653,"Thoracoscopy, surgical; with removal of intrapleural foreign body or fibrin deposit",Procedure
32655,"Thoracoscopy, surgical; with resection-plication of bullae, includes any pleural procedure when performed",Procedure
32656,"Thoracoscopy, surgical; with parietal pleurectomy",Procedure
32657,"Thoracoscopy, surgical; with wedge resection of lung, single or multiple (Deprecated)",Procedure
32658,"Thoracoscopy, surgical; with removal of clot or foreign body from pericardial sac",Procedure
32659,"Thoracoscopy, surgical; with creation of pericardial window or partial resection of pericardial sac for drainage",Procedure
32661,"Thoracoscopy, surgical; with excision of pericardial cyst, tumor, or mass",Procedure
32662,"Thoracoscopy, surgical; with excision of mediastinal cyst, tumor, or mass",Procedure
32663,"Thoracoscopy, surgical; with lobectomy (single lobe)",Procedure
32664,"Thoracoscopy, surgical; with thoracic sympathectomy",Procedure
32665,"Thoracoscopy, surgical; with esophagomyotomy (Heller type)",Procedure
32666,"Thoracoscopy, surgical; with therapeutic wedge resection (eg, mass, nodule), initial unilateral",Procedure
32667,"Thoracoscopy, surgical; with therapeutic wedge resection (eg, mass or nodule), each additional resection, ipsilateral (List separately in addition to code for primary procedure)",Procedure
32668,"Thoracoscopy, surgical; with diagnostic wedge resection followed by anatomic lung resection (List separately in addition to code for primary procedure)",Procedure
32669,"Thoracoscopy, surgical; with removal of a single lung segment (segmentectomy)",Procedure
32670,"Thoracoscopy, surgical; with removal of two lobes (bilobectomy)",Procedure
32671,"Thoracoscopy, surgical; with removal of lung (pneumonectomy)",Procedure
32672,"Thoracoscopy, surgical; with resection-plication for emphysematous lung (bullous or non-bullous) for lung volume reduction (LVRS), unilateral includes any pleural procedure, when performed",Procedure
32673,"Thoracoscopy, surgical; with resection of thymus, unilateral or bilateral",Procedure
32674,"Thoracoscopy, surgical; with mediastinal and regional lymphadenectomy (List separately in addition to code for primary procedure)",Procedure
3267F,"Pathology report includes pT category, pN category, Gleason score, and statement about margin status (PATH)",Observation
32701,"Thoracic target(s) delineation for stereotactic body radiation therapy (SRS/SBRT), (photon or particle beam), entire course of treatment",Procedure
32800,Repair lung hernia through chest wall,Procedure
32810,Closure of chest wall following open flap drainage for empyema (Clagett type procedure),Procedure
3284F,Intraocular pressure (IOP) reduced by a value of greater than or equal to 15% from the pre-intervention level (EC),Observation
32851,"Lung transplant, single; without cardiopulmonary bypass",Procedure
32852,"Lung transplant, single; with cardiopulmonary bypass",Procedure
32853,"Lung transplant, double (bilateral sequential or en bloc); without cardiopulmonary bypass",Procedure
32854,"Lung transplant, double (bilateral sequential or en bloc); with cardiopulmonary bypass",Procedure
32855,"Backbench standard preparation of cadaver donor lung allograft prior to transplantation, including dissection of allograft from surrounding soft tissues to prepare pulmonary venous/atrial cuff, pulmonary artery, and bronchus; unilateral",Procedure
32856,"Backbench standard preparation of cadaver donor lung allograft prior to transplantation, including dissection of allograft from surrounding soft tissues to prepare pulmonary venous/atrial cuff, pulmonary artery, and bronchus; bilateral",Procedure
3285F,Intraocular pressure (IOP) reduced by a value less than 15% from the pre-intervention level (EC),Observation
3288F,Falls risk assessment documented (GER),Observation
32900,"Resection of ribs, extrapleural, all stages",Procedure
32905,"Thoracoplasty, Schede type or extrapleural (all stages)",Procedure
32906,"Thoracoplasty, Schede type or extrapleural (all stages); with closure of bronchopleural fistula",Procedure
32994,"Ablation therapy for reduction or eradication of 1 or more pulmonary tumor(s) including pleura or chest wall when involved by tumor extension, percutaneous, including imaging guidance when performed, unilateral; cryoablation",Procedure
32997,Total lung lavage (unilateral),Procedure
32998,"Ablation therapy for reduction or eradication of 1 or more pulmonary tumor(s) including pleura or chest wall when involved by tumor extension, percutaneous, including imaging guidance when performed, unilateral; radiofrequency",Procedure
32999,"Unlisted procedure, lungs and pleura",Procedure
33010,Pericardiocentesis; initial (Deprecated),Procedure
33011,Pericardiocentesis; subsequent (Deprecated),Procedure
33015,Tube pericardiostomy (Deprecated),Procedure
33017,"Pericardial drainage with insertion of indwelling catheter, percutaneous, including fluoroscopy and/or ultrasound guidance, when performed; 6 years and older without congenital cardiac anomaly",Procedure
33018,"Pericardial drainage with insertion of indwelling catheter, percutaneous, including fluoroscopy and/or ultrasound guidance, when performed; birth through 5 years of age or any age with congenital cardiac anomaly",Procedure
33019,"Pericardial drainage with insertion of indwelling catheter, percutaneous, including CT guidance",Procedure
33020,Pericardiotomy for removal of clot or foreign body (primary procedure),Procedure
33025,Creation of pericardial window or partial resection for drainage,Procedure
33030,"Pericardiectomy, subtotal or complete; without cardiopulmonary bypass",Procedure
33031,"Pericardiectomy, subtotal or complete; with cardiopulmonary bypass",Procedure
33050,Resection of pericardial cyst or tumor,Procedure
33120,"Excision of intracardiac tumor, resection with cardiopulmonary bypass",Procedure
33130,Resection of external cardiac tumor,Procedure
33140,"Transmyocardial laser revascularization, by thoracotomy; (separate procedure)",Procedure
33141,"Transmyocardial laser revascularization, by thoracotomy; performed at the time of other open cardiac procedure(s) (List separately in addition to code for primary procedure)",Procedure
3315F,Estrogen receptor (ER) or progesterone receptor (PR) positive breast cancer (ONC),Observation
33200,Insertion of permanent pacemaker with epicardial electrode(s); by thoracotomy (Deprecated),Procedure
33202,"Insertion of epicardial electrode(s); open incision (eg, thoracotomy, median sternotomy, subxiphoid approach)",Procedure
33203,"Insertion of epicardial electrode(s); endoscopic approach (eg, thoracoscopy, pericardioscopy)",Procedure
33206,Insertion of new or replacement of permanent pacemaker with transvenous electrode(s); atrial,Procedure
33207,Insertion of new or replacement of permanent pacemaker with transvenous electrode(s); ventricular,Procedure
33208,Insertion of new or replacement of permanent pacemaker with transvenous electrode(s); atrial and ventricular,Procedure
33210,Insertion or replacement of temporary transvenous single chamber cardiac electrode or pacemaker catheter (separate procedure),Procedure
33211,Insertion or replacement of temporary transvenous dual chamber pacing electrodes (separate procedure),Procedure
33212,Insertion of pacemaker pulse generator only; with existing single lead,Procedure
33213,Insertion of pacemaker pulse generator only; with existing dual leads,Procedure
33214,"Upgrade of implanted pacemaker system, conversion of single chamber system to dual chamber system (includes removal of previously placed pulse generator, testing of existing lead, insertion of new lead, insertion of new pulse generator)",Procedure
33215,Repositioning of previously implanted transvenous pacemaker or implantable defibrillator (right atrial or right ventricular) electrode,Procedure
33216,"Insertion of a single transvenous electrode, permanent pacemaker or implantable defibrillator",Procedure
33217,"Insertion of 2 transvenous electrodes, permanent pacemaker or implantable defibrillator",Procedure
33218,"Repair of single transvenous electrode, permanent pacemaker or implantable defibrillator",Procedure
33220,Repair of 2 transvenous electrodes for permanent pacemaker or implantable defibrillator,Procedure
33221,Insertion of pacemaker pulse generator only; with existing multiple leads,Procedure
33222,Relocation of skin pocket for pacemaker,Procedure
33223,Relocation of skin pocket for implantable defibrillator,Procedure
33224,"Insertion of pacing electrode, cardiac venous system, for left ventricular pacing, with attachment to previously placed pacemaker or implantable defibrillator pulse generator (including revision of pocket, removal, insertion, and/or replacement of exis...",Procedure
33225,"Insertion of pacing electrode, cardiac venous system, for left ventricular pacing, at time of insertion of implantable defibrillator or pacemaker pulse generator (eg, for upgrade to dual chamber system) (List separately in addition to code for primary...",Procedure
33226,"Repositioning of previously implanted cardiac venous system (left ventricular) electrode (including removal, insertion and/or replacement of existing generator)",Procedure
33227,Removal of permanent pacemaker pulse generator with replacement of pacemaker pulse generator; single lead system,Procedure
33228,Removal of permanent pacemaker pulse generator with replacement of pacemaker pulse generator; dual lead system,Procedure
33229,Removal of permanent pacemaker pulse generator with replacement of pacemaker pulse generator; multiple lead system,Procedure
33230,Insertion of implantable defibrillator pulse generator only; with existing dual leads,Procedure
33231,Insertion of implantable defibrillator pulse generator only; with existing multiple leads,Procedure
33233,Removal of permanent pacemaker pulse generator only,Procedure
33234,"Removal of transvenous pacemaker electrode(s); single lead system, atrial or ventricular",Procedure
33235,Removal of transvenous pacemaker electrode(s); dual lead system,Procedure
33236,"Removal of permanent epicardial pacemaker and electrodes by thoracotomy; single lead system, atrial or ventricular",Procedure
33237,Removal of permanent epicardial pacemaker and electrodes by thoracotomy; dual lead system,Procedure
33238,Removal of permanent transvenous electrode(s) by thoracotomy,Procedure
33240,Insertion of implantable defibrillator pulse generator only; with existing single lead,Procedure
33241,Removal of implantable defibrillator pulse generator only,Procedure
33243,Removal of single or dual chamber implantable defibrillator electrode(s); by thoracotomy,Procedure
33244,Removal of single or dual chamber implantable defibrillator electrode(s); by transvenous extraction,Procedure
33249,"Insertion or replacement of permanent implantable defibrillator system, with transvenous lead(s), single or dual chamber",Procedure
3324F,"MRI or CT scan ordered, reviewed or requested (EPI)",Observation
33250,"Operative ablation of supraventricular arrhythmogenic focus or pathway (eg, Wolff-Parkinson-White, atrioventricular node re-entry), tract(s) and/or focus (foci); without cardiopulmonary bypass",Procedure
33251,"Operative ablation of supraventricular arrhythmogenic focus or pathway (eg, Wolff-Parkinson-White, atrioventricular node re-entry), tract(s) and/or focus (foci); with cardiopulmonary bypass",Procedure
33254,"Operative tissue ablation and reconstruction of atria, limited (eg, modified maze procedure)",Procedure
33255,"Operative tissue ablation and reconstruction of atria, extensive (eg, maze procedure); without cardiopulmonary bypass",Procedure
33256,"Operative tissue ablation and reconstruction of atria, extensive (eg, maze procedure); with cardiopulmonary bypass",Procedure
33257,"Operative tissue ablation and reconstruction of atria, performed at the time of other cardiac procedure(s), limited (eg, modified maze procedure) (List separately in addition to code for primary procedure)",Procedure
33258,"Operative tissue ablation and reconstruction of atria, performed at the time of other cardiac procedure(s), extensive (eg, maze procedure), without cardiopulmonary bypass (List separately in addition to code for primary procedure)",Procedure
33259,"Operative tissue ablation and reconstruction of atria, performed at the time of other cardiac procedure(s), extensive (eg, maze procedure), with cardiopulmonary bypass (List separately in addition to code for primary procedure)",Procedure
33261,Operative ablation of ventricular arrhythmogenic focus with cardiopulmonary bypass,Procedure
33262,Removal of implantable defibrillator pulse generator with replacement of implantable defibrillator pulse generator; single lead system,Procedure
33263,Removal of implantable defibrillator pulse generator with replacement of implantable defibrillator pulse generator; dual lead system,Procedure
33264,Removal of implantable defibrillator pulse generator with replacement of implantable defibrillator pulse generator; multiple lead system,Procedure
33265,"Endoscopy, surgical; operative tissue ablation and reconstruction of atria, limited (eg, modified maze procedure), without cardiopulmonary bypass",Procedure
33266,"Endoscopy, surgical; operative tissue ablation and reconstruction of atria, extensive (eg, maze procedure), without cardiopulmonary bypass",Procedure
33270,"Insertion or replacement of permanent subcutaneous implantable defibrillator system, with subcutaneous electrode, including defibrillation threshold evaluation, induction of arrhythmia, evaluation of sensing for arrhythmia termination, and programming...",Procedure
33271,Insertion of subcutaneous implantable defibrillator electrode,Procedure
33272,Removal of subcutaneous implantable defibrillator electrode,Procedure
33273,Repositioning of previously implanted subcutaneous implantable defibrillator electrode,Procedure
33274,"Transcatheter insertion or replacement of permanent leadless pacemaker, right ventricular, including imaging guidance (eg, fluoroscopy, venous ultrasound, ventriculography, femoral venography) and device evaluation (eg, interrogation or programming), w...",Procedure
33275,"Transcatheter removal of permanent leadless pacemaker, right ventricular, including imaging guidance (eg, fluoroscopy, venous ultrasound, ventriculography, femoral venography), when performed",Procedure
33282,Implantation of patient-activated cardiac event recorder (Deprecated),Procedure
33284,"Removal of an implantable, patient-activated cardiac event recorder (Deprecated)",Procedure
33285,"Insertion, subcutaneous cardiac rhythm monitor, including programming",Procedure
33286,"Removal, subcutaneous cardiac rhythm monitor",Procedure
33289,"Transcatheter implantation of wireless pulmonary artery pressure sensor for long-term hemodynamic monitoring, including deployment and calibration of the sensor, right heart catheterization, selective pulmonary catheterization, radiological supervision...",Procedure
33300,Repair of cardiac wound; without bypass,Procedure
33305,Repair of cardiac wound; with cardiopulmonary bypass,Procedure
33310,"Cardiotomy, exploratory (includes removal of foreign body, atrial or ventricular thrombus); without bypass",Procedure
33315,"Cardiotomy, exploratory (includes removal of foreign body, atrial or ventricular thrombus); with cardiopulmonary bypass",Procedure
33320,Suture repair of aorta or great vessels; without shunt or cardiopulmonary bypass,Procedure
33321,Suture repair of aorta or great vessels; with shunt bypass,Procedure
33322,Suture repair of aorta or great vessels; with cardiopulmonary bypass,Procedure
33330,"Insertion of graft, aorta or great vessels; without shunt, or cardiopulmonary bypass",Procedure
33335,"Insertion of graft, aorta or great vessels; with cardiopulmonary bypass",Procedure
33340,"Percutaneous transcatheter closure of the left atrial appendage with endocardial implant, including fluoroscopy, transseptal puncture, catheter placement(s), left atrial angiography, left atrial appendage angiography, when performed, and radiological s...",Procedure
33361,Transcatheter aortic valve replacement (TAVR/TAVI) with prosthetic valve; percutaneous femoral artery approach,Procedure
33362,Transcatheter aortic valve replacement (TAVR/TAVI) with prosthetic valve; open femoral artery approach,Procedure
33363,Transcatheter aortic valve replacement (TAVR/TAVI) with prosthetic valve; open axillary artery approach,Procedure
33364,Transcatheter aortic valve replacement (TAVR/TAVI) with prosthetic valve; open iliac artery approach,Procedure
33365,"Transcatheter aortic valve replacement (TAVR/TAVI) with prosthetic valve; transaortic approach (eg, median sternotomy, mediastinotomy)",Procedure
33366,"Transcatheter aortic valve replacement (TAVR/TAVI) with prosthetic valve; transapical exposure (eg, left thoracotomy)",Procedure
33367,"Transcatheter aortic valve replacement (TAVR/TAVI) with prosthetic valve; cardiopulmonary bypass support with percutaneous peripheral arterial and venous cannulation (eg, femoral vessels) (List separately in addition to code for primary procedure)",Procedure
33368,"Transcatheter aortic valve replacement (TAVR/TAVI) with prosthetic valve; cardiopulmonary bypass support with open peripheral arterial and venous cannulation (eg, femoral, iliac, axillary vessels) (List separately in addition to code for primary proced...",Procedure
33369,"Transcatheter aortic valve replacement (TAVR/TAVI) with prosthetic valve; cardiopulmonary bypass support with central arterial and venous cannulation (eg, aorta, right atrium, pulmonary artery) (List separately in addition to code for primary procedure)",Procedure
33390,"Valvuloplasty, aortic valve, open, with cardiopulmonary bypass; simple (ie, valvotomy, debridement, debulking, and/or simple commissural resuspension)",Procedure
33391,"Valvuloplasty, aortic valve, open, with cardiopulmonary bypass; complex (eg, leaflet extension, leaflet resection, leaflet reconstruction, or annuloplasty)",Procedure
33400,"Repair of left lower heart valve on heart-lung machine, open procedure (Deprecated)",Procedure
33403,"Valvuloplasty, aortic valve; using transventricular dilation, with cardiopulmonary bypass (Deprecated)",Procedure
33405,"Replacement, aortic valve, open, with cardiopulmonary bypass; with prosthetic valve other than homograft or stentless valve",Procedure
33406,"Replacement, aortic valve, open, with cardiopulmonary bypass; with allograft valve (freehand)",Procedure
33410,"Replacement, aortic valve, open, with cardiopulmonary bypass; with stentless tissue valve",Procedure
33411,"Replacement, aortic valve; with aortic annulus enlargement, noncoronary sinus",Procedure
33414,Repair of left ventricular outflow tract obstruction by patch enlargement of the outflow tract,Procedure
33415,Resection or incision of subvalvular tissue for discrete subvalvular aortic stenosis,Procedure
33416,"Ventriculomyotomy (-myectomy) for idiopathic hypertrophic subaortic stenosis (eg, asymmetric septal hypertrophy)",Procedure
33417,Aortoplasty (gusset) for supravalvular stenosis,Procedure
33418,"Transcatheter mitral valve repair, percutaneous approach, including transseptal puncture when performed; initial prosthesis",Procedure
33419,"Transcatheter mitral valve repair, percutaneous approach, including transseptal puncture when performed; additional prosthesis(es) during same session (List separately in addition to code for primary procedure)",Procedure
33422,"Valvotomy, mitral valve; open heart, with cardiopulmonary bypass",Procedure
33425,"Valvuloplasty, mitral valve, with cardiopulmonary bypass",Procedure
33426,"Valvuloplasty, mitral valve, with cardiopulmonary bypass; with prosthetic ring",Procedure
33427,"Valvuloplasty, mitral valve, with cardiopulmonary bypass; radical reconstruction, with or without ring",Procedure
3342F,"Mammogram assessment category of ""benign,"" documented (RAD)",Observation
33430,"Replacement, mitral valve, with cardiopulmonary bypass",Procedure
33440,"Replacement, aortic valve; by translocation of autologous pulmonary valve and transventricular aortic annulus enlargement of the left ventricular outflow tract with valved conduit replacement of pulmonary valve (Ross-Konno procedure)",Procedure
33460,"Valvectomy, tricuspid valve, with cardiopulmonary bypass",Procedure
33463,"Valvuloplasty, tricuspid valve; without ring insertion",Procedure
33464,"Valvuloplasty, tricuspid valve; with ring insertion",Procedure
33465,"Replacement, tricuspid valve, with cardiopulmonary bypass",Procedure
33470,"Valvotomy, pulmonary valve, closed heart; transventricular (Deprecated)",Procedure
33474,"Valvotomy, pulmonary valve, open heart, with cardiopulmonary bypass",Procedure
33475,"Replacement, pulmonary valve",Procedure
33476,"Right ventricular resection for infundibular stenosis, with or without commissurotomy",Procedure
33477,"Transcatheter pulmonary valve implantation, percutaneous approach, including pre-stenting of the valve delivery site, when performed",Procedure
33496,Repair of non-structural prosthetic valve dysfunction with cardiopulmonary bypass (separate procedure),Procedure
33500,Repair of coronary arteriovenous or arteriocardiac chamber fistula; with cardiopulmonary bypass,Procedure
33501,Repair of coronary arteriovenous or arteriocardiac chamber fistula; without cardiopulmonary bypass,Procedure
33502,Repair of anomalous coronary artery from pulmonary artery origin; by ligation,Procedure
33503,"Repair of anomalous coronary artery from pulmonary artery origin; by graft, without cardiopulmonary bypass",Procedure
33504,"Repair of anomalous coronary artery from pulmonary artery origin; by graft, with cardiopulmonary bypass",Procedure
33505,Repair of anomalous coronary artery from pulmonary artery origin; with construction of intrapulmonary artery tunnel (Takeuchi procedure),Procedure
33506,Repair of anomalous coronary artery from pulmonary artery origin; by translocation from pulmonary artery to aorta,Procedure
33507,"Repair of anomalous (eg, intramural) aortic origin of coronary artery by unroofing or translocation",Procedure
33508,"Endoscopy, surgical, including video-assisted harvest of vein(s) for coronary artery bypass procedure (List separately in addition to code for primary procedure)",Procedure
33510,"Coronary artery bypass, vein only; single coronary venous graft",Procedure
33511,"Coronary artery bypass, vein only; 2 coronary venous grafts",Procedure
33512,"Coronary artery bypass, vein only; 3 coronary venous grafts",Procedure
33513,"Coronary artery bypass, vein only; 4 coronary venous grafts",Procedure
33514,"Coronary artery bypass, vein only; 5 coronary venous grafts",Procedure
33516,"Coronary artery bypass, vein only; 6 or more coronary venous grafts",Procedure
33517,"Coronary artery bypass, using venous graft(s) and arterial graft(s); single vein graft (List separately in addition to code for primary procedure)",Procedure
33518,"Coronary artery bypass, using venous graft(s) and arterial graft(s); 2 venous grafts (List separately in addition to code for primary procedure)",Procedure
33519,"Coronary artery bypass, using venous graft(s) and arterial graft(s); 3 venous grafts (List separately in addition to code for primary procedure)",Procedure
33521,"Coronary artery bypass, using venous graft(s) and arterial graft(s); 4 venous grafts (List separately in addition to code for primary procedure)",Procedure
33522,"Coronary artery bypass, using venous graft(s) and arterial graft(s); 5 venous grafts (List separately in addition to code for primary procedure)",Procedure
33523,"Coronary artery bypass, using venous graft(s) and arterial graft(s); 6 or more venous grafts (List separately in addition to code for primary procedure)",Procedure
33530,"Reoperation, coronary artery bypass procedure or valve procedure, more than 1 month after original operation (List separately in addition to code for primary procedure)",Procedure
33533,"Coronary artery bypass, using arterial graft(s); single arterial graft",Procedure
33534,"Coronary artery bypass, using arterial graft(s); 2 coronary arterial grafts",Procedure
33535,"Coronary artery bypass, using arterial graft(s); 3 coronary arterial grafts",Procedure
33536,"Coronary artery bypass, using arterial graft(s); 4 or more coronary arterial grafts",Procedure
33545,"Repair of postinfarction ventricular septal defect, with or without myocardial resection",Procedure
33548,"Surgical ventricular restoration procedure, includes prosthetic patch, when performed (eg, ventricular remodeling, SVR, SAVER, Dor procedures)",Procedure
33572,"Coronary endarterectomy, open, any method, of left anterior descending, circumflex, or right coronary artery performed in conjunction with coronary artery bypass graft procedure, each vessel (List separately in addition to primary procedure)",Procedure
33600,Closure of atrioventricular valve (mitral or tricuspid) by suture or patch,Procedure
33602,Closure of semilunar valve (aortic or pulmonary) by suture or patch,Procedure
33606,Anastomosis of pulmonary artery to aorta (Damus-Kaye-Stansel procedure),Procedure
33608,Repair of complex cardiac anomaly other than pulmonary atresia with ventricular septal defect by construction or replacement of conduit from right or left ventricle to pulmonary artery,Procedure
33610,"Repair of complex cardiac anomalies (eg, single ventricle with subaortic obstruction) by surgical enlargement of ventricular septal defect",Procedure
33611,Repair of double outlet right ventricle with intraventricular tunnel repair,Procedure
33612,Repair of double outlet right ventricle with intraventricular tunnel repair; with repair of right ventricular outflow tract obstruction,Procedure
33615,"Repair of complex cardiac anomalies (eg, tricuspid atresia) by closure of atrial septal defect and anastomosis of atria or vena cava to pulmonary artery (simple Fontan procedure)",Procedure
33617,"Repair of complex cardiac anomalies (eg, single ventricle) by modified Fontan procedure",Procedure
33619,"Repair of single ventricle with aortic outflow obstruction and aortic arch hypoplasia (hypoplastic left heart syndrome) (eg, Norwood procedure)",Procedure
33620,"Application of right and left pulmonary artery bands (eg, hybrid approach stage 1)",Procedure
33621,"Transthoracic insertion of catheter for stent placement with catheter removal and closure (eg, hybrid approach stage 1)",Procedure
33622,"Reconstruction of complex cardiac anomaly (eg, single ventricle or hypoplastic left heart) with palliation of single ventricle with aortic outflow obstruction and aortic arch hypoplasia, creation of cavopulmonary anastomosis, and removal of right and l...",Procedure
33641,"Repair atrial septal defect, secundum, with cardiopulmonary bypass, with or without patch",Procedure
33645,"Direct or patch closure, sinus venosus, with or without anomalous pulmonary venous drainage",Procedure
33647,"Repair of atrial septal defect and ventricular septal defect, with direct or patch closure",Procedure
33660,"Repair of incomplete or partial atrioventricular canal (ostium primum atrial septal defect), with or without atrioventricular valve repair",Procedure
33665,"Repair of intermediate or transitional atrioventricular canal, with or without atrioventricular valve repair",Procedure
33670,"Repair of complete atrioventricular canal, with or without prosthetic valve",Procedure
33677,"Closure of multiple ventricular septal defects; with removal of pulmonary artery band, with or without gusset",Procedure
33681,"Closure of single ventricular septal defect, with or without patch",Procedure
33684,"Closure of single ventricular septal defect, with or without patch; with pulmonary valvotomy or infundibular resection (acyanotic)",Procedure
33688,"Closure of single ventricular septal defect, with or without patch; with removal of pulmonary artery band, with or without gusset",Procedure
33692,Complete repair tetralogy of Fallot without pulmonary atresia,Procedure
33694,Complete repair tetralogy of Fallot without pulmonary atresia; with transannular patch,Procedure
33697,Complete repair tetralogy of Fallot with pulmonary atresia including construction of conduit from right ventricle to pulmonary artery and closure of ventricular septal defect,Procedure
33710,"Repair sinus of Valsalva fistula, with cardiopulmonary bypass; with repair of ventricular septal defect",Procedure
33720,"Repair sinus of Valsalva aneurysm, with cardiopulmonary bypass",Procedure
33724,"Repair of isolated partial anomalous pulmonary venous return (eg, Scimitar Syndrome)",Procedure
33726,Repair of pulmonary venous stenosis,Procedure
33730,"Complete repair of anomalous pulmonary venous return (supracardiac, intracardiac, or infracardiac types)",Procedure
33732,Repair of cor triatriatum or supravalvular mitral ring by resection of left atrial membrane,Procedure
33736,Atrial septectomy or septostomy; open heart with cardiopulmonary bypass,Procedure
33737,"Atrial septectomy or septostomy; open heart, with inflow occlusion (Deprecated)",Procedure
33741,"Transcatheter atrial septostomy (TAS) for congenital cardiac anomalies to create effective atrial flow, including all imaging guidance by the proceduralist, when performed, any method (eg, Rashkind, Sang-Park, balloon, cutting balloon, blade)",Procedure
33768,"Anastomosis, cavopulmonary, second superior vena cava (List separately in addition to primary procedure)",Procedure
33770,Repair of transposition of the great arteries with ventricular septal defect and subpulmonary stenosis; without surgical enlargement of ventricular septal defect,Procedure
33774,"Repair of transposition of the great arteries, atrial baffle procedure (eg, Mustard or Senning type) with cardiopulmonary bypass",Procedure
33778,"Repair of transposition of the great arteries, aortic pulmonary artery reconstruction (eg, Jatene type)",Procedure
33780,"Repair of transposition of the great arteries, aortic pulmonary artery reconstruction (eg, Jatene type); with closure of ventricular septal defect",Procedure
33783,"Aortic root translocation with ventricular septal defect and pulmonary stenosis repair (ie, Nikaidoh procedure); with reimplantation of 1 or both coronary ostia",Procedure
33800,"Aortic suspension (aortopexy) for tracheal decompression (eg, for tracheomalacia) (separate procedure)",Procedure
33820,Repair of patent ductus arteriosus; by ligation,Procedure
33840,"Excision of coarctation of aorta, with or without associated patent ductus arteriosus; with direct anastomosis",Procedure
33845,"Excision of coarctation of aorta, with or without associated patent ductus arteriosus; with graft",Procedure
33851,"Excision of coarctation of aorta, with or without associated patent ductus arteriosus; repair using either left subclavian artery or prosthetic material as gusset for enlargement",Procedure
33852,Repair of hypoplastic or interrupted aortic arch using autogenous or prosthetic material; without cardiopulmonary bypass,Procedure
33853,Repair of hypoplastic or interrupted aortic arch using autogenous or prosthetic material; with cardiopulmonary bypass,Procedure
33858,"Ascending aorta graft, with cardiopulmonary bypass, includes valve suspension, when performed; for aortic dissection",Procedure
33859,"Ascending aorta graft, with cardiopulmonary bypass, includes valve suspension, when performed; for aortic disease other than dissection (eg, aneurysm)",Procedure
33860,"Ascending aorta graft, with cardiopulmonary bypass, includes valve suspension, when performed (Deprecated)",Procedure
33861,"Ascending aorta graft, with cardiopulmonary bypass, with or without valve suspension; with coronary reconstruction (Deprecated)",Procedure
33863,"Ascending aorta graft, with cardiopulmonary bypass, with aortic root replacement using valved conduit and coronary reconstruction (eg, Bentall)",Procedure
33864,"Ascending aorta graft, with cardiopulmonary bypass with valve suspension, with coronary reconstruction and valve-sparing aortic root remodeling (eg, David Procedure, Yacoub Procedure)",Procedure
33866,"Aortic hemiarch graft including isolation and control of the arch vessels, beveled open distal aortic anastomosis extending under one or more of the arch vessels, and total circulatory arrest or isolated cerebral perfusion (List separately in addition...",Procedure
33870,"Transverse arch graft, with cardiopulmonary bypass (Deprecated)",Procedure
33871,"Transverse aortic arch graft, with cardiopulmonary bypass, with profound hypothermia, total circulatory arrest and isolated cerebral perfusion with reimplantation of arch vessel(s) (eg, island pedicle or individual arch vessel reimplantation)",Procedure
33875,"Descending thoracic aorta graft, with or without bypass",Procedure
33877,"Repair of thoracoabdominal aortic aneurysm with graft, with or without cardiopulmonary bypass",Procedure
33880,"Endovascular repair of descending thoracic aorta (eg, aneurysm, pseudoaneurysm, dissection, penetrating ulcer, intramural hematoma, or traumatic disruption); involving coverage of left subclavian artery origin, initial endoprosthesis plus descending th...",Procedure
33881,"Endovascular repair of descending thoracic aorta (eg, aneurysm, pseudoaneurysm, dissection, penetrating ulcer, intramural hematoma, or traumatic disruption); not involving coverage of left subclavian artery origin, initial endoprosthesis plus descendin...",Procedure
33883,"Placement of proximal extension prosthesis for endovascular repair of descending thoracic aorta (eg, aneurysm, pseudoaneurysm, dissection, penetrating ulcer, intramural hematoma, or traumatic disruption); initial extension",Procedure
33884,"Placement of proximal extension prosthesis for endovascular repair of descending thoracic aorta (eg, aneurysm, pseudoaneurysm, dissection, penetrating ulcer, intramural hematoma, or traumatic disruption); each additional proximal extension (List separa...",Procedure
33886,Placement of distal extension prosthesis(s) delayed after endovascular repair of descending thoracic aorta,Procedure
33889,"Open subclavian to carotid artery transposition performed in conjunction with endovascular repair of descending thoracic aorta, by neck incision, unilateral",Procedure
33891,"Bypass graft, with other than vein, transcervical retropharyngeal carotid-carotid, performed in conjunction with endovascular repair of descending thoracic aorta, by neck incision",Procedure
33910,Pulmonary artery embolectomy; with cardiopulmonary bypass,Procedure
33915,Pulmonary artery embolectomy; without cardiopulmonary bypass,Procedure
33916,"Pulmonary endarterectomy, with or without embolectomy, with cardiopulmonary bypass",Procedure
33917,Repair of pulmonary artery stenosis by reconstruction with patch or graft,Procedure
33920,"Repair of pulmonary atresia with ventricular septal defect, by construction or replacement of conduit from right or left ventricle to pulmonary artery",Procedure
33922,Transection of pulmonary artery with cardiopulmonary bypass,Procedure
33924,"Ligation and takedown of a systemic-to-pulmonary artery shunt, performed in conjunction with a congenital heart procedure (List separately in addition to code for primary procedure)",Procedure
33925,Repair of pulmonary artery arborization anomalies by unifocalization; without cardiopulmonary bypass,Procedure
33926,Repair of pulmonary artery arborization anomalies by unifocalization; with cardiopulmonary bypass,Procedure
33927,Implantation of a total replacement heart system (artificial heart) with recipient cardiectomy,Procedure
33929,Removal of a total replacement heart system (artificial heart) for heart transplantation (List separately in addition to code for primary procedure),Procedure
33933,"Backbench standard preparation of cadaver donor heart/lung allograft prior to transplantation, including dissection of allograft from surrounding soft tissues to prepare aorta, superior vena cava, inferior vena cava, and trachea for implantation",Procedure
33944,"Backbench standard preparation of cadaver donor heart allograft prior to transplantation, including dissection of allograft from surrounding soft tissues to prepare aorta, superior vena cava, inferior vena cava, pulmonary artery, and left atrium for im...",Procedure
33946,"Extracorporeal membrane oxygenation (ECMO)/extracorporeal life support (ECLS) provided by physician; initiation, veno-venous",Procedure
33947,"Extracorporeal membrane oxygenation (ECMO)/extracorporeal life support (ECLS) provided by physician; initiation, veno-arterial",Procedure
33948,"Extracorporeal membrane oxygenation (ECMO)/extracorporeal life support (ECLS) provided by physician; daily management, each day, veno-venous",Procedure
33949,"Extracorporeal membrane oxygenation (ECMO)/extracorporeal life support (ECLS) provided by physician; daily management, each day, veno-arterial",Procedure
33951,"Extracorporeal membrane oxygenation (ECMO)/extracorporeal life support (ECLS) provided by physician; insertion of peripheral (arterial and/or venous) cannula(e), percutaneous, birth through 5 years of age (includes fluoroscopic guidance, when performed)",Procedure
33952,"Extracorporeal membrane oxygenation (ECMO)/extracorporeal life support (ECLS) provided by physician; insertion of peripheral (arterial and/or venous) cannula(e), percutaneous, 6 years and older (includes fluoroscopic guidance, when performed)",Procedure
33953,"Extracorporeal membrane oxygenation (ECMO)/extracorporeal life support (ECLS) provided by physician; insertion of peripheral (arterial and/or venous) cannula(e), open, birth through 5 years of age",Procedure
33954,"Extracorporeal membrane oxygenation (ECMO)/extracorporeal life support (ECLS) provided by physician; insertion of peripheral (arterial and/or venous) cannula(e), open, 6 years and older",Procedure
33955,"Extracorporeal membrane oxygenation (ECMO)/extracorporeal life support (ECLS) provided by physician; insertion of central cannula(e) by sternotomy or thoracotomy, birth through 5 years of age",Procedure
33956,"Extracorporeal membrane oxygenation (ECMO)/extracorporeal life support (ECLS) provided by physician; insertion of central cannula(e) by sternotomy or thoracotomy, 6 years and older",Procedure
33957,"Extracorporeal membrane oxygenation (ECMO)/extracorporeal life support (ECLS) provided by physician; reposition peripheral (arterial and/or venous) cannula(e), percutaneous, birth through 5 years of age (includes fluoroscopic guidance, when performed)",Procedure
33958,"Extracorporeal membrane oxygenation (ECMO)/extracorporeal life support (ECLS) provided by physician; reposition peripheral (arterial and/or venous) cannula(e), percutaneous, 6 years and older (includes fluoroscopic guidance, when performed)",Procedure
33959,"Extracorporeal membrane oxygenation (ECMO)/extracorporeal life support (ECLS) provided by physician; reposition peripheral (arterial and/or venous) cannula(e), open, birth through 5 years of age (includes fluoroscopic guidance, when performed)",Procedure
3395F,"Quantitative non-HER2 immunohistochemistry (IHC) evaluation of breast cancer (eg, testing for estrogen or progesterone receptors [ER/PR]) performed (PATH)",Observation
33960,Prolonged external circulation of blood flow in heart and lungs (Deprecated),Procedure
33961,Prolonged external circulation of blood flow in heart and lungs (Deprecated),Procedure
33962,"Extracorporeal membrane oxygenation (ECMO)/extracorporeal life support (ECLS) provided by physician; reposition peripheral (arterial and/or venous) cannula(e), open, 6 years and older (includes fluoroscopic guidance, when performed)",Procedure
33964,"Extracorporeal membrane oxygenation (ECMO)/extracorporeal life support (ECLS) provided by physician; reposition central cannula(e) by sternotomy or thoracotomy, 6 years and older (includes fluoroscopic guidance, when performed)",Procedure
33965,"Extracorporeal membrane oxygenation (ECMO)/extracorporeal life support (ECLS) provided by physician; removal of peripheral (arterial and/or venous) cannula(e), percutaneous, birth through 5 years of age",Procedure
33966,"Extracorporeal membrane oxygenation (ECMO)/extracorporeal life support (ECLS) provided by physician; removal of peripheral (arterial and/or venous) cannula(e), percutaneous, 6 years and older",Procedure
33967,"Insertion of intra-aortic balloon assist device, percutaneous",Procedure
33968,"Removal of intra-aortic balloon assist device, percutaneous",Procedure
33969,"Extracorporeal membrane oxygenation (ECMO)/extracorporeal life support (ECLS) provided by physician; removal of peripheral (arterial and/or venous) cannula(e), open, birth through 5 years of age",Procedure
33970,"Insertion of intra-aortic balloon assist device through the femoral artery, open approach",Procedure
33971,"Removal of intra-aortic balloon assist device including repair of femoral artery, with or without graft",Procedure
33973,Insertion of intra-aortic balloon assist device through the ascending aorta,Procedure
33974,"Removal of intra-aortic balloon assist device from the ascending aorta, including repair of the ascending aorta, with or without graft",Procedure
33975,"Insertion of ventricular assist device; extracorporeal, single ventricle",Procedure
33976,"Insertion of ventricular assist device; extracorporeal, biventricular",Procedure
33977,"Removal of ventricular assist device; extracorporeal, single ventricle",Procedure
33978,"Removal of ventricular assist device; extracorporeal, biventricular",Procedure
33979,"Insertion of ventricular assist device, implantable intracorporeal, single ventricle",Procedure
33980,"Removal of ventricular assist device, implantable intracorporeal, single ventricle",Procedure
33981,"Replacement of extracorporeal ventricular assist device, single or biventricular, pump(s), single or each pump",Procedure
33982,"Replacement of ventricular assist device pump(s); implantable intracorporeal, single ventricle, without cardiopulmonary bypass",Procedure
33983,"Replacement of ventricular assist device pump(s); implantable intracorporeal, single ventricle, with cardiopulmonary bypass",Procedure
33984,"Extracorporeal membrane oxygenation (ECMO)/extracorporeal life support (ECLS) provided by physician; removal of peripheral (arterial and/or venous) cannula(e), open, 6 years and older",Procedure
33985,"Extracorporeal membrane oxygenation (ECMO)/extracorporeal life support (ECLS) provided by physician; removal of central cannula(e) by sternotomy or thoracotomy, birth through 5 years of age",Procedure
33986,"Extracorporeal membrane oxygenation (ECMO)/extracorporeal life support (ECLS) provided by physician; removal of central cannula(e) by sternotomy or thoracotomy, 6 years and older",Procedure
33987,"Arterial exposure with creation of graft conduit (eg, chimney graft) to facilitate arterial perfusion for ECMO/ECLS (List separately in addition to code for primary procedure)",Procedure
33988,"Insertion of left heart vent by thoracic incision (eg, sternotomy, thoracotomy) for ECMO/ECLS",Procedure
33989,"Removal of left heart vent by thoracic incision (eg, sternotomy, thoracotomy) for ECMO/ECLS",Procedure
33990,"Insertion of ventricular assist device, percutaneous, including radiological supervision and interpretation; left heart, arterial access only",Procedure
33991,"Insertion of ventricular assist device, percutaneous, including radiological supervision and interpretation; left heart, both arterial and venous access, with transseptal puncture",Procedure
33992,"Removal of percutaneous left heart ventricular assist device, arterial or arterial and venous cannula(s), at separate and distinct session from insertion",Procedure
33993,Repositioning of percutaneous right or left heart ventricular assist device with imaging guidance at separate and distinct session from insertion,Procedure
33995,"Insertion of ventricular assist device, percutaneous, including radiological supervision and interpretation; right heart, venous access only",Procedure
33997,"Removal of percutaneous right heart ventricular assist device, venous cannula, at separate and distinct session from insertion",Procedure
33999,"Unlisted procedure, cardiac surgery",Procedure
34001,"Embolectomy or thrombectomy, with or without catheter; carotid, subclavian or innominate artery, by neck incision",Procedure
34051,"Embolectomy or thrombectomy, with or without catheter; innominate, subclavian artery, by thoracic incision",Procedure
34101,"Embolectomy or thrombectomy, with or without catheter; axillary, brachial, innominate, subclavian artery, by arm incision",Procedure
34111,"Embolectomy or thrombectomy, with or without catheter; radial or ulnar artery, by arm incision",Procedure
34151,"Embolectomy or thrombectomy, with or without catheter; renal, celiac, mesentery, aortoiliac artery, by abdominal incision",Procedure
34201,"Embolectomy or thrombectomy, with or without catheter; femoropopliteal, aortoiliac artery, by leg incision",Procedure
34203,"Embolectomy or thrombectomy, with or without catheter; popliteal-tibio-peroneal artery, by leg incision",Procedure
34401,"Thrombectomy, direct or with catheter; vena cava, iliac vein, by abdominal incision",Procedure
34421,"Thrombectomy, direct or with catheter; vena cava, iliac, femoropopliteal vein, by leg incision",Procedure
34451,"Thrombectomy, direct or with catheter; vena cava, iliac, femoropopliteal vein, by abdominal and leg incision",Procedure
34471,"Thrombectomy, direct or with catheter; subclavian vein, by neck incision",Procedure
34490,"Thrombectomy, direct or with catheter; axillary and subclavian vein, by arm incision",Procedure
34502,"Reconstruction of vena cava, any method",Procedure
34520,Cross-over vein graft to venous system,Procedure
34701,"Endovascular repair of infrarenal aorta by deployment of an aorto-aortic tube endograft including pre-procedure sizing and device selection, all nonselective catheterization(s), all associated radiological supervision and interpretation, all endograft...",Procedure
34702,"Endovascular repair of infrarenal aorta by deployment of an aorto-aortic tube endograft including pre-procedure sizing and device selection, all nonselective catheterization(s), all associated radiological supervision and interpretation, all endograft...",Procedure
34703,"Endovascular repair of infrarenal aorta and/or iliac artery(ies) by deployment of an aorto-uni-iliac endograft including pre-procedure sizing and device selection, all nonselective catheterization(s), all associated radiological supervision and interpr...",Procedure
34704,"Endovascular repair of infrarenal aorta and/or iliac artery(ies) by deployment of an aorto-uni-iliac endograft including pre-procedure sizing and device selection, all nonselective catheterization(s), all associated radiological supervision and interpr...",Procedure
34705,"Endovascular repair of infrarenal aorta and/or iliac artery(ies) by deployment of an aorto-bi-iliac endograft including pre-procedure sizing and device selection, all nonselective catheterization(s), all associated radiological supervision and interpre...",Procedure
34706,"Endovascular repair of infrarenal aorta and/or iliac artery(ies) by deployment of an aorto-bi-iliac endograft including pre-procedure sizing and device selection, all nonselective catheterization(s), all associated radiological supervision and interpre...",Procedure
34707,"Endovascular repair of iliac artery by deployment of an ilio-iliac tube endograft including pre-procedure sizing and device selection, all nonselective catheterization(s), all associated radiological supervision and interpretation, and all endograft ex...",Procedure
34708,"Endovascular repair of iliac artery by deployment of an ilio-iliac tube endograft including pre-procedure sizing and device selection, all nonselective catheterization(s), all associated radiological supervision and interpretation, and all endograft ex...",Procedure
34709,"Placement of extension prosthesis(es) distal to the common iliac artery(ies) or proximal to the renal artery(ies) for endovascular repair of infrarenal abdominal aortic or iliac aneurysm, false aneurysm, dissection, penetrating ulcer, including pre-pro...",Procedure
34710,"Delayed placement of distal or proximal extension prosthesis for endovascular repair of infrarenal abdominal aortic or iliac aneurysm, false aneurysm, dissection, endoleak, or endograft migration, including pre-procedure sizing and device selection, al...",Procedure
34711,"Delayed placement of distal or proximal extension prosthesis for endovascular repair of infrarenal abdominal aortic or iliac aneurysm, false aneurysm, dissection, endoleak, or endograft migration, including pre-procedure sizing and device selection, al...",Procedure
34712,"Transcatheter delivery of enhanced fixation device(s) to the endograft (eg, anchor, screw, tack) and all associated radiological supervision and interpretation",Procedure
34713,"Percutaneous access and closure of femoral artery for delivery of endograft through a large sheath (12 French or larger), including ultrasound guidance, when performed, unilateral (List separately in addition to code for primary procedure)",Procedure
34714,"Open femoral artery exposure with creation of conduit for delivery of endovascular prosthesis or for establishment of cardiopulmonary bypass, by groin incision, unilateral (List separately in addition to code for primary procedure)",Procedure
34715,"Open axillary/subclavian artery exposure for delivery of endovascular prosthesis by infraclavicular or supraclavicular incision, unilateral (List separately in addition to code for primary procedure)",Procedure
34716,"Open axillary/subclavian artery exposure with creation of conduit for delivery of endovascular prosthesis or for establishment of cardiopulmonary bypass, by infraclavicular or supraclavicular incision, unilateral (List separately in addition to code fo...",Procedure
34717,"Endovascular repair of iliac artery at the time of aorto-iliac artery endograft placement by deployment of an iliac branched endograft including pre-procedure sizing and device selection, all ipsilateral selective iliac artery catheterization(s), all a...",Procedure
34718,"Endovascular repair of iliac artery, not associated with placement of an aorto-iliac artery endograft at the same session, by deployment of an iliac branched endograft, including pre-procedure sizing and device selection, all ipsilateral selective ilia...",Procedure
34800,Endovascular repair of infrarenal abdominal aortic aneurysm or dissection; using aorto-aortic tube prosthesis (Deprecated),Procedure
34802,Endovascular repair of infrarenal abdominal aortic aneurysm or dissection; using modular bifurcated prosthesis (1 docking limb) (Deprecated),Procedure
34803,Endovascular repair of infrarenal abdominal aortic aneurysm or dissection; using modular bifurcated prosthesis (2 docking limbs) (Deprecated),Procedure
34804,Endovascular repair of infrarenal abdominal aortic aneurysm or dissection; using unibody bifurcated prosthesis (Deprecated),Procedure
34805,Endovascular repair of infrarenal abdominal aortic aneurysm or dissection; using aorto-uniiliac or aorto-unifemoral prosthesis (Deprecated),Procedure
34808,Endovascular placement of iliac artery occlusion device (List separately in addition to code for primary procedure),Procedure
34812,"Open femoral artery exposure for delivery of endovascular prosthesis, by groin incision, unilateral (List separately in addition to code for primary procedure)",Procedure
34813,Placement of femoral-femoral prosthetic graft during endovascular aortic aneurysm repair (List separately in addition to code for primary procedure),Procedure
34820,"Open iliac artery exposure for delivery of endovascular prosthesis or iliac occlusion during endovascular therapy, by abdominal or retroperitoneal incision, unilateral (List separately in addition to code for primary procedure)",Procedure
34825,"Placement of proximal or distal extension prosthesis for endovascular repair of infrarenal abdominal aortic or iliac aneurysm, false aneurysm, or dissection; initial vessel (Deprecated)",Procedure
34826,"Placement of proximal or distal extension prosthesis for endovascular repair of infrarenal abdominal aortic or iliac aneurysm, false aneurysm, or dissection; each additional vessel (List separately in addition to code for primary procedure) (Deprecated)",Procedure
34830,"Open repair of infrarenal aortic aneurysm or dissection, plus repair of associated arterial trauma, following unsuccessful endovascular repair; tube prosthesis",Procedure
34831,"Open repair of infrarenal aortic aneurysm or dissection, plus repair of associated arterial trauma, following unsuccessful endovascular repair; aorto-bi-iliac prosthesis",Procedure
34833,"Open iliac artery exposure with creation of conduit for delivery of endovascular prosthesis or for establishment of cardiopulmonary bypass, by abdominal or retroperitoneal incision, unilateral (List separately in addition to code for primary procedure)",Procedure
34834,"Open brachial artery exposure for delivery of endovascular prosthesis, unilateral (List separately in addition to code for primary procedure)",Procedure
34839,Physician planning of a patient-specific fenestrated visceral aortic endograft requiring a minimum of 90 minutes of physician time,Procedure
34841,"Endovascular repair of visceral aorta (eg, aneurysm, pseudoaneurysm, dissection, penetrating ulcer, intramural hematoma, or traumatic disruption) by deployment of a fenestrated visceral aortic endograft and all associated radiological supervision and i...",Procedure
34842,"Endovascular repair of visceral aorta (eg, aneurysm, pseudoaneurysm, dissection, penetrating ulcer, intramural hematoma, or traumatic disruption) by deployment of a fenestrated visceral aortic endograft and all associated radiological supervision and i...",Procedure
34843,"Endovascular repair of visceral aorta (eg, aneurysm, pseudoaneurysm, dissection, penetrating ulcer, intramural hematoma, or traumatic disruption) by deployment of a fenestrated visceral aortic endograft and all associated radiological supervision and i...",Procedure
34844,"Endovascular repair of visceral aorta (eg, aneurysm, pseudoaneurysm, dissection, penetrating ulcer, intramural hematoma, or traumatic disruption) by deployment of a fenestrated visceral aortic endograft and all associated radiological supervision and i...",Procedure
34845,"Endovascular repair of visceral aorta and infrarenal abdominal aorta (eg, aneurysm, pseudoaneurysm, dissection, penetrating ulcer, intramural hematoma, or traumatic disruption) with a fenestrated visceral aortic endograft and concomitant unibody or mod...",Procedure
34846,"Endovascular repair of visceral aorta and infrarenal abdominal aorta (eg, aneurysm, pseudoaneurysm, dissection, penetrating ulcer, intramural hematoma, or traumatic disruption) with a fenestrated visceral aortic endograft and concomitant unibody or mod...",Procedure
34847,"Endovascular repair of visceral aorta and infrarenal abdominal aorta (eg, aneurysm, pseudoaneurysm, dissection, penetrating ulcer, intramural hematoma, or traumatic disruption) with a fenestrated visceral aortic endograft and concomitant unibody or mod...",Procedure
34848,"Endovascular repair of visceral aorta and infrarenal abdominal aorta (eg, aneurysm, pseudoaneurysm, dissection, penetrating ulcer, intramural hematoma, or traumatic disruption) with a fenestrated visceral aortic endograft and concomitant unibody or mod...",Procedure
34900,"Endovascular repair of iliac artery (eg, aneurysm, pseudoaneurysm, arteriovenous malformation, trauma) using ilio-iliac tube endoprosthesis (Deprecated)",Procedure
35001,"Direct repair of aneurysm, pseudoaneurysm, or excision (partial or total) and graft insertion, with or without patch graft; for aneurysm and associated occlusive disease, carotid, subclavian artery, by neck incision",Procedure
35005,"Direct repair of aneurysm, pseudoaneurysm, or excision (partial or total) and graft insertion, with or without patch graft; for aneurysm, pseudoaneurysm, and associated occlusive disease, vertebral artery",Procedure
35011,"Direct repair of aneurysm, pseudoaneurysm, or excision (partial or total) and graft insertion, with or without patch graft; for aneurysm and associated occlusive disease, axillary-brachial artery, by arm incision",Procedure
35013,"Direct repair of aneurysm, pseudoaneurysm, or excision (partial or total) and graft insertion, with or without patch graft; for ruptured aneurysm, axillary-brachial artery, by arm incision",Procedure
35021,"Direct repair of aneurysm, pseudoaneurysm, or excision (partial or total) and graft insertion, with or without patch graft; for aneurysm, pseudoaneurysm, and associated occlusive disease, innominate, subclavian artery, by thoracic incision",Procedure
35022,"Direct repair of aneurysm, pseudoaneurysm, or excision (partial or total) and graft insertion, with or without patch graft; for ruptured aneurysm, innominate, subclavian artery, by thoracic incision",Procedure
35045,"Direct repair of aneurysm, pseudoaneurysm, or excision (partial or total) and graft insertion, with or without patch graft; for aneurysm, pseudoaneurysm, and associated occlusive disease, radial or ulnar artery",Procedure
35081,"Direct repair of aneurysm, pseudoaneurysm, or excision (partial or total) and graft insertion, with or without patch graft; for aneurysm, pseudoaneurysm, and associated occlusive disease, abdominal aorta",Procedure
35082,"Direct repair of aneurysm, pseudoaneurysm, or excision (partial or total) and graft insertion, with or without patch graft; for ruptured aneurysm, abdominal aorta",Procedure
35091,"Direct repair of aneurysm, pseudoaneurysm, or excision (partial or total) and graft insertion, with or without patch graft; for aneurysm, pseudoaneurysm, and associated occlusive disease, abdominal aorta involving visceral vessels (mesenteric, celiac,...",Procedure
35092,"Direct repair of aneurysm, pseudoaneurysm, or excision (partial or total) and graft insertion, with or without patch graft; for ruptured aneurysm, abdominal aorta involving visceral vessels (mesenteric, celiac, renal)",Procedure
35102,"Direct repair of aneurysm, pseudoaneurysm, or excision (partial or total) and graft insertion, with or without patch graft; for aneurysm, pseudoaneurysm, and associated occlusive disease, abdominal aorta involving iliac vessels (common, hypogastric, ex...",Procedure
35103,"Direct repair of aneurysm, pseudoaneurysm, or excision (partial or total) and graft insertion, with or without patch graft; for ruptured aneurysm, abdominal aorta involving iliac vessels (common, hypogastric, external)",Procedure
35111,"Direct repair of aneurysm, pseudoaneurysm, or excision (partial or total) and graft insertion, with or without patch graft; for aneurysm, pseudoaneurysm, and associated occlusive disease, splenic artery",Procedure
35112,"Direct repair of aneurysm, pseudoaneurysm, or excision (partial or total) and graft insertion, with or without patch graft; for ruptured aneurysm, splenic artery",Procedure
35121,"Direct repair of aneurysm, pseudoaneurysm, or excision (partial or total) and graft insertion, with or without patch graft; for aneurysm, pseudoaneurysm, and associated occlusive disease, hepatic, celiac, renal, or mesenteric artery",Procedure
35122,"Direct repair of aneurysm, pseudoaneurysm, or excision (partial or total) and graft insertion, with or without patch graft; for ruptured aneurysm, hepatic, celiac, renal, or mesenteric artery",Procedure
35131,"Direct repair of aneurysm, pseudoaneurysm, or excision (partial or total) and graft insertion, with or without patch graft; for aneurysm, pseudoaneurysm, and associated occlusive disease, iliac artery (common, hypogastric, external)",Procedure
35132,"Direct repair of aneurysm, pseudoaneurysm, or excision (partial or total) and graft insertion, with or without patch graft; for ruptured aneurysm, iliac artery (common, hypogastric, external)",Procedure
35141,"Direct repair of aneurysm, pseudoaneurysm, or excision (partial or total) and graft insertion, with or without patch graft; for aneurysm, pseudoaneurysm, and associated occlusive disease, common femoral artery (profunda femoris, superficial femoral)",Procedure
35142,"Direct repair of aneurysm, pseudoaneurysm, or excision (partial or total) and graft insertion, with or without patch graft; for ruptured aneurysm, common femoral artery (profunda femoris, superficial femoral)",Procedure
35151,"Direct repair of aneurysm, pseudoaneurysm, or excision (partial or total) and graft insertion, with or without patch graft; for aneurysm, pseudoaneurysm, and associated occlusive disease, popliteal artery",Procedure
35152,"Direct repair of aneurysm, pseudoaneurysm, or excision (partial or total) and graft insertion, with or without patch graft; for ruptured aneurysm, popliteal artery",Procedure
35182,"Repair, congenital arteriovenous fistula; thorax and abdomen",Procedure
35188,"Repair, acquired or traumatic arteriovenous fistula; head and neck",Procedure
35189,"Repair, acquired or traumatic arteriovenous fistula; thorax and abdomen",Procedure
35201,"Repair blood vessel, direct; neck",Procedure
35206,"Repair blood vessel, direct; upper extremity",Procedure
35207,"Repair blood vessel, direct; hand, finger",Procedure
35211,"Repair blood vessel, direct; intrathoracic, with bypass",Procedure
35216,"Repair blood vessel, direct; intrathoracic, without bypass",Procedure
35221,"Repair blood vessel, direct; intra-abdominal",Procedure
35226,"Repair blood vessel, direct; lower extremity",Procedure
35231,Repair blood vessel with vein graft; neck,Procedure
35236,Repair blood vessel with vein graft; upper extremity,Procedure
35241,"Repair blood vessel with vein graft; intrathoracic, with bypass",Procedure
35246,"Repair blood vessel with vein graft; intrathoracic, without bypass",Procedure
35251,Repair blood vessel with vein graft; intra-abdominal,Procedure
35256,Repair blood vessel with vein graft; lower extremity,Procedure
35261,Repair blood vessel with graft other than vein; neck,Procedure
35266,Repair blood vessel with graft other than vein; upper extremity,Procedure
35271,"Repair blood vessel with graft other than vein; intrathoracic, with bypass",Procedure
35276,"Repair blood vessel with graft other than vein; intrathoracic, without bypass",Procedure
35281,Repair blood vessel with graft other than vein; intra-abdominal,Procedure
35286,Repair blood vessel with graft other than vein; lower extremity,Procedure
35301,"Thromboendarterectomy, including patch graft, if performed; carotid, vertebral, subclavian, by neck incision",Procedure
35302,"Thromboendarterectomy, including patch graft, if performed; superficial femoral artery",Procedure
35303,"Thromboendarterectomy, including patch graft, if performed; popliteal artery",Procedure
35304,"Thromboendarterectomy, including patch graft, if performed; tibioperoneal trunk artery",Procedure
35305,"Thromboendarterectomy, including patch graft, if performed; tibial or peroneal artery, initial vessel",Procedure
35306,"Thromboendarterectomy, including patch graft, if performed; each additional tibial or peroneal artery (List separately in addition to code for primary procedure)",Procedure
35311,"Thromboendarterectomy, including patch graft, if performed; subclavian, innominate, by thoracic incision",Procedure
35321,"Thromboendarterectomy, including patch graft, if performed; axillary-brachial",Procedure
35331,"Thromboendarterectomy, including patch graft, if performed; abdominal aorta",Procedure
35341,"Thromboendarterectomy, including patch graft, if performed; mesenteric, celiac, or renal",Procedure
35351,"Thromboendarterectomy, including patch graft, if performed; iliac",Procedure
35355,"Thromboendarterectomy, including patch graft, if performed; iliofemoral",Procedure
35361,"Thromboendarterectomy, including patch graft, if performed; combined aortoiliac",Procedure
35363,"Thromboendarterectomy, including patch graft, if performed; combined aortoiliofemoral",Procedure
35371,"Thromboendarterectomy, including patch graft, if performed; common femoral",Procedure
35372,"Thromboendarterectomy, including patch graft, if performed; deep (profunda) femoral",Procedure
35381,"Thromboendarterectomy, with or without patch graft; femoral and/or popliteal, and/or tibioperoneal (Deprecated)",Procedure
35390,"Reoperation, carotid, thromboendarterectomy, more than 1 month after original operation (List separately in addition to code for primary procedure)",Procedure
35400,Angioscopy (noncoronary vessels or grafts) during therapeutic intervention (List separately in addition to code for primary procedure),Procedure
35450,"Balloon dilation of narrowed or blocked kidney or abdominal organ artery, open procedure (Deprecated)",Procedure
35452,"Balloon dilation of narrowed or blocked aorta, open procedure (Deprecated)",Procedure
35454,"Transluminal balloon angioplasty, open; iliac (Deprecated)",Procedure
35456,"Transluminal balloon angioplasty, open; femoral-popliteal (Deprecated)",Procedure
35458,"Transluminal balloon angioplasty, open; brachiocephalic trunk or branches, each vessel (Deprecated)",Procedure
35459,"Transluminal balloon angioplasty, open; tibioperoneal trunk and branches (Deprecated)",Procedure
35460,"Balloon dilation of narrowed or blocked vein, open procedure (Deprecated)",Procedure
35470,"Transluminal balloon angioplasty, percutaneous; tibioperoneal trunk or branches, each vessel (Deprecated)",Procedure
35471,"Balloon dilation of narrowed or blocked organ artery, accessed through the skin (Deprecated)",Procedure
35472,"Balloon dilation of narrowed or blocked aorta, accessed through the skin (Deprecated)",Procedure
35473,"Transluminal balloon angioplasty, percutaneous; iliac (Deprecated)",Procedure
35474,"Transluminal balloon angioplasty, percutaneous; femoral-popliteal (Deprecated)",Procedure
35475,"Transluminal balloon angioplasty, percutaneous; brachiocephalic trunk or branches, each vessel (Deprecated)",Procedure
35476,"Balloon dilation of narrowed or blocked vein, accessed through the skin (Deprecated)",Procedure
35493,"Transluminal peripheral atherectomy, percutaneous; femoral-popliteal (Deprecated)",Procedure
35494,"Transluminal peripheral atherectomy, percutaneous; brachiocephalic trunk or branches, each vessel (Deprecated)",Procedure
35495,"Transluminal peripheral atherectomy, percutaneous; tibioperoneal trunk and branches (Deprecated)",Procedure
35500,"Harvest of upper extremity vein, 1 segment, for lower extremity or coronary artery bypass procedure (List separately in addition to code for primary procedure)",Procedure
35501,"Bypass graft, with vein; common carotid-ipsilateral internal carotid",Procedure
35509,"Bypass graft, with vein; carotid-contralateral carotid",Procedure
35523,"Bypass graft, with vein; brachial-ulnar or -radial",Procedure
35525,"Bypass graft, with vein; brachial-brachial",Procedure
35526,"Bypass graft, with vein; aortosubclavian, aortoinnominate, or aortocarotid",Procedure
35531,"Bypass graft, with vein; aortoceliac or aortomesenteric",Procedure
35535,"Bypass graft, with vein; hepatorenal",Procedure
35537,"Bypass graft, with vein; aortoiliac",Procedure
35538,"Bypass graft, with vein; aortobi-iliac",Procedure
35539,"Bypass graft, with vein; aortofemoral",Procedure
35540,"Bypass graft, with vein; aortobifemoral",Procedure
35551,"Bypass graft, with vein; aortofemoral-popliteal (Deprecated)",Procedure
35558,"Bypass graft, with vein; femoral-femoral",Procedure
35570,"Bypass graft, with vein; tibial-tibial, peroneal-tibial, or tibial/peroneal trunk-tibial",Procedure
35572,"Harvest of femoropopliteal vein, 1 segment, for vascular reconstruction procedure (eg, aortic, vena caval, coronary, peripheral artery) (List separately in addition to code for primary procedure)",Procedure
35583,In-situ vein bypass; femoral-popliteal,Procedure
35585,"In-situ vein bypass; femoral-anterior tibial, posterior tibial, or peroneal artery",Procedure
35587,"In-situ vein bypass; popliteal-tibial, peroneal",Procedure
35600,"Harvest of upper extremity artery, 1 segment, for coronary artery bypass procedure, open",Procedure
35601,"Bypass graft, with other than vein; common carotid-ipsilateral internal carotid",Procedure
35606,"Bypass graft, with other than vein; carotid-subclavian",Procedure
35612,"Bypass graft, with other than vein; subclavian-subclavian",Procedure
35616,"Bypass graft, with other than vein; subclavian-axillary",Procedure
35621,"Bypass graft, with other than vein; axillary-femoral",Procedure
35623,"Bypass graft, with other than vein; axillary-popliteal or -tibial",Procedure
35626,"Bypass graft, with other than vein; aortosubclavian, aortoinnominate, or aortocarotid",Procedure
35631,"Bypass graft, with other than vein; aortoceliac, aortomesenteric, aortorenal",Procedure
35632,"Bypass graft, with other than vein; ilio-celiac",Procedure
35633,"Bypass graft, with other than vein; ilio-mesenteric",Procedure
35634,"Bypass graft, with other than vein; iliorenal",Procedure
35637,"Bypass graft, with other than vein; aortoiliac",Procedure
35638,"Bypass graft, with other than vein; aortobi-iliac",Procedure
35646,"Bypass graft, with other than vein; aortobifemoral",Procedure
35647,"Bypass graft, with other than vein; aortofemoral",Procedure
35650,"Bypass graft, with other than vein; axillary-axillary",Procedure
35651,"Bypass graft, with other than vein; aortofemoral-popliteal (Deprecated)",Procedure
35654,"Bypass graft, with other than vein; axillary-femoral-femoral",Procedure
35656,"Bypass graft, with other than vein; femoral-popliteal",Procedure
35661,"Bypass graft, with other than vein; femoral-femoral",Procedure
35663,"Bypass graft, with other than vein; ilioiliac",Procedure
35665,"Bypass graft, with other than vein; iliofemoral",Procedure
35666,"Bypass graft, with other than vein; femoral-anterior tibial, posterior tibial, or peroneal artery",Procedure
35671,"Bypass graft, with other than vein; popliteal-tibial or -peroneal artery",Procedure
35681,"Bypass graft; composite, prosthetic and vein (List separately in addition to code for primary procedure)",Procedure
35682,"Bypass graft; autogenous composite, 2 segments of veins from 2 locations (List separately in addition to code for primary procedure)",Procedure
35683,"Bypass graft; autogenous composite, 3 or more segments of vein from 2 or more locations (List separately in addition to code for primary procedure)",Procedure
35685,"Placement of vein patch or cuff at distal anastomosis of bypass graft, synthetic conduit (List separately in addition to code for primary procedure)",Procedure
35686,Creation of distal arteriovenous fistula during lower extremity bypass surgery (non-hemodialysis) (List separately in addition to code for primary procedure),Procedure
35691,Transposition and/or reimplantation; vertebral to carotid artery,Procedure
35693,Transposition and/or reimplantation; vertebral to subclavian artery,Procedure
35694,Transposition and/or reimplantation; subclavian to carotid artery,Procedure
35695,Transposition and/or reimplantation; carotid to subclavian artery,Procedure
35697,"Reimplantation, visceral artery to infrarenal aortic prosthesis, each artery (List separately in addition to code for primary procedure)",Procedure
35700,"Reoperation, femoral-popliteal or femoral (popliteal)-anterior tibial, posterior tibial, peroneal artery, or other distal vessels, more than 1 month after original operation (List separately in addition to code for primary procedure)",Procedure
35701,"Exploration not followed by surgical repair, artery; neck (eg, carotid, subclavian)",Procedure
35702,"Exploration not followed by surgical repair, artery; upper extremity (eg, axillary, brachial, radial, ulnar)",Procedure
35703,"Exploration not followed by surgical repair, artery; lower extremity (eg, common femoral, deep femoral, superficial femoral, popliteal, tibial, peroneal)",Procedure
35721,"Exploration (not followed by surgical repair), with or without lysis of artery; femoral artery (Deprecated)",Procedure
35741,"Exploration (not followed by surgical repair), with or without lysis of artery; popliteal artery (Deprecated)",Procedure
35761,"Exploration (not followed by surgical repair), with or without lysis of artery; other vessels (Deprecated)",Procedure
35800,"Exploration for postoperative hemorrhage, thrombosis or infection; neck",Procedure
35820,"Exploration for postoperative hemorrhage, thrombosis or infection; chest",Procedure
35840,"Exploration for postoperative hemorrhage, thrombosis or infection; abdomen",Procedure
35860,"Exploration for postoperative hemorrhage, thrombosis or infection; extremity",Procedure
35875,Thrombectomy of arterial or venous graft (other than hemodialysis graft or fistula),Procedure
35876,Thrombectomy of arterial or venous graft (other than hemodialysis graft or fistula); with revision of arterial or venous graft,Procedure
35879,"Revision, lower extremity arterial bypass, without thrombectomy, open; with vein patch angioplasty",Procedure
35881,"Revision, lower extremity arterial bypass, without thrombectomy, open; with segmental vein interposition",Procedure
35883,"Revision, femoral anastomosis of synthetic arterial bypass graft in groin, open; with nonautogenous patch graft (eg, polyester, ePTFE, bovine pericardium)",Procedure
35884,"Revision, femoral anastomosis of synthetic arterial bypass graft in groin, open; with autogenous vein patch graft",Procedure
35901,Excision of infected graft; neck,Procedure
35903,Excision of infected graft; extremity,Procedure
35905,Excision of infected graft; thorax,Procedure
35907,Excision of infected graft; abdomen,Procedure
36000,"Introduction of needle or intracatheter, vein",Procedure
36002,"Injection procedures (eg, thrombin) for percutaneous treatment of extremity pseudoaneurysm",Procedure
36005,Injection procedure for extremity venography (including introduction of needle or intracatheter),Procedure
36010,"Introduction of catheter, superior or inferior vena cava",Procedure
36011,"Selective catheter placement, venous system; first order branch (eg, renal vein, jugular vein)",Procedure
36012,"Selective catheter placement, venous system; second order, or more selective, branch (eg, left adrenal vein, petrosal sinus)",Procedure
36013,"Introduction of catheter, right heart or main pulmonary artery",Procedure
36014,"Selective catheter placement, left or right pulmonary artery",Procedure
36015,"Selective catheter placement, segmental or subsegmental pulmonary artery",Procedure
36100,"Introduction of needle or intracatheter, carotid or vertebral artery",Procedure
36120,Introduction of needle or intracatheter; retrograde brachial artery (Deprecated),Procedure
36140,"Introduction of needle or intracatheter, upper or lower extremity artery",Procedure
36145,"Introduction of needle or intracatheter; arteriovenous shunt created for dialysis (cannula, fistula, or graft) (Deprecated)",Procedure
36147,Insertion of catheter into arteriovenous dialysis shunt (Deprecated),Procedure
36148,"Introduction of needle and/or catheter, arteriovenous shunt created for dialysis (graft/fistula); additional access for therapeutic intervention (List separately in addition to code for primary procedure) (Deprecated)",Procedure
36160,"Introduction of needle or intracatheter, aortic, translumbar",Procedure
36215,"Selective catheter placement, arterial system; each first order thoracic or brachiocephalic branch, within a vascular family",Procedure
36216,"Selective catheter placement, arterial system; initial second order thoracic or brachiocephalic branch, within a vascular family",Procedure
36217,"Selective catheter placement, arterial system; initial third order or more selective thoracic or brachiocephalic branch, within a vascular family",Procedure
36218,"Selective catheter placement, arterial system; additional second order, third order, and beyond, thoracic or brachiocephalic branch, within a vascular family (List in addition to code for initial second or third order vessel as appropriate)",Procedure
36221,"Non-selective catheter placement, thoracic aorta, with angiography of the extracranial carotid, vertebral, and/or intracranial vessels, unilateral or bilateral, and all associated radiological supervision and interpretation, includes angiography of the...",Procedure
36222,"Selective catheter placement, common carotid or innominate artery, unilateral, any approach, with angiography of the ipsilateral extracranial carotid circulation and all associated radiological supervision and interpretation, includes angiography of th...",Procedure
36223,"Selective catheter placement, common carotid or innominate artery, unilateral, any approach, with angiography of the ipsilateral intracranial carotid circulation and all associated radiological supervision and interpretation, includes angiography of th...",Procedure
36224,"Selective catheter placement, internal carotid artery, unilateral, with angiography of the ipsilateral intracranial carotid circulation and all associated radiological supervision and interpretation, includes angiography of the extracranial carotid and...",Procedure
36225,"Selective catheter placement, subclavian or innominate artery, unilateral, with angiography of the ipsilateral vertebral circulation and all associated radiological supervision and interpretation, includes angiography of the cervicocerebral arch, when...",Procedure
36226,"Selective catheter placement, vertebral artery, unilateral, with angiography of the ipsilateral vertebral circulation and all associated radiological supervision and interpretation, includes angiography of the cervicocerebral arch, when performed",Procedure
36227,"Selective catheter placement, external carotid artery, unilateral, with angiography of the ipsilateral external carotid circulation and all associated radiological supervision and interpretation (List separately in addition to code for primary procedure)",Procedure
36228,"Selective catheter placement, each intracranial branch of the internal carotid or vertebral arteries, unilateral, with angiography of the selected vessel circulation and all associated radiological supervision and interpretation (eg, middle cerebral ar...",Procedure
36245,"Selective catheter placement, arterial system; each first order abdominal, pelvic, or lower extremity artery branch, within a vascular family",Procedure
36246,"Selective catheter placement, arterial system; initial second order abdominal, pelvic, or lower extremity artery branch, within a vascular family",Procedure
36247,"Selective catheter placement, arterial system; initial third order or more selective abdominal, pelvic, or lower extremity artery branch, within a vascular family",Procedure
36248,"Selective catheter placement, arterial system; additional second order, third order, and beyond, abdominal, pelvic, or lower extremity artery branch, within a vascular family (List in addition to code for initial second or third order vessel as appropr...",Procedure
36251,"Selective catheter placement (first-order), main renal artery and any accessory renal artery(s) for renal angiography, including arterial puncture and catheter placement(s), fluoroscopy, contrast injection(s), image postprocessing, permanent recording...",Procedure
36252,"Selective catheter placement (first-order), main renal artery and any accessory renal artery(s) for renal angiography, including arterial puncture and catheter placement(s), fluoroscopy, contrast injection(s), image postprocessing, permanent recording...",Procedure
36253,"Superselective catheter placement (one or more second order or higher renal artery branches) renal artery and any accessory renal artery(s) for renal angiography, including arterial puncture, catheterization, fluoroscopy, contrast injection(s), image p...",Procedure
36254,"Superselective catheter placement (one or more second order or higher renal artery branches) renal artery and any accessory renal artery(s) for renal angiography, including arterial puncture, catheterization, fluoroscopy, contrast injection(s), image p...",Procedure
36299,"Unlisted procedure, vascular injection",Procedure
36400,"Venipuncture, younger than age 3 years, necessitating the skill of a physician or other qualified health care professional, not to be used for routine venipuncture; femoral or jugular vein",Procedure
36406,"Venipuncture, younger than age 3 years, necessitating the skill of a physician or other qualified health care professional, not to be used for routine venipuncture; other vein",Procedure
36425,"Venipuncture, cutdown; age 1 or over",Procedure
36455,"Exchange transfusion, blood; other than newborn",Procedure
36456,"Partial exchange transfusion, blood, plasma or crystalloid necessitating the skill of a physician or other qualified health care professional, newborn",Procedure
36465,"Injection of non-compounded foam sclerosant with ultrasound compression maneuvers to guide dispersion of the injectate, inclusive of all imaging guidance and monitoring; single incompetent extremity truncal vein (eg, great saphenous vein, accessory sap...",Procedure
36468,"Injection(s) of sclerosant for spider veins (telangiectasia), limb or trunk",Procedure
36469,Injection of chemical agent into spider veins of face (Deprecated),Procedure
36470,Injection of sclerosant; single incompetent vein (other than telangiectasia),Procedure
36471,"Injection of sclerosant; multiple incompetent veins (other than telangiectasia), same leg",Procedure
36473,"Endovenous ablation therapy of incompetent vein, extremity, inclusive of all imaging guidance and monitoring, percutaneous, mechanochemical; first vein treated",Procedure
36475,"Endovenous ablation therapy of incompetent vein, extremity, inclusive of all imaging guidance and monitoring, percutaneous, radiofrequency; first vein treated",Procedure
36476,"Endovenous ablation therapy of incompetent vein, extremity, inclusive of all imaging guidance and monitoring, percutaneous, radiofrequency; subsequent vein(s) treated in a single extremity, each through separate access sites (List separately in additio...",Procedure
36478,"Endovenous ablation therapy of incompetent vein, extremity, inclusive of all imaging guidance and monitoring, percutaneous, laser; first vein treated",Procedure
36479,"Endovenous ablation therapy of incompetent vein, extremity, inclusive of all imaging guidance and monitoring, percutaneous, laser; subsequent vein(s) treated in a single extremity, each through separate access sites (List separately in addition to code...",Procedure
36482,"Endovenous ablation therapy of incompetent vein, extremity, by transcatheter delivery of a chemical adhesive (eg, cyanoacrylate) remote from the access site, inclusive of all imaging guidance and monitoring, percutaneous; first vein treated",Procedure
36483,"Endovenous ablation therapy of incompetent vein, extremity, by transcatheter delivery of a chemical adhesive (eg, cyanoacrylate) remote from the access site, inclusive of all imaging guidance and monitoring, percutaneous; subsequent vein(s) treated in...",Procedure
36500,Venous catheterization for selective organ blood sampling,Procedure
3650F,"Electroencephalogram (EEG) ordered, reviewed or requested (EPI)",Observation
36514,Therapeutic apheresis; for plasma pheresis,Procedure
36516,"Therapeutic apheresis; with extracorporeal immunoadsorption, selective adsorption or selective filtration and plasma reinfusion",Procedure
36535,"Removal of implantable venous access device, and/or subcutaneous reservoir (Deprecated)",Procedure
36540,Collection of blood specimen from a partially or completely implantable venous access device (Deprecated),Procedure
36555,Insertion of non-tunneled centrally inserted central venous catheter; younger than 5 years of age,Procedure
36556,Insertion of non-tunneled centrally inserted central venous catheter; age 5 years or older,Procedure
36557,"Insertion of tunneled centrally inserted central venous catheter, without subcutaneous port or pump; younger than 5 years of age",Procedure
36558,"Insertion of tunneled centrally inserted central venous catheter, without subcutaneous port or pump; age 5 years or older",Procedure
36560,"Insertion of tunneled centrally inserted central venous access device, with subcutaneous port; younger than 5 years of age",Procedure
36561,"Insertion of tunneled centrally inserted central venous access device, with subcutaneous port; age 5 years or older",Procedure
36563,Insertion of tunneled centrally inserted central venous access device with subcutaneous pump,Procedure
36565,"Insertion of tunneled centrally inserted central venous access device, requiring 2 catheters via 2 separate venous access sites; without subcutaneous port or pump (eg, Tesio type catheter)",Procedure
36566,"Insertion of tunneled centrally inserted central venous access device, requiring 2 catheters via 2 separate venous access sites; with subcutaneous port(s)",Procedure
36568,"Insertion of peripherally inserted central venous catheter (PICC), without subcutaneous port or pump, without imaging guidance; younger than 5 years of age",Procedure
36569,"Insertion of peripherally inserted central venous catheter (PICC), without subcutaneous port or pump, without imaging guidance; age 5 years or older",Procedure
36570,"Insertion of peripherally inserted central venous access device, with subcutaneous port; younger than 5 years of age",Procedure
36571,"Insertion of peripherally inserted central venous access device, with subcutaneous port; age 5 years or older",Procedure
36572,"Insertion of peripherally inserted central venous catheter (PICC), without subcutaneous port or pump, including all imaging guidance, image documentation, and all associated radiological supervision and interpretation required to perform the insertion;...",Procedure
36573,"Insertion of peripherally inserted central venous catheter (PICC), without subcutaneous port or pump, including all imaging guidance, image documentation, and all associated radiological supervision and interpretation required to perform the insertion;...",Procedure
36575,"Repair of tunneled or non-tunneled central venous access catheter, without subcutaneous port or pump, central or peripheral insertion site",Procedure
36576,"Repair of central venous access device, with subcutaneous port or pump, central or peripheral insertion site",Procedure
36578,"Replacement, catheter only, of central venous access device, with subcutaneous port or pump, central or peripheral insertion site",Procedure
36580,"Replacement, complete, of a non-tunneled centrally inserted central venous catheter, without subcutaneous port or pump, through same venous access",Procedure
36581,"Replacement, complete, of a tunneled centrally inserted central venous catheter, without subcutaneous port or pump, through same venous access",Procedure
36582,"Replacement, complete, of a tunneled centrally inserted central venous access device, with subcutaneous port, through same venous access",Procedure
36583,"Replacement, complete, of a tunneled centrally inserted central venous access device, with subcutaneous pump, through same venous access",Procedure
36584,"Replacement, complete, of a peripherally inserted central venous catheter (PICC), without subcutaneous port or pump, through same venous access, including all imaging guidance, image documentation, and all associated radiological supervision and interp...",Procedure
36585,"Replacement, complete, of a peripherally inserted central venous access device, with subcutaneous port, through same venous access",Procedure
36589,"Removal of tunneled central venous catheter, without subcutaneous port or pump",Procedure
36590,"Removal of tunneled central venous access device, with subcutaneous port or pump, central or peripheral insertion",Procedure
36591,Collection of blood specimen from a completely implantable venous access device,Procedure
36592,"Collection of blood specimen using established central or peripheral catheter, venous, not otherwise specified",Observation
36593,Declotting by thrombolytic agent of implanted vascular access device or catheter,Procedure
36595,"Mechanical removal of pericatheter obstructive material (eg, fibrin sheath) from central venous device via separate venous access",Procedure
36596,Mechanical removal of intraluminal (intracatheter) obstructive material from central venous device through device lumen,Procedure
36597,Repositioning of previously placed central venous catheter under fluoroscopic guidance,Procedure
36598,"Contrast injection(s) for radiologic evaluation of existing central venous access device, including fluoroscopy, image documentation and report",Procedure
36620,"Arterial catheterization or cannulation for sampling, monitoring or transfusion (separate procedure); percutaneous",Procedure
36625,"Arterial catheterization or cannulation for sampling, monitoring or transfusion (separate procedure); cutdown",Procedure
36640,"Arterial catheterization for prolonged infusion therapy (chemotherapy), cutdown",Procedure
36680,Placement of needle for intraosseous infusion,Procedure
36800,"Insertion of cannula for hemodialysis, other purpose (separate procedure); vein to vein",Procedure
36810,"Insertion of cannula for hemodialysis, other purpose (separate procedure); arteriovenous, external (Scribner type)",Procedure
36815,"Insertion of cannula for hemodialysis, other purpose (separate procedure); arteriovenous, external revision, or closure",Procedure
36822,Insertion of cannula(s) for prolonged extracorporeal circulation for cardiopulmonary insufficiency (ECMO) (separate procedure) (Deprecated),Procedure
36823,"Insertion of arterial and venous cannula(s) for isolated extracorporeal circulation including regional chemotherapy perfusion to an extremity, with or without hyperthermia, with removal of cannula(s) and repair of arteriotomy and venotomy sites",Procedure
36825,Creation of arteriovenous fistula by other than direct arteriovenous anastomosis (separate procedure); autogenous graft,Procedure
36830,"Creation of arteriovenous fistula by other than direct arteriovenous anastomosis (separate procedure); nonautogenous graft (eg, biological collagen, thermoplastic graft)",Procedure
36831,"Thrombectomy, open, arteriovenous fistula without revision, autogenous or nonautogenous dialysis graft (separate procedure)",Procedure
36832,"Revision, open, arteriovenous fistula; without thrombectomy, autogenous or nonautogenous dialysis graft (separate procedure)",Procedure
36833,"Revision, open, arteriovenous fistula; with thrombectomy, autogenous or nonautogenous dialysis graft (separate procedure)",Procedure
36834,Plastic repair of arteriovenous aneurysm (separate procedure) (Deprecated),Procedure
36838,"Distal revascularization and interval ligation (DRIL), upper extremity hemodialysis access (steal syndrome)",Procedure
36860,External cannula declotting (separate procedure); without balloon catheter,Procedure
36870,"Thrombectomy, percutaneous, arteriovenous fistula, autogenous or nonautogenous graft (includes mechanical thrombus extraction and intra-graft thrombolysis) (Deprecated)",Procedure
36901,"Introduction of needle(s) and/or catheter(s), dialysis circuit, with diagnostic angiography of the dialysis circuit, including all direct puncture(s) and catheter placement(s), injection(s) of contrast, all necessary imaging from the arterial anastomos...",Procedure
36902,"Introduction of needle(s) and/or catheter(s), dialysis circuit, with diagnostic angiography of the dialysis circuit, including all direct puncture(s) and catheter placement(s), injection(s) of contrast, all necessary imaging from the arterial anastomos...",Procedure
36903,"Introduction of needle(s) and/or catheter(s), dialysis circuit, with diagnostic angiography of the dialysis circuit, including all direct puncture(s) and catheter placement(s), injection(s) of contrast, all necessary imaging from the arterial anastomos...",Procedure
36904,"Percutaneous transluminal mechanical thrombectomy and/or infusion for thrombolysis, dialysis circuit, any method, including all imaging and radiological supervision and interpretation, diagnostic angiography, fluoroscopic guidance, catheter placement(s...",Procedure
36905,"Percutaneous transluminal mechanical thrombectomy and/or infusion for thrombolysis, dialysis circuit, any method, including all imaging and radiological supervision and interpretation, diagnostic angiography, fluoroscopic guidance, catheter placement(s...",Procedure
36906,"Percutaneous transluminal mechanical thrombectomy and/or infusion for thrombolysis, dialysis circuit, any method, including all imaging and radiological supervision and interpretation, diagnostic angiography, fluoroscopic guidance, catheter placement(s...",Procedure
36907,"Transluminal balloon angioplasty, central dialysis segment, performed through dialysis circuit, including all imaging and radiological supervision and interpretation required to perform the angioplasty (List separately in addition to code for primary p...",Procedure
36908,"Transcatheter placement of intravascular stent(s), central dialysis segment, performed through dialysis circuit, including all imaging and radiological supervision and interpretation required to perform the stenting, and all angioplasty in the central...",Procedure
36909,"Dialysis circuit permanent vascular embolization or occlusion (including main circuit or any accessory veins), endovascular, including all imaging and radiological supervision and interpretation necessary to complete the intervention (List separately i...",Procedure
37182,"Insertion of transvenous intrahepatic portosystemic shunt(s) (TIPS) (includes venous access, hepatic and portal vein catheterization, portography with hemodynamic evaluation, intrahepatic tract formation/dilatation, stent placement and all associated i...",Procedure
37183,"Revision of transvenous intrahepatic portosystemic shunt(s) (TIPS) (includes venous access, hepatic and portal vein catheterization, portography with hemodynamic evaluation, intrahepatic tract recannulization/dilatation, stent placement and all associa...",Procedure
37184,"Primary percutaneous transluminal mechanical thrombectomy, noncoronary, non-intracranial, arterial or arterial bypass graft, including fluoroscopic guidance and intraprocedural pharmacological thrombolytic injection(s); initial vessel",Procedure
37185,"Primary percutaneous transluminal mechanical thrombectomy, noncoronary, non-intracranial, arterial or arterial bypass graft, including fluoroscopic guidance and intraprocedural pharmacological thrombolytic injection(s); second and all subsequent vessel...",Procedure
37186,"Secondary percutaneous transluminal thrombectomy (eg, nonprimary mechanical, snare basket, suction technique), noncoronary, non-intracranial, arterial or arterial bypass graft, including fluoroscopic guidance and intraprocedural pharmacological thrombo...",Procedure
37187,"Percutaneous transluminal mechanical thrombectomy, vein(s), including intraprocedural pharmacological thrombolytic injections and fluoroscopic guidance",Procedure
37188,"Percutaneous transluminal mechanical thrombectomy, vein(s), including intraprocedural pharmacological thrombolytic injections and fluoroscopic guidance, repeat treatment on subsequent day during course of thrombolytic therapy",Procedure
37191,"Insertion of intravascular vena cava filter, endovascular approach including vascular access, vessel selection, and radiological supervision and interpretation, intraprocedural roadmapping, and imaging guidance (ultrasound and fluoroscopy), when performed",Procedure
37192,"Repositioning of intravascular vena cava filter, endovascular approach including vascular access, vessel selection, and radiological supervision and interpretation, intraprocedural roadmapping, and imaging guidance (ultrasound and fluoroscopy), when pe...",Procedure
37193,"Retrieval (removal) of intravascular vena cava filter, endovascular approach including vascular access, vessel selection, and radiological supervision and interpretation, intraprocedural roadmapping, and imaging guidance (ultrasound and fluoroscopy), w...",Procedure
37195,"Thrombolysis, cerebral, by intravenous infusion",Procedure
37197,"Transcatheter retrieval, percutaneous, of intravascular foreign body (eg, fractured venous or arterial catheter), includes radiological supervision and interpretation, and imaging guidance (ultrasound or fluoroscopy), when performed",Procedure
37201,"Transcatheter therapy, infusion for thrombolysis other than coronary (Deprecated)",Procedure
37202,"Transcatheter therapy, infusion other than for thrombolysis, any type (eg, spasmolytic, vasoconstrictive) (Deprecated)",Procedure
37203,"Transcatheter retrieval, percutaneous, of intravascular foreign body (eg, fractured venous or arterial catheter) (Deprecated)",Procedure
37204,"Transcatheter occlusion or embolization (eg, for tumor destruction, to achieve hemostasis, to occlude a vascular malformation), percutaneous, any method, non-central nervous system, non-head or neck (Deprecated)",Procedure
37205,"Transcatheter placement of an intravascular stent(s), (non-coronary vessel), percutaneous; initial vessel (Deprecated)",Procedure
37206,"Transcatheter placement of an intravascular stent(s), (non-coronary vessel), percutaneous; each additional vessel (List separately in addition to code for primary procedure) (Deprecated)",Procedure
37207,"Transcatheter placement of an intravascular stent(s), (non-coronary vessel), open; initial vessel (Deprecated)",Procedure
37208,"Transcatheter placement of an intravascular stent(s), (non-coronary vessel), open; each additional vessel (List separately in addition to code for primary procedure) (Deprecated)",Procedure
37209,Exchange of a previously placed arterial catheter during thrombolytic therapy (Deprecated),Procedure
37210,"Uterine fibroid embolization (UFE, embolization of the uterine arteries to treat uterine fibroids, leiomyomata), percutaneous approach inclusive of vascular access, vessel selection, embolization, and all radiological supervision and inter... (Deprecated)",Procedure
37211,"Transcatheter therapy, arterial infusion for thrombolysis other than coronary or intracranial, any method, including radiological supervision and interpretation, initial treatment day",Procedure
37212,"Transcatheter therapy, venous infusion for thrombolysis, any method, including radiological supervision and interpretation, initial treatment day",Procedure
37213,"Transcatheter therapy, arterial or venous infusion for thrombolysis other than coronary, any method, including radiological supervision and interpretation, continued treatment on subsequent day during course of thrombolytic therapy, including follow-up...",Procedure
37214,"Transcatheter therapy, arterial or venous infusion for thrombolysis other than coronary, any method, including radiological supervision and interpretation, continued treatment on subsequent day during course of thrombolytic therapy, including follow-up...",Procedure
37215,"Transcatheter placement of intravascular stent(s), cervical carotid artery, open or percutaneous, including angioplasty, when performed, and radiological supervision and interpretation; with distal embolic protection",Procedure
37216,"Transcatheter placement of intravascular stent(s), cervical carotid artery, open or percutaneous, including angioplasty, when performed, and radiological supervision and interpretation; without distal embolic protection",Procedure
37217,"Transcatheter placement of intravascular stent(s), intrathoracic common carotid artery or innominate artery by retrograde treatment, open ipsilateral cervical carotid artery exposure, including angioplasty, when performed, and radiological supervision...",Procedure
37218,"Transcatheter placement of intravascular stent(s), intrathoracic common carotid artery or innominate artery, open or percutaneous antegrade approach, including angioplasty, when performed, and radiological supervision and interpretation",Procedure
37220,"Revascularization, endovascular, open or percutaneous, iliac artery, unilateral, initial vessel; with transluminal angioplasty",Procedure
37221,"Revascularization, endovascular, open or percutaneous, iliac artery, unilateral, initial vessel; with transluminal stent placement(s), includes angioplasty within the same vessel, when performed",Procedure
37222,"Revascularization, endovascular, open or percutaneous, iliac artery, each additional ipsilateral iliac vessel; with transluminal angioplasty (List separately in addition to code for primary procedure)",Procedure
37223,"Revascularization, endovascular, open or percutaneous, iliac artery, each additional ipsilateral iliac vessel; with transluminal stent placement(s), includes angioplasty within the same vessel, when performed (List separately in addition to code for pr...",Procedure
37224,"Revascularization, endovascular, open or percutaneous, femoral, popliteal artery(s), unilateral; with transluminal angioplasty",Procedure
37225,"Revascularization, endovascular, open or percutaneous, femoral, popliteal artery(s), unilateral; with atherectomy, includes angioplasty within the same vessel, when performed",Procedure
37226,"Revascularization, endovascular, open or percutaneous, femoral, popliteal artery(s), unilateral; with transluminal stent placement(s), includes angioplasty within the same vessel, when performed",Procedure
37227,"Revascularization, endovascular, open or percutaneous, femoral, popliteal artery(s), unilateral; with transluminal stent placement(s) and atherectomy, includes angioplasty within the same vessel, when performed",Procedure
37228,"Revascularization, endovascular, open or percutaneous, tibial, peroneal artery, unilateral, initial vessel; with transluminal angioplasty",Procedure
37229,"Revascularization, endovascular, open or percutaneous, tibial, peroneal artery, unilateral, initial vessel; with atherectomy, includes angioplasty within the same vessel, when performed",Procedure
37230,"Revascularization, endovascular, open or percutaneous, tibial, peroneal artery, unilateral, initial vessel; with transluminal stent placement(s), includes angioplasty within the same vessel, when performed",Procedure
37231,"Revascularization, endovascular, open or percutaneous, tibial, peroneal artery, unilateral, initial vessel; with transluminal stent placement(s) and atherectomy, includes angioplasty within the same vessel, when performed",Procedure
37232,"Revascularization, endovascular, open or percutaneous, tibial/peroneal artery, unilateral, each additional vessel; with transluminal angioplasty (List separately in addition to code for primary procedure)",Procedure
37233,"Revascularization, endovascular, open or percutaneous, tibial/peroneal artery, unilateral, each additional vessel; with atherectomy, includes angioplasty within the same vessel, when performed (List separately in addition to code for primary procedure)",Procedure
37234,"Revascularization, endovascular, open or percutaneous, tibial/peroneal artery, unilateral, each additional vessel; with transluminal stent placement(s), includes angioplasty within the same vessel, when performed (List separately in addition to code fo...",Procedure
37236,"Transcatheter placement of an intravascular stent(s) (except lower extremity artery(s) for occlusive disease, cervical carotid, extracranial vertebral or intrathoracic carotid, intracranial, or coronary), open or percutaneous, including radiological su...",Procedure
37237,"Transcatheter placement of an intravascular stent(s) (except lower extremity artery(s) for occlusive disease, cervical carotid, extracranial vertebral or intrathoracic carotid, intracranial, or coronary), open or percutaneous, including radiological su...",Procedure
37238,"Transcatheter placement of an intravascular stent(s), open or percutaneous, including radiological supervision and interpretation and including angioplasty within the same vessel, when performed; initial vein",Procedure
37239,"Transcatheter placement of an intravascular stent(s), open or percutaneous, including radiological supervision and interpretation and including angioplasty within the same vessel, when performed; each additional vein (List separately in addition to cod...",Procedure
37241,"Vascular embolization or occlusion, inclusive of all radiological supervision and interpretation, intraprocedural roadmapping, and imaging guidance necessary to complete the intervention; venous, other than hemorrhage (eg, congenital or acquired venous...",Procedure
37242,"Vascular embolization or occlusion, inclusive of all radiological supervision and interpretation, intraprocedural roadmapping, and imaging guidance necessary to complete the intervention; arterial, other than hemorrhage or tumor (eg, congenital or acqu...",Procedure
37243,"Vascular embolization or occlusion, inclusive of all radiological supervision and interpretation, intraprocedural roadmapping, and imaging guidance necessary to complete the intervention; for tumors, organ ischemia, or infarction",Procedure
37244,"Vascular embolization or occlusion, inclusive of all radiological supervision and interpretation, intraprocedural roadmapping, and imaging guidance necessary to complete the intervention; for arterial or venous hemorrhage or lymphatic extravasation",Procedure
37246,"Transluminal balloon angioplasty (except lower extremity artery(ies) for occlusive disease, intracranial, coronary, pulmonary, or dialysis circuit), open or percutaneous, including all imaging and radiological supervision and interpretation necessary t...",Procedure
37247,"Transluminal balloon angioplasty (except lower extremity artery(ies) for occlusive disease, intracranial, coronary, pulmonary, or dialysis circuit), open or percutaneous, including all imaging and radiological supervision and interpretation necessary t...",Procedure
37248,"Transluminal balloon angioplasty (except dialysis circuit), open or percutaneous, including all imaging and radiological supervision and interpretation necessary to perform the angioplasty within the same vein; initial vein",Procedure
37249,"Transluminal balloon angioplasty (except dialysis circuit), open or percutaneous, including all imaging and radiological supervision and interpretation necessary to perform the angioplasty within the same vein; each additional vein (List separately in...",Procedure
37250,Intravascular ultrasound (non-coronary vessel) during diagnostic evaluation and/or therapeutic intervention; initial vessel (List separately in addition to code for primary procedure) (Deprecated),Procedure
37251,Intravascular ultrasound (non-coronary vessel) during diagnostic evaluation and/or therapeutic intervention; each additional vessel (List separately in addition to code for primary procedure) (Deprecated),Procedure
37252,"Intravascular ultrasound (noncoronary vessel) during diagnostic evaluation and/or therapeutic intervention, including radiological supervision and interpretation; initial noncoronary vessel (List separately in addition to code for primary procedure)",Procedure
37253,"Intravascular ultrasound (noncoronary vessel) during diagnostic evaluation and/or therapeutic intervention, including radiological supervision and interpretation; each additional noncoronary vessel (List separately in addition to code for primary proce...",Procedure
3725F,Screening for depression performed (DEM),Observation
37500,"Vascular endoscopy, surgical, with ligation of perforator veins, subfascial (SEPS)",Procedure
37501,Unlisted vascular endoscopy procedure,Procedure
37605,Ligation; internal or common carotid artery,Procedure
37606,"Ligation; internal or common carotid artery, with gradual occlusion, as with Selverstone or Crutchfield clamp",Procedure
37607,Ligation or banding of angioaccess arteriovenous fistula,Procedure
37609,"Ligation or biopsy, temporal artery",Procedure
37620,"Interruption, partial or complete, of inferior vena cava by suture, ligation, plication, clip, extravascular, intravascular (umbrella device) (Deprecated)",Procedure
37650,Ligation of femoral vein,Procedure
37660,Ligation of common iliac vein,Procedure
37700,"Ligation and division of long saphenous vein at saphenofemoral junction, or distal interruptions",Procedure
37718,"Ligation, division, and stripping, short saphenous vein",Procedure
37720,Ligation and division and complete stripping of long or short saphenous veins (Deprecated),Procedure
37722,"Ligation, division, and stripping, long (greater) saphenous veins from saphenofemoral junction to knee or below",Procedure
3775F,Adenoma(s) or other neoplasm detected during screening colonoscopy (SCADR),Observation
37761,"Ligation of perforator vein(s), subfascial, open, including ultrasound guidance, when performed, 1 leg",Procedure
37765,"Stab phlebectomy of varicose veins, 1 extremity; 10-20 stab incisions",Procedure
37766,"Stab phlebectomy of varicose veins, 1 extremity; more than 20 incisions",Procedure
37780,Ligation and division of short saphenous vein at saphenopopliteal junction (separate procedure),Procedure
37785,"Ligation, division, and/or excision of varicose vein cluster(s), 1 leg",Procedure
37790,Penile venous occlusive procedure,Procedure
37799,"Unlisted procedure, vascular surgery",Procedure
38102,"Splenectomy; total, en bloc for extensive disease, in conjunction with other procedure (List in addition to code for primary procedure)",Procedure
38115,Repair of ruptured spleen (splenorrhaphy) with or without partial splenectomy,Procedure
38120,"Laparoscopy, surgical, splenectomy",Procedure
38129,"Unlisted laparoscopy procedure, spleen",Procedure
38204,Management of recipient hematopoietic progenitor cell donor search and cell acquisition,Procedure
38205,"Blood-derived hematopoietic progenitor cell harvesting for transplantation, per collection; allogeneic",Procedure
38206,"Blood-derived hematopoietic progenitor cell harvesting for transplantation, per collection; autologous",Procedure
38207,Transplant preparation of hematopoietic progenitor cells; cryopreservation and storage,Procedure
38208,"Transplant preparation of hematopoietic progenitor cells; thawing of previously frozen harvest, without washing, per donor",Procedure
38209,"Transplant preparation of hematopoietic progenitor cells; thawing of previously frozen harvest, with washing, per donor",Procedure
38210,"Transplant preparation of hematopoietic progenitor cells; specific cell depletion within harvest, T-cell depletion",Procedure
38211,Transplant preparation of hematopoietic progenitor cells; tumor cell depletion,Procedure
38212,Transplant preparation of hematopoietic progenitor cells; red blood cell removal,Procedure
38214,Transplant preparation of hematopoietic progenitor cells; plasma (volume) depletion,Procedure
38215,"Transplant preparation of hematopoietic progenitor cells; cell concentration in plasma, mononuclear, or buffy coat layer",Procedure
38222,Diagnostic bone marrow; biopsy(ies) and aspiration(s),Procedure
38230,Bone marrow harvesting for transplantation; allogeneic,Procedure
38232,Bone marrow harvesting for transplantation; autologous,Procedure
38240,Hematopoietic progenitor cell (HPC); allogeneic transplantation per donor,Procedure
38241,Hematopoietic progenitor cell (HPC); autologous transplantation,Procedure
38242,Allogeneic lymphocyte infusions,Procedure
38243,Hematopoietic progenitor cell (HPC); HPC boost,Procedure
38300,Drainage of lymph node abscess or lymphadenitis; simple,Procedure
38305,Drainage of lymph node abscess or lymphadenitis; extensive,Procedure
38380,Suture and/or ligation of thoracic duct; cervical approach,Procedure
38381,Suture and/or ligation of thoracic duct; thoracic approach,Procedure
38382,Suture and/or ligation of thoracic duct; abdominal approach,Procedure
38500,"Biopsy or excision of lymph node(s); open, superficial",Procedure
38505,"Biopsy or excision of lymph node(s); by needle, superficial (eg, cervical, inguinal, axillary)",Procedure
38510,"Biopsy or excision of lymph node(s); open, deep cervical node(s)",Procedure
38520,"Biopsy or excision of lymph node(s); open, deep cervical node(s) with excision scalene fat pad",Procedure
38525,"Biopsy or excision of lymph node(s); open, deep axillary node(s)",Procedure
38530,"Biopsy or excision of lymph node(s); open, internal mammary node(s)",Procedure
38531,"Biopsy or excision of lymph node(s); open, inguinofemoral node(s)",Procedure
38550,"Excision of cystic hygroma, axillary or cervical; without deep neurovascular dissection",Procedure
38555,"Excision of cystic hygroma, axillary or cervical; with deep neurovascular dissection",Procedure
38562,Limited lymphadenectomy for staging (separate procedure); pelvic and para-aortic,Procedure
38564,Limited lymphadenectomy for staging (separate procedure); retroperitoneal (aortic and/or splenic),Procedure
38570,"Laparoscopy, surgical; with retroperitoneal lymph node sampling (biopsy), single or multiple",Procedure
38571,"Laparoscopy, surgical; with bilateral total pelvic lymphadenectomy",Procedure
38572,"Laparoscopy, surgical; with bilateral total pelvic lymphadenectomy and peri-aortic lymph node sampling (biopsy), single or multiple",Procedure
38573,"Laparoscopy, surgical; with bilateral total pelvic lymphadenectomy and peri-aortic lymph node sampling, peritoneal washings, peritoneal biopsy(ies), omentectomy, and diaphragmatic washings, including diaphragmatic and other serosal biopsy(ies), when pe...",Procedure
38589,"Unlisted laparoscopy procedure, lymphatic system",Procedure
38746,"Thoracic lymphadenectomy by thoracotomy, mediastinal and regional lymphadenectomy (List separately in addition to code for primary procedure)",Procedure
38747,"Abdominal lymphadenectomy, regional, including celiac, gastric, portal, peripancreatic, with or without para-aortic and vena caval nodes (List separately in addition to code for primary procedure)",Procedure
38765,"Inguinofemoral lymphadenectomy, superficial, in continuity with pelvic lymphadenectomy, including external iliac, hypogastric, and obturator nodes (separate procedure)",Procedure
38770,"Pelvic lymphadenectomy, including external iliac, hypogastric, and obturator nodes (separate procedure)",Procedure
38780,"Retroperitoneal transabdominal lymphadenectomy, extensive, including pelvic, aortic, and renal nodes (separate procedure)",Procedure
38792,Injection procedure; radioactive tracer for identification of sentinel node,Procedure
38900,"Intraoperative identification (eg, mapping) of sentinel lymph node(s) includes injection of non-radioactive dye, when performed (List separately in addition to code for primary procedure)",Procedure
38999,"Unlisted procedure, hemic or lymphatic system",Procedure
39000,"Mediastinotomy with exploration, drainage, removal of foreign body, or biopsy; cervical approach",Procedure
39010,"Mediastinotomy with exploration, drainage, removal of foreign body, or biopsy; transthoracic approach, including either transthoracic or median sternotomy",Procedure
39200,Resection of mediastinal cyst,Procedure
39220,Resection of mediastinal tumor,Procedure
39400,Examination of chest cavity below breast bone using an endoscope (Deprecated),Procedure
39401,"Mediastinoscopy; includes biopsy(ies) of mediastinal mass (eg, lymphoma), when performed",Procedure
39402,"Mediastinoscopy; with lymph node biopsy(ies) (eg, lung cancer staging)",Procedure
39499,"Unlisted procedure, mediastinum",Procedure
39545,"Imbrication of diaphragm for eventration, transthoracic or transabdominal, paralytic or nonparalytic",Procedure
39560,"Resection, diaphragm; with simple repair (eg, primary suture)",Procedure
39561,"Resection, diaphragm; with complex repair (eg, prosthetic material, local muscle flap)",Procedure
39599,"Unlisted procedure, diaphragm",Procedure
4000F,"Tobacco use cessation intervention, counseling (COPD, CAP, CAD, Asthma) (DM) (PV)",Observation
4004F,"Patient screened for tobacco use and received tobacco cessation intervention (counseling, pharmacotherapy, or both), if identified as a tobacco user (PV, CAD)",Observation
4010F,"Angiotensin Converting Enzyme (ACE) Inhibitor or Angiotensin Receptor Blocker (ARB) therapy prescribed or currently being taken (CAD, CKD, HF) (DM)",Observation
4030F,Long-term oxygen therapy prescribed (more than 15 hours per day) (COPD),Observation
4041F,Documentation of order for cefazolin OR cefuroxime for antimicrobial prophylaxis (PERI 2),Observation
4043F,"Documentation that an order was given to discontinue prophylactic antibiotics within 48 hours of surgical end time, cardiac procedures (PERI 2)",Observation
4044F,Documentation that an order was given for venous thromboembolism (VTE) prophylaxis to be given within 24 hours prior to incision time or 24 hours after surgery end time (PERI 2),Observation
4046F,Documentation that prophylactic antibiotics were given within 4 hours prior to surgical incision or given intraoperatively (PERI 2),Observation
4047F,"Documentation of order for prophylactic parenteral antibiotics to be given within 1 hour (if fluoroquinolone or vancomycin, 2 hours) prior to surgical incision (or start of procedure when no incision is required) (PERI 2)",Observation
4048F,"Documentation that administration of prophylactic parenteral antibiotic was initiated within 1 hour (if fluoroquinolone or vancomycin, 2 hours) prior to surgical incision (or start of procedure when no incision is required) as ordered (PERI 2)",Observation
4049F,"Documentation that order was given to discontinue prophylactic antibiotics within 24 hours of surgical end time, non-cardiac procedure (PERI 2)",Observation
40510,Excision of lip; transverse wedge excision with primary closure,Procedure
40527,"Excision of lip; full thickness, reconstruction with cross lip flap (Abbe-Estlander)",Procedure
4052F,Hemodialysis via functioning arteriovenous (AV) fistula (ESRD),Observation
40530,"Resection of lip, more than one-fourth, without reconstruction",Procedure
4054F,Hemodialysis via catheter (ESRD),Observation
40650,"Repair lip, full thickness; vermilion only",Procedure
40652,"Repair lip, full thickness; up to half vertical height",Procedure
40654,"Repair lip, full thickness; over one-half vertical height, or complex",Procedure
4066F,Electroconvulsive therapy (ECT) provided (MDD),Observation
40700,"Plastic repair of cleft lip/nasal deformity; primary, partial or complete, unilateral",Procedure
40701,"Plastic repair of cleft lip/nasal deformity; primary bilateral, 1-stage procedure",Procedure
4070F,Deep vein thrombosis (DVT) prophylaxis received by end of hospital day 2 (STR),Observation
40720,"Plastic repair of cleft lip/nasal deformity; secondary, by recreation of defect and reclosure",Procedure
40761,"Plastic repair of cleft lip/nasal deformity; with cross lip pedicle flap (Abbe-Estlander type), including sectioning and inserting of pedicle",Procedure
4077F,Documentation that tissue plasminogen activator (t-PA) administration was considered (STR),Observation
40799,"Unlisted procedure, lips",Procedure
40800,"Drainage of abscess, cyst, hematoma, vestibule of mouth; simple",Procedure
40801,"Drainage of abscess, cyst, hematoma, vestibule of mouth; complicated",Procedure
40804,"Removal of embedded foreign body, vestibule of mouth; simple",Procedure
40805,"Removal of embedded foreign body, vestibule of mouth; complicated",Procedure
40810,"Excision of lesion of mucosa and submucosa, vestibule of mouth; without repair",Procedure
40812,"Excision of lesion of mucosa and submucosa, vestibule of mouth; with simple repair",Procedure
40814,"Excision of lesion of mucosa and submucosa, vestibule of mouth; with complex repair",Procedure
40816,"Excision of lesion of mucosa and submucosa, vestibule of mouth; complex, with excision of underlying muscle",Procedure
40818,Excision of mucosa of vestibule of mouth as donor graft,Procedure
40819,"Excision of frenum, labial or buccal (frenumectomy, frenulectomy, frenectomy)",Procedure
40820,"Destruction of lesion or scar of vestibule of mouth by physical methods (eg, laser, thermal, cryo, chemical)",Procedure
40830,"Closure of laceration, vestibule of mouth; 2.5 cm or less",Procedure
40831,"Closure of laceration, vestibule of mouth; over 2.5 cm or complex",Procedure
40842,"Vestibuloplasty; posterior, unilateral",Procedure
40899,"Unlisted procedure, vestibule of mouth",Procedure
41000,"Intraoral incision and drainage of abscess, cyst, or hematoma of tongue or floor of mouth; lingual",Procedure
41005,"Intraoral incision and drainage of abscess, cyst, or hematoma of tongue or floor of mouth; sublingual, superficial",Procedure
41006,"Intraoral incision and drainage of abscess, cyst, or hematoma of tongue or floor of mouth; sublingual, deep, supramylohyoid",Procedure
41007,"Intraoral incision and drainage of abscess, cyst, or hematoma of tongue or floor of mouth; submental space",Procedure
41008,"Intraoral incision and drainage of abscess, cyst, or hematoma of tongue or floor of mouth; submandibular space",Procedure
41009,"Intraoral incision and drainage of abscess, cyst, or hematoma of tongue or floor of mouth; masticator space",Procedure
41015,"Extraoral incision and drainage of abscess, cyst, or hematoma of floor of mouth; sublingual",Procedure
41016,"Extraoral incision and drainage of abscess, cyst, or hematoma of floor of mouth; submental",Procedure
41017,"Extraoral incision and drainage of abscess, cyst, or hematoma of floor of mouth; submandibular",Procedure
41018,"Extraoral incision and drainage of abscess, cyst, or hematoma of floor of mouth; masticator space",Procedure
4110F,"Internal mammary artery graft performed for primary, isolated coronary artery bypass graft procedure (CABG)",Observation
41110,Excision of lesion of tongue without closure,Procedure
41112,Excision of lesion of tongue with closure; anterior two-thirds,Procedure
41113,Excision of lesion of tongue with closure; posterior one-third,Procedure
41114,Excision of lesion of tongue with closure; with local tongue flap,Procedure
41135,"Glossectomy; partial, with unilateral radical neck dissection",Procedure
41140,"Glossectomy; complete or total, with or without tracheostomy, without radical neck dissection",Procedure
41145,"Glossectomy; complete or total, with or without tracheostomy, with unilateral radical neck dissection",Procedure
41150,"Glossectomy; composite procedure with resection floor of mouth and mandibular resection, without radical neck dissection",Procedure
41153,"Glossectomy; composite procedure with resection floor of mouth, with suprahyoid neck dissection",Procedure
4115F,Beta blocker administered within 24 hours prior to surgical incision (CABG),Observation
41250,Repair of laceration 2.5 cm or less; floor of mouth and/or anterior two-thirds of tongue,Procedure
41251,Repair of laceration 2.5 cm or less; posterior one-third of tongue,Procedure
41252,"Repair of laceration of tongue, floor of mouth, over 2.6 cm or complex",Procedure
41500,"Fixation of tongue, mechanical, other than suture (eg, K-wire) (Deprecated)",Procedure
41512,"Tongue base suspension, permanent suture technique",Procedure
41530,"Submucosal ablation of the tongue base, radiofrequency, 1 or more sites, per session",Procedure
41599,"Unlisted procedure, tongue, floor of mouth",Procedure
4164F,"Adjuvant (ie, in combination with external beam radiotherapy to the prostate for prostate cancer) hormonal therapy (gonadotropin-releasing hormone [GnRH] agonist or antagonist) prescribed/administered (PRCA)",Observation
4165F,3-dimensional conformal radiotherapy (3D-CRT) or intensity modulated radiation therapy (IMRT) received (PRCA),Observation
4175F,Best-corrected visual acuity of 20/40 or better (distance or near) achieved within the 90 days following cataract surgery (EC),Observation
4177F,Counseling about the benefits and/or risks of the Age-Related Eye Disease Study (AREDS) formulation for preventing progression of age-related macular degeneration (AMD) provided to patient and/or caregiver(s) (EC),Observation
41800,"Drainage of abscess, cyst, hematoma from dentoalveolar structures",Procedure
4180F,"Adjuvant chemotherapy referred, prescribed, or previously received for Stage III colon cancer (ONC)",Observation
41820,"Gingivectomy, excision gingiva, each quadrant",Procedure
41825,"Excision of lesion or tumor (except listed above), dentoalveolar structures; without repair",Procedure
41826,"Excision of lesion or tumor (except listed above), dentoalveolar structures; with simple repair",Procedure
41827,"Excision of lesion or tumor (except listed above), dentoalveolar structures; with complex repair",Procedure
41830,"Alveolectomy, including curettage of osteitis or sequestrectomy",Procedure
41850,"Destruction of lesion (except excision), dentoalveolar structures",Procedure
41870,Periodontal mucosal grafting,Procedure
41872,"Gingivoplasty, each quadrant (specify)",Procedure
41874,"Alveoloplasty, each quadrant (specify)",Procedure
41899,"Unlisted procedure, dentoalveolar structures",Procedure
42000,"Drainage of abscess of palate, uvula",Procedure
42100,"Biopsy of palate, uvula",Procedure
42104,"Excision, lesion of palate, uvula; without closure",Procedure
42106,"Excision, lesion of palate, uvula; with simple primary closure",Procedure
42107,"Excision, lesion of palate, uvula; with local flap closure",Procedure
42160,"Destruction of lesion, palate or uvula (thermal, cryo or chemical)",Procedure
42182,"Repair, laceration of palate; over 2 cm or complex",Procedure
42200,"Palatoplasty for cleft palate, soft and/or hard palate only",Procedure
42205,"Palatoplasty for cleft palate, with closure of alveolar ridge; soft tissue only",Procedure
42210,"Palatoplasty for cleft palate, with closure of alveolar ridge; with bone graft to alveolar ridge (includes obtaining graft)",Procedure
42220,Palatoplasty for cleft palate; secondary lengthening procedure,Procedure
42227,"Lengthening of palate, with island flap",Procedure
42235,"Repair of anterior palate, including vomer flap",Procedure
42299,"Unlisted procedure, palate, uvula",Procedure
42300,"Drainage of abscess; parotid, simple",Procedure
42305,"Drainage of abscess; parotid, complicated",Procedure
42310,"Drainage of abscess; submaxillary or sublingual, intraoral",Procedure
42330,"Sialolithotomy; submandibular (submaxillary), sublingual or parotid, uncomplicated, intraoral",Procedure
42335,"Sialolithotomy; submandibular (submaxillary), complicated, intraoral",Procedure
42340,"Sialolithotomy; parotid, extraoral or complicated intraoral",Procedure
42410,"Excision of parotid tumor or parotid gland; lateral lobe, without nerve dissection",Procedure
42415,"Excision of parotid tumor or parotid gland; lateral lobe, with dissection and preservation of facial nerve",Procedure
42420,"Excision of parotid tumor or parotid gland; total, with dissection and preservation of facial nerve",Procedure
42425,"Excision of parotid tumor or parotid gland; total, en bloc removal with sacrifice of facial nerve",Procedure
42426,"Excision of parotid tumor or parotid gland; total, with unilateral radical neck dissection",Procedure
42500,"Plastic repair of salivary duct, sialodochoplasty; primary or simple",Procedure
42505,"Plastic repair of salivary duct, sialodochoplasty; secondary or complicated",Procedure
42509,"Parotid duct diversion, bilateral (Wilke type procedure); with excision of both submandibular glands",Procedure
4250F,"Active warming used intraoperatively for the purpose of maintaining normothermia, or at least 1 body temperature equal to or greater than 36 degrees Centigrade (or 96.8 degrees Fahrenheit) recorded within the 30 minutes immediately before or the 15 min...",Observation
42550,Injection procedure for sialography,Procedure
4255F,"Duration of general or neuraxial anesthesia 60 minutes or longer, as documented in the anesthesia record (CRIT) (Peri2)",Observation
4256F,"Duration of general or neuraxial anesthesia less than 60 minutes, as documented in the anesthesia record (CRIT) (Peri2)",Observation
4260F,Wound surface culture technique used (CWC),Observation
42660,"Dilation and catheterization of salivary duct, with or without injection",Procedure
42699,"Unlisted procedure, salivary glands or ducts",Procedure
42720,"Incision and drainage abscess; retropharyngeal or parapharyngeal, intraoral approach",Procedure
42725,"Incision and drainage abscess; retropharyngeal or parapharyngeal, external approach",Procedure
4274F,Influenza immunization administered or previously received (HIV) (P-ESRD),Observation
42802,Biopsy; hypopharynx (Deprecated),Procedure
42804,"Biopsy; nasopharynx, visible lesion, simple",Procedure
42806,"Biopsy; nasopharynx, survey for unknown primary lesion",Procedure
42808,"Excision or destruction of lesion of pharynx, any method",Procedure
42810,"Excision branchial cleft cyst or vestige, confined to skin and subcutaneous tissues",Procedure
42815,"Excision branchial cleft cyst, vestige, or fistula, extending beneath subcutaneous tissues and/or into pharynx",Procedure
42825,"Tonsillectomy, primary or secondary; younger than age 12",Procedure
42826,"Tonsillectomy, primary or secondary; age 12 or over",Procedure
42830,"Adenoidectomy, primary; younger than age 12",Procedure
42831,"Adenoidectomy, primary; age 12 or over",Procedure
42835,"Adenoidectomy, secondary; younger than age 12",Procedure
42836,"Adenoidectomy, secondary; age 12 or over",Procedure
42842,"Radical resection of tonsil, tonsillar pillars, and/or retromolar trigone; without closure",Procedure
42844,"Radical resection of tonsil, tonsillar pillars, and/or retromolar trigone; closure with local flap (eg, tongue, buccal)",Procedure
42845,"Radical resection of tonsil, tonsillar pillars, and/or retromolar trigone; closure with other flap",Procedure
42870,"Excision or destruction lingual tonsil, any method (separate procedure)",Procedure
42892,"Resection of lateral pharyngeal wall or pyriform sinus, direct closure by advancement of lateral and posterior pharyngeal walls",Procedure
42894,"Resection of pharyngeal wall requiring closure with myocutaneous or fasciocutaneous flap or free muscle, skin, or fascial flap with microvascular anastomosis",Procedure
42900,Suture pharynx for wound or injury,Procedure
42960,"Control oropharyngeal hemorrhage, primary or secondary (eg, post-tonsillectomy); simple",Procedure
42961,"Control oropharyngeal hemorrhage, primary or secondary (eg, post-tonsillectomy); complicated, requiring hospitalization",Procedure
42962,"Control oropharyngeal hemorrhage, primary or secondary (eg, post-tonsillectomy); with secondary surgical intervention",Procedure
42970,"Control of nasopharyngeal hemorrhage, primary or secondary (eg, postadenoidectomy); simple, with posterior nasal packs, with or without anterior packs and/or cautery",Procedure
42972,"Control of nasopharyngeal hemorrhage, primary or secondary (eg, postadenoidectomy); with secondary surgical intervention",Procedure
42975,"Drug-induced sleep endoscopy, with dynamic evaluation of velum, pharynx, tongue base, and larynx for evaluation of sleep-disordered breathing, flexible, diagnostic",Procedure
42999,"Unlisted procedure, pharynx, adenoids, or tonsils",Procedure
43100,"Excision of lesion, esophagus, with primary repair; cervical approach",Procedure
43101,"Excision of lesion, esophagus, with primary repair; thoracic or abdominal approach",Procedure
43107,"Total or near total esophagectomy, without thoracotomy; with pharyngogastrostomy or cervical esophagogastrostomy, with or without pyloroplasty (transhiatal)",Procedure
43108,"Total or near total esophagectomy, without thoracotomy; with colon interposition or small intestine reconstruction, including intestine mobilization, preparation and anastomosis(es)",Procedure
43112,"Total or near total esophagectomy, with thoracotomy; with pharyngogastrostomy or cervical esophagogastrostomy, with or without pyloroplasty (ie, McKeown esophagectomy or tri-incisional esophagectomy)",Procedure
43113,"Total or near total esophagectomy, with thoracotomy; with colon interposition or small intestine reconstruction, including intestine mobilization, preparation, and anastomosis(es)",Procedure
43116,"Partial esophagectomy, cervical, with free intestinal graft, including microvascular anastomosis, obtaining the graft and intestinal reconstruction",Procedure
43117,"Partial esophagectomy, distal two-thirds, with thoracotomy and separate abdominal incision, with or without proximal gastrectomy; with thoracic esophagogastrostomy, with or without pyloroplasty (Ivor Lewis)",Procedure
43118,"Partial esophagectomy, distal two-thirds, with thoracotomy and separate abdominal incision, with or without proximal gastrectomy; with colon interposition or small intestine reconstruction, including intestine mobilization, preparation, and anastomosis...",Procedure
43121,"Partial esophagectomy, distal two-thirds, with thoracotomy only, with or without proximal gastrectomy, with thoracic esophagogastrostomy, with or without pyloroplasty",Procedure
43122,"Partial esophagectomy, thoracoabdominal or abdominal approach, with or without proximal gastrectomy; with esophagogastrostomy, with or without pyloroplasty",Procedure
43123,"Partial esophagectomy, thoracoabdominal or abdominal approach, with or without proximal gastrectomy; with colon interposition or small intestine reconstruction, including intestine mobilization, preparation, and anastomosis(es)",Procedure
43124,"Total or partial esophagectomy, without reconstruction (any approach), with cervical esophagostomy",Procedure
43130,"Diverticulectomy of hypopharynx or esophagus, with or without myotomy; cervical approach",Procedure
43135,"Diverticulectomy of hypopharynx or esophagus, with or without myotomy; thoracic approach",Procedure
43180,"Esophagoscopy, rigid, transoral with diverticulectomy of hypopharynx or cervical esophagus (eg, Zenker's diverticulum), with cricopharyngeal myotomy, includes use of telescope or operating microscope and repair, when performed",Procedure
43191,"Esophagoscopy, rigid, transoral; diagnostic, including collection of specimen(s) by brushing or washing when performed (separate procedure)",Procedure
43192,"Esophagoscopy, rigid, transoral; with directed submucosal injection(s), any substance",Procedure
43193,"Esophagoscopy, rigid, transoral; with biopsy, single or multiple",Procedure
43194,"Esophagoscopy, rigid, transoral; with removal of foreign body(s)",Procedure
43195,"Esophagoscopy, rigid, transoral; with balloon dilation (less than 30 mm diameter)",Procedure
43196,"Esophagoscopy, rigid, transoral; with insertion of guide wire followed by dilation over guide wire",Procedure
43197,"Esophagoscopy, flexible, transnasal; diagnostic, including collection of specimen(s) by brushing or washing, when performed (separate procedure)",Procedure
43198,"Esophagoscopy, flexible, transnasal; with biopsy, single or multiple",Procedure
43200,"Esophagoscopy, flexible, transoral; diagnostic, including collection of specimen(s) by brushing or washing, when performed (separate procedure)",Procedure
43201,"Esophagoscopy, flexible, transoral; with directed submucosal injection(s), any substance",Procedure
43202,"Esophagoscopy, flexible, transoral; with biopsy, single or multiple",Procedure
43204,"Esophagoscopy, flexible, transoral; with injection sclerosis of esophageal varices",Procedure
43205,"Esophagoscopy, flexible, transoral; with band ligation of esophageal varices",Procedure
43206,"Esophagoscopy, flexible, transoral; with optical endomicroscopy",Procedure
43210,"Esophagogastroduodenoscopy, flexible, transoral; with esophagogastric fundoplasty, partial or complete, includes duodenoscopy when performed",Procedure
43211,"Esophagoscopy, flexible, transoral; with endoscopic mucosal resection",Procedure
43212,"Esophagoscopy, flexible, transoral; with placement of endoscopic stent (includes pre- and post-dilation and guide wire passage, when performed)",Procedure
43213,"Esophagoscopy, flexible, transoral; with dilation of esophagus, by balloon or dilator, retrograde (includes fluoroscopic guidance, when performed)",Procedure
43214,"Esophagoscopy, flexible, transoral; with dilation of esophagus with balloon (30 mm diameter or larger) (includes fluoroscopic guidance, when performed)",Procedure
43215,"Esophagoscopy, flexible, transoral; with removal of foreign body(s)",Procedure
43216,"Esophagoscopy, flexible, transoral; with removal of tumor(s), polyp(s), or other lesion(s) by hot biopsy forceps",Procedure
43217,"Esophagoscopy, flexible, transoral; with removal of tumor(s), polyp(s), or other lesion(s) by snare technique",Procedure
43219,"Esophagoscopy, rigid or flexible; with insertion of plastic tube or stent (Deprecated)",Procedure
43220,"Esophagoscopy, flexible, transoral; with transendoscopic balloon dilation (less than 30 mm diameter)",Procedure
43227,"Esophagoscopy, flexible, transoral; with control of bleeding, any method",Procedure
43228,"Esophagoscopy, rigid or flexible; with ablation of tumor(s), polyp(s), or other lesion(s), not amenable to removal by hot biopsy forceps, bipolar cautery or snare technique (Deprecated)",Procedure
43229,"Esophagoscopy, flexible, transoral; with ablation of tumor(s), polyp(s), or other lesion(s) (includes pre- and post-dilation and guide wire passage, when performed)",Procedure
43231,"Esophagoscopy, flexible, transoral; with endoscopic ultrasound examination",Procedure
43232,"Esophagoscopy, flexible, transoral; with transendoscopic ultrasound-guided intramural or transmural fine needle aspiration/biopsy(s)",Procedure
43233,"Esophagogastroduodenoscopy, flexible, transoral; with dilation of esophagus with balloon (30 mm diameter or larger) (includes fluoroscopic guidance, when performed)",Procedure
43234,"Upper gastrointestinal endoscopy, simple primary examination (eg, with small diameter flexible endoscope) (separate procedure) (Deprecated)",Procedure
43235,"Esophagogastroduodenoscopy, flexible, transoral; diagnostic, including collection of specimen(s) by brushing or washing, when performed (separate procedure)",Procedure
43236,"Esophagogastroduodenoscopy, flexible, transoral; with directed submucosal injection(s), any substance",Procedure
43237,"Esophagogastroduodenoscopy, flexible, transoral; with endoscopic ultrasound examination limited to the esophagus, stomach or duodenum, and adjacent structures",Procedure
43238,"Esophagogastroduodenoscopy, flexible, transoral; with transendoscopic ultrasound-guided intramural or transmural fine needle aspiration/biopsy(s), (includes endoscopic ultrasound examination limited to the esophagus, stomach or duodenum, and adjacent s...",Procedure
43239,"Esophagogastroduodenoscopy, flexible, transoral; with biopsy, single or multiple",Procedure
43240,"Esophagogastroduodenoscopy, flexible, transoral; with transmural drainage of pseudocyst (includes placement of transmural drainage catheter[s]/stent[s], when performed, and endoscopic ultrasound, when performed)",Procedure
43241,"Esophagogastroduodenoscopy, flexible, transoral; with insertion of intraluminal tube or catheter",Procedure
43242,"Esophagogastroduodenoscopy, flexible, transoral; with transendoscopic ultrasound-guided intramural or transmural fine needle aspiration/biopsy(s) (includes endoscopic ultrasound examination of the esophagus, stomach, and either the duodenum or a surgic...",Procedure
43243,"Esophagogastroduodenoscopy, flexible, transoral; with injection sclerosis of esophageal/gastric varices",Procedure
43244,"Esophagogastroduodenoscopy, flexible, transoral; with band ligation of esophageal/gastric varices",Procedure
43245,"Esophagogastroduodenoscopy, flexible, transoral; with dilation of gastric/duodenal stricture(s) (eg, balloon, bougie)",Procedure
43246,"Esophagogastroduodenoscopy, flexible, transoral; with directed placement of percutaneous gastrostomy tube",Procedure
43247,"Esophagogastroduodenoscopy, flexible, transoral; with removal of foreign body(s)",Procedure
43248,"Esophagogastroduodenoscopy, flexible, transoral; with insertion of guide wire followed by passage of dilator(s) through esophagus over guide wire",Procedure
43249,"Esophagogastroduodenoscopy, flexible, transoral; with transendoscopic balloon dilation of esophagus (less than 30 mm diameter)",Procedure
43250,"Esophagogastroduodenoscopy, flexible, transoral; with removal of tumor(s), polyp(s), or other lesion(s) by hot biopsy forceps",Procedure
43251,"Esophagogastroduodenoscopy, flexible, transoral; with removal of tumor(s), polyp(s), or other lesion(s) by snare technique",Procedure
43252,"Esophagogastroduodenoscopy, flexible, transoral; with optical endomicroscopy",Procedure
43253,"Esophagogastroduodenoscopy, flexible, transoral; with transendoscopic ultrasound-guided transmural injection of diagnostic or therapeutic substance(s) (eg, anesthetic, neurolytic agent) or fiducial marker(s) (includes endoscopic ultrasound examination...",Procedure
43254,"Esophagogastroduodenoscopy, flexible, transoral; with endoscopic mucosal resection",Procedure
43255,"Esophagogastroduodenoscopy, flexible, transoral; with control of bleeding, any method",Procedure
43256,"Upper gastrointestinal endoscopy including esophagus, stomach, and either the duodenum and/or jejunum as appropriate; with transendoscopic stent placement (includes predilation) (Deprecated)",Procedure
43257,"Esophagogastroduodenoscopy, flexible, transoral; with delivery of thermal energy to the muscle of lower esophageal sphincter and/or gastric cardia, for treatment of gastroesophageal reflux disease",Procedure
43258,"Upper gastrointestinal endoscopy including esophagus, stomach, and either the duodenum and/or jejunum as appropriate; with ablation of tumor(s), polyp(s), or other lesion(s) not amenable to removal by hot biopsy forceps, bipolar cautery or... (Deprecated)",Procedure
43259,"Esophagogastroduodenoscopy, flexible, transoral; with endoscopic ultrasound examination, including the esophagus, stomach, and either the duodenum or a surgically altered stomach where the jejunum is examined distal to the anastomosis",Procedure
43262,Endoscopic retrograde cholangiopancreatography (ERCP); with sphincterotomy/papillotomy,Procedure
43263,Endoscopic retrograde cholangiopancreatography (ERCP); with pressure measurement of sphincter of Oddi,Procedure
43264,Endoscopic retrograde cholangiopancreatography (ERCP); with removal of calculi/debris from biliary/pancreatic duct(s),Procedure
43265,"Endoscopic retrograde cholangiopancreatography (ERCP); with destruction of calculi, any method (eg, mechanical, electrohydraulic, lithotripsy)",Procedure
43266,"Esophagogastroduodenoscopy, flexible, transoral; with placement of endoscopic stent (includes pre- and post-dilation and guide wire passage, when performed)",Procedure
43267,Endoscopic retrograde cholangiopancreatography (ERCP); with endoscopic retrograde insertion of nasobiliary or nasopancreatic drainage tube (Deprecated),Procedure
43268,Endoscopic retrograde cholangiopancreatography (ERCP); with endoscopic retrograde insertion of tube or stent into bile or pancreatic duct (Deprecated),Procedure
43269,Endoscopic retrograde cholangiopancreatography (ERCP); with endoscopic retrograde removal of foreign body and/or change of tube or stent (Deprecated),Procedure
43270,"Esophagogastroduodenoscopy, flexible, transoral; with ablation of tumor(s), polyp(s), or other lesion(s) (includes pre- and post-dilation and guide wire passage, when performed)",Procedure
43271,"Endoscopic retrograde cholangiopancreatography (ERCP); with endoscopic retrograde balloon dilation of ampulla, biliary and/or pancreatic duct(s) (Deprecated)",Procedure
43272,"Endoscopic retrograde cholangiopancreatography (ERCP); with ablation of tumor(s), polyp(s), or other lesion(s) not amenable to removal by hot biopsy forceps, bipolar cautery or snare technique (Deprecated)",Procedure
43273,Endoscopic cannulation of papilla with direct visualization of pancreatic/common bile duct(s) (List separately in addition to code(s) for primary procedure),Procedure
43274,"Endoscopic retrograde cholangiopancreatography (ERCP); with placement of endoscopic stent into biliary or pancreatic duct, including pre- and post-dilation and guide wire passage, when performed, including sphincterotomy, when performed, each stent",Procedure
43275,Endoscopic retrograde cholangiopancreatography (ERCP); with removal of foreign body(s) or stent(s) from biliary/pancreatic duct(s),Procedure
43276,"Endoscopic retrograde cholangiopancreatography (ERCP); with removal and exchange of stent(s), biliary or pancreatic duct, including pre- and post-dilation and guide wire passage, when performed, including sphincterotomy, when performed, each stent exch...",Procedure
43277,"Endoscopic retrograde cholangiopancreatography (ERCP); with trans-endoscopic balloon dilation of biliary/pancreatic duct(s) or of ampulla (sphincteroplasty), including sphincterotomy, when performed, each duct",Procedure
43278,"Endoscopic retrograde cholangiopancreatography (ERCP); with ablation of tumor(s), polyp(s), or other lesion(s), including pre- and post-dilation and guide wire passage, when performed",Procedure
43279,"Laparoscopy, surgical, esophagomyotomy (Heller type), with fundoplasty, when performed",Procedure
43280,"Laparoscopy, surgical, esophagogastric fundoplasty (eg, Nissen, Toupet procedures)",Procedure
43281,"Laparoscopy, surgical, repair of paraesophageal hernia, includes fundoplasty, when performed; without implantation of mesh",Procedure
43282,"Laparoscopy, surgical, repair of paraesophageal hernia, includes fundoplasty, when performed; with implantation of mesh",Procedure
43283,"Laparoscopy, surgical, esophageal lengthening procedure (eg, Collis gastroplasty or wedge gastroplasty) (List separately in addition to code for primary procedure)",Procedure
43284,"Laparoscopy, surgical, esophageal sphincter augmentation procedure, placement of sphincter augmentation device (ie, magnetic band), including cruroplasty when performed",Procedure
43285,Removal of esophageal sphincter augmentation device,Procedure
43286,"Esophagectomy, total or near total, with laparoscopic mobilization of the abdominal and mediastinal esophagus and proximal gastrectomy, with laparoscopic pyloric drainage procedure if performed, with open cervical pharyngogastrostomy or esophagogastros...",Procedure
43287,"Esophagectomy, distal two-thirds, with laparoscopic mobilization of the abdominal and lower mediastinal esophagus and proximal gastrectomy, with laparoscopic pyloric drainage procedure if performed, with separate thoracoscopic mobilization of the middl...",Procedure
43288,"Esophagectomy, total or near total, with thoracoscopic mobilization of the upper, middle, and lower mediastinal esophagus, with separate laparoscopic proximal gastrectomy, with laparoscopic pyloric drainage procedure if performed, with open cervical ph...",Procedure
43289,"Unlisted laparoscopy procedure, esophagus",Procedure
43300,"Esophagoplasty (plastic repair or reconstruction), cervical approach; without repair of tracheoesophageal fistula",Procedure
43305,"Esophagoplasty (plastic repair or reconstruction), cervical approach; with repair of tracheoesophageal fistula",Procedure
4330F,Counseling about epilepsy specific safety issues provided to patient (or caregiver(s)) (EPI),Observation
43310,"Esophagoplasty (plastic repair or reconstruction), thoracic approach; without repair of tracheoesophageal fistula",Procedure
43312,"Esophagoplasty (plastic repair or reconstruction), thoracic approach; with repair of tracheoesophageal fistula",Procedure
43313,"Esophagoplasty for congenital defect (plastic repair or reconstruction), thoracic approach; without repair of congenital tracheoesophageal fistula",Procedure
43314,"Esophagoplasty for congenital defect (plastic repair or reconstruction), thoracic approach; with repair of congenital tracheoesophageal fistula",Procedure
43320,"Esophagogastrostomy (cardioplasty), with or without vagotomy and pyloroplasty, transabdominal or transthoracic approach",Procedure
43324,"Esophagogastric fundoplasty (eg, Nissen, Belsey IV, Hill procedures) (Deprecated)",Procedure
43327,Esophagogastric fundoplasty partial or complete; laparotomy,Procedure
43328,Esophagogastric fundoplasty partial or complete; thoracotomy,Procedure
43330,Esophagomyotomy (Heller type); abdominal approach,Procedure
43331,Esophagomyotomy (Heller type); thoracic approach,Procedure
43332,"Repair, paraesophageal hiatal hernia (including fundoplication), via laparotomy, except neonatal; without implantation of mesh or other prosthesis",Procedure
43333,"Repair, paraesophageal hiatal hernia (including fundoplication), via laparotomy, except neonatal; with implantation of mesh or other prosthesis",Procedure
43334,"Repair, paraesophageal hiatal hernia (including fundoplication), via thoracotomy, except neonatal; without implantation of mesh or other prosthesis",Procedure
43335,"Repair, paraesophageal hiatal hernia (including fundoplication), via thoracotomy, except neonatal; with implantation of mesh or other prosthesis",Procedure
43336,"Repair, paraesophageal hiatal hernia, (including fundoplication), via thoracoabdominal incision, except neonatal; without implantation of mesh or other prosthesis",Procedure
43337,"Repair, paraesophageal hiatal hernia, (including fundoplication), via thoracoabdominal incision, except neonatal; with implantation of mesh or other prosthesis",Procedure
43338,"Esophageal lengthening procedure (eg, Collis gastroplasty or wedge gastroplasty) (List separately in addition to code for primary procedure)",Procedure
43352,"Esophagostomy, fistulization of esophagus, external; cervical approach",Procedure
43360,"Gastrointestinal reconstruction for previous esophagectomy, for obstructing esophageal lesion or fistula, or for previous esophageal exclusion; with stomach, with or without pyloroplasty",Procedure
43361,"Gastrointestinal reconstruction for previous esophagectomy, for obstructing esophageal lesion or fistula, or for previous esophageal exclusion; with colon interposition or small intestine reconstruction, including intestine mobilization, preparation, a...",Procedure
43401,"Transection of esophagus with repair, for esophageal varices (Deprecated)",Procedure
43405,Ligation or stapling at gastroesophageal junction for pre-existing esophageal perforation,Procedure
4340F,Counseling for women of childbearing potential with epilepsy (EPI),Observation
43410,Suture of esophageal wound or injury; cervical approach,Procedure
43415,Suture of esophageal wound or injury; transthoracic or transabdominal approach,Procedure
43420,Closure of esophagostomy or fistula; cervical approach,Procedure
43425,Closure of esophagostomy or fistula; transthoracic or transabdominal approach,Procedure
43453,"Dilation of esophagus, over guide wire",Procedure
43456,"Dilation of esophagus, by balloon or dilator, retrograde (Deprecated)",Procedure
43458,Dilation of esophagus with balloon (30 mm diameter or larger) for achalasia (Deprecated),Procedure
43499,"Unlisted procedure, esophagus",Procedure
43500,Gastrotomy; with exploration or foreign body removal,Procedure
43610,"Excision, local; ulcer or benign tumor of stomach",Procedure
43620,"Gastrectomy, total; with esophagoenterostomy",Procedure
43622,"Gastrectomy, total; with formation of intestinal pouch, any type",Procedure
43631,"Gastrectomy, partial, distal; with gastroduodenostomy",Procedure
43632,"Gastrectomy, partial, distal; with gastrojejunostomy",Procedure
43633,"Gastrectomy, partial, distal; with Roux-en-Y reconstruction",Procedure
43634,"Gastrectomy, partial, distal; with formation of intestinal pouch",Procedure
43644,"Laparoscopy, surgical, gastric restrictive procedure; with gastric bypass and Roux-en-Y gastroenterostomy (roux limb 150 cm or less)",Procedure
43645,"Laparoscopy, surgical, gastric restrictive procedure; with gastric bypass and small intestine reconstruction to limit absorption",Procedure
43647,"Laparoscopy, surgical; implantation or replacement of gastric neurostimulator electrodes, antrum",Procedure
43648,"Laparoscopy, surgical; revision or removal of gastric neurostimulator electrodes, antrum",Procedure
43652,"Laparoscopy, surgical; transection of vagus nerves, selective or highly selective",Procedure
43653,"Laparoscopy, surgical; gastrostomy, without construction of gastric tube (eg, Stamm procedure) (separate procedure)",Procedure
43659,"Unlisted laparoscopy procedure, stomach",Procedure
43752,"Naso- or oro-gastric tube placement, requiring physician's skill and fluoroscopic guidance (includes fluoroscopy, image documentation and report)",Procedure
43753,"Gastric intubation and aspiration(s) therapeutic, necessitating physician's skill (eg, for gastrointestinal hemorrhage), including lavage if performed",Procedure
43754,"Gastric intubation and aspiration, diagnostic; single specimen (eg, acid analysis)",Procedure
43755,"Gastric intubation and aspiration, diagnostic; collection of multiple fractional specimens with gastric stimulation, single or double lumen tube (gastric secretory study) (eg, histamine, insulin, pentagastrin, calcium, secretin), includes drug administ...",Procedure
43757,"Duodenal intubation and aspiration, diagnostic, includes image guidance; collection of multiple fractional specimens with pancreatic or gallbladder stimulation, single or double lumen tube, includes drug administration",Procedure
43760,"Change of gastrostomy tube, percutaneous, without imaging or endoscopic guidance (Deprecated)",Procedure
43761,"Repositioning of a naso- or oro-gastric feeding tube, through the duodenum for enteric nutrition",Procedure
43762,"Replacement of gastrostomy tube, percutaneous, includes removal, when performed, without imaging or endoscopic guidance; not requiring revision of gastrostomy tract",Procedure
43763,"Replacement of gastrostomy tube, percutaneous, includes removal, when performed, without imaging or endoscopic guidance; requiring revision of gastrostomy tract",Procedure
43770,"Laparoscopy, surgical, gastric restrictive procedure; placement of adjustable gastric restrictive device (eg, gastric band and subcutaneous port components)",Procedure
43771,"Laparoscopy, surgical, gastric restrictive procedure; revision of adjustable gastric restrictive device component only",Procedure
43772,"Laparoscopy, surgical, gastric restrictive procedure; removal of adjustable gastric restrictive device component only",Procedure
43773,"Laparoscopy, surgical, gastric restrictive procedure; removal and replacement of adjustable gastric restrictive device component only",Procedure
43774,"Laparoscopy, surgical, gastric restrictive procedure; removal of adjustable gastric restrictive device and subcutaneous port components",Procedure
43775,"Laparoscopy, surgical, gastric restrictive procedure; longitudinal gastrectomy (ie, sleeve gastrectomy)",Procedure
43820,Gastrojejunostomy; without vagotomy,Procedure
43831,"Gastrostomy, open; neonatal, for feeding",Procedure
43840,"Gastrorrhaphy, suture of perforated duodenal or gastric ulcer, wound, or injury",Procedure
43843,"Gastric restrictive procedure, without gastric bypass, for morbid obesity; other than vertical-banded gastroplasty",Procedure
43846,"Gastric restrictive procedure, with gastric bypass for morbid obesity; with short limb (150 cm or less) Roux-en-Y gastroenterostomy",Procedure
43847,"Gastric restrictive procedure, with gastric bypass for morbid obesity; with small intestine reconstruction to limit absorption",Procedure
43848,"Revision, open, of gastric restrictive procedure for morbid obesity, other than adjustable gastric restrictive device (separate procedure)",Procedure
43860,"Revision of gastrojejunal anastomosis (gastrojejunostomy) with reconstruction, with or without partial gastrectomy or intestine resection; without vagotomy",Procedure
43865,"Revision of gastrojejunal anastomosis (gastrojejunostomy) with reconstruction, with or without partial gastrectomy or intestine resection; with vagotomy",Procedure
43881,"Implantation or replacement of gastric neurostimulator electrodes, antrum, open",Procedure
43886,"Gastric restrictive procedure, open; revision of subcutaneous port component only",Procedure
43887,"Gastric restrictive procedure, open; removal of subcutaneous port component only",Procedure
43888,"Gastric restrictive procedure, open; removal and replacement of subcutaneous port component only",Procedure
43999,"Unlisted procedure, stomach",Procedure
44010,"Duodenotomy, for exploration, biopsy(s), or foreign body removal",Procedure
44015,"Tube or needle catheter jejunostomy for enteral alimentation, intraoperative, any method (List separately in addition to primary procedure)",Procedure
44020,"Enterotomy, small intestine, other than duodenum; for exploration, biopsy(s), or foreign body removal",Procedure
44021,"Enterotomy, small intestine, other than duodenum; for decompression (eg, Baker tube)",Procedure
44025,"Colotomy, for exploration, biopsy(s), or foreign body removal",Procedure
44050,"Reduction of volvulus, intussusception, internal hernia, by laparotomy",Procedure
44055,"Correction of malrotation by lysis of duodenal bands and/or reduction of midgut volvulus (eg, Ladd procedure)",Procedure
44100,"Biopsy of intestine by capsule, tube, peroral (1 or more specimens)",Procedure
44110,"Excision of 1 or more lesions of small or large intestine not requiring anastomosis, exteriorization, or fistulization; single enterotomy",Procedure
44111,"Excision of 1 or more lesions of small or large intestine not requiring anastomosis, exteriorization, or fistulization; multiple enterotomies",Procedure
44120,"Enterectomy, resection of small intestine; single resection and anastomosis",Procedure
44121,"Enterectomy, resection of small intestine; each additional resection and anastomosis (List separately in addition to code for primary procedure)",Procedure
44125,"Enterectomy, resection of small intestine; with enterostomy",Procedure
44126,"Enterectomy, resection of small intestine for congenital atresia, single resection and anastomosis of proximal segment of intestine; without tapering",Procedure
44127,"Enterectomy, resection of small intestine for congenital atresia, single resection and anastomosis of proximal segment of intestine; with tapering",Procedure
44128,"Enterectomy, resection of small intestine for congenital atresia, single resection and anastomosis of proximal segment of intestine; each additional resection and anastomosis (List separately in addition to code for primary procedure)",Procedure
44130,"Enteroenterostomy, anastomosis of intestine, with or without cutaneous enterostomy (separate procedure)",Procedure
44135,Intestinal allotransplantation; from cadaver donor,Procedure
44136,Intestinal allotransplantation; from living donor,Procedure
44137,"Removal of transplanted intestinal allograft, complete",Procedure
44139,Mobilization (take-down) of splenic flexure performed in conjunction with partial colectomy (List separately in addition to primary procedure),Procedure
44141,"Colectomy, partial; with skin level cecostomy or colostomy",Procedure
44143,"Colectomy, partial; with end colostomy and closure of distal segment (Hartmann type procedure)",Procedure
44144,"Colectomy, partial; with resection, with colostomy or ileostomy and creation of mucofistula",Procedure
44147,"Colectomy, partial; abdominal and transanal approach",Procedure
44150,"Colectomy, total, abdominal, without proctectomy; with ileostomy or ileoproctostomy",Procedure
44151,"Colectomy, total, abdominal, without proctectomy; with continent ileostomy",Procedure
44157,"Colectomy, total, abdominal, with proctectomy; with ileoanal anastomosis, includes loop ileostomy, and rectal mucosectomy, when performed",Procedure
44158,"Colectomy, total, abdominal, with proctectomy; with ileoanal anastomosis, creation of ileal reservoir (S or J), includes loop ileostomy, and rectal mucosectomy, when performed",Procedure
44160,"Colectomy, partial, with removal of terminal ileum with ileocolostomy",Procedure
44180,"Laparoscopy, surgical, enterolysis (freeing of intestinal adhesion) (separate procedure)",Procedure
44186,"Laparoscopy, surgical; jejunostomy (eg, for decompression or feeding)",Procedure
44187,"Laparoscopy, surgical; ileostomy or jejunostomy, non-tube",Procedure
44188,"Laparoscopy, surgical, colostomy or skin level cecostomy",Procedure
44202,"Laparoscopy, surgical; enterectomy, resection of small intestine, single resection and anastomosis",Procedure
44203,"Laparoscopy, surgical; each additional small intestine resection and anastomosis (List separately in addition to code for primary procedure)",Procedure
44204,"Laparoscopy, surgical; colectomy, partial, with anastomosis",Procedure
44205,"Laparoscopy, surgical; colectomy, partial, with removal of terminal ileum with ileocolostomy",Procedure
44206,"Laparoscopy, surgical; colectomy, partial, with end colostomy and closure of distal segment (Hartmann type procedure)",Procedure
44207,"Laparoscopy, surgical; colectomy, partial, with anastomosis, with coloproctostomy (low pelvic anastomosis)",Procedure
44208,"Laparoscopy, surgical; colectomy, partial, with anastomosis, with coloproctostomy (low pelvic anastomosis) with colostomy",Procedure
44210,"Laparoscopy, surgical; colectomy, total, abdominal, without proctectomy, with ileostomy or ileoproctostomy",Procedure
44211,"Laparoscopy, surgical; colectomy, total, abdominal, with proctectomy, with ileoanal anastomosis, creation of ileal reservoir (S or J), with loop ileostomy, includes rectal mucosectomy, when performed",Procedure
44212,"Laparoscopy, surgical; colectomy, total, abdominal, with proctectomy, with ileostomy",Procedure
44213,"Laparoscopy, surgical, mobilization (take-down) of splenic flexure performed in conjunction with partial colectomy (List separately in addition to primary procedure)",Procedure
44227,"Laparoscopy, surgical, closure of enterostomy, large or small intestine, with resection and anastomosis",Procedure
44238,"Unlisted laparoscopy procedure, intestine (except rectum)",Procedure
44300,"Placement, enterostomy or cecostomy, tube open (eg, for feeding or decompression) (separate procedure)",Procedure
44310,"Ileostomy or jejunostomy, non-tube",Procedure
44320,Colostomy or skin level cecostomy,Procedure
44322,"Colostomy or skin level cecostomy; with multiple biopsies (eg, for congenital megacolon) (separate procedure)",Procedure
44360,"Small intestinal endoscopy, enteroscopy beyond second portion of duodenum, not including ileum; diagnostic, including collection of specimen(s) by brushing or washing, when performed (separate procedure)",Procedure
44361,"Small intestinal endoscopy, enteroscopy beyond second portion of duodenum, not including ileum; with biopsy, single or multiple",Procedure
44363,"Small intestinal endoscopy, enteroscopy beyond second portion of duodenum, not including ileum; with removal of foreign body(s)",Procedure
44364,"Small intestinal endoscopy, enteroscopy beyond second portion of duodenum, not including ileum; with removal of tumor(s), polyp(s), or other lesion(s) by snare technique",Procedure
44365,"Small intestinal endoscopy, enteroscopy beyond second portion of duodenum, not including ileum; with removal of tumor(s), polyp(s), or other lesion(s) by hot biopsy forceps or bipolar cautery",Procedure
44366,"Small intestinal endoscopy, enteroscopy beyond second portion of duodenum, not including ileum; with control of bleeding (eg, injection, bipolar cautery, unipolar cautery, laser, heater probe, stapler, plasma coagulator)",Procedure
44369,"Small intestinal endoscopy, enteroscopy beyond second portion of duodenum, not including ileum; with ablation of tumor(s), polyp(s), or other lesion(s) not amenable to removal by hot biopsy forceps, bipolar cautery or snare technique",Procedure
44370,"Small intestinal endoscopy, enteroscopy beyond second portion of duodenum, not including ileum; with transendoscopic stent placement (includes predilation)",Procedure
44372,"Small intestinal endoscopy, enteroscopy beyond second portion of duodenum, not including ileum; with placement of percutaneous jejunostomy tube",Procedure
44373,"Small intestinal endoscopy, enteroscopy beyond second portion of duodenum, not including ileum; with conversion of percutaneous gastrostomy tube to percutaneous jejunostomy tube",Procedure
44376,"Small intestinal endoscopy, enteroscopy beyond second portion of duodenum, including ileum; diagnostic, with or without collection of specimen(s) by brushing or washing (separate procedure)",Procedure
44377,"Small intestinal endoscopy, enteroscopy beyond second portion of duodenum, including ileum; with biopsy, single or multiple",Procedure
44378,"Small intestinal endoscopy, enteroscopy beyond second portion of duodenum, including ileum; with control of bleeding (eg, injection, bipolar cautery, unipolar cautery, laser, heater probe, stapler, plasma coagulator)",Procedure
44379,"Small intestinal endoscopy, enteroscopy beyond second portion of duodenum, including ileum; with transendoscopic stent placement (includes predilation)",Procedure
44380,"Ileoscopy, through stoma; diagnostic, including collection of specimen(s) by brushing or washing, when performed (separate procedure)",Procedure
44381,"Ileoscopy, through stoma; with transendoscopic balloon dilation",Procedure
44382,"Ileoscopy, through stoma; with biopsy, single or multiple",Procedure
44383,"Ileoscopy, through stoma; with transendoscopic stent placement (includes predilation) (Deprecated)",Procedure
44385,"Endoscopic evaluation of small intestinal pouch (eg, Kock pouch, ileal reservoir [S or J]); diagnostic, including collection of specimen(s) by brushing or washing, when performed (separate procedure)",Procedure
44386,"Endoscopic evaluation of small intestinal pouch (eg, Kock pouch, ileal reservoir [S or J]); with biopsy, single or multiple",Procedure
44388,"Colonoscopy through stoma; diagnostic, including collection of specimen(s) by brushing or washing, when performed (separate procedure)",Procedure
44389,"Colonoscopy through stoma; with biopsy, single or multiple",Procedure
44390,Colonoscopy through stoma; with removal of foreign body(s),Procedure
44391,"Colonoscopy through stoma; with control of bleeding, any method",Procedure
44392,"Colonoscopy through stoma; with removal of tumor(s), polyp(s), or other lesion(s) by hot biopsy forceps",Procedure
44393,"Colonoscopy through stoma; with ablation of tumor(s), polyp(s), or other lesion(s) not amenable to removal by hot biopsy forceps, bipolar cautery or snare technique (Deprecated)",Procedure
44394,"Colonoscopy through stoma; with removal of tumor(s), polyp(s), or other lesion(s) by snare technique",Procedure
44397,Colonoscopy through stoma; with transendoscopic stent placement (includes predilation) (Deprecated),Procedure
44401,"Colonoscopy through stoma; with ablation of tumor(s), polyp(s), or other lesion(s) (includes pre-and post-dilation and guide wire passage, when performed)",Procedure
44402,"Colonoscopy through stoma; with endoscopic stent placement (including pre- and post-dilation and guide wire passage, when performed)",Procedure
44403,Colonoscopy through stoma; with endoscopic mucosal resection,Procedure
44404,"Colonoscopy through stoma; with directed submucosal injection(s), any substance",Procedure
44405,Colonoscopy through stoma; with transendoscopic balloon dilation,Procedure
44407,"Colonoscopy through stoma; with transendoscopic ultrasound guided intramural or transmural fine needle aspiration/biopsy(s), includes endoscopic ultrasound examination limited to the sigmoid, descending, transverse, or ascending colon and cecum and adj...",Procedure
44408,"Colonoscopy through stoma; with decompression (for pathologic distention) (eg, volvulus, megacolon), including placement of decompression tube, when performed",Procedure
44500,"Introduction of long gastrointestinal tube (eg, Miller-Abbott) (separate procedure)",Procedure
44602,"Suture of small intestine (enterorrhaphy) for perforated ulcer, diverticulum, wound, injury or rupture; single perforation",Procedure
44603,"Suture of small intestine (enterorrhaphy) for perforated ulcer, diverticulum, wound, injury or rupture; multiple perforations",Procedure
44604,"Suture of large intestine (colorrhaphy) for perforated ulcer, diverticulum, wound, injury or rupture (single or multiple perforations); without colostomy",Procedure
44605,"Suture of large intestine (colorrhaphy) for perforated ulcer, diverticulum, wound, injury or rupture (single or multiple perforations); with colostomy",Procedure
44615,"Intestinal stricturoplasty (enterotomy and enterorrhaphy) with or without dilation, for intestinal obstruction",Procedure
44625,"Closure of enterostomy, large or small intestine; with resection and anastomosis other than colorectal",Procedure
44626,"Closure of enterostomy, large or small intestine; with resection and colorectal anastomosis (eg, closure of Hartmann type procedure)",Procedure
44650,Closure of enteroenteric or enterocolic fistula,Procedure
44660,Closure of enterovesical fistula; without intestinal or bladder resection,Procedure
44700,"Exclusion of small intestine from pelvis by mesh or other prosthesis, or native tissue (eg, bladder or omentum)",Procedure
44701,Intraoperative colonic lavage (List separately in addition to code for primary procedure),Procedure
44705,"Preparation of fecal microbiota for instillation, including assessment of donor specimen",Procedure
4470F,Implantable cardioverter-defibrillator (ICD) counseling provided (HF),Observation
44715,"Backbench standard preparation of cadaver or living donor intestine allograft prior to transplantation, including mobilization and fashioning of the superior mesenteric artery and vein",Procedure
44799,"Unlisted procedure, small intestine",Procedure
44800,Excision of Meckel's diverticulum (diverticulectomy) or omphalomesenteric duct,Procedure
44899,"Unlisted procedure, Meckel's diverticulum and the mesentery",Procedure
44901,Incision and drainage of appendiceal abscess; percutaneous (Deprecated),Procedure
44960,Appendectomy; for ruptured appendix with abscess or generalized peritonitis,Procedure
44979,"Unlisted laparoscopy procedure, appendix",Procedure
45005,"Incision and drainage of submucosal abscess, rectum",Procedure
45020,"Incision and drainage of deep supralevator, pelvirectal, or retrorectal abscess",Procedure
45110,"Proctectomy; complete, combined abdominoperineal, with colostomy",Procedure
45111,"Proctectomy; partial resection of rectum, transabdominal approach",Procedure
45112,"Proctectomy, combined abdominoperineal, pull-through procedure (eg, colo-anal anastomosis)",Procedure
45113,"Proctectomy, partial, with rectal mucosectomy, ileoanal anastomosis, creation of ileal reservoir (S or J), with or without loop ileostomy",Procedure
45119,"Proctectomy, combined abdominoperineal pull-through procedure (eg, colo-anal anastomosis), with creation of colonic reservoir (eg, J-pouch), with diverting enterostomy when performed",Procedure
45120,"Proctectomy, complete (for congenital megacolon), abdominal and perineal approach; with pull-through procedure and anastomosis (eg, Swenson, Duhamel, or Soave type operation)",Procedure
45121,"Proctectomy, complete (for congenital megacolon), abdominal and perineal approach; with subtotal or total colectomy, with multiple biopsies",Procedure
45123,"Proctectomy, partial, without anastomosis, perineal approach",Procedure
45126,"Pelvic exenteration for colorectal malignancy, with proctectomy (with or without colostomy), with removal of bladder and ureteral transplantations, and/or hysterectomy, or cervicectomy, with or without removal of tube(s), with or without removal of ova...",Procedure
45135,"Excision of rectal procidentia, with anastomosis; abdominal and perineal approach",Procedure
45136,Excision of ileoanal reservoir with ileostomy,Procedure
45160,"Excision of rectal tumor by proctotomy, transsacral or transcoccygeal approach",Procedure
45170,"Excision of rectal tumor, transanal approach (Deprecated)",Procedure
45171,"Excision of rectal tumor, transanal approach; not including muscularis propria (ie, partial thickness)",Procedure
45172,"Excision of rectal tumor, transanal approach; including muscularis propria (ie, full thickness)",Procedure
45190,"Destruction of rectal tumor (eg, electrodesiccation, electrosurgery, laser ablation, laser resection, cryosurgery) transanal approach",Procedure
45300,"Proctosigmoidoscopy, rigid; diagnostic, with or without collection of specimen(s) by brushing or washing (separate procedure)",Procedure
45303,"Proctosigmoidoscopy, rigid; with dilation (eg, balloon, guide wire, bougie)",Procedure
45305,"Proctosigmoidoscopy, rigid; with biopsy, single or multiple",Procedure
45307,"Proctosigmoidoscopy, rigid; with removal of foreign body",Procedure
45308,"Proctosigmoidoscopy, rigid; with removal of single tumor, polyp, or other lesion by hot biopsy forceps or bipolar cautery",Procedure
45309,"Proctosigmoidoscopy, rigid; with removal of single tumor, polyp, or other lesion by snare technique",Procedure
45315,"Proctosigmoidoscopy, rigid; with removal of multiple tumors, polyps, or other lesions by hot biopsy forceps, bipolar cautery or snare technique",Procedure
45317,"Proctosigmoidoscopy, rigid; with control of bleeding (eg, injection, bipolar cautery, unipolar cautery, laser, heater probe, stapler, plasma coagulator)",Procedure
45320,"Proctosigmoidoscopy, rigid; with ablation of tumor(s), polyp(s), or other lesion(s) not amenable to removal by hot biopsy forceps, bipolar cautery or snare technique (eg, laser)",Procedure
45327,"Proctosigmoidoscopy, rigid; with transendoscopic stent placement (includes predilation)",Procedure
45330,"Sigmoidoscopy, flexible; diagnostic, including collection of specimen(s) by brushing or washing, when performed (separate procedure)",Procedure
45333,"Sigmoidoscopy, flexible; with removal of tumor(s), polyp(s), or other lesion(s) by hot biopsy forceps",Procedure
45334,"Sigmoidoscopy, flexible; with control of bleeding, any method",Procedure
45335,"Sigmoidoscopy, flexible; with directed submucosal injection(s), any substance",Procedure
45337,"Sigmoidoscopy, flexible; with decompression (for pathologic distention) (eg, volvulus, megacolon), including placement of decompression tube, when performed",Procedure
45338,"Sigmoidoscopy, flexible; with removal of tumor(s), polyp(s), or other lesion(s) by snare technique",Procedure
45340,"Sigmoidoscopy, flexible; with transendoscopic balloon dilation",Procedure
45341,"Sigmoidoscopy, flexible; with endoscopic ultrasound examination",Procedure
45342,"Sigmoidoscopy, flexible; with transendoscopic ultrasound guided intramural or transmural fine needle aspiration/biopsy(s)",Procedure
45345,Insertion of stent in lower large bowel using an endoscope (Deprecated),Procedure
45346,"Sigmoidoscopy, flexible; with ablation of tumor(s), polyp(s), or other lesion(s) (includes pre- and post-dilation and guide wire passage, when performed)",Procedure
45350,"Sigmoidoscopy, flexible; with band ligation(s) (eg, hemorrhoids)",Procedure
45355,"Colonoscopy, rigid or flexible, transabdominal via colotomy, single or multiple (Deprecated)",Procedure
45378,"Colonoscopy, flexible; diagnostic, including collection of specimen(s) by brushing or washing, when performed (separate procedure)",Procedure
45379,"Colonoscopy, flexible; with removal of foreign body(s)",Procedure
45380,"Colonoscopy, flexible; with biopsy, single or multiple",Procedure
45381,"Colonoscopy, flexible; with directed submucosal injection(s), any substance",Procedure
45382,"Colonoscopy, flexible; with control of bleeding, any method",Procedure
45383,"Colonoscopy, flexible, proximal to splenic flexure; with ablation of tumor(s), polyp(s), or other lesion(s) not amenable to removal by hot biopsy forceps, bipolar cautery or snare technique (Deprecated)",Procedure
45384,"Colonoscopy, flexible; with removal of tumor(s), polyp(s), or other lesion(s) by hot biopsy forceps",Procedure
45385,"Colonoscopy, flexible; with removal of tumor(s), polyp(s), or other lesion(s) by snare technique",Procedure
45386,"Colonoscopy, flexible; with transendoscopic balloon dilation",Procedure
45387,"Colonoscopy, flexible, proximal to splenic flexure; with transendoscopic stent placement (includes predilation) (Deprecated)",Procedure
45388,"Colonoscopy, flexible; with ablation of tumor(s), polyp(s), or other lesion(s) (includes pre- and post-dilation and guide wire passage, when performed)",Procedure
45389,"Colonoscopy, flexible; with endoscopic stent placement (includes pre- and post-dilation and guide wire passage, when performed)",Procedure
45390,"Colonoscopy, flexible; with endoscopic mucosal resection",Procedure
45391,"Colonoscopy, flexible; with endoscopic ultrasound examination limited to the rectum, sigmoid, descending, transverse, or ascending colon and cecum, and adjacent structures",Procedure
45392,"Colonoscopy, flexible; with transendoscopic ultrasound guided intramural or transmural fine needle aspiration/biopsy(s), includes endoscopic ultrasound examination limited to the rectum, sigmoid, descending, transverse, or ascending colon and cecum, an...",Procedure
45393,"Colonoscopy, flexible; with decompression (for pathologic distention) (eg, volvulus, megacolon), including placement of decompression tube, when performed",Procedure
45395,"Laparoscopy, surgical; proctectomy, complete, combined abdominoperineal, with colostomy",Procedure
45397,"Laparoscopy, surgical; proctectomy, combined abdominoperineal pull-through procedure (eg, colo-anal anastomosis), with creation of colonic reservoir (eg, J-pouch), with diverting enterostomy, when performed",Procedure
45398,"Colonoscopy, flexible; with band ligation(s) (eg, hemorrhoids)",Procedure
45399,"Unlisted procedure, colon",Procedure
45400,"Laparoscopy, surgical; proctopexy (for prolapse)",Procedure
45402,"Laparoscopy, surgical; proctopexy (for prolapse), with sigmoid resection",Procedure
45499,"Unlisted laparoscopy procedure, rectum",Procedure
45562,"Exploration, repair, and presacral drainage for rectal injury",Procedure
45563,"Exploration, repair, and presacral drainage for rectal injury; with colostomy",Procedure
4561F,Patient has a coronary artery stent (Peri2),Observation
45915,Removal of fecal impaction or foreign body (separate procedure) under anesthesia,Procedure
45990,"Anorectal exam, surgical, requiring anesthesia (general, spinal, or epidural), diagnostic",Procedure
45999,"Unlisted procedure, rectum",Procedure
46020,Placement of seton,Procedure
46045,"Incision and drainage of intramural, intramuscular, or submucosal abscess, transanal, under anesthesia",Procedure
46060,"Incision and drainage of ischiorectal or intramural abscess, with fistulectomy or fistulotomy, submuscular, with or without placement of seton",Procedure
46230,"Excision of multiple external papillae or tags, anus",Procedure
46250,"Hemorrhoidectomy, external, 2 or more columns/groups",Procedure
46255,"Hemorrhoidectomy, internal and external, single column/group",Procedure
46257,"Hemorrhoidectomy, internal and external, single column/group; with fissurectomy",Procedure
46258,"Hemorrhoidectomy, internal and external, single column/group; with fistulectomy, including fissurectomy, when performed",Procedure
46260,"Hemorrhoidectomy, internal and external, 2 or more columns/groups",Procedure
46261,"Hemorrhoidectomy, internal and external, 2 or more columns/groups; with fissurectomy",Procedure
46270,Surgical treatment of anal fistula (fistulectomy/fistulotomy); subcutaneous,Procedure
46275,Surgical treatment of anal fistula (fistulectomy/fistulotomy); intersphincteric,Procedure
46280,"Surgical treatment of anal fistula (fistulectomy/fistulotomy); transsphincteric, suprasphincteric, extrasphincteric or multiple, including placement of seton, when performed",Procedure
46285,Surgical treatment of anal fistula (fistulectomy/fistulotomy); second stage,Procedure
46288,Closure of anal fistula with rectal advancement flap,Procedure
46500,"Injection of sclerosing solution, hemorrhoids",Procedure
46505,Chemodenervation of internal anal sphincter,Procedure
46600,"Anoscopy; diagnostic, including collection of specimen(s) by brushing or washing, when performed (separate procedure)",Procedure
46601,"Anoscopy; diagnostic, with high-resolution magnification (HRA) (eg, colposcope, operating microscope) and chemical agent enhancement, including collection of specimen(s) by brushing or washing, when performed",Procedure
46607,"Anoscopy; with high-resolution magnification (HRA) (eg, colposcope, operating microscope) and chemical agent enhancement, with biopsy, single or multiple",Procedure
46610,"Anoscopy; with removal of single tumor, polyp, or other lesion by hot biopsy forceps or bipolar cautery",Procedure
46611,"Anoscopy; with removal of single tumor, polyp, or other lesion by snare technique",Procedure
46612,"Anoscopy; with removal of multiple tumors, polyps, or other lesions by hot biopsy forceps, bipolar cautery or snare technique",Procedure
46614,"Anoscopy; with control of bleeding (eg, injection, bipolar cautery, unipolar cautery, laser, heater probe, stapler, plasma coagulator)",Procedure
46615,"Anoscopy; with ablation of tumor(s), polyp(s), or other lesion(s) not amenable to removal by hot biopsy forceps, bipolar cautery or snare technique",Procedure
46700,"Anoplasty, plastic operation for stricture; adult",Procedure
46705,"Anoplasty, plastic operation for stricture; infant",Procedure
46706,Repair of anal fistula with fibrin glue,Procedure
46707,"Repair of anorectal fistula with plug (eg, porcine small intestine submucosa [SIS])",Procedure
46710,"Repair of ileoanal pouch fistula/sinus (eg, perineal or vaginal), pouch advancement; transperineal approach",Procedure
46712,"Repair of ileoanal pouch fistula/sinus (eg, perineal or vaginal), pouch advancement; combined transperineal and transabdominal approach",Procedure
46715,Repair of low imperforate anus; with anoperineal fistula (cut-back procedure),Procedure
46716,Repair of low imperforate anus; with transposition of anoperineal or anovestibular fistula,Procedure
46730,Repair of high imperforate anus without fistula; perineal or sacroperineal approach,Procedure
46740,Repair of high imperforate anus with rectourethral or rectovaginal fistula; perineal or sacroperineal approach,Procedure
46742,Repair of high imperforate anus with rectourethral or rectovaginal fistula; combined transabdominal and sacroperineal approaches,Procedure
46750,"Sphincteroplasty, anal, for incontinence or prolapse; adult",Procedure
46760,"Sphincteroplasty, anal, for incontinence, adult; muscle transplant",Procedure
46900,"Destruction of lesion(s), anus (eg, condyloma, papilloma, molluscum contagiosum, herpetic vesicle), simple; chemical",Procedure
46910,"Destruction of lesion(s), anus (eg, condyloma, papilloma, molluscum contagiosum, herpetic vesicle), simple; electrodesiccation",Procedure
46916,"Destruction of lesion(s), anus (eg, condyloma, papilloma, molluscum contagiosum, herpetic vesicle), simple; cryosurgery",Procedure
46917,"Destruction of lesion(s), anus (eg, condyloma, papilloma, molluscum contagiosum, herpetic vesicle), simple; laser surgery",Procedure
46922,"Destruction of lesion(s), anus (eg, condyloma, papilloma, molluscum contagiosum, herpetic vesicle), simple; surgical excision",Procedure
46924,"Destruction of lesion(s), anus (eg, condyloma, papilloma, molluscum contagiosum, herpetic vesicle), extensive (eg, laser surgery, electrosurgery, cryosurgery, chemosurgery)",Procedure
46930,"Destruction of internal hemorrhoid(s) by thermal energy (eg, infrared coagulation, cautery, radiofrequency)",Procedure
46934,"Destruction of hemorrhoids, any method; internal (Deprecated)",Procedure
46940,"Curettage or cautery of anal fissure, including dilation of anal sphincter (separate procedure); initial",Procedure
46945,"Hemorrhoidectomy, internal, by ligation other than rubber band; single hemorrhoid column/group, without imaging guidance",Procedure
46946,"Hemorrhoidectomy, internal, by ligation other than rubber band; 2 or more hemorrhoid columns/groups, without imaging guidance",Procedure
46948,"Hemorrhoidectomy, internal, by transanal hemorrhoidal dearterialization, 2 or more hemorrhoid columns/groups, including ultrasound guidance, with mucopexy, when performed",Procedure
46999,"Unlisted procedure, anus",Procedure
47010,"Hepatotomy, for open drainage of abscess or cyst, 1 or 2 stages",Procedure
47011,"Hepatotomy; for percutaneous drainage of abscess or cyst, one or two stages (Deprecated)",Procedure
47015,"Laparotomy, with aspiration and/or injection of hepatic parasitic (eg, amoebic or echinococcal) cyst(s) or abscess(es)",Procedure
47140,"Donor hepatectomy (including cold preservation), from living donor; left lateral segment only (segments II and III)",Procedure
47141,"Donor hepatectomy (including cold preservation), from living donor; total left lobectomy (segments II, III and IV)",Procedure
47142,"Donor hepatectomy (including cold preservation), from living donor; total right lobectomy (segments V, VI, VII and VIII)",Procedure
47143,"Backbench standard preparation of cadaver donor whole liver graft prior to allotransplantation, including cholecystectomy, if necessary, and dissection and removal of surrounding soft tissues to prepare the vena cava, portal vein, hepatic artery, and c...",Procedure
47144,"Backbench standard preparation of cadaver donor whole liver graft prior to allotransplantation, including cholecystectomy, if necessary, and dissection and removal of surrounding soft tissues to prepare the vena cava, portal vein, hepatic artery, and c...",Procedure
47145,"Backbench standard preparation of cadaver donor whole liver graft prior to allotransplantation, including cholecystectomy, if necessary, and dissection and removal of surrounding soft tissues to prepare the vena cava, portal vein, hepatic artery, and c...",Procedure
47146,"Backbench reconstruction of cadaver or living donor liver graft prior to allotransplantation; venous anastomosis, each",Procedure
47147,"Backbench reconstruction of cadaver or living donor liver graft prior to allotransplantation; arterial anastomosis, each",Procedure
47350,Management of liver hemorrhage; simple suture of liver wound or injury,Procedure
47360,"Management of liver hemorrhage; complex suture of liver wound or injury, with or without hepatic artery ligation",Procedure
47361,"Management of liver hemorrhage; exploration of hepatic wound, extensive debridement, coagulation and/or suture, with or without packing of liver",Procedure
47362,Management of liver hemorrhage; re-exploration of hepatic wound for removal of packing,Procedure
47370,"Laparoscopy, surgical, ablation of 1 or more liver tumor(s); radiofrequency",Procedure
47371,"Laparoscopy, surgical, ablation of 1 or more liver tumor(s); cryosurgical",Procedure
47379,"Unlisted laparoscopic procedure, liver",Procedure
47380,"Ablation, open, of 1 or more liver tumor(s); radiofrequency",Procedure
47382,"Ablation, 1 or more liver tumor(s), percutaneous, radiofrequency",Procedure
47383,"Ablation, 1 or more liver tumor(s), percutaneous, cryoablation",Procedure
47399,"Unlisted procedure, liver",Procedure
47400,"Hepaticotomy or hepaticostomy with exploration, drainage, or removal of calculus",Procedure
47420,"Choledochotomy or choledochostomy with exploration, drainage, or removal of calculus, with or without cholecystotomy; without transduodenal sphincterotomy or sphincteroplasty",Procedure
47425,"Choledochotomy or choledochostomy with exploration, drainage, or removal of calculus, with or without cholecystotomy; with transduodenal sphincterotomy or sphincteroplasty",Procedure
47460,"Transduodenal sphincterotomy or sphincteroplasty, with or without transduodenal extraction of calculus (separate procedure)",Procedure
47480,"Cholecystotomy or cholecystostomy, open, with exploration, drainage, or removal of calculus (separate procedure)",Procedure
47500,"Injection of bile duct for X-ray imaging procedure, accessed through the skin (Deprecated)",Procedure
47505,"Injection procedure for cholangiography through an existing catheter (eg, percutaneous transhepatic or T-tube) (Deprecated)",Procedure
47510,Introduction of percutaneous transhepatic catheter for biliary drainage (Deprecated),Procedure
47511,Introduction of percutaneous transhepatic stent for internal and external biliary drainage (Deprecated),Procedure
47525,"Change of liver duct drainage catheter, accessed through the skin (Deprecated)",Procedure
47530,Revision and/or reinsertion of liver drainage catheter (Deprecated),Procedure
47531,"Injection procedure for cholangiography, percutaneous, complete diagnostic procedure including imaging guidance (eg, ultrasound and/or fluoroscopy) and all associated radiological supervision and interpretation; existing access",Procedure
47532,"Injection procedure for cholangiography, percutaneous, complete diagnostic procedure including imaging guidance (eg, ultrasound and/or fluoroscopy) and all associated radiological supervision and interpretation; new access (eg, percutaneous transhepati...",Procedure
47533,"Placement of biliary drainage catheter, percutaneous, including diagnostic cholangiography when performed, imaging guidance (eg, ultrasound and/or fluoroscopy), and all associated radiological supervision and interpretation; external",Procedure
47534,"Placement of biliary drainage catheter, percutaneous, including diagnostic cholangiography when performed, imaging guidance (eg, ultrasound and/or fluoroscopy), and all associated radiological supervision and interpretation; internal-external",Procedure
47535,"Conversion of external biliary drainage catheter to internal-external biliary drainage catheter, percutaneous, including diagnostic cholangiography when performed, imaging guidance (eg, fluoroscopy), and all associated radiological supervision and inte...",Procedure
47536,"Exchange of biliary drainage catheter (eg, external, internal-external, or conversion of internal-external to external only), percutaneous, including diagnostic cholangiography when performed, imaging guidance (eg, fluoroscopy), and all associated radi...",Procedure
47537,"Removal of biliary drainage catheter, percutaneous, requiring fluoroscopic guidance (eg, with concurrent indwelling biliary stents), including diagnostic cholangiography when performed, imaging guidance (eg, fluoroscopy), and all associated radiologica...",Procedure
47538,"Placement of stent(s) into a bile duct, percutaneous, including diagnostic cholangiography, imaging guidance (eg, fluoroscopy and/or ultrasound), balloon dilation, catheter exchange(s) and catheter removal(s) when performed, and all associated radiolog...",Procedure
47539,"Placement of stent(s) into a bile duct, percutaneous, including diagnostic cholangiography, imaging guidance (eg, fluoroscopy and/or ultrasound), balloon dilation, catheter exchange(s) and catheter removal(s) when performed, and all associated radiolog...",Procedure
47540,"Placement of stent(s) into a bile duct, percutaneous, including diagnostic cholangiography, imaging guidance (eg, fluoroscopy and/or ultrasound), balloon dilation, catheter exchange(s) and catheter removal(s) when performed, and all associated radiolog...",Procedure
47541,"Placement of access through the biliary tree and into small bowel to assist with an endoscopic biliary procedure (eg, rendezvous procedure), percutaneous, including diagnostic cholangiography when performed, imaging guidance (eg, ultrasound and/or fluo...",Procedure
47542,"Balloon dilation of biliary duct(s) or of ampulla (sphincteroplasty), percutaneous, including imaging guidance (eg, fluoroscopy), and all associated radiological supervision and interpretation, each duct (List separately in addition to code for primary...",Procedure
47543,"Endoluminal biopsy(ies) of biliary tree, percutaneous, any method(s) (eg, brush, forceps, and/or needle), including imaging guidance (eg, fluoroscopy), and all associated radiological supervision and interpretation, single or multiple (List separately...",Procedure
47544,"Removal of calculi/debris from biliary duct(s) and/or gallbladder, percutaneous, including destruction of calculi by any method (eg, mechanical, electrohydraulic, lithotripsy) when performed, imaging guidance (eg, fluoroscopy), and all associated radio...",Procedure
47552,"Biliary endoscopy, percutaneous via T-tube or other tract; diagnostic, with collection of specimen(s) by brushing and/or washing, when performed (separate procedure)",Procedure
47553,"Biliary endoscopy, percutaneous via T-tube or other tract; with biopsy, single or multiple",Procedure
47554,"Biliary endoscopy, percutaneous via T-tube or other tract; with removal of calculus/calculi",Procedure
47555,"Biliary endoscopy, percutaneous via T-tube or other tract; with dilation of biliary duct stricture(s) without stent",Procedure
47556,"Biliary endoscopy, percutaneous via T-tube or other tract; with dilation of biliary duct stricture(s) with stent",Procedure
47560,"Laparoscopy, surgical; with guided transhepatic cholangiography, without biopsy (Deprecated)",Procedure
47561,"Laparoscopy, surgical; with guided transhepatic cholangiography with biopsy (Deprecated)",Procedure
47563,"Laparoscopy, surgical; cholecystectomy with cholangiography",Procedure
47564,"Laparoscopy, surgical; cholecystectomy with exploration of common duct",Procedure
47570,"Laparoscopy, surgical; cholecystoenterostomy",Procedure
47579,"Unlisted laparoscopy procedure, biliary tract",Procedure
47620,"Cholecystectomy with exploration of common duct; with transduodenal sphincterotomy or sphincteroplasty, with or without cholangiography",Procedure
47630,"Biliary duct stone extraction, percutaneous via T-tube tract, basket, or snare (eg, Burhenne technique) (Deprecated)",Procedure
47700,"Exploration for congenital atresia of bile ducts, without repair, with or without liver biopsy, with or without cholangiography",Procedure
47711,"Excision of bile duct tumor, with or without primary repair of bile duct; extrahepatic",Procedure
47712,"Excision of bile duct tumor, with or without primary repair of bile duct; intrahepatic",Procedure
47741,Cholecystoenterostomy; Roux-en-Y with gastroenterostomy,Procedure
47760,"Anastomosis, of extrahepatic biliary ducts and gastrointestinal tract",Procedure
47785,"Anastomosis, Roux-en-Y, of intrahepatic biliary ducts and gastrointestinal tract",Procedure
47800,"Reconstruction, plastic, of extrahepatic biliary ducts with end-to-end anastomosis",Procedure
47900,Suture of extrahepatic biliary duct for pre-existing injury (separate procedure),Procedure
47999,"Unlisted procedure, biliary tract",Procedure
48000,"Placement of drains, peripancreatic, for acute pancreatitis",Procedure
48001,"Placement of drains, peripancreatic, for acute pancreatitis; with cholecystostomy, gastrostomy, and jejunostomy",Procedure
48102,"Biopsy of pancreas, percutaneous needle",Procedure
48105,Resection or debridement of pancreas and peripancreatic tissue for acute necrotizing pancreatitis,Procedure
48140,"Pancreatectomy, distal subtotal, with or without splenectomy; without pancreaticojejunostomy",Procedure
48145,"Pancreatectomy, distal subtotal, with or without splenectomy; with pancreaticojejunostomy",Procedure
48150,"Pancreatectomy, proximal subtotal with total duodenectomy, partial gastrectomy, choledochoenterostomy and gastrojejunostomy (Whipple-type procedure); with pancreatojejunostomy",Procedure
48152,"Pancreatectomy, proximal subtotal with total duodenectomy, partial gastrectomy, choledochoenterostomy and gastrojejunostomy (Whipple-type procedure); without pancreatojejunostomy",Procedure
48153,"Pancreatectomy, proximal subtotal with near-total duodenectomy, choledochoenterostomy and duodenojejunostomy (pylorus-sparing, Whipple-type procedure); with pancreatojejunostomy",Procedure
48154,"Pancreatectomy, proximal subtotal with near-total duodenectomy, choledochoenterostomy and duodenojejunostomy (pylorus-sparing, Whipple-type procedure); without pancreatojejunostomy",Procedure
48160,"Pancreatectomy, total or subtotal, with autologous transplantation of pancreas or pancreatic islet cells",Procedure
48400,Injection procedure for intraoperative pancreatography (List separately in addition to code for primary procedure),Procedure
48510,"External drainage, pseudocyst of pancreas, open",Procedure
48511,"External drainage, pseudocyst of pancreas; percutaneous (Deprecated)",Procedure
48520,Internal anastomosis of pancreatic cyst to gastrointestinal tract; direct,Procedure
48540,Internal anastomosis of pancreatic cyst to gastrointestinal tract; Roux-en-Y,Procedure
48547,Duodenal exclusion with gastrojejunostomy for pancreatic injury,Procedure
48550,"Donor pancreatectomy (including cold preservation), with or without duodenal segment for transplantation",Procedure
48551,"Backbench standard preparation of cadaver donor pancreas allograft prior to transplantation, including dissection of allograft from surrounding soft tissues, splenectomy, duodenotomy, ligation of bile duct, ligation of mesenteric vessels, and Y-graft a...",Procedure
48552,"Backbench reconstruction of cadaver donor pancreas allograft prior to transplantation, venous anastomosis, each",Procedure
48999,"Unlisted procedure, pancreas",Procedure
49000,"Exploratory laparotomy, exploratory celiotomy with or without biopsy(s) (separate procedure)",Procedure
49010,"Exploration, retroperitoneal area with or without biopsy(s) (separate procedure)",Procedure
49013,"Preperitoneal pelvic packing for hemorrhage associated with pelvic trauma, including local exploration",Procedure
49014,"Re-exploration of pelvic wound with removal of preperitoneal pelvic packing, including repacking, when performed",Procedure
49020,"Drainage of peritoneal abscess or localized peritonitis, exclusive of appendiceal abscess, open",Procedure
49021,"Drainage of peritoneal abscess or localized peritonitis, exclusive of appendiceal abscess; percutaneous (Deprecated)",Procedure
49040,"Drainage of subdiaphragmatic or subphrenic abscess, open",Procedure
49041,Drainage of subdiaphragmatic or subphrenic abscess; percutaneous (Deprecated),Procedure
49061,Drainage of retroperitoneal abscess; percutaneous (Deprecated),Procedure
49080,"Peritoneocentesis, abdominal paracentesis, or peritoneal lavage (diagnostic or therapeutic); initial (Deprecated)",Procedure
49081,"Peritoneocentesis, abdominal paracentesis, or peritoneal lavage (diagnostic or therapeutic); subsequent (Deprecated)",Procedure
49082,Abdominal paracentesis (diagnostic or therapeutic); without imaging guidance,Procedure
49083,Abdominal paracentesis (diagnostic or therapeutic); with imaging guidance,Procedure
49084,"Peritoneal lavage, including imaging guidance, when performed",Procedure
49180,"Biopsy, abdominal or retroperitoneal mass, percutaneous needle",Procedure
49185,"Sclerotherapy of a fluid collection (eg, lymphocele, cyst, or seroma), percutaneous, including contrast injection(s), sclerosant injection(s), diagnostic study, imaging guidance (eg, ultrasound, fluoroscopy) and radiological supervision and interpretat...",Procedure
49201,Excision or destruction by any method of intra-abdominal or retroperitoneal tumors or cysts or endometriomas; extensive (Deprecated),Procedure
49203,"Excision or destruction, open, intra-abdominal tumors, cysts or endometriomas, 1 or more peritoneal, mesenteric, or retroperitoneal primary or secondary tumors; largest tumor 5 cm diameter or less (Deprecated)",Procedure
49204,"Excision or destruction, open, intra-abdominal tumors, cysts or endometriomas, 1 or more peritoneal, mesenteric, or retroperitoneal primary or secondary tumors; largest tumor 5.1-10.0 cm diameter (Deprecated)",Procedure
49205,"Excision or destruction, open, intra-abdominal tumors, cysts or endometriomas, 1 or more peritoneal, mesenteric, or retroperitoneal primary or secondary tumors; largest tumor greater than 10.0 cm diameter (Deprecated)",Procedure
49215,Excision of presacral or sacrococcygeal tumor,Procedure
49220,"Staging laparotomy for Hodgkins disease or lymphoma (includes splenectomy, needle or open biopsies of both liver lobes, possibly also removal of abdominal nodes, abdominal node and/or bone marrow biopsies, ovarian repositioning) (Deprecated)",Procedure
49320,"Laparoscopy, abdomen, peritoneum, and omentum, diagnostic, with or without collection of specimen(s) by brushing or washing (separate procedure)",Procedure
49321,"Laparoscopy, surgical; with biopsy (single or multiple)",Procedure
49322,"Laparoscopy, surgical; with aspiration of cavity or cyst (eg, ovarian cyst) (single or multiple)",Procedure
49323,"Laparoscopy, surgical; with drainage of lymphocele to peritoneal cavity",Procedure
49324,"Laparoscopy, surgical; with insertion of tunneled intraperitoneal catheter",Procedure
49325,"Laparoscopy, surgical; with revision of previously placed intraperitoneal cannula or catheter, with removal of intraluminal obstructive material if performed",Procedure
49326,"Laparoscopy, surgical; with omentopexy (omental tacking procedure) (List separately in addition to code for primary procedure)",Procedure
49327,"Laparoscopy, surgical; with placement of interstitial device(s) for radiation therapy guidance (eg, fiducial markers, dosimeter), intra-abdominal, intrapelvic, and/or retroperitoneum, including imaging guidance, if performed, single or multiple (List s...",Procedure
49329,"Unlisted laparoscopy procedure, abdomen, peritoneum and omentum",Procedure
49400,Injection of air or contrast into peritoneal cavity (separate procedure),Procedure
49405,"Image-guided fluid collection drainage by catheter (eg, abscess, hematoma, seroma, lymphocele, cyst); visceral (eg, kidney, liver, spleen, lung/mediastinum), percutaneous",Procedure
49406,"Image-guided fluid collection drainage by catheter (eg, abscess, hematoma, seroma, lymphocele, cyst); peritoneal or retroperitoneal, percutaneous",Procedure
49407,"Image-guided fluid collection drainage by catheter (eg, abscess, hematoma, seroma, lymphocele, cyst); peritoneal or retroperitoneal, transvaginal or transrectal",Procedure
49411,"Placement of interstitial device(s) for radiation therapy guidance (eg, fiducial markers, dosimeter), percutaneous, intra-abdominal, intra-pelvic (except prostate), and/or retroperitoneum, single or multiple",Procedure
49412,"Placement of interstitial device(s) for radiation therapy guidance (eg, fiducial markers, dosimeter), open, intra-abdominal, intrapelvic, and/or retroperitoneum, including image guidance, if performed, single or multiple (List separately in addition to...",Procedure
49418,"Insertion of tunneled intraperitoneal catheter (eg, dialysis, intraperitoneal chemotherapy instillation, management of ascites), complete procedure, including imaging guidance, catheter placement, contrast injection when performed, and radiological sup...",Procedure
49419,"Insertion of tunneled intraperitoneal catheter, with subcutaneous port (ie, totally implantable)",Procedure
49420,Insertion of intraperitoneal cannula or catheter for drainage or dialysis; temporary (Deprecated),Procedure
49421,"Insertion of tunneled intraperitoneal catheter for dialysis, open",Procedure
49422,Removal of tunneled intraperitoneal catheter,Procedure
49423,Exchange of previously placed abscess or cyst drainage catheter under radiological guidance (separate procedure),Procedure
49424,Contrast injection for assessment of abscess or cyst via previously placed drainage catheter or tube (separate procedure),Procedure
49427,"Injection procedure (eg, contrast media) for evaluation of previously placed peritoneal-venous shunt",Procedure
49435,Insertion of subcutaneous extension to intraperitoneal cannula or catheter with remote chest exit site (List separately in addition to code for primary procedure),Procedure
49436,Delayed creation of exit site from embedded subcutaneous segment of intraperitoneal cannula or catheter,Procedure
49440,"Insertion of gastrostomy tube, percutaneous, under fluoroscopic guidance including contrast injection(s), image documentation and report",Procedure
49441,"Insertion of duodenostomy or jejunostomy tube, percutaneous, under fluoroscopic guidance including contrast injection(s), image documentation and report",Procedure
49442,"Insertion of cecostomy or other colonic tube, percutaneous, under fluoroscopic guidance including contrast injection(s), image documentation and report",Procedure
49446,"Conversion of gastrostomy tube to gastro-jejunostomy tube, percutaneous, under fluoroscopic guidance including contrast injection(s), image documentation and report",Procedure
49450,"Replacement of gastrostomy or cecostomy (or other colonic) tube, percutaneous, under fluoroscopic guidance including contrast injection(s), image documentation and report",Procedure
49451,"Replacement of duodenostomy or jejunostomy tube, percutaneous, under fluoroscopic guidance including contrast injection(s), image documentation and report",Procedure
49452,"Replacement of gastro-jejunostomy tube, percutaneous, under fluoroscopic guidance including contrast injection(s), image documentation and report",Procedure
49460,"Mechanical removal of obstructive material from gastrostomy, duodenostomy, jejunostomy, gastro-jejunostomy, or cecostomy (or other colonic) tube, any method, under fluoroscopic guidance including contrast injection(s), if performed, image documentation...",Procedure
49465,"Contrast injection(s) for radiological evaluation of existing gastrostomy, duodenostomy, jejunostomy, gastro-jejunostomy, or cecostomy (or other colonic) tube, from a percutaneous approach including image documentation and report",Procedure
49491,"Repair, initial inguinal hernia, preterm infant (younger than 37 weeks gestation at birth), performed from birth up to 50 weeks postconception age, with or without hydrocelectomy; reducible",Procedure
49492,"Repair, initial inguinal hernia, preterm infant (younger than 37 weeks gestation at birth), performed from birth up to 50 weeks postconception age, with or without hydrocelectomy; incarcerated or strangulated",Procedure
49495,"Repair, initial inguinal hernia, full term infant younger than age 6 months, or preterm infant older than 50 weeks postconception age and younger than age 6 months at the time of surgery, with or without hydrocelectomy; reducible",Procedure
49496,"Repair, initial inguinal hernia, full term infant younger than age 6 months, or preterm infant older than 50 weeks postconception age and younger than age 6 months at the time of surgery, with or without hydrocelectomy; incarcerated or strangulated",Procedure
49500,"Repair initial inguinal hernia, age 6 months to younger than 5 years, with or without hydrocelectomy; reducible",Procedure
49501,"Repair initial inguinal hernia, age 6 months to younger than 5 years, with or without hydrocelectomy; incarcerated or strangulated",Procedure
49505,"Repair initial inguinal hernia, age 5 years or older; reducible",Procedure
49507,"Repair initial inguinal hernia, age 5 years or older; incarcerated or strangulated",Procedure
49520,"Repair recurrent inguinal hernia, any age; reducible",Procedure
49521,"Repair recurrent inguinal hernia, any age; incarcerated or strangulated",Procedure
49550,"Repair initial femoral hernia, any age; reducible",Procedure
49553,"Repair initial femoral hernia, any age; incarcerated or strangulated",Procedure
49555,Repair recurrent femoral hernia; reducible,Procedure
49557,Repair recurrent femoral hernia; incarcerated or strangulated,Procedure
49560,Repair initial incisional or ventral hernia; reducible (Deprecated),Procedure
49561,Repair initial incisional or ventral hernia; incarcerated or strangulated (Deprecated),Procedure
49565,Repair recurrent incisional or ventral hernia; reducible (Deprecated),Procedure
49566,Repair recurrent incisional or ventral hernia; incarcerated or strangulated (Deprecated),Procedure
49568,Implantation of mesh or other prosthesis for open incisional or ventral hernia repair or mesh for closure of debridement for necrotizing soft tissue infection (List separately in addition to code for the incisional or ventral hernia repair) (Deprecated),Procedure
49570,"Repair epigastric hernia (eg, preperitoneal fat); reducible (separate procedure) (Deprecated)",Procedure
49572,"Repair epigastric hernia (eg, preperitoneal fat); incarcerated or strangulated (Deprecated)",Procedure
49580,"Repair umbilical hernia, younger than age 5 years; reducible (Deprecated)",Procedure
49582,"Repair umbilical hernia, younger than age 5 years; incarcerated or strangulated (Deprecated)",Procedure
49585,"Repair umbilical hernia, age 5 years or older; reducible (Deprecated)",Procedure
49587,"Repair umbilical hernia, age 5 years or older; incarcerated or strangulated (Deprecated)",Procedure
49591,"Repair of anterior abdominal hernia(s) (ie, epigastric, incisional, ventral, umbilical, spigelian), any approach (ie, open, laparoscopic, robotic), initial, including implantation of mesh or other prosthesis when performed, total length of defect(s); l...",Procedure
49593,"Repair of anterior abdominal hernia(s) (ie, epigastric, incisional, ventral, umbilical, spigelian), any approach (ie, open, laparoscopic, robotic), initial, including implantation of mesh or other prosthesis when performed, total length of defect(s); 3...",Procedure
49595,"Repair of anterior abdominal hernia(s) (ie, epigastric, incisional, ventral, umbilical, spigelian), any approach (ie, open, laparoscopic, robotic), initial, including implantation of mesh or other prosthesis when performed, total length of defect(s); g...",Procedure
49600,"Repair of small omphalocele, with primary closure",Procedure
49605,Repair of large omphalocele or gastroschisis; with or without prosthesis,Procedure
49606,"Repair of large omphalocele or gastroschisis; with removal of prosthesis, final reduction and closure, in operating room",Procedure
49615,"Repair of anterior abdominal hernia(s) (ie, epigastric, incisional, ventral, umbilical, spigelian), any approach (ie, open, laparoscopic, robotic), recurrent, including implantation of mesh or other prosthesis when performed, total length of defect(s);...",Procedure
49616,"Repair of anterior abdominal hernia(s) (ie, epigastric, incisional, ventral, umbilical, spigelian), any approach (ie, open, laparoscopic, robotic), recurrent, including implantation of mesh or other prosthesis when performed, total length of defect(s);...",Procedure
49617,"Repair of anterior abdominal hernia(s) (ie, epigastric, incisional, ventral, umbilical, spigelian), any approach (ie, open, laparoscopic, robotic), recurrent, including implantation of mesh or other prosthesis when performed, total length of defect(s);...",Procedure
49622,"Repair of parastomal hernia, any approach (ie, open, laparoscopic, robotic), initial or recurrent, including implantation of mesh or other prosthesis, when performed; incarcerated or strangulated",Procedure
49650,"Laparoscopy, surgical; repair initial inguinal hernia",Procedure
49651,"Laparoscopy, surgical; repair recurrent inguinal hernia",Procedure
49652,"Laparoscopy, surgical, repair, ventral, umbilical, spigelian or epigastric hernia (includes mesh insertion, when performed); reducible (Deprecated)",Procedure
49653,"Laparoscopy, surgical, repair, ventral, umbilical, spigelian or epigastric hernia (includes mesh insertion, when performed); incarcerated or strangulated (Deprecated)",Procedure
49654,"Laparoscopy, surgical, repair, incisional hernia (includes mesh insertion, when performed); reducible (Deprecated)",Procedure
49655,"Laparoscopy, surgical, repair, incisional hernia (includes mesh insertion, when performed); incarcerated or strangulated (Deprecated)",Procedure
49656,"Laparoscopy, surgical, repair, recurrent incisional hernia (includes mesh insertion, when performed); reducible (Deprecated)",Procedure
49657,"Laparoscopy, surgical, repair, recurrent incisional hernia (includes mesh insertion, when performed); incarcerated or strangulated (Deprecated)",Procedure
49659,"Unlisted laparoscopy procedure, hernioplasty, herniorrhaphy, herniotomy",Procedure
49900,"Suture, secondary, of abdominal wall for evisceration or dehiscence",Procedure
49904,"Omental flap, extra-abdominal (eg, for reconstruction of sternal and chest wall defects)",Procedure
49905,"Omental flap, intra-abdominal (List separately in addition to code for primary procedure)",Procedure
49906,Free omental flap with microvascular anastomosis,Procedure
49999,"Unlisted procedure, abdomen, peritoneum and omentum",Procedure
50,Bilateral procedure,Observation
50020,"Drainage of perirenal or renal abscess, open",Procedure
50021,Drainage of perirenal or renal abscess; percutaneous (Deprecated),Procedure
50040,"Nephrostomy, nephrotomy with drainage",Procedure
50080,"Percutaneous nephrolithotomy or pyelolithotomy, lithotripsy, stone extraction, antegrade ureteroscopy, antegrade stent placement and nephrostomy tube placement, when performed, including imaging guidance; simple (eg, stone[s] up to 2 cm in single locat...",Procedure
50081,"Percutaneous nephrolithotomy or pyelolithotomy, lithotripsy, stone extraction, antegrade ureteroscopy, antegrade stent placement and nephrostomy tube placement, when performed, including imaging guidance; complex (eg, stone[s] > 2 cm, branching stones,...",Procedure
5010F,Findings of dilated macular or fundus exam communicated to the physician or other qualified health care professional managing the diabetes care (EC),Observation
50220,"Nephrectomy, including partial ureterectomy, any open approach including rib resection",Procedure
50225,"Nephrectomy, including partial ureterectomy, any open approach including rib resection; complicated because of previous surgery on same kidney",Procedure
50230,"Nephrectomy, including partial ureterectomy, any open approach including rib resection; radical, with regional lymphadenectomy and/or vena caval thrombectomy",Procedure
50234,Nephrectomy with total ureterectomy and bladder cuff; through same incision,Procedure
50236,Nephrectomy with total ureterectomy and bladder cuff; through separate incision,Procedure
50250,"Ablation, open, 1 or more renal mass lesion(s), cryosurgical, including intraoperative ultrasound guidance and monitoring, if performed",Procedure
50280,Excision or unroofing of cyst(s) of kidney,Procedure
50300,"Donor nephrectomy (including cold preservation); from cadaver donor, unilateral or bilateral",Procedure
50320,"Donor nephrectomy (including cold preservation); open, from living donor",Procedure
50323,"Backbench standard preparation of cadaver donor renal allograft prior to transplantation, including dissection and removal of perinephric fat, diaphragmatic and retroperitoneal attachments, excision of adrenal gland, and preparation of ureter(s), renal...",Procedure
50325,"Backbench standard preparation of living donor renal allograft (open or laparoscopic) prior to transplantation, including dissection and removal of perinephric fat and preparation of ureter(s), renal vein(s), and renal artery(s), ligating branches, as...",Procedure
50327,"Backbench reconstruction of cadaver or living donor renal allograft prior to transplantation; venous anastomosis, each",Procedure
50328,"Backbench reconstruction of cadaver or living donor renal allograft prior to transplantation; arterial anastomosis, each",Procedure
50329,"Backbench reconstruction of cadaver or living donor renal allograft prior to transplantation; ureteral anastomosis, each",Procedure
50360,"Renal allotransplantation, implantation of graft; without recipient nephrectomy",Procedure
50365,"Renal allotransplantation, implantation of graft; with recipient nephrectomy",Procedure
50382,"Removal (via snare/capture) and replacement of internally dwelling ureteral stent via percutaneous approach, including radiological supervision and interpretation",Procedure
50384,"Removal (via snare/capture) of internally dwelling ureteral stent via percutaneous approach, including radiological supervision and interpretation",Procedure
50385,"Removal (via snare/capture) and replacement of internally dwelling ureteral stent via transurethral approach, without use of cystoscopy, including radiological supervision and interpretation",Procedure
50386,"Removal (via snare/capture) of internally dwelling ureteral stent via transurethral approach, without use of cystoscopy, including radiological supervision and interpretation",Procedure
50387,"Removal and replacement of externally accessible nephroureteral catheter (eg, external/internal stent) requiring fluoroscopic guidance, including radiological supervision and interpretation",Procedure
50389,"Removal of nephrostomy tube, requiring fluoroscopic guidance (eg, with concurrent indwelling ureteral stent)",Procedure
50390,"Aspiration and/or injection of renal cyst or pelvis by needle, percutaneous",Procedure
50392,"Introduction of intracatheter or catheter into renal pelvis for drainage and/or injection, percutaneous (Deprecated)",Procedure
50393,"Introduction of ureteral catheter or stent into ureter through renal pelvis for drainage and/or injection, percutaneous (Deprecated)",Procedure
50394,"Injection procedure for pyelography (as nephrostogram, pyelostogram, antegrade pyeloureterograms) through nephrostomy or pyelostomy tube, or indwelling ureteral catheter (Deprecated)",Procedure
50395,"Introduction of guide into renal pelvis and/or ureter with dilation to establish nephrostomy tract, percutaneous (Deprecated)",Procedure
50396,"Manometric studies through nephrostomy or pyelostomy tube, or indwelling ureteral catheter",Procedure
50398,Change of nephrostomy or pyelostomy tube (Deprecated),Procedure
50400,"Pyeloplasty (Foley Y-pyeloplasty), plastic operation on renal pelvis, with or without plastic operation on ureter, nephropexy, nephrostomy, pyelostomy, or ureteral splinting; simple",Procedure
50405,"Pyeloplasty (Foley Y-pyeloplasty), plastic operation on renal pelvis, with or without plastic operation on ureter, nephropexy, nephrostomy, pyelostomy, or ureteral splinting; complicated (congenital kidney abnormality, secondary pyeloplasty, solitary k...",Procedure
50430,"Injection procedure for antegrade nephrostogram and/or ureterogram, complete diagnostic procedure including imaging guidance (eg, ultrasound and fluoroscopy) and all associated radiological supervision and interpretation; new access",Procedure
50431,"Injection procedure for antegrade nephrostogram and/or ureterogram, complete diagnostic procedure including imaging guidance (eg, ultrasound and fluoroscopy) and all associated radiological supervision and interpretation; existing access",Procedure
50432,"Placement of nephrostomy catheter, percutaneous, including diagnostic nephrostogram and/or ureterogram when performed, imaging guidance (eg, ultrasound and/or fluoroscopy) and all associated radiological supervision and interpretation",Procedure
50433,"Placement of nephroureteral catheter, percutaneous, including diagnostic nephrostogram and/or ureterogram when performed, imaging guidance (eg, ultrasound and/or fluoroscopy) and all associated radiological supervision and interpretation, new access",Procedure
50434,"Convert nephrostomy catheter to nephroureteral catheter, percutaneous, including diagnostic nephrostogram and/or ureterogram when performed, imaging guidance (eg, ultrasound and/or fluoroscopy) and all associated radiological supervision and interpreta...",Procedure
50435,"Exchange nephrostomy catheter, percutaneous, including diagnostic nephrostogram and/or ureterogram when performed, imaging guidance (eg, ultrasound and/or fluoroscopy) and all associated radiological supervision and interpretation",Procedure
50436,"Dilation of existing tract, percutaneous, for an endourologic procedure including imaging guidance (eg, ultrasound and/or fluoroscopy) and all associated radiological supervision and interpretation, with postprocedure tube placement, when performed",Procedure
50437,"Dilation of existing tract, percutaneous, for an endourologic procedure including imaging guidance (eg, ultrasound and/or fluoroscopy) and all associated radiological supervision and interpretation, with postprocedure tube placement, when performed; in...",Procedure
50541,"Laparoscopy, surgical; ablation of renal cysts",Procedure
50542,"Laparoscopy, surgical; ablation of renal mass lesion(s), including intraoperative ultrasound guidance and monitoring, when performed",Procedure
50545,"Laparoscopy, surgical; radical nephrectomy (includes removal of Gerota's fascia and surrounding fatty tissue, removal of regional lymph nodes, and adrenalectomy)",Procedure
50546,"Laparoscopy, surgical; nephrectomy, including partial ureterectomy",Procedure
50547,"Laparoscopy, surgical; donor nephrectomy (including cold preservation), from living donor",Procedure
50548,"Laparoscopy, surgical; nephrectomy with total ureterectomy",Procedure
50549,"Unlisted laparoscopy procedure, renal",Procedure
50551,"Renal endoscopy through established nephrostomy or pyelostomy, with or without irrigation, instillation, or ureteropyelography, exclusive of radiologic service",Procedure
50553,"Renal endoscopy through established nephrostomy or pyelostomy, with or without irrigation, instillation, or ureteropyelography, exclusive of radiologic service; with ureteral catheterization, with or without dilation of ureter",Procedure
50555,"Renal endoscopy through established nephrostomy or pyelostomy, with or without irrigation, instillation, or ureteropyelography, exclusive of radiologic service; with biopsy",Procedure
50557,"Renal endoscopy through established nephrostomy or pyelostomy, with or without irrigation, instillation, or ureteropyelography, exclusive of radiologic service; with fulguration and/or incision, with or without biopsy",Procedure
50561,"Renal endoscopy through established nephrostomy or pyelostomy, with or without irrigation, instillation, or ureteropyelography, exclusive of radiologic service; with removal of foreign body or calculus",Procedure
50562,"Renal endoscopy through established nephrostomy or pyelostomy, with or without irrigation, instillation, or ureteropyelography, exclusive of radiologic service; with resection of tumor",Procedure
50570,"Renal endoscopy through nephrotomy or pyelotomy, with or without irrigation, instillation, or ureteropyelography, exclusive of radiologic service",Procedure
50575,"Renal endoscopy through nephrotomy or pyelotomy, with or without irrigation, instillation, or ureteropyelography, exclusive of radiologic service; with endopyelotomy (includes cystoscopy, ureteroscopy, dilation of ureter and ureteral pelvic junction, i...",Procedure
50576,"Renal endoscopy through nephrotomy or pyelotomy, with or without irrigation, instillation, or ureteropyelography, exclusive of radiologic service; with fulguration and/or incision, with or without biopsy",Procedure
50580,"Renal endoscopy through nephrotomy or pyelotomy, with or without irrigation, instillation, or ureteropyelography, exclusive of radiologic service; with removal of foreign body or calculus",Procedure
50590,"Lithotripsy, extracorporeal shock wave",Procedure
50592,"Ablation, 1 or more renal tumor(s), percutaneous, unilateral, radiofrequency",Procedure
50593,"Ablation, renal tumor(s), unilateral, percutaneous, cryotherapy",Procedure
50600,Ureterotomy with exploration or drainage (separate procedure),Procedure
50606,"Endoluminal biopsy of ureter and/or renal pelvis, non-endoscopic, including imaging guidance (eg, ultrasound and/or fluoroscopy) and all associated radiological supervision and interpretation (List separately in addition to code for primary procedure)",Procedure
50684,Injection procedure for ureterography or ureteropyelography through ureterostomy or indwelling ureteral catheter,Procedure
50686,Manometric studies through ureterostomy or indwelling ureteral catheter,Procedure
50688,Change of ureterostomy tube or externally accessible ureteral stent via ileal conduit,Procedure
50690,"Injection procedure for visualization of ileal conduit and/or ureteropyelography, exclusive of radiologic service",Procedure
50693,"Placement of ureteral stent, percutaneous, including diagnostic nephrostogram and/or ureterogram when performed, imaging guidance (eg, ultrasound and/or fluoroscopy), and all associated radiological supervision and interpretation; pre-existing nephrost...",Procedure
50694,"Placement of ureteral stent, percutaneous, including diagnostic nephrostogram and/or ureterogram when performed, imaging guidance (eg, ultrasound and/or fluoroscopy), and all associated radiological supervision and interpretation; new access, without s...",Procedure
50695,"Placement of ureteral stent, percutaneous, including diagnostic nephrostogram and/or ureterogram when performed, imaging guidance (eg, ultrasound and/or fluoroscopy), and all associated radiological supervision and interpretation; new access, with sepa...",Procedure
50705,"Ureteral embolization or occlusion, including imaging guidance (eg, ultrasound and/or fluoroscopy) and all associated radiological supervision and interpretation (List separately in addition to code for primary procedure)",Procedure
50706,"Balloon dilation, ureteral stricture, including imaging guidance (eg, ultrasound and/or fluoroscopy) and all associated radiological supervision and interpretation (List separately in addition to code for primary procedure)",Procedure
50728,Revision of urinary-cutaneous anastomosis (any type urostomy); with repair of fascial defect and hernia,Procedure
50780,Ureteroneocystostomy; anastomosis of single ureter to bladder,Procedure
50782,Ureteroneocystostomy; anastomosis of duplicated ureter to bladder,Procedure
50783,Ureteroneocystostomy; with extensive ureteral tailoring,Procedure
50785,Ureteroneocystostomy; with vesico-psoas hitch or bladder flap,Procedure
50810,"Ureterosigmoidostomy, with creation of sigmoid bladder and establishment of abdominal or perineal colostomy, including intestine anastomosis",Procedure
50825,"Continent diversion, including intestine anastomosis using any segment of small and/or large intestine (Kock pouch or Camey enterocystoplasty)",Procedure
50840,"Replacement of all or part of ureter by intestine segment, including intestine anastomosis",Procedure
50947,"Laparoscopy, surgical; ureteroneocystostomy with cystoscopy and ureteral stent placement",Procedure
50948,"Laparoscopy, surgical; ureteroneocystostomy without cystoscopy and ureteral stent placement",Procedure
50949,"Unlisted laparoscopy procedure, ureter",Procedure
50951,"Ureteral endoscopy through established ureterostomy, with or without irrigation, instillation, or ureteropyelography, exclusive of radiologic service",Procedure
50953,"Ureteral endoscopy through established ureterostomy, with or without irrigation, instillation, or ureteropyelography, exclusive of radiologic service; with ureteral catheterization, with or without dilation of ureter",Procedure
50955,"Ureteral endoscopy through established ureterostomy, with or without irrigation, instillation, or ureteropyelography, exclusive of radiologic service; with biopsy",Procedure
50957,"Ureteral endoscopy through established ureterostomy, with or without irrigation, instillation, or ureteropyelography, exclusive of radiologic service; with fulguration and/or incision, with or without biopsy",Procedure
50961,"Ureteral endoscopy through established ureterostomy, with or without irrigation, instillation, or ureteropyelography, exclusive of radiologic service; with removal of foreign body or calculus",Procedure
50970,"Ureteral endoscopy through ureterotomy, with or without irrigation, instillation, or ureteropyelography, exclusive of radiologic service",Procedure
50972,"Ureteral endoscopy through ureterotomy, with or without irrigation, instillation, or ureteropyelography, exclusive of radiologic service; with ureteral catheterization, with or without dilation of ureter",Procedure
50974,"Ureteral endoscopy through ureterotomy, with or without irrigation, instillation, or ureteropyelography, exclusive of radiologic service; with biopsy",Procedure
50976,"Ureteral endoscopy through ureterotomy, with or without irrigation, instillation, or ureteropyelography, exclusive of radiologic service; with fulguration and/or incision, with or without biopsy",Procedure
50980,"Ureteral endoscopy through ureterotomy, with or without irrigation, instillation, or ureteropyelography, exclusive of radiologic service; with removal of foreign body or calculus",Procedure
51,Multiple Procedures,Observation
51020,"Cystotomy or cystostomy, with fulguration and/or insertion of radioactive material",Procedure
51030,Cystotomy or cystostomy; with cryosurgical destruction of intravesical lesion (Deprecated),Procedure
51045,"Cystotomy, with insertion of ureteral catheter or stent (separate procedure)",Procedure
51065,"Cystotomy, with calculus basket extraction and/or ultrasonic or electrohydraulic fragmentation of ureteral calculus",Procedure
51080,Drainage of perivesical or prevesical space abscess,Procedure
51101,Aspiration of bladder; by trocar or intracatheter,Procedure
51520,Cystotomy; for simple excision of vesical neck (separate procedure),Procedure
51535,"Cystotomy for excision, incision, or repair of ureterocele",Procedure
51575,"Cystectomy, complete; with bilateral pelvic lymphadenectomy, including external iliac, hypogastric, and obturator nodes",Procedure
51580,"Cystectomy, complete, with ureterosigmoidostomy or ureterocutaneous transplantations",Procedure
51585,"Cystectomy, complete, with ureterosigmoidostomy or ureterocutaneous transplantations; with bilateral pelvic lymphadenectomy, including external iliac, hypogastric, and obturator nodes",Procedure
51590,"Cystectomy, complete, with ureteroileal conduit or sigmoid bladder, including intestine anastomosis",Procedure
51595,"Cystectomy, complete, with ureteroileal conduit or sigmoid bladder, including intestine anastomosis; with bilateral pelvic lymphadenectomy, including external iliac, hypogastric, and obturator nodes",Procedure
51596,"Cystectomy, complete, with continent diversion, any open technique, using any segment of small and/or large intestine to construct neobladder",Procedure
51597,"Pelvic exenteration, complete, for vesical, prostatic or urethral malignancy, with removal of bladder and ureteral transplantations, with or without hysterectomy and/or abdominoperineal resection of rectum and colon and colostomy, or any combination th...",Procedure
51600,Injection procedure for cystography or voiding urethrocystography,Procedure
51605,Injection procedure and placement of chain for contrast and/or chain urethrocystography,Procedure
51610,Injection procedure for retrograde urethrocystography,Procedure
51700,"Bladder irrigation, simple, lavage and/or instillation",Procedure
51701,"Insertion of non-indwelling bladder catheter (eg, straight catheterization for residual urine)",Procedure
51702,"Insertion of temporary indwelling bladder catheter; simple (eg, Foley)",Procedure
51703,"Insertion of temporary indwelling bladder catheter; complicated (eg, altered anatomy, fractured catheter/balloon)",Procedure
51705,Change of cystostomy tube; simple,Procedure
51710,Change of cystostomy tube; complicated,Procedure
51715,Endoscopic injection of implant material into the submucosal tissues of the urethra and/or bladder neck,Procedure
51725,"Simple cystometrogram (CMG) (eg, spinal manometer)",Procedure
51726,"Complex cystometrogram (ie, calibrated electronic equipment)",Procedure
51727,"Complex cystometrogram (ie, calibrated electronic equipment); with urethral pressure profile studies (ie, urethral closure pressure profile), any technique",Procedure
51728,"Complex cystometrogram (ie, calibrated electronic equipment); with voiding pressure studies (ie, bladder voiding pressure), any technique",Procedure
51729,"Complex cystometrogram (ie, calibrated electronic equipment); with voiding pressure studies (ie, bladder voiding pressure) and urethral pressure profile studies (ie, urethral closure pressure profile), any technique",Procedure
51736,"Simple uroflowmetry (UFR) (eg, stop-watch flow rate, mechanical uroflowmeter)",Procedure
51741,"Complex uroflowmetry (eg, calibrated electronic equipment)",Procedure
51772,"Urethral pressure profile studies (UPP) (urethral closure pressure profile), any technique (Deprecated)",Procedure
51784,"Electromyography studies (EMG) of anal or urethral sphincter, other than needle, any technique",Procedure
51785,"Needle electromyography studies (EMG) of anal or urethral sphincter, any technique",Procedure
51792,"Stimulus evoked response (eg, measurement of bulbocavernosus reflex latency time)",Procedure
51795,"Voiding pressure studies (VP); bladder voiding pressure, any technique (Deprecated)",Procedure
51797,"Voiding pressure studies, intra-abdominal (ie, rectal, gastric, intraperitoneal) (List separately in addition to code for primary procedure)",Procedure
51798,"Measurement of post-voiding residual urine and/or bladder capacity by ultrasound, non-imaging",Procedure
51800,"Cystoplasty or cystourethroplasty, plastic operation on bladder and/or vesical neck (anterior Y-plasty, vesical fundus resection), any procedure, with or without wedge resection of posterior vesical neck",Procedure
51820,Cystourethroplasty with unilateral or bilateral ureteroneocystostomy,Procedure
51840,"Anterior vesicourethropexy, or urethropexy (eg, Marshall-Marchetti-Krantz, Burch); simple",Procedure
51845,"Abdomino-vaginal vesical neck suspension, with or without endoscopic control (eg, Stamey, Raz, modified Pereyra)",Procedure
51860,"Cystorrhaphy, suture of bladder wound, injury or rupture; simple",Procedure
51865,"Cystorrhaphy, suture of bladder wound, injury or rupture; complicated",Procedure
51990,"Laparoscopy, surgical; urethral suspension for stress incontinence",Procedure
51992,"Laparoscopy, surgical; sling operation for stress incontinence (eg, fascia or synthetic)",Procedure
51999,"Unlisted laparoscopy procedure, bladder",Procedure
52,Reduced Services,Observation
52000,Cystourethroscopy (separate procedure),Procedure
52001,Cystourethroscopy with irrigation and evacuation of multiple obstructing clots,Procedure
52005,"Cystourethroscopy, with ureteral catheterization, with or without irrigation, instillation, or ureteropyelography, exclusive of radiologic service",Procedure
52007,"Cystourethroscopy, with ureteral catheterization, with or without irrigation, instillation, or ureteropyelography, exclusive of radiologic service; with brush biopsy of ureter and/or renal pelvis",Procedure
5200F,Consideration of referral for a neurological evaluation of appropriateness for surgical therapy for intractable epilepsy within the past 3 years (EPI),Observation
52214,"Cystourethroscopy, with fulguration (including cryosurgery or laser surgery) of trigone, bladder neck, prostatic fossa, urethra, or periurethral glands",Procedure
52224,"Cystourethroscopy, with fulguration (including cryosurgery or laser surgery) or treatment of MINOR (less than 0.5 cm) lesion(s) with or without biopsy",Procedure
52234,"Cystourethroscopy, with fulguration (including cryosurgery or laser surgery) and/or resection of; SMALL bladder tumor(s) (0.5 up to 2.0 cm)",Procedure
52235,"Cystourethroscopy, with fulguration (including cryosurgery or laser surgery) and/or resection of; MEDIUM bladder tumor(s) (2.0 to 5.0 cm)",Procedure
52240,"Cystourethroscopy, with fulguration (including cryosurgery or laser surgery) and/or resection of; LARGE bladder tumor(s)",Procedure
52250,"Cystourethroscopy with insertion of radioactive substance, with or without biopsy or fulguration",Procedure
52260,"Cystourethroscopy, with dilation of bladder for interstitial cystitis; general or conduction (spinal) anesthesia",Procedure
52265,"Cystourethroscopy, with dilation of bladder for interstitial cystitis; local anesthesia",Procedure
52276,Cystourethroscopy with direct vision internal urethrotomy,Procedure
52277,"Cystourethroscopy, with resection of external sphincter (sphincterotomy)",Procedure
52281,"Cystourethroscopy, with calibration and/or dilation of urethral stricture or stenosis, with or without meatotomy, with or without injection procedure for cystography, male or female",Procedure
52282,"Cystourethroscopy, with insertion of permanent urethral stent",Procedure
52283,"Cystourethroscopy, with steroid injection into stricture",Procedure
52285,"Cystourethroscopy for treatment of the female urethral syndrome with any or all of the following: urethral meatotomy, urethral dilation, internal urethrotomy, lysis of urethrovaginal septal fibrosis, lateral incisions of the bladder neck, and fulgurati...",Procedure
52287,"Cystourethroscopy, with injection(s) for chemodenervation of the bladder",Procedure
52290,"Cystourethroscopy; with ureteral meatotomy, unilateral or bilateral",Procedure
52300,"Cystourethroscopy; with resection or fulguration of orthotopic ureterocele(s), unilateral or bilateral",Procedure
52301,"Cystourethroscopy; with resection or fulguration of ectopic ureterocele(s), unilateral or bilateral",Procedure
52305,"Cystourethroscopy; with incision or resection of orifice of bladder diverticulum, single or multiple",Procedure
52310,"Cystourethroscopy, with removal of foreign body, calculus, or ureteral stent from urethra or bladder (separate procedure); simple",Procedure
52315,"Cystourethroscopy, with removal of foreign body, calculus, or ureteral stent from urethra or bladder (separate procedure); complicated",Procedure
52317,Litholapaxy: crushing or fragmentation of calculus by any means in bladder and removal of fragments; simple or small (less than 2.5 cm),Procedure
52318,Litholapaxy: crushing or fragmentation of calculus by any means in bladder and removal of fragments; complicated or large (over 2.5 cm),Procedure
52320,Cystourethroscopy (including ureteral catheterization); with removal of ureteral calculus,Procedure
52325,"Cystourethroscopy (including ureteral catheterization); with fragmentation of ureteral calculus (eg, ultrasonic or electro-hydraulic technique)",Procedure
52327,Cystourethroscopy (including ureteral catheterization); with subureteric injection of implant material,Procedure
52330,"Cystourethroscopy (including ureteral catheterization); with manipulation, without removal of ureteral calculus",Procedure
52332,"Cystourethroscopy, with insertion of indwelling ureteral stent (eg, Gibbons or double-J type)",Procedure
52334,"Cystourethroscopy with insertion of ureteral guide wire through kidney to establish a percutaneous nephrostomy, retrograde",Procedure
52341,"Cystourethroscopy; with treatment of ureteral stricture (eg, balloon dilation, laser, electrocautery, and incision)",Procedure
52342,"Cystourethroscopy; with treatment of ureteropelvic junction stricture (eg, balloon dilation, laser, electrocautery, and incision)",Procedure
52344,"Cystourethroscopy with ureteroscopy; with treatment of ureteral stricture (eg, balloon dilation, laser, electrocautery, and incision)",Procedure
52345,"Cystourethroscopy with ureteroscopy; with treatment of ureteropelvic junction stricture (eg, balloon dilation, laser, electrocautery, and incision)",Procedure
52346,"Cystourethroscopy with ureteroscopy; with treatment of intra-renal stricture (eg, balloon dilation, laser, electrocautery, and incision)",Procedure
52351,"Cystourethroscopy, with ureteroscopy and/or pyeloscopy; diagnostic",Procedure
52352,"Cystourethroscopy, with ureteroscopy and/or pyeloscopy; with removal or manipulation of calculus (ureteral catheterization is included)",Procedure
52353,"Cystourethroscopy, with ureteroscopy and/or pyeloscopy; with lithotripsy (ureteral catheterization is included)",Procedure
52354,"Cystourethroscopy, with ureteroscopy and/or pyeloscopy; with biopsy and/or fulguration of ureteral or renal pelvic lesion",Procedure
52355,"Cystourethroscopy, with ureteroscopy and/or pyeloscopy; with resection of ureteral or renal pelvic tumor",Procedure
52356,"Cystourethroscopy, with ureteroscopy and/or pyeloscopy; with lithotripsy including insertion of indwelling ureteral stent (eg, Gibbons or double-J type)",Procedure
52400,"Cystourethroscopy with incision, fulguration, or resection of congenital posterior urethral valves, or congenital obstructive hypertrophic mucosal folds",Procedure
52402,Cystourethroscopy with transurethral resection or incision of ejaculatory ducts,Procedure
52441,"Cystourethroscopy, with insertion of permanent adjustable transprostatic implant; single implant",Procedure
52442,"Cystourethroscopy, with insertion of permanent adjustable transprostatic implant; each additional permanent adjustable transprostatic implant (List separately in addition to code for primary procedure)",Procedure
52500,Transurethral resection of bladder neck (separate procedure),Procedure
52510,Transurethral balloon dilation of the prostatic urethra (Deprecated),Procedure
52601,"Transurethral electrosurgical resection of prostate, including control of postoperative bleeding, complete (vasectomy, meatotomy, cystourethroscopy, urethral calibration and/or dilation, and internal urethrotomy are included)",Procedure
52630,"Transurethral resection; residual or regrowth of obstructive prostate tissue including control of postoperative bleeding, complete (vasectomy, meatotomy, cystourethroscopy, urethral calibration and/or dilation, and internal urethrotomy are included)",Procedure
52640,Transurethral resection; of postoperative bladder neck contracture,Procedure
52647,"Laser coagulation of prostate, including control of postoperative bleeding, complete (vasectomy, meatotomy, cystourethroscopy, urethral calibration and/or dilation, and internal urethrotomy are included if performed)",Procedure
52648,"Laser vaporization of prostate, including control of postoperative bleeding, complete (vasectomy, meatotomy, cystourethroscopy, urethral calibration and/or dilation, internal urethrotomy and transurethral resection of prostate are included if performed)",Procedure
52649,"Laser enucleation of the prostate with morcellation, including control of postoperative bleeding, complete (vasectomy, meatotomy, cystourethroscopy, urethral calibration and/or dilation, internal urethrotomy and transurethral resection of prostate are...",Procedure
53,Discontinued Procedure,Observation
53000,"Urethrotomy or urethrostomy, external (separate procedure); pendulous urethra",Procedure
53010,"Urethrotomy or urethrostomy, external (separate procedure); perineal urethra, external",Procedure
53020,"Meatotomy, cutting of meatus (separate procedure); except infant",Procedure
53220,Excision or fulguration of carcinoma of urethra,Procedure
53235,Excision of urethral diverticulum (separate procedure); male,Procedure
53260,"Excision or fulguration; urethral polyp(s), distal urethra",Procedure
53265,Excision or fulguration; urethral caruncle,Procedure
53270,Excision or fulguration; Skene's glands,Procedure
53275,Excision or fulguration; urethral prolapse,Procedure
53415,"Urethroplasty, transpubic or perineal, 1-stage, for reconstruction or repair of prostatic or membranous urethra",Procedure
53420,"Urethroplasty, 2-stage reconstruction or repair of prostatic or membranous urethra; first stage",Procedure
53425,"Urethroplasty, 2-stage reconstruction or repair of prostatic or membranous urethra; second stage",Procedure
53430,"Urethroplasty, reconstruction of female urethra",Procedure
53431,"Urethroplasty with tubularization of posterior urethra and/or lower bladder for incontinence (eg, Tenago, Leadbetter procedure)",Procedure
53440,"Sling operation for correction of male urinary incontinence (eg, fascia or synthetic)",Procedure
53442,"Removal or revision of sling for male urinary incontinence (eg, fascia or synthetic)",Procedure
53444,Insertion of tandem cuff (dual cuff),Procedure
53445,"Insertion of inflatable urethral/bladder neck sphincter, including placement of pump, reservoir, and cuff",Procedure
53446,"Removal of inflatable urethral/bladder neck sphincter, including pump, reservoir, and cuff",Procedure
53447,"Removal and replacement of inflatable urethral/bladder neck sphincter including pump, reservoir, and cuff at the same operative session",Procedure
53448,"Removal and replacement of inflatable urethral/bladder neck sphincter including pump, reservoir, and cuff through an infected field at the same operative session including irrigation and debridement of infected tissue",Procedure
53449,"Repair of inflatable urethral/bladder neck sphincter, including pump, reservoir, and cuff",Procedure
53451,"Periurethral transperineal adjustable balloon continence device; bilateral insertion, including cystourethroscopy and imaging guidance",Procedure
53454,Periurethral transperineal adjustable balloon continence device; percutaneous adjustment of balloon(s) fluid volume,Procedure
53460,"Urethromeatoplasty, with partial excision of distal urethral segment (Richardson type procedure)",Procedure
53500,"Urethrolysis, transvaginal, secondary, open, including cystourethroscopy (eg, postsurgical obstruction, scarring)",Procedure
53505,"Urethrorrhaphy, suture of urethral wound or injury; penile",Procedure
53510,"Urethrorrhaphy, suture of urethral wound or injury; perineal",Procedure
53515,"Urethrorrhaphy, suture of urethral wound or injury; prostatomembranous",Procedure
53520,"Closure of urethrostomy or urethrocutaneous fistula, male (separate procedure)",Procedure
53600,"Dilation of urethral stricture by passage of sound or urethral dilator, male; initial",Procedure
53601,"Dilation of urethral stricture by passage of sound or urethral dilator, male; subsequent",Procedure
53605,"Dilation of urethral stricture or vesical neck by passage of sound or urethral dilator, male, general or conduction (spinal) anesthesia",Procedure
53620,"Dilation of urethral stricture by passage of filiform and follower, male; initial",Procedure
53621,"Dilation of urethral stricture by passage of filiform and follower, male; subsequent",Procedure
53660,Dilation of female urethra including suppository and/or instillation; initial,Procedure
53661,Dilation of female urethra including suppository and/or instillation; subsequent,Procedure
53665,"Dilation of female urethra, general or conduction (spinal) anesthesia",Procedure
53670,"Catheterization, urethra; simple (Deprecated)",Procedure
53852,Transurethral destruction of prostate tissue; by radiofrequency thermotherapy,Procedure
53854,Transurethral destruction of prostate tissue; by radiofrequency generated water vapor thermotherapy,Procedure
53855,"Insertion of a temporary prostatic urethral stent, including urethral measurement",Procedure
53899,"Unlisted procedure, urinary system",Procedure
54000,"Slitting of prepuce, dorsal or lateral (separate procedure); newborn",Procedure
54001,"Slitting of prepuce, dorsal or lateral (separate procedure); except newborn",Procedure
54057,"Destruction of lesion(s), penis (eg, condyloma, papilloma, molluscum contagiosum, herpetic vesicle), simple; laser surgery",Procedure
54060,"Destruction of lesion(s), penis (eg, condyloma, papilloma, molluscum contagiosum, herpetic vesicle), simple; surgical excision",Procedure
54065,"Destruction of lesion(s), penis (eg, condyloma, papilloma, molluscum contagiosum, herpetic vesicle), extensive (eg, laser surgery, electrosurgery, cryosurgery, chemosurgery)",Procedure
54111,Excision of penile plaque (Peyronie disease); with graft to 5 cm in length,Procedure
54112,Excision of penile plaque (Peyronie disease); with graft greater than 5 cm in length,Procedure
54115,"Removal foreign body from deep penile tissue (eg, plastic implant)",Procedure
54150,"Circumcision, using clamp or other device with regional dorsal penile or ring block",Procedure
54152,"Circumcision, using clamp or other device; except newborn (Deprecated)",Procedure
54160,"Circumcision, surgical excision other than clamp, device, or dorsal slit; neonate (28 days of age or less)",Procedure
54161,"Circumcision, surgical excision other than clamp, device, or dorsal slit; older than 28 days of age",Procedure
54162,Lysis or excision of penile post-circumcision adhesions,Procedure
54163,Repair incomplete circumcision,Procedure
54164,Frenulotomy of penis,Procedure
54200,Injection procedure for Peyronie disease,Procedure
54205,Injection procedure for Peyronie disease; with surgical exposure of plaque,Procedure
54220,Irrigation of corpora cavernosa for priapism,Procedure
54230,Injection procedure for corpora cavernosography,Procedure
54231,"Dynamic cavernosometry, including intracavernosal injection of vasoactive drugs (eg, papaverine, phentolamine)",Procedure
54235,"Injection of corpora cavernosa with pharmacologic agent(s) (eg, papaverine, phentolamine)",Procedure
54304,Plastic operation on penis for correction of chordee or for first stage hypospadias repair with or without transplantation of prepuce and/or skin flaps,Procedure
54308,Urethroplasty for second stage hypospadias repair (including urinary diversion); less than 3 cm,Procedure
54312,Urethroplasty for second stage hypospadias repair (including urinary diversion); greater than 3 cm,Procedure
54318,"Urethroplasty for third stage hypospadias repair to release penis from scrotum (eg, third stage Cecil repair)",Procedure
54322,"1-stage distal hypospadias repair (with or without chordee or circumcision); with simple meatal advancement (eg, Magpi, V-flap)",Procedure
54324,"1-stage distal hypospadias repair (with or without chordee or circumcision); with urethroplasty by local skin flaps (eg, flip-flap, prepucial flap)",Procedure
54326,1-stage distal hypospadias repair (with or without chordee or circumcision); with urethroplasty by local skin flaps and mobilization of urethra,Procedure
54328,"1-stage distal hypospadias repair (with or without chordee or circumcision); with extensive dissection to correct chordee and urethroplasty with local skin flaps, skin graft patch, and/or island flap",Procedure
54336,1-stage perineal hypospadias repair requiring extensive dissection to correct chordee and urethroplasty by use of skin graft tube and/or island flap,Procedure
54340,"Repair of hypospadias complication(s) (ie, fistula, stricture, diverticula); by closure, incision, or excision, simple",Procedure
54344,"Repair of hypospadias complication(s) (ie, fistula, stricture, diverticula); requiring mobilization of skin flaps and urethroplasty with flap or patch graft",Procedure
54348,"Repair of hypospadias complication(s) (ie, fistula, stricture, diverticula); requiring extensive dissection, and urethroplasty with flap, patch or tubed graft (including urinary diversion, when performed)",Procedure
54352,Revision of prior hypospadias repair requiring extensive dissection and excision of previously constructed structures including re-release of chordee and reconstruction of urethra and penis by use of local skin as grafts and island flaps and skin broug...,Procedure
54360,Plastic operation on penis to correct angulation,Procedure
54380,Plastic operation on penis for epispadias distal to external sphincter,Procedure
54390,Plastic operation on penis for epispadias distal to external sphincter; with exstrophy of bladder,Procedure
54405,"Insertion of multi-component, inflatable penile prosthesis, including placement of pump, cylinders, and reservoir",Procedure
54406,"Removal of all components of a multi-component, inflatable penile prosthesis without replacement of prosthesis",Procedure
54408,"Repair of component(s) of a multi-component, inflatable penile prosthesis",Procedure
54410,"Removal and replacement of all component(s) of a multi-component, inflatable penile prosthesis at the same operative session",Procedure
54411,"Removal and replacement of all components of a multi-component inflatable penile prosthesis through an infected field at the same operative session, including irrigation and debridement of infected tissue",Procedure
54416,Removal and replacement of non-inflatable (semi-rigid) or inflatable (self-contained) penile prosthesis at the same operative session,Procedure
54417,"Removal and replacement of non-inflatable (semi-rigid) or inflatable (self-contained) penile prosthesis through an infected field at the same operative session, including irrigation and debridement of infected tissue",Procedure
54435,"Corpora cavernosa-glans penis fistulization (eg, biopsy needle, Winter procedure, rongeur, or punch) for priapism",Procedure
54437,Repair of traumatic corporeal tear(s),Procedure
54438,"Replantation, penis, complete amputation including urethral repair (Deprecated)",Procedure
54440,Plastic operation of penis for injury,Procedure
54450,Foreskin manipulation including lysis of preputial adhesions and stretching,Procedure
54500,"Biopsy of testis, needle (separate procedure)",Procedure
54512,Excision of extraparenchymal lesion of testis,Procedure
54520,"Orchiectomy, simple (including subcapsular), with or without testicular prosthesis, scrotal or inguinal approach",Procedure
54522,"Orchiectomy, partial",Procedure
54530,"Orchiectomy, radical, for tumor; inguinal approach",Procedure
54535,"Orchiectomy, radical, for tumor; with abdominal exploration",Procedure
54550,Exploration for undescended testis (inguinal or scrotal area),Procedure
54620,Fixation of contralateral testis (separate procedure),Procedure
54640,"Orchiopexy, inguinal or scrotal approach",Procedure
54650,"Orchiopexy, abdominal approach, for intra-abdominal testis (eg, Fowler-Stephens)",Procedure
54670,Suture or repair of testicular injury,Procedure
54690,"Laparoscopy, surgical; orchiectomy",Procedure
54692,"Laparoscopy, surgical; orchiopexy for intra-abdominal testis",Procedure
54700,"Incision and drainage of epididymis, testis and/or scrotal space (eg, abscess or hematoma)",Procedure
54800,"Biopsy of epididymis, needle",Procedure
54860,Epididymectomy; unilateral,Procedure
54865,"Exploration of epididymis, with or without biopsy",Procedure
54900,"Epididymovasostomy, anastomosis of epididymis to vas deferens; unilateral",Procedure
55040,Excision of hydrocele; unilateral,Procedure
55060,Repair of tunica vaginalis hydrocele (Bottle type),Procedure
55200,"Vasotomy, cannulization with or without incision of vas, unilateral or bilateral (separate procedure)",Procedure
55300,"Vasotomy for vasograms, seminal vesiculograms, or epididymograms, unilateral or bilateral",Procedure
55500,"Excision of hydrocele of spermatic cord, unilateral (separate procedure)",Procedure
55530,Excision of varicocele or ligation of spermatic veins for varicocele; (separate procedure),Procedure
55559,"Unlisted laparoscopy procedure, spermatic cord",Procedure
55700,"Biopsy, prostate; needle or punch, single or multiple, any approach",Procedure
55705,"Biopsy, prostate; incisional, any approach",Procedure
55706,"Biopsies, prostate, needle, transperineal, stereotactic template guided saturation sampling, including imaging guidance",Procedure
55720,"Prostatotomy, external drainage of prostatic abscess, any approach; simple",Procedure
55821,"Prostatectomy (including control of postoperative bleeding, vasectomy, meatotomy, urethral calibration and/or dilation, and internal urethrotomy); suprapubic, subtotal, 1 or 2 stages",Procedure
55831,"Prostatectomy (including control of postoperative bleeding, vasectomy, meatotomy, urethral calibration and/or dilation, and internal urethrotomy); retropubic, subtotal",Procedure
55842,"Prostatectomy, retropubic radical, with or without nerve sparing; with lymph node biopsy(s) (limited pelvic lymphadenectomy)",Procedure
55845,"Prostatectomy, retropubic radical, with or without nerve sparing; with bilateral pelvic lymphadenectomy, including external iliac, hypogastric, and obturator nodes",Procedure
55860,"Exposure of prostate, any approach, for insertion of radioactive substance",Procedure
55866,"Laparoscopy, surgical prostatectomy, retropubic radical, including nerve sparing, includes robotic assistance, when performed",Procedure
55873,Cryosurgical ablation of the prostate (includes ultrasonic guidance and monitoring),Procedure
55874,"Transperineal placement of biodegradable material, peri-prostatic, single or multiple injection(s), including image guidance, when performed",Procedure
55875,"Transperineal placement of needles or catheters into prostate for interstitial radioelement application, with or without cystoscopy",Procedure
55876,"Placement of interstitial device(s) for radiation therapy guidance (eg, fiducial markers, dosimeter), prostate (via needle, any approach), single or multiple",Procedure
55899,"Unlisted procedure, male genital system",Procedure
55920,Placement of needles or catheters into pelvic organs and/or genitalia (except prostate) for subsequent interstitial radioelement application,Procedure
56356,"Hysteroscopy, surgical; with endometrial ablation (any method). (Deprecated)",Procedure
56405,Incision and drainage of vulva or perineal abscess,Procedure
56420,Incision and drainage of Bartholin's gland abscess,Procedure
56441,Lysis of labial adhesions,Procedure
56442,"Hymenotomy, simple incision",Procedure
56605,Biopsy of vulva or perineum (separate procedure); 1 lesion,Procedure
56606,Biopsy of vulva or perineum (separate procedure); each separate additional lesion (List separately in addition to code for primary procedure),Procedure
56620,Vulvectomy simple; partial,Procedure
56625,Vulvectomy simple; complete,Procedure
56630,"Vulvectomy, radical, partial",Procedure
56631,"Vulvectomy, radical, partial; with unilateral inguinofemoral lymphadenectomy",Procedure
56632,"Vulvectomy, radical, partial; with bilateral inguinofemoral lymphadenectomy",Procedure
56634,"Vulvectomy, radical, complete; with unilateral inguinofemoral lymphadenectomy",Procedure
56637,"Vulvectomy, radical, complete; with bilateral inguinofemoral lymphadenectomy",Procedure
56700,Partial hymenectomy or revision of hymenal ring,Procedure
56740,Excision of Bartholin's gland or cyst,Procedure
56810,"Perineoplasty, repair of perineum, nonobstetrical (separate procedure)",Procedure
56821,Colposcopy of the vulva; with biopsy(s),Procedure
57022,Incision and drainage of vaginal hematoma; obstetrical/postpartum,Procedure
57023,"Incision and drainage of vaginal hematoma; non-obstetrical (eg, post-trauma, spontaneous bleeding)",Procedure
57061,"Destruction of vaginal lesion(s); simple (eg, laser surgery, electrosurgery, cryosurgery, chemosurgery)",Procedure
57105,"Biopsy of vaginal mucosa; extensive, requiring suture (including cysts)",Procedure
57107,"Vaginectomy, partial removal of vaginal wall; with removal of paravaginal tissue (radical vaginectomy)",Procedure
57109,"Vaginectomy, partial removal of vaginal wall; with removal of paravaginal tissue (radical vaginectomy) with bilateral total pelvic lymphadenectomy and para-aortic lymph node sampling (biopsy)",Procedure
57111,"Vaginectomy, complete removal of vaginal wall; with removal of paravaginal tissue (radical vaginectomy)",Procedure
57135,Excision of vaginal cyst or tumor,Procedure
57150,"Irrigation of vagina and/or application of medicament for treatment of bacterial, parasitic, or fungoid disease",Procedure
57155,Insertion of uterine tandem and/or vaginal ovoids for clinical brachytherapy,Procedure
57156,Insertion of a vaginal radiation afterloading apparatus for clinical brachytherapy,Procedure
57160,Fitting and insertion of pessary or other intravaginal support device,Procedure
57170,Diaphragm or cervical cap fitting with instructions,Procedure
57180,Introduction of any hemostatic agent or pack for spontaneous or traumatic nonobstetrical vaginal hemorrhage (separate procedure),Procedure
57200,"Colporrhaphy, suture of injury of vagina (nonobstetrical)",Procedure
57210,"Colpoperineorrhaphy, suture of injury of vagina and/or perineum (nonobstetrical)",Procedure
57240,"Anterior colporrhaphy, repair of cystocele with or without repair of urethrocele, including cystourethroscopy, when performed",Procedure
57265,"Combined anteroposterior colporrhaphy, including cystourethroscopy, when performed; with enterocele repair",Procedure
57267,"Insertion of mesh or other prosthesis for repair of pelvic floor defect, each site (anterior, posterior compartment), vaginal approach (List separately in addition to code for primary procedure)",Procedure
57282,"Colpopexy, vaginal; extra-peritoneal approach (sacrospinous, iliococcygeus)",Procedure
57283,"Colpopexy, vaginal; intra-peritoneal approach (uterosacral, levator myorrhaphy)",Procedure
57284,"Paravaginal defect repair (including repair of cystocele, if performed); open abdominal approach",Procedure
57287,"Removal or revision of sling for stress incontinence (eg, fascia or synthetic)",Procedure
57291,Construction of artificial vagina; without graft,Procedure
57295,Revision (including removal) of prosthetic vaginal graft; vaginal approach,Procedure
57296,Revision (including removal) of prosthetic vaginal graft; open abdominal approach,Procedure
57300,Closure of rectovaginal fistula; vaginal or transanal approach,Procedure
57307,"Closure of rectovaginal fistula; abdominal approach, with concomitant colostomy",Procedure
57308,"Closure of rectovaginal fistula; transperineal approach, with perineal body reconstruction, with or without levator plication",Procedure
57311,Closure of urethrovaginal fistula; with bulbocavernosus transplant,Procedure
57335,Vaginoplasty for intersex state,Procedure
57415,Removal of impacted vaginal foreign body (separate procedure) under anesthesia (other than local),Procedure
57420,"Colposcopy of the entire vagina, with cervix if present",Procedure
57421,"Colposcopy of the entire vagina, with cervix if present; with biopsy(s) of vagina/cervix",Procedure
57423,"Paravaginal defect repair (including repair of cystocele, if performed), laparoscopic approach",Procedure
57425,"Laparoscopy, surgical, colpopexy (suspension of vaginal apex)",Procedure
57426,"Revision (including removal) of prosthetic vaginal graft, laparoscopic approach",Procedure
57452,Colposcopy of the cervix including upper/adjacent vagina,Procedure
57454,Colposcopy of the cervix including upper/adjacent vagina; with biopsy(s) of the cervix and endocervical curettage,Procedure
57455,Colposcopy of the cervix including upper/adjacent vagina; with biopsy(s) of the cervix,Procedure
57456,Colposcopy of the cervix including upper/adjacent vagina; with endocervical curettage,Procedure
57460,Colposcopy of the cervix including upper/adjacent vagina; with loop electrode biopsy(s) of the cervix,Procedure
57461,Colposcopy of the cervix including upper/adjacent vagina; with loop electrode conization of the cervix,Procedure
57500,"Biopsy of cervix, single or multiple, or local excision of lesion, with or without fulguration (separate procedure)",Procedure
57510,Cautery of cervix; electro or thermal,Procedure
57520,"Conization of cervix, with or without fulguration, with or without dilation and curettage, with or without repair; cold knife or laser",Procedure
57522,"Conization of cervix, with or without fulguration, with or without dilation and curettage, with or without repair; loop electrode excision",Procedure
57555,"Excision of cervical stump, vaginal approach; with anterior and/or posterior repair",Procedure
57700,"Cerclage of uterine cervix, nonobstetrical",Procedure
57720,"Trachelorrhaphy, plastic repair of uterine cervix, vaginal approach",Procedure
57800,"Dilation of cervical canal, instrumental (separate procedure)",Procedure
58100,"Endometrial sampling (biopsy) with or without endocervical sampling (biopsy), without cervical dilation, any method (separate procedure)",Procedure
58110,Endometrial sampling (biopsy) performed in conjunction with colposcopy (List separately in addition to code for primary procedure),Procedure
58120,"Dilation and curettage, diagnostic and/or therapeutic (nonobstetrical)",Procedure
58140,"Myomectomy, excision of fibroid tumor(s) of uterus, 1 to 4 intramural myoma(s) with total weight of 250 g or less and/or removal of surface myomas; abdominal approach",Procedure
58145,"Myomectomy, excision of fibroid tumor(s) of uterus, 1 to 4 intramural myoma(s) with total weight of 250 g or less and/or removal of surface myomas; vaginal approach",Procedure
58146,"Myomectomy, excision of fibroid tumor(s) of uterus, 5 or more intramural myomas and/or intramural myomas with total weight greater than 250 g, abdominal approach",Procedure
58152,"Total abdominal hysterectomy (corpus and cervix), with or without removal of tube(s), with or without removal of ovary(s); with colpo-urethrocystopexy (eg, Marshall-Marchetti-Krantz, Burch)",Procedure
58200,"Total abdominal hysterectomy, including partial vaginectomy, with para-aortic and pelvic lymph node sampling, with or without removal of tube(s), with or without removal of ovary(s)",Procedure
58210,"Radical abdominal hysterectomy, with bilateral total pelvic lymphadenectomy and para-aortic lymph node sampling (biopsy), with or without removal of tube(s), with or without removal of ovary(s)",Procedure
58240,"Pelvic exenteration for gynecologic malignancy, with total abdominal hysterectomy or cervicectomy, with or without removal of tube(s), with or without removal of ovary(s), with removal of bladder and ureteral transplantations, and/or abdominoperineal r...",Procedure
58260,"Vaginal hysterectomy, for uterus 250 g or less",Procedure
58262,"Vaginal hysterectomy, for uterus 250 g or less; with removal of tube(s), and/or ovary(s)",Procedure
58267,"Vaginal hysterectomy, for uterus 250 g or less; with colpo-urethrocystopexy (Marshall-Marchetti-Krantz type, Pereyra type) with or without endoscopic control",Procedure
58270,"Vaginal hysterectomy, for uterus 250 g or less; with repair of enterocele",Procedure
58290,"Vaginal hysterectomy, for uterus greater than 250 g",Procedure
58291,"Vaginal hysterectomy, for uterus greater than 250 g; with removal of tube(s) and/or ovary(s)",Procedure
58293,"Vaginal hysterectomy, for uterus greater than 250 g; with colpo-urethrocystopexy (Marshall-Marchetti-Krantz type, Pereyra type) with or without endoscopic control (Deprecated)",Procedure
58300,Insertion of intrauterine device (IUD),Procedure
58323,Sperm washing for artificial insemination,Procedure
58340,Catheterization and introduction of saline or contrast material for saline infusion sonohysterography (SIS) or hysterosalpingography,Procedure
58345,"Transcervical introduction of fallopian tube catheter for diagnosis and/or re-establishing patency (any method), with or without hysterosalpingography",Procedure
58346,Insertion of Heyman capsules for clinical brachytherapy,Procedure
58350,"Chromotubation of oviduct, including materials",Procedure
58353,"Endometrial ablation, thermal, without hysteroscopic guidance",Procedure
58356,"Endometrial cryoablation with ultrasonic guidance, including endometrial curettage, when performed",Procedure
58400,"Uterine suspension, with or without shortening of round ligaments, with or without shortening of sacrouterine ligaments; (separate procedure)",Procedure
58520,"Hysterorrhaphy, repair of ruptured uterus (nonobstetrical)",Procedure
58541,"Laparoscopy, surgical, supracervical hysterectomy, for uterus 250 g or less",Procedure
58542,"Laparoscopy, surgical, supracervical hysterectomy, for uterus 250 g or less; with removal of tube(s) and/or ovary(s)",Procedure
58543,"Laparoscopy, surgical, supracervical hysterectomy, for uterus greater than 250 g",Procedure
58544,"Laparoscopy, surgical, supracervical hysterectomy, for uterus greater than 250 g; with removal of tube(s) and/or ovary(s)",Procedure
58545,"Laparoscopy, surgical, myomectomy, excision; 1 to 4 intramural myomas with total weight of 250 g or less and/or removal of surface myomas",Procedure
58546,"Laparoscopy, surgical, myomectomy, excision; 5 or more intramural myomas and/or intramural myomas with total weight greater than 250 g",Procedure
58548,"Laparoscopy, surgical, with radical hysterectomy, with bilateral total pelvic lymphadenectomy and para-aortic lymph node sampling (biopsy), with removal of tube(s) and ovary(s), if performed",Procedure
58550,"Laparoscopy, surgical, with vaginal hysterectomy, for uterus 250 g or less",Procedure
58552,"Laparoscopy, surgical, with vaginal hysterectomy, for uterus 250 g or less; with removal of tube(s) and/or ovary(s)",Procedure
58553,"Laparoscopy, surgical, with vaginal hysterectomy, for uterus greater than 250 g",Procedure
58554,"Laparoscopy, surgical, with vaginal hysterectomy, for uterus greater than 250 g; with removal of tube(s) and/or ovary(s)",Procedure
58555,"Hysteroscopy, diagnostic (separate procedure)",Procedure
58558,"Hysteroscopy, surgical; with sampling (biopsy) of endometrium and/or polypectomy, with or without D & C",Procedure
58560,"Hysteroscopy, surgical; with division or resection of intrauterine septum (any method)",Procedure
58561,"Hysteroscopy, surgical; with removal of leiomyomata",Procedure
58562,"Hysteroscopy, surgical; with removal of impacted foreign body",Procedure
58563,"Hysteroscopy, surgical; with endometrial ablation (eg, endometrial resection, electrosurgical ablation, thermoablation)",Procedure
58565,"Hysteroscopy, surgical; with bilateral fallopian tube cannulation to induce occlusion by placement of permanent implants",Procedure
58570,"Laparoscopy, surgical, with total hysterectomy, for uterus 250 g or less",Procedure
58571,"Laparoscopy, surgical, with total hysterectomy, for uterus 250 g or less; with removal of tube(s) and/or ovary(s)",Procedure
58572,"Laparoscopy, surgical, with total hysterectomy, for uterus greater than 250 g",Procedure
58573,"Laparoscopy, surgical, with total hysterectomy, for uterus greater than 250 g; with removal of tube(s) and/or ovary(s)",Procedure
58575,"Laparoscopy, surgical, total hysterectomy for resection of malignancy (tumor debulking), with omentectomy including salpingo-oophorectomy, unilateral or bilateral, when performed",Procedure
58578,"Unlisted laparoscopy procedure, uterus",Procedure
58579,"Unlisted hysteroscopy procedure, uterus",Procedure
58600,"Ligation or transection of fallopian tube(s), abdominal or vaginal approach, unilateral or bilateral",Procedure
58605,"Ligation or transection of fallopian tube(s), abdominal or vaginal approach, postpartum, unilateral or bilateral, during same hospitalization (separate procedure)",Procedure
58611,Ligation or transection of fallopian tube(s) when done at the time of cesarean delivery or intra-abdominal surgery (not a separate procedure) (List separately in addition to code for primary procedure),Procedure
58615,"Occlusion of fallopian tube(s) by device (eg, band, clip, Falope ring) vaginal or suprapubic approach",Procedure
58662,"Laparoscopy, surgical; with fulguration or excision of lesions of the ovary, pelvic viscera, or peritoneal surface by any method",Procedure
58672,"Laparoscopy, surgical; with fimbrioplasty",Procedure
58673,"Laparoscopy, surgical; with salpingostomy (salpingoneostomy)",Procedure
58679,"Unlisted laparoscopy procedure, oviduct, ovary",Procedure
58800,"Drainage of ovarian cyst(s), unilateral or bilateral (separate procedure); vaginal approach",Procedure
58805,"Drainage of ovarian cyst(s), unilateral or bilateral (separate procedure); abdominal approach",Procedure
58823,"Drainage of pelvic abscess, transvaginal or transrectal approach, percutaneous (eg, ovarian, pericolic) (Deprecated)",Procedure
58920,"Wedge resection or bisection of ovary, unilateral or bilateral",Procedure
58943,"Oophorectomy, partial or total, unilateral or bilateral; for ovarian, tubal or primary peritoneal malignancy, with para-aortic and pelvic lymph node biopsies, peritoneal washings, peritoneal biopsies, diaphragmatic assessments, with or without salpinge...",Procedure
58950,"Resection (initial) of ovarian, tubal or primary peritoneal malignancy with bilateral salpingo-oophorectomy and omentectomy",Procedure
58951,"Resection (initial) of ovarian, tubal or primary peritoneal malignancy with bilateral salpingo-oophorectomy and omentectomy; with total abdominal hysterectomy, pelvic and limited para-aortic lymphadenectomy",Procedure
58952,"Resection (initial) of ovarian, tubal or primary peritoneal malignancy with bilateral salpingo-oophorectomy and omentectomy; with radical dissection for debulking (ie, radical excision or destruction, intra-abdominal or retroperitoneal tumors)",Procedure
58953,"Bilateral salpingo-oophorectomy with omentectomy, total abdominal hysterectomy and radical dissection for debulking",Procedure
58954,"Bilateral salpingo-oophorectomy with omentectomy, total abdominal hysterectomy and radical dissection for debulking; with pelvic lymphadenectomy and limited para-aortic lymphadenectomy",Procedure
58956,"Bilateral salpingo-oophorectomy with total omentectomy, total abdominal hysterectomy for malignancy",Procedure
58957,"Resection (tumor debulking) of recurrent ovarian, tubal, primary peritoneal, uterine malignancy (intra-abdominal, retroperitoneal tumors), with omentectomy, if performed (Deprecated)",Procedure
58958,"Resection (tumor debulking) of recurrent ovarian, tubal, primary peritoneal, uterine malignancy (intra-abdominal, retroperitoneal tumors), with omentectomy, if performed, with pelvic lymphadenectomy and limited para-aortic lymphadenectomy",Procedure
58960,"Laparotomy, for staging or restaging of ovarian, tubal, or primary peritoneal malignancy (second look), with or without omentectomy, peritoneal washing, biopsy of abdominal and pelvic peritoneum, diaphragmatic assessment with pelvic and limited para-ao...",Procedure
58974,"Embryo transfer, intrauterine",Procedure
58999,"Unlisted procedure, female genital system (nonobstetrical)",Procedure
59025,Fetal non-stress test,Procedure
59051,"Fetal monitoring during labor by consulting physician (ie, non-attending physician) with written report; interpretation only",Procedure
59074,"Fetal fluid drainage (eg, vesicocentesis, thoracocentesis, paracentesis), including ultrasound guidance",Procedure
59120,"Surgical treatment of ectopic pregnancy; tubal or ovarian, requiring salpingectomy and/or oophorectomy, abdominal or vaginal approach",Procedure
59121,"Surgical treatment of ectopic pregnancy; tubal or ovarian, without salpingectomy and/or oophorectomy",Procedure
59150,Laparoscopic treatment of ectopic pregnancy; without salpingectomy and/or oophorectomy,Procedure
59151,Laparoscopic treatment of ectopic pregnancy; with salpingectomy and/or oophorectomy,Procedure
59200,"Insertion of cervical dilator (eg, laminaria, prostaglandin) (separate procedure)",Procedure
59300,"Episiotomy or vaginal repair, by other than attending",Procedure
59400,"Routine obstetric care including antepartum care, vaginal delivery (with or without episiotomy, and/or forceps) and postpartum care",Procedure
59410,Vaginal delivery only (with or without episiotomy and/or forceps); including postpartum care,Procedure
59510,"Routine obstetric care including antepartum care, cesarean delivery, and postpartum care",Procedure
59515,Cesarean delivery only; including postpartum care,Procedure
59525,Subtotal or total hysterectomy after cesarean delivery (List separately in addition to code for primary procedure),Procedure
59610,"Routine obstetric care including antepartum care, vaginal delivery (with or without episiotomy, and/or forceps) and postpartum care, after previous cesarean delivery",Procedure
59612,"Vaginal delivery only, after previous cesarean delivery (with or without episiotomy and/or forceps)",Procedure
59614,"Vaginal delivery only, after previous cesarean delivery (with or without episiotomy and/or forceps); including postpartum care",Procedure
59618,"Routine obstetric care including antepartum care, cesarean delivery, and postpartum care, following attempted vaginal delivery after previous cesarean delivery",Procedure
59620,"Cesarean delivery only, following attempted vaginal delivery after previous cesarean delivery",Procedure
59622,"Cesarean delivery only, following attempted vaginal delivery after previous cesarean delivery; including postpartum care",Procedure
59812,"Treatment of incomplete abortion, any trimester, completed surgically",Procedure
59820,"Treatment of missed abortion, completed surgically; first trimester",Procedure
59841,"Induced abortion, by dilation and evacuation",Procedure
59897,"Unlisted fetal invasive procedure, including ultrasound guidance, when performed",Procedure
59899,"Unlisted procedure, maternity care and delivery",Procedure
60000,"Incision and drainage of thyroglossal duct cyst, infected",Procedure
6010F,"Dysphagia screening conducted prior to order for or receipt of any foods, fluids, or medication by mouth (STR)",Observation
6015F,"Patient receiving or eligible to receive foods, fluids, or medication by mouth (STR)",Observation
60200,"Excision of cyst or adenoma of thyroid, or transection of isthmus",Procedure
6020F,NPO (nothing by mouth) ordered (STR),Observation
60210,"Partial thyroid lobectomy, unilateral; with or without isthmusectomy",Procedure
60212,"Partial thyroid lobectomy, unilateral; with contralateral subtotal lobectomy, including isthmusectomy",Procedure
60220,"Total thyroid lobectomy, unilateral; with or without isthmusectomy",Procedure
60225,"Total thyroid lobectomy, unilateral; with contralateral subtotal lobectomy, including isthmusectomy",Procedure
60252,"Thyroidectomy, total or subtotal for malignancy; with limited neck dissection",Procedure
60254,"Thyroidectomy, total or subtotal for malignancy; with radical neck dissection",Procedure
60270,"Thyroidectomy, including substernal thyroid; sternal split or transthoracic approach",Procedure
60281,Excision of thyroglossal duct cyst or sinus; recurrent,Procedure
60300,"Aspiration and/or injection, thyroid cyst",Procedure
6030F,"All elements of maximal sterile barrier technique, hand hygiene, skin preparation and, if ultrasound is used, sterile ultrasound techniques followed (CRIT)",Observation
60500,Parathyroidectomy or exploration of parathyroid(s),Procedure
60502,Parathyroidectomy or exploration of parathyroid(s); re-exploration,Procedure
60505,"Parathyroidectomy or exploration of parathyroid(s); with mediastinal exploration, sternal split or transthoracic approach",Procedure
60512,Parathyroid autotransplantation (List separately in addition to code for primary procedure),Procedure
60520,"Thymectomy, partial or total; transcervical approach (separate procedure)",Procedure
60521,"Thymectomy, partial or total; sternal split or transthoracic approach, without radical mediastinal dissection (separate procedure)",Procedure
60522,"Thymectomy, partial or total; sternal split or transthoracic approach, with radical mediastinal dissection (separate procedure)",Procedure
60540,"Adrenalectomy, partial or complete, or exploration of adrenal gland with or without biopsy, transabdominal, lumbar or dorsal (separate procedure)",Procedure
60545,"Adrenalectomy, partial or complete, or exploration of adrenal gland with or without biopsy, transabdominal, lumbar or dorsal (separate procedure); with excision of adjacent retroperitoneal tumor",Procedure
60600,Excision of carotid body tumor; without excision of carotid artery,Procedure
60605,Excision of carotid body tumor; with excision of carotid artery,Procedure
60650,"Laparoscopy, surgical, with adrenalectomy, partial or complete, or exploration of adrenal gland with or without biopsy, transabdominal, lumbar or dorsal",Procedure
60659,"Unlisted laparoscopy procedure, endocrine system",Procedure
60699,"Unlisted procedure, endocrine system",Procedure
6070F,Patient queried and counseled about anti-epileptic drug (AED) side effects (EPI),Observation
61000,"Subdural tap through fontanelle, or suture, infant, unilateral or bilateral; initial",Procedure
61001,"Subdural tap through fontanelle, or suture, infant, unilateral or bilateral; subsequent taps",Procedure
61020,"Ventricular puncture through previous burr hole, fontanelle, suture, or implanted ventricular catheter/reservoir; without injection",Procedure
61026,"Ventricular puncture through previous burr hole, fontanelle, suture, or implanted ventricular catheter/reservoir; with injection of medication or other substance for diagnosis or treatment",Procedure
61050,Cisternal or lateral cervical (C1-C2) puncture; without injection (separate procedure),Procedure
61055,Cisternal or lateral cervical (C1-C2) puncture; with injection of medication or other substance for diagnosis or treatment,Procedure
61070,Puncture of shunt tubing or reservoir for aspiration or injection procedure,Procedure
61105,Twist drill hole for subdural or ventricular puncture,Procedure
61107,"Twist drill hole(s) for subdural, intracerebral, or ventricular puncture; for implanting ventricular catheter, pressure recording device, or other intracerebral monitoring device",Procedure
61108,"Twist drill hole(s) for subdural, intracerebral, or ventricular puncture; for evacuation and/or drainage of subdural hematoma",Procedure
61120,"Burr hole(s) for ventricular puncture (including injection of gas, contrast media, dye, or radioactive material)",Procedure
61140,Burr hole(s) or trephine; with biopsy of brain or intracranial lesion,Procedure
61150,Burr hole(s) or trephine; with drainage of brain abscess or cyst,Procedure
61151,Burr hole(s) or trephine; with subsequent tapping (aspiration) of intracranial abscess or cyst,Procedure
61154,"Burr hole(s) with evacuation and/or drainage of hematoma, extradural or subdural",Procedure
61156,"Burr hole(s); with aspiration of hematoma or cyst, intracerebral",Procedure
61210,"Burr hole(s); for implanting ventricular catheter, reservoir, EEG electrode(s), pressure recording device, or other cerebral monitoring device (separate procedure)",Procedure
61215,"Insertion of subcutaneous reservoir, pump or continuous infusion system for connection to ventricular catheter",Procedure
61250,"Burr hole(s) or trephine, supratentorial, exploratory, not followed by other surgery",Procedure
61304,"Craniectomy or craniotomy, exploratory; supratentorial",Procedure
61305,"Craniectomy or craniotomy, exploratory; infratentorial (posterior fossa)",Procedure
61312,"Craniectomy or craniotomy for evacuation of hematoma, supratentorial; extradural or subdural",Procedure
61313,"Craniectomy or craniotomy for evacuation of hematoma, supratentorial; intracerebral",Procedure
61314,"Craniectomy or craniotomy for evacuation of hematoma, infratentorial; extradural or subdural",Procedure
61315,"Craniectomy or craniotomy for evacuation of hematoma, infratentorial; intracerebellar",Procedure
61316,Incision and subcutaneous placement of cranial bone graft (List separately in addition to code for primary procedure),Procedure
61320,"Craniectomy or craniotomy, drainage of intracranial abscess; supratentorial",Procedure
61321,"Craniectomy or craniotomy, drainage of intracranial abscess; infratentorial",Procedure
61322,"Craniectomy or craniotomy, decompressive, with or without duraplasty, for treatment of intracranial hypertension, without evacuation of associated intraparenchymal hematoma; without lobectomy",Procedure
61323,"Craniectomy or craniotomy, decompressive, with or without duraplasty, for treatment of intracranial hypertension, without evacuation of associated intraparenchymal hematoma; with lobectomy",Procedure
61330,"Decompression of orbit only, transcranial approach",Procedure
61332,Exploration of orbit (transcranial approach); with biopsy (Deprecated),Procedure
61343,"Craniectomy, suboccipital with cervical laminectomy for decompression of medulla and spinal cord, with or without dural graft (eg, Arnold-Chiari malformation)",Procedure
61345,"Other cranial decompression, posterior fossa",Procedure
61450,"Craniectomy, subtemporal, for section, compression, or decompression of sensory root of gasserian ganglion",Procedure
61458,"Craniectomy, suboccipital; for exploration or decompression of cranial nerves",Procedure
61460,"Craniectomy, suboccipital; for section of 1 or more cranial nerves",Procedure
61490,"Craniotomy for lobotomy, including cingulotomy (Deprecated)",Procedure
61510,"Craniectomy, trephination, bone flap craniotomy; for excision of brain tumor, supratentorial, except meningioma",Procedure
61512,"Craniectomy, trephination, bone flap craniotomy; for excision of meningioma, supratentorial",Procedure
61514,"Craniectomy, trephination, bone flap craniotomy; for excision of brain abscess, supratentorial",Procedure
61516,"Craniectomy, trephination, bone flap craniotomy; for excision or fenestration of cyst, supratentorial",Procedure
61517,Implantation of brain intracavitary chemotherapy agent (List separately in addition to code for primary procedure),Procedure
61518,"Craniectomy for excision of brain tumor, infratentorial or posterior fossa; except meningioma, cerebellopontine angle tumor, or midline tumor at base of skull",Procedure
61519,"Craniectomy for excision of brain tumor, infratentorial or posterior fossa; meningioma",Procedure
61520,"Craniectomy for excision of brain tumor, infratentorial or posterior fossa; cerebellopontine angle tumor",Procedure
61521,"Craniectomy for excision of brain tumor, infratentorial or posterior fossa; midline tumor at base of skull",Procedure
61522,"Craniectomy, infratentorial or posterior fossa; for excision of brain abscess",Procedure
61524,"Craniectomy, infratentorial or posterior fossa; for excision or fenestration of cyst",Procedure
61526,"Craniectomy, bone flap craniotomy, transtemporal (mastoid) for excision of cerebellopontine angle tumor",Procedure
61530,"Craniectomy, bone flap craniotomy, transtemporal (mastoid) for excision of cerebellopontine angle tumor; combined with middle/posterior fossa craniotomy/craniectomy",Procedure
61531,Subdural implantation of strip electrodes through 1 or more burr or trephine hole(s) for long-term seizure monitoring,Procedure
61533,"Craniotomy with elevation of bone flap; for subdural implantation of an electrode array, for long-term seizure monitoring",Procedure
61534,Craniotomy with elevation of bone flap; for excision of epileptogenic focus without electrocorticography during surgery,Procedure
61535,"Craniotomy with elevation of bone flap; for removal of epidural or subdural electrode array, without excision of cerebral tissue (separate procedure)",Procedure
61536,"Craniotomy with elevation of bone flap; for excision of cerebral epileptogenic focus, with electrocorticography during surgery (includes removal of electrode array)",Procedure
61537,"Craniotomy with elevation of bone flap; for lobectomy, temporal lobe, without electrocorticography during surgery",Procedure
61538,"Craniotomy with elevation of bone flap; for lobectomy, temporal lobe, with electrocorticography during surgery",Procedure
61539,"Craniotomy with elevation of bone flap; for lobectomy, other than temporal lobe, partial or total, with electrocorticography during surgery",Procedure
61540,"Craniotomy with elevation of bone flap; for lobectomy, other than temporal lobe, partial or total, without electrocorticography during surgery",Procedure
61541,Craniotomy with elevation of bone flap; for transection of corpus callosum,Procedure
61543,Craniotomy with elevation of bone flap; for partial or subtotal (functional) hemispherectomy,Procedure
61544,Craniotomy with elevation of bone flap; for excision or coagulation of choroid plexus,Procedure
61545,Craniotomy with elevation of bone flap; for excision of craniopharyngioma,Procedure
61546,"Craniotomy for hypophysectomy or excision of pituitary tumor, intracranial approach",Procedure
61548,"Hypophysectomy or excision of pituitary tumor, transnasal or transseptal approach, nonstereotactic",Procedure
61550,Craniectomy for craniosynostosis; single cranial suture,Procedure
61552,Craniectomy for craniosynostosis; multiple cranial sutures,Procedure
61556,Craniotomy for craniosynostosis; frontal or parietal bone flap,Procedure
61557,Craniotomy for craniosynostosis; bifrontal bone flap,Procedure
61558,"Extensive craniectomy for multiple cranial suture craniosynostosis (eg, cloverleaf skull); not requiring bone grafts",Procedure
61559,"Extensive craniectomy for multiple cranial suture craniosynostosis (eg, cloverleaf skull); recontouring with multiple osteotomies and bone autografts (eg, barrel-stave procedure) (includes obtaining grafts)",Procedure
61563,"Excision, intra and extracranial, benign tumor of cranial bone (eg, fibrous dysplasia); without optic nerve decompression",Procedure
61566,Craniotomy with elevation of bone flap; for selective amygdalohippocampectomy,Procedure
61567,"Craniotomy with elevation of bone flap; for multiple subpial transections, with electrocorticography during surgery",Procedure
61570,Craniectomy or craniotomy; with excision of foreign body from brain,Procedure
61571,Craniectomy or craniotomy; with treatment of penetrating wound of brain,Procedure
61575,"Transoral approach to skull base, brain stem or upper spinal cord for biopsy, decompression or excision of lesion",Procedure
61576,"Transoral approach to skull base, brain stem or upper spinal cord for biopsy, decompression or excision of lesion; requiring splitting of tongue and/or mandible (including tracheostomy)",Procedure
61580,"Craniofacial approach to anterior cranial fossa; extradural, including lateral rhinotomy, ethmoidectomy, sphenoidectomy, without maxillectomy or orbital exenteration",Procedure
61581,"Craniofacial approach to anterior cranial fossa; extradural, including lateral rhinotomy, orbital exenteration, ethmoidectomy, sphenoidectomy and/or maxillectomy",Procedure
61582,"Craniofacial approach to anterior cranial fossa; extradural, including unilateral or bifrontal craniotomy, elevation of frontal lobe(s), osteotomy of base of anterior cranial fossa",Procedure
61583,"Craniofacial approach to anterior cranial fossa; intradural, including unilateral or bifrontal craniotomy, elevation or resection of frontal lobe, osteotomy of base of anterior cranial fossa",Procedure
61584,"Orbitocranial approach to anterior cranial fossa, extradural, including supraorbital ridge osteotomy and elevation of frontal and/or temporal lobe(s); without orbital exenteration",Procedure
61585,"Orbitocranial approach to anterior cranial fossa, extradural, including supraorbital ridge osteotomy and elevation of frontal and/or temporal lobe(s); with orbital exenteration",Procedure
61586,"Bicoronal, transzygomatic and/or LeFort I osteotomy approach to anterior cranial fossa with or without internal fixation, without bone graft",Procedure
61590,"Infratemporal pre-auricular approach to middle cranial fossa (parapharyngeal space, infratemporal and midline skull base, nasopharynx), with or without disarticulation of the mandible, including parotidectomy, craniotomy, decompression and/or mobilizat...",Procedure
61591,"Infratemporal post-auricular approach to middle cranial fossa (internal auditory meatus, petrous apex, tentorium, cavernous sinus, parasellar area, infratemporal fossa) including mastoidectomy, resection of sigmoid sinus, with or without decompression...",Procedure
61592,"Orbitocranial zygomatic approach to middle cranial fossa (cavernous sinus and carotid artery, clivus, basilar artery or petrous apex) including osteotomy of zygoma, craniotomy, extra- or intradural elevation of temporal lobe",Procedure
61595,"Transtemporal approach to posterior cranial fossa, jugular foramen or midline skull base, including mastoidectomy, decompression of sigmoid sinus and/or facial nerve, with or without mobilization",Procedure
61596,"Transcochlear approach to posterior cranial fossa, jugular foramen or midline skull base, including labyrinthectomy, decompression, with or without mobilization of facial nerve and/or petrous carotid artery",Procedure
61597,"Transcondylar (far lateral) approach to posterior cranial fossa, jugular foramen or midline skull base, including occipital condylectomy, mastoidectomy, resection of C1-C3 vertebral body(s), decompression of vertebral artery, with or without mobilization",Procedure
61598,"Transpetrosal approach to posterior cranial fossa, clivus or foramen magnum, including ligation of superior petrosal sinus and/or sigmoid sinus",Procedure
61600,"Resection or excision of neoplastic, vascular or infectious lesion of base of anterior cranial fossa; extradural",Procedure
61601,"Resection or excision of neoplastic, vascular or infectious lesion of base of anterior cranial fossa; intradural, including dural repair, with or without graft",Procedure
61605,"Resection or excision of neoplastic, vascular or infectious lesion of infratemporal fossa, parapharyngeal space, petrous apex; extradural",Procedure
61606,"Resection or excision of neoplastic, vascular or infectious lesion of infratemporal fossa, parapharyngeal space, petrous apex; intradural, including dural repair, with or without graft",Procedure
61607,"Resection or excision of neoplastic, vascular or infectious lesion of parasellar area, cavernous sinus, clivus or midline skull base; extradural",Procedure
61608,"Resection or excision of neoplastic, vascular or infectious lesion of parasellar area, cavernous sinus, clivus or midline skull base; intradural, including dural repair, with or without graft",Procedure
61613,"Obliteration of carotid aneurysm, arteriovenous malformation, or carotid-cavernous fistula by dissection within cavernous sinus",Procedure
61615,"Resection or excision of neoplastic, vascular or infectious lesion of base of posterior cranial fossa, jugular foramen, foramen magnum, or C1-C3 vertebral bodies; extradural",Procedure
61616,"Resection or excision of neoplastic, vascular or infectious lesion of base of posterior cranial fossa, jugular foramen, foramen magnum, or C1-C3 vertebral bodies; intradural, including dural repair, with or without graft",Procedure
61618,"Secondary repair of dura for cerebrospinal fluid leak, anterior, middle or posterior cranial fossa following surgery of the skull base; by free tissue graft (eg, pericranium, fascia, tensor fascia lata, adipose tissue, homologous or synthetic grafts)",Procedure
61619,"Secondary repair of dura for cerebrospinal fluid leak, anterior, middle or posterior cranial fossa following surgery of the skull base; by local or regionalized vascularized pedicle flap or myocutaneous flap (including galea, temporalis, frontalis or o...",Procedure
61623,"Endovascular temporary balloon arterial occlusion, head or neck (extracranial/intracranial) including selective catheterization of vessel to be occluded, positioning and inflation of occlusion balloon, concomitant neurological monitoring, and radiologi...",Procedure
61624,"Transcatheter permanent occlusion or embolization (eg, for tumor destruction, to achieve hemostasis, to occlude a vascular malformation), percutaneous, any method; central nervous system (intracranial, spinal cord)",Procedure
61626,"Transcatheter permanent occlusion or embolization (eg, for tumor destruction, to achieve hemostasis, to occlude a vascular malformation), percutaneous, any method; non-central nervous system, head or neck (extracranial, brachiocephalic branch)",Procedure
61630,"Balloon angioplasty, intracranial (eg, atherosclerotic stenosis), percutaneous",Procedure
61635,"Transcatheter placement of intravascular stent(s), intracranial (eg, atherosclerotic stenosis), including balloon angioplasty, if performed",Procedure
61640,"Balloon dilatation of intracranial vasospasm, percutaneous; initial vessel",Procedure
61641,"Balloon dilatation of intracranial vasospasm, percutaneous; each additional vessel in same vascular territory (List separately in addition to code for primary procedure)",Procedure
61642,"Balloon dilatation of intracranial vasospasm, percutaneous; each additional vessel in different vascular territory (List separately in addition to code for primary procedure)",Procedure
61645,"Percutaneous arterial transluminal mechanical thrombectomy and/or infusion for thrombolysis, intracranial, any method, including diagnostic angiography, fluoroscopic guidance, catheter placement, and intraprocedural pharmacological thrombolytic injecti...",Procedure
61650,"Endovascular intracranial prolonged administration of pharmacologic agent(s) other than for thrombolysis, arterial, including catheter placement, diagnostic angiography, and imaging guidance; initial vascular territory",Procedure
61651,"Endovascular intracranial prolonged administration of pharmacologic agent(s) other than for thrombolysis, arterial, including catheter placement, diagnostic angiography, and imaging guidance; each additional vascular territory (List separately in addit...",Procedure
61680,"Surgery of intracranial arteriovenous malformation; supratentorial, simple",Procedure
61682,"Surgery of intracranial arteriovenous malformation; supratentorial, complex",Procedure
61684,"Surgery of intracranial arteriovenous malformation; infratentorial, simple",Procedure
61686,"Surgery of intracranial arteriovenous malformation; infratentorial, complex",Procedure
61690,"Surgery of intracranial arteriovenous malformation; dural, simple",Procedure
61692,"Surgery of intracranial arteriovenous malformation; dural, complex",Procedure
61697,"Surgery of complex intracranial aneurysm, intracranial approach; carotid circulation",Procedure
61698,"Surgery of complex intracranial aneurysm, intracranial approach; vertebrobasilar circulation",Procedure
61700,"Surgery of simple intracranial aneurysm, intracranial approach; carotid circulation",Procedure
61702,"Surgery of simple intracranial aneurysm, intracranial approach; vertebrobasilar circulation",Procedure
61703,"Surgery of intracranial aneurysm, cervical approach by application of occluding clamp to cervical carotid artery (Selverstone-Crutchfield type)",Procedure
61710,"Surgery of aneurysm, vascular malformation or carotid-cavernous fistula; by intra-arterial embolization, injection procedure, or balloon catheter",Procedure
61720,"Creation of lesion by stereotactic method, including burr hole(s) and localizing and recording techniques, single or multiple stages; globus pallidus or thalamus",Procedure
61735,"Creation of lesion by stereotactic method, including burr hole(s) and localizing and recording techniques, single or multiple stages; subcortical structure(s) other than globus pallidus or thalamus",Procedure
61736,"Laser interstitial thermal therapy (LITT) of lesion, intracranial, including burr hole(s), with magnetic resonance imaging guidance, when performed; single trajectory for 1 simple lesion",Procedure
61750,"Stereotactic biopsy, aspiration, or excision, including burr hole(s), for intracranial lesion",Procedure
61751,"Stereotactic biopsy, aspiration, or excision, including burr hole(s), for intracranial lesion; with computed tomography and/or magnetic resonance guidance",Procedure
61760,Stereotactic implantation of depth electrodes into the cerebrum for long-term seizure monitoring,Procedure
61770,"Stereotactic localization, including burr hole(s), with insertion of catheter(s) or probe(s) for placement of radiation source",Procedure
61781,"Stereotactic computer-assisted (navigational) procedure; cranial, intradural (List separately in addition to code for primary procedure)",Procedure
61782,"Stereotactic computer-assisted (navigational) procedure; cranial, extradural (List separately in addition to code for primary procedure)",Procedure
61783,Stereotactic computer-assisted (navigational) procedure; spinal (List separately in addition to code for primary procedure),Procedure
61790,"Creation of lesion by stereotactic method, percutaneous, by neurolytic agent (eg, alcohol, thermal, electrical, radiofrequency); gasserian ganglion",Procedure
61791,"Creation of lesion by stereotactic method, percutaneous, by neurolytic agent (eg, alcohol, thermal, electrical, radiofrequency); trigeminal medullary tract",Procedure
61793,"Stereotactic radiosurgery (particle beam, gamma ray or linear accelerator), one or more sessions (Deprecated)",Procedure
61795,"Stereotactic computer assisted volumetric (navigational) procedure, intracranial, extracranial, or spinal (List separately in addition to code for primary procedure) (Deprecated)",Procedure
61796,"Stereotactic radiosurgery (particle beam, gamma ray, or linear accelerator); 1 simple cranial lesion",Procedure
61797,"Stereotactic radiosurgery (particle beam, gamma ray, or linear accelerator); each additional cranial lesion, simple (List separately in addition to code for primary procedure)",Procedure
61798,"Stereotactic radiosurgery (particle beam, gamma ray, or linear accelerator); 1 complex cranial lesion",Procedure
61799,"Stereotactic radiosurgery (particle beam, gamma ray, or linear accelerator); each additional cranial lesion, complex (List separately in addition to code for primary procedure)",Procedure
61800,Application of stereotactic headframe for stereotactic radiosurgery (List separately in addition to code for primary procedure),Procedure
61850,"Twist drill or burr hole(s) for implantation of neurostimulator electrodes, cortical",Procedure
61860,"Craniectomy or craniotomy for implantation of neurostimulator electrodes, cerebral, cortical",Procedure
61863,"Twist drill, burr hole, craniotomy, or craniectomy with stereotactic implantation of neurostimulator electrode array in subcortical site (eg, thalamus, globus pallidus, subthalamic nucleus, periventricular, periaqueductal gray), without use of intraope...",Procedure
61864,"Twist drill, burr hole, craniotomy, or craniectomy with stereotactic implantation of neurostimulator electrode array in subcortical site (eg, thalamus, globus pallidus, subthalamic nucleus, periventricular, periaqueductal gray), without use of intraope...",Procedure
61867,"Twist drill, burr hole, craniotomy, or craniectomy with stereotactic implantation of neurostimulator electrode array in subcortical site (eg, thalamus, globus pallidus, subthalamic nucleus, periventricular, periaqueductal gray), with use of intraoperat...",Procedure
61868,"Twist drill, burr hole, craniotomy, or craniectomy with stereotactic implantation of neurostimulator electrode array in subcortical site (eg, thalamus, globus pallidus, subthalamic nucleus, periventricular, periaqueductal gray), with use of intraoperat...",Procedure
61870,"Craniectomy for implantation of neurostimulator electrodes, cerebellar, cortical (Deprecated)",Procedure
61875,"Craniectomy for implantation of neurostimulator electrodes, cerebellar; subcortical (Deprecated)",Procedure
61880,Revision or removal of intracranial neurostimulator electrodes,Procedure
61885,"Insertion or replacement of cranial neurostimulator pulse generator or receiver, direct or inductive coupling; with connection to a single electrode array",Procedure
61886,"Insertion or replacement of cranial neurostimulator pulse generator or receiver, direct or inductive coupling; with connection to 2 or more electrode arrays",Procedure
61888,Revision or removal of cranial neurostimulator pulse generator or receiver,Procedure
62000,"Elevation of depressed skull fracture; simple, extradural",Procedure
62005,"Elevation of depressed skull fracture; compound or comminuted, extradural",Procedure
62010,Elevation of depressed skull fracture; with repair of dura and/or debridement of brain,Procedure
62100,"Craniotomy for repair of dural/cerebrospinal fluid leak, including surgery for rhinorrhea/otorrhea",Procedure
62121,"Craniotomy for repair of encephalocele, skull base",Procedure
62140,Cranioplasty for skull defect; up to 5 cm diameter,Procedure
62141,Cranioplasty for skull defect; larger than 5 cm diameter,Procedure
62142,Removal of bone flap or prosthetic plate of skull,Procedure
62143,Replacement of bone flap or prosthetic plate of skull,Procedure
62145,Cranioplasty for skull defect with reparative brain surgery,Procedure
62146,Cranioplasty with autograft (includes obtaining bone grafts); up to 5 cm diameter,Procedure
62147,Cranioplasty with autograft (includes obtaining bone grafts); larger than 5 cm diameter,Procedure
62148,Incision and retrieval of subcutaneous cranial bone graft for cranioplasty (List separately in addition to code for primary procedure),Procedure
62160,"Neuroendoscopy, intracranial, for placement or replacement of ventricular catheter and attachment to shunt system or external drainage (List separately in addition to code for primary procedure)",Procedure
62161,"Neuroendoscopy, intracranial; with dissection of adhesions, fenestration of septum pellucidum or intraventricular cysts (including placement, replacement, or removal of ventricular catheter)",Procedure
62162,"Neuroendoscopy, intracranial; with fenestration or excision of colloid cyst, including placement of external ventricular catheter for drainage",Procedure
62164,"Neuroendoscopy, intracranial; with excision of brain tumor, including placement of external ventricular catheter for drainage",Procedure
62165,"Neuroendoscopy, intracranial; with excision of pituitary tumor, transnasal or trans-sphenoidal approach",Procedure
62190,"Creation of shunt; subarachnoid/subdural-atrial, -jugular, -auricular",Procedure
62192,"Creation of shunt; subarachnoid/subdural-peritoneal, -pleural, other terminus",Procedure
62194,"Replacement or irrigation, subarachnoid/subdural catheter",Procedure
62220,"Creation of shunt; ventriculo-atrial, -jugular, -auricular",Procedure
62223,"Creation of shunt; ventriculo-peritoneal, -pleural, other terminus",Procedure
62225,"Replacement or irrigation, ventricular catheter",Procedure
62230,"Replacement or revision of cerebrospinal fluid shunt, obstructed valve, or distal catheter in shunt system",Procedure
62252,Reprogramming of programmable cerebrospinal shunt,Procedure
62256,Removal of complete cerebrospinal fluid shunt system; without replacement,Procedure
62258,Removal of complete cerebrospinal fluid shunt system; with replacement by similar or other shunt at same operation,Procedure
62264,"Percutaneous lysis of epidural adhesions using solution injection (eg, hypertonic saline, enzyme) or mechanical means (eg, catheter) including radiologic localization (includes contrast when administered), multiple adhesiolysis sessions; 1 day",Procedure
62267,"Percutaneous aspiration within the nucleus pulposus, intervertebral disc, or paravertebral tissue for diagnostic purposes",Procedure
62268,"Percutaneous aspiration, spinal cord cyst or syrinx",Procedure
62281,"Injection/infusion of neurolytic substance (eg, alcohol, phenol, iced saline solutions), with or without other therapeutic substance; epidural, cervical or thoracic",Procedure
62282,"Injection/infusion of neurolytic substance (eg, alcohol, phenol, iced saline solutions), with or without other therapeutic substance; epidural, lumbar, sacral (caudal)",Procedure
62284,"Injection procedure for myelography and/or computed tomography, lumbar",Procedure
62287,"Decompression procedure, percutaneous, of nucleus pulposus of intervertebral disc, any method utilizing needle based technique to remove disc material under fluoroscopic imaging or other form of indirect visualization, with discography and/or epidural...",Procedure
62290,"Injection procedure for discography, each level; lumbar",Procedure
62291,"Injection procedure for discography, each level; cervical or thoracic",Procedure
62294,"Injection procedure, arterial, for occlusion of arteriovenous malformation, spinal",Procedure
62302,"Myelography via lumbar injection, including radiological supervision and interpretation; cervical",Procedure
62303,"Myelography via lumbar injection, including radiological supervision and interpretation; thoracic",Procedure
62304,"Myelography via lumbar injection, including radiological supervision and interpretation; lumbosacral",Procedure
62305,"Myelography via lumbar injection, including radiological supervision and interpretation; 2 or more regions (eg, lumbar/thoracic, cervical/thoracic, lumbar/cervical, lumbar/thoracic/cervical)",Procedure
62310,Placement of catheter and injection of therapeutic substance into cervical subarachnoid space (Deprecated),Procedure
62311,Placement of catheter and injection of therapeutic substance into sacral subarachnoid space (Deprecated),Procedure
62318,Injections and continuous infusion into upper or middle spinal canal (Deprecated),Procedure
62319,Injections and continuous infusion into lower or sacral spinal canal (Deprecated),Procedure
62320,"Injection(s), of diagnostic or therapeutic substance(s) (eg, anesthetic, antispasmodic, opioid, steroid, other solution), not including neurolytic substances, including needle or catheter placement, interlaminar epidural or subarachnoid, cervical or th...",Procedure
62321,"Injection(s), of diagnostic or therapeutic substance(s) (eg, anesthetic, antispasmodic, opioid, steroid, other solution), not including neurolytic substances, including needle or catheter placement, interlaminar epidural or subarachnoid, cervical or th...",Procedure
62322,"Injection(s), of diagnostic or therapeutic substance(s) (eg, anesthetic, antispasmodic, opioid, steroid, other solution), not including neurolytic substances, including needle or catheter placement, interlaminar epidural or subarachnoid, lumbar or sacr...",Procedure
62323,"Injection(s), of diagnostic or therapeutic substance(s) (eg, anesthetic, antispasmodic, opioid, steroid, other solution), not including neurolytic substances, including needle or catheter placement, interlaminar epidural or subarachnoid, lumbar or sacr...",Procedure
62324,"Injection(s), including indwelling catheter placement, continuous infusion or intermittent bolus, of diagnostic or therapeutic substance(s) (eg, anesthetic, antispasmodic, opioid, steroid, other solution), not including neurolytic substances, interlami...",Procedure
62325,"Injection(s), including indwelling catheter placement, continuous infusion or intermittent bolus, of diagnostic or therapeutic substance(s) (eg, anesthetic, antispasmodic, opioid, steroid, other solution), not including neurolytic substances, interlami...",Procedure
62326,"Injection(s), including indwelling catheter placement, continuous infusion or intermittent bolus, of diagnostic or therapeutic substance(s) (eg, anesthetic, antispasmodic, opioid, steroid, other solution), not including neurolytic substances, interlami...",Procedure
62327,"Injection(s), including indwelling catheter placement, continuous infusion or intermittent bolus, of diagnostic or therapeutic substance(s) (eg, anesthetic, antispasmodic, opioid, steroid, other solution), not including neurolytic substances, interlami...",Procedure
62329,"Spinal puncture, therapeutic, for drainage of cerebrospinal fluid (by needle or catheter); with fluoroscopic or CT guidance",Procedure
62350,"Implantation, revision or repositioning of tunneled intrathecal or epidural catheter, for long-term medication administration via an external pump or implantable reservoir/infusion pump; without laminectomy",Procedure
62351,"Implantation, revision or repositioning of tunneled intrathecal or epidural catheter, for long-term medication administration via an external pump or implantable reservoir/infusion pump; with laminectomy",Procedure
62355,Removal of previously implanted intrathecal or epidural catheter,Procedure
62360,Implantation or replacement of device for intrathecal or epidural drug infusion; subcutaneous reservoir,Procedure
62361,Implantation or replacement of device for intrathecal or epidural drug infusion; nonprogrammable pump,Procedure
62362,"Implantation or replacement of device for intrathecal or epidural drug infusion; programmable pump, including preparation of pump, with or without programming",Procedure
62365,"Removal of subcutaneous reservoir or pump, previously implanted for intrathecal or epidural infusion",Procedure
62367,"Electronic analysis of programmable, implanted pump for intrathecal or epidural drug infusion (includes evaluation of reservoir status, alarm status, drug prescription status); without reprogramming or refill",Procedure
62368,"Electronic analysis of programmable, implanted pump for intrathecal or epidural drug infusion (includes evaluation of reservoir status, alarm status, drug prescription status); with reprogramming",Procedure
62369,"Electronic analysis of programmable, implanted pump for intrathecal or epidural drug infusion (includes evaluation of reservoir status, alarm status, drug prescription status); with reprogramming and refill",Procedure
62370,"Electronic analysis of programmable, implanted pump for intrathecal or epidural drug infusion (includes evaluation of reservoir status, alarm status, drug prescription status); with reprogramming and refill (requiring skill of a physician or other qual...",Procedure
62380,"Endoscopic decompression of spinal cord, nerve root(s), including laminotomy, partial facetectomy, foraminotomy, discectomy and/or excision of herniated intervertebral disc, 1 interspace, lumbar",Procedure
63001,"Laminectomy with exploration and/or decompression of spinal cord and/or cauda equina, without facetectomy, foraminotomy or discectomy (eg, spinal stenosis), 1 or 2 vertebral segments; cervical",Procedure
63003,"Laminectomy with exploration and/or decompression of spinal cord and/or cauda equina, without facetectomy, foraminotomy or discectomy (eg, spinal stenosis), 1 or 2 vertebral segments; thoracic",Procedure
63005,"Laminectomy with exploration and/or decompression of spinal cord and/or cauda equina, without facetectomy, foraminotomy or discectomy (eg, spinal stenosis), 1 or 2 vertebral segments; lumbar, except for spondylolisthesis",Procedure
63011,"Laminectomy with exploration and/or decompression of spinal cord and/or cauda equina, without facetectomy, foraminotomy or discectomy (eg, spinal stenosis), 1 or 2 vertebral segments; sacral",Procedure
63012,"Laminectomy with removal of abnormal facets and/or pars inter-articularis with decompression of cauda equina and nerve roots for spondylolisthesis, lumbar (Gill type procedure)",Procedure
63015,"Laminectomy with exploration and/or decompression of spinal cord and/or cauda equina, without facetectomy, foraminotomy or discectomy (eg, spinal stenosis), more than 2 vertebral segments; cervical",Procedure
63016,"Laminectomy with exploration and/or decompression of spinal cord and/or cauda equina, without facetectomy, foraminotomy or discectomy (eg, spinal stenosis), more than 2 vertebral segments; thoracic",Procedure
63017,"Laminectomy with exploration and/or decompression of spinal cord and/or cauda equina, without facetectomy, foraminotomy or discectomy (eg, spinal stenosis), more than 2 vertebral segments; lumbar",Procedure
63020,"Laminotomy (hemilaminectomy), with decompression of nerve root(s), including partial facetectomy, foraminotomy and/or excision of herniated intervertebral disc; 1 interspace, cervical",Procedure
63030,"Laminotomy (hemilaminectomy), with decompression of nerve root(s), including partial facetectomy, foraminotomy and/or excision of herniated intervertebral disc; 1 interspace, lumbar",Procedure
63035,"Laminotomy (hemilaminectomy), with decompression of nerve root(s), including partial facetectomy, foraminotomy and/or excision of herniated intervertebral disc; each additional interspace, cervical or lumbar (List separately in addition to code for pri...",Procedure
63040,"Laminotomy (hemilaminectomy), with decompression of nerve root(s), including partial facetectomy, foraminotomy and/or excision of herniated intervertebral disc, reexploration, single interspace; cervical",Procedure
63042,"Laminotomy (hemilaminectomy), with decompression of nerve root(s), including partial facetectomy, foraminotomy and/or excision of herniated intervertebral disc, reexploration, single interspace; lumbar",Procedure
63043,"Laminotomy (hemilaminectomy), with decompression of nerve root(s), including partial facetectomy, foraminotomy and/or excision of herniated intervertebral disc, reexploration, single interspace; each additional cervical interspace (List separately in a...",Procedure
63044,"Laminotomy (hemilaminectomy), with decompression of nerve root(s), including partial facetectomy, foraminotomy and/or excision of herniated intervertebral disc, reexploration, single interspace; each additional lumbar interspace (List separately in add...",Procedure
63045,"Laminectomy, facetectomy and foraminotomy (unilateral or bilateral with decompression of spinal cord, cauda equina and/or nerve root[s], [eg, spinal or lateral recess stenosis]), single vertebral segment; cervical",Procedure
63046,"Laminectomy, facetectomy and foraminotomy (unilateral or bilateral with decompression of spinal cord, cauda equina and/or nerve root[s], [eg, spinal or lateral recess stenosis]), single vertebral segment; thoracic",Procedure
63047,"Laminectomy, facetectomy and foraminotomy (unilateral or bilateral with decompression of spinal cord, cauda equina and/or nerve root[s], [eg, spinal or lateral recess stenosis]), single vertebral segment; lumbar",Procedure
63048,"Laminectomy, facetectomy and foraminotomy (unilateral or bilateral with decompression of spinal cord, cauda equina and/or nerve root[s], [eg, spinal or lateral recess stenosis]), single vertebral segment; each additional vertebral segment, cervical, th...",Procedure
63050,"Laminoplasty, cervical, with decompression of the spinal cord, 2 or more vertebral segments",Procedure
63051,"Laminoplasty, cervical, with decompression of the spinal cord, 2 or more vertebral segments; with reconstruction of the posterior bony elements (including the application of bridging bone graft and non-segmental fixation devices [eg, wire, suture, mini...",Procedure
63052,"Laminectomy, facetectomy, or foraminotomy (unilateral or bilateral with decompression of spinal cord, cauda equina and/or nerve root[s] [eg, spinal or lateral recess stenosis]), during posterior interbody arthrodesis, lumbar; single vertebral segment (...",Procedure
63053,"Laminectomy, facetectomy, or foraminotomy (unilateral or bilateral with decompression of spinal cord, cauda equina and/or nerve root[s] [eg, spinal or lateral recess stenosis]), during posterior interbody arthrodesis, lumbar; each additional vertebral...",Procedure
63055,"Transpedicular approach with decompression of spinal cord, equina and/or nerve root(s) (eg, herniated intervertebral disc), single segment; thoracic",Procedure
63056,"Transpedicular approach with decompression of spinal cord, equina and/or nerve root(s) (eg, herniated intervertebral disc), single segment; lumbar (including transfacet, or lateral extraforaminal approach) (eg, far lateral herniated intervertebral disc)",Procedure
63057,"Transpedicular approach with decompression of spinal cord, equina and/or nerve root(s) (eg, herniated intervertebral disc), single segment; each additional segment, thoracic or lumbar (List separately in addition to code for primary procedure)",Procedure
63064,"Costovertebral approach with decompression of spinal cord or nerve root(s) (eg, herniated intervertebral disc), thoracic; single segment",Procedure
63066,"Costovertebral approach with decompression of spinal cord or nerve root(s) (eg, herniated intervertebral disc), thoracic; each additional segment (List separately in addition to code for primary procedure)",Procedure
63075,"Discectomy, anterior, with decompression of spinal cord and/or nerve root(s), including osteophytectomy; cervical, single interspace",Procedure
63076,"Discectomy, anterior, with decompression of spinal cord and/or nerve root(s), including osteophytectomy; cervical, each additional interspace (List separately in addition to code for primary procedure)",Procedure
63077,"Discectomy, anterior, with decompression of spinal cord and/or nerve root(s), including osteophytectomy; thoracic, single interspace",Procedure
63078,"Discectomy, anterior, with decompression of spinal cord and/or nerve root(s), including osteophytectomy; thoracic, each additional interspace (List separately in addition to code for primary procedure)",Procedure
63081,"Vertebral corpectomy (vertebral body resection), partial or complete, anterior approach with decompression of spinal cord and/or nerve root(s); cervical, single segment",Procedure
63082,"Vertebral corpectomy (vertebral body resection), partial or complete, anterior approach with decompression of spinal cord and/or nerve root(s); cervical, each additional segment (List separately in addition to code for primary procedure)",Procedure
63085,"Vertebral corpectomy (vertebral body resection), partial or complete, transthoracic approach with decompression of spinal cord and/or nerve root(s); thoracic, single segment",Procedure
63086,"Vertebral corpectomy (vertebral body resection), partial or complete, transthoracic approach with decompression of spinal cord and/or nerve root(s); thoracic, each additional segment (List separately in addition to code for primary procedure)",Procedure
63087,"Vertebral corpectomy (vertebral body resection), partial or complete, combined thoracolumbar approach with decompression of spinal cord, cauda equina or nerve root(s), lower thoracic or lumbar; single segment",Procedure
63088,"Vertebral corpectomy (vertebral body resection), partial or complete, combined thoracolumbar approach with decompression of spinal cord, cauda equina or nerve root(s), lower thoracic or lumbar; each additional segment (List separately in addition to co...",Procedure
63090,"Vertebral corpectomy (vertebral body resection), partial or complete, transperitoneal or retroperitoneal approach with decompression of spinal cord, cauda equina or nerve root(s), lower thoracic, lumbar, or sacral; single segment",Procedure
63091,"Vertebral corpectomy (vertebral body resection), partial or complete, transperitoneal or retroperitoneal approach with decompression of spinal cord, cauda equina or nerve root(s), lower thoracic, lumbar, or sacral; each additional segment (List separat...",Procedure
63101,"Vertebral corpectomy (vertebral body resection), partial or complete, lateral extracavitary approach with decompression of spinal cord and/or nerve root(s) (eg, for tumor or retropulsed bone fragments); thoracic, single segment",Procedure
63102,"Vertebral corpectomy (vertebral body resection), partial or complete, lateral extracavitary approach with decompression of spinal cord and/or nerve root(s) (eg, for tumor or retropulsed bone fragments); lumbar, single segment",Procedure
63103,"Vertebral corpectomy (vertebral body resection), partial or complete, lateral extracavitary approach with decompression of spinal cord and/or nerve root(s) (eg, for tumor or retropulsed bone fragments); thoracic or lumbar, each additional segment (List...",Procedure
63170,"Laminectomy with myelotomy (eg, Bischof or DREZ type), cervical, thoracic, or thoracolumbar",Procedure
63172,Laminectomy with drainage of intramedullary cyst/syrinx; to subarachnoid space,Procedure
63173,Laminectomy with drainage of intramedullary cyst/syrinx; to peritoneal or pleural space,Procedure
63182,"Laminectomy and section of dentate ligaments, with or without dural graft, cervical; more than 2 segments (Deprecated)",Procedure
63185,Laminectomy with rhizotomy; 1 or 2 segments,Procedure
63190,Laminectomy with rhizotomy; more than 2 segments,Procedure
63191,Laminectomy with section of spinal accessory nerve,Procedure
63195,"Laminectomy with cordotomy, with section of 1 spinothalamic tract, 1 stage; thoracic (Deprecated)",Procedure
63197,"Laminectomy with cordotomy, with section of both spinothalamic tracts, 1 stage, thoracic",Procedure
63250,Laminectomy for excision or occlusion of arteriovenous malformation of spinal cord; cervical,Procedure
63251,Laminectomy for excision or occlusion of arteriovenous malformation of spinal cord; thoracic,Procedure
63252,Laminectomy for excision or occlusion of arteriovenous malformation of spinal cord; thoracolumbar,Procedure
63265,"Laminectomy for excision or evacuation of intraspinal lesion other than neoplasm, extradural; cervical",Procedure
63266,"Laminectomy for excision or evacuation of intraspinal lesion other than neoplasm, extradural; thoracic",Procedure
63267,"Laminectomy for excision or evacuation of intraspinal lesion other than neoplasm, extradural; lumbar",Procedure
63268,"Laminectomy for excision or evacuation of intraspinal lesion other than neoplasm, extradural; sacral",Procedure
63270,"Laminectomy for excision of intraspinal lesion other than neoplasm, intradural; cervical",Procedure
63271,"Laminectomy for excision of intraspinal lesion other than neoplasm, intradural; thoracic",Procedure
63272,"Laminectomy for excision of intraspinal lesion other than neoplasm, intradural; lumbar",Procedure
63275,"Laminectomy for biopsy/excision of intraspinal neoplasm; extradural, cervical",Procedure
63276,"Laminectomy for biopsy/excision of intraspinal neoplasm; extradural, thoracic",Procedure
63277,"Laminectomy for biopsy/excision of intraspinal neoplasm; extradural, lumbar",Procedure
63278,"Laminectomy for biopsy/excision of intraspinal neoplasm; extradural, sacral",Procedure
63280,"Laminectomy for biopsy/excision of intraspinal neoplasm; intradural, extramedullary, cervical",Procedure
63281,"Laminectomy for biopsy/excision of intraspinal neoplasm; intradural, extramedullary, thoracic",Procedure
63282,"Laminectomy for biopsy/excision of intraspinal neoplasm; intradural, extramedullary, lumbar",Procedure
63283,"Laminectomy for biopsy/excision of intraspinal neoplasm; intradural, sacral",Procedure
63285,"Laminectomy for biopsy/excision of intraspinal neoplasm; intradural, intramedullary, cervical",Procedure
63286,"Laminectomy for biopsy/excision of intraspinal neoplasm; intradural, intramedullary, thoracic",Procedure
63287,"Laminectomy for biopsy/excision of intraspinal neoplasm; intradural, intramedullary, thoracolumbar",Procedure
63290,"Laminectomy for biopsy/excision of intraspinal neoplasm; combined extradural-intradural lesion, any level",Procedure
63295,"Osteoplastic reconstruction of dorsal spinal elements, following primary intraspinal procedure (List separately in addition to code for primary procedure)",Procedure
63300,"Vertebral corpectomy (vertebral body resection), partial or complete, for excision of intraspinal lesion, single segment; extradural, cervical",Procedure
63301,"Vertebral corpectomy (vertebral body resection), partial or complete, for excision of intraspinal lesion, single segment; extradural, thoracic by transthoracic approach",Procedure
63302,"Vertebral corpectomy (vertebral body resection), partial or complete, for excision of intraspinal lesion, single segment; extradural, thoracic by thoracolumbar approach",Procedure
63303,"Vertebral corpectomy (vertebral body resection), partial or complete, for excision of intraspinal lesion, single segment; extradural, lumbar or sacral by transperitoneal or retroperitoneal approach",Procedure
63304,"Vertebral corpectomy (vertebral body resection), partial or complete, for excision of intraspinal lesion, single segment; intradural, cervical",Procedure
63305,"Vertebral corpectomy (vertebral body resection), partial or complete, for excision of intraspinal lesion, single segment; intradural, thoracic by transthoracic approach",Procedure
63306,"Vertebral corpectomy (vertebral body resection), partial or complete, for excision of intraspinal lesion, single segment; intradural, thoracic by thoracolumbar approach",Procedure
63307,"Vertebral corpectomy (vertebral body resection), partial or complete, for excision of intraspinal lesion, single segment; intradural, lumbar or sacral by transperitoneal or retroperitoneal approach",Procedure
63308,"Vertebral corpectomy (vertebral body resection), partial or complete, for excision of intraspinal lesion, single segment; each additional segment (List separately in addition to codes for single segment)",Procedure
63610,"Stereotactic stimulation of spinal cord, percutaneous, separate procedure not followed by other surgery",Procedure
63615,"Stereotactic biopsy, aspiration, or excision of lesion, spinal cord (Deprecated)",Procedure
63620,"Stereotactic radiosurgery (particle beam, gamma ray, or linear accelerator); 1 spinal lesion",Procedure
63621,"Stereotactic radiosurgery (particle beam, gamma ray, or linear accelerator); each additional spinal lesion (List separately in addition to code for primary procedure)",Procedure
63650,"Percutaneous implantation of neurostimulator electrode array, epidural",Procedure
63655,"Laminectomy for implantation of neurostimulator electrodes, plate/paddle, epidural",Procedure
63660,Revision or removal of spinal neurostimulator electrode percutaneous array(s) or plate/paddle(s) (Deprecated),Procedure
63661,"Removal of spinal neurostimulator electrode percutaneous array(s), including fluoroscopy, when performed",Procedure
63662,"Removal of spinal neurostimulator electrode plate/paddle(s) placed via laminotomy or laminectomy, including fluoroscopy, when performed",Procedure
63663,"Revision including replacement, when performed, of spinal neurostimulator electrode percutaneous array(s), including fluoroscopy, when performed",Procedure
63664,"Revision including replacement, when performed, of spinal neurostimulator electrode plate/paddle(s) placed via laminotomy or laminectomy, including fluoroscopy, when performed",Procedure
63685,"Insertion or replacement of spinal neurostimulator pulse generator or receiver, requiring pocket creation and connection between electrode array and pulse generator or receiver",Procedure
63688,"Revision or removal of implanted spinal neurostimulator pulse generator or receiver, with detachable connection to electrode array",Procedure
63707,"Repair of dural/cerebrospinal fluid leak, not requiring laminectomy",Procedure
63709,"Repair of dural/cerebrospinal fluid leak or pseudomeningocele, with laminectomy",Procedure
63740,"Creation of shunt, lumbar, subarachnoid-peritoneal, -pleural, or other; including laminectomy",Procedure
63741,"Creation of shunt, lumbar, subarachnoid-peritoneal, -pleural, or other; percutaneous, not requiring laminectomy",Procedure
63744,"Replacement, irrigation or revision of lumbosubarachnoid shunt",Procedure
63746,Removal of entire lumbosubarachnoid shunt system without replacement,Procedure
64400,"Injection(s), anesthetic agent(s) and/or steroid; trigeminal nerve, each branch (ie, ophthalmic, maxillary, mandibular)",Procedure
64405,"Injection(s), anesthetic agent(s) and/or steroid; greater occipital nerve",Procedure
64408,"Injection(s), anesthetic agent(s) and/or steroid; vagus nerve",Procedure
64415,"Injection(s), anesthetic agent(s) and/or steroid; brachial plexus, including imaging guidance, when performed",Procedure
64416,"Injection(s), anesthetic agent(s) and/or steroid; brachial plexus, continuous infusion by catheter (including catheter placement), including imaging guidance, when performed",Procedure
64417,"Injection(s), anesthetic agent(s) and/or steroid; axillary nerve, including imaging guidance, when performed",Procedure
64418,"Injection(s), anesthetic agent(s) and/or steroid; suprascapular nerve",Procedure
64420,"Injection(s), anesthetic agent(s) and/or steroid; intercostal nerve, single level",Procedure
64421,"Injection(s), anesthetic agent(s) and/or steroid; intercostal nerve, each additional level (List separately in addition to code for primary procedure)",Procedure
64425,"Injection(s), anesthetic agent(s) and/or steroid; ilioinguinal, iliohypogastric nerves",Procedure
64430,"Injection(s), anesthetic agent(s) and/or steroid; pudendal nerve",Procedure
64435,"Injection(s), anesthetic agent(s) and/or steroid; paracervical (uterine) nerve",Procedure
64445,"Injection(s), anesthetic agent(s) and/or steroid; sciatic nerve, including imaging guidance, when performed",Procedure
64446,"Injection(s), anesthetic agent(s) and/or steroid; sciatic nerve, continuous infusion by catheter (including catheter placement), including imaging guidance, when performed",Procedure
64447,"Injection(s), anesthetic agent(s) and/or steroid; femoral nerve, including imaging guidance, when performed",Procedure
64448,"Injection(s), anesthetic agent(s) and/or steroid; femoral nerve, continuous infusion by catheter (including catheter placement), including imaging guidance, when performed",Procedure
64449,"Injection(s), anesthetic agent(s) and/or steroid; lumbar plexus, posterior approach, continuous infusion by catheter (including catheter placement)",Procedure
64450,"Injection(s), anesthetic agent(s) and/or steroid; other peripheral nerve or branch",Procedure
64451,"Injection(s), anesthetic agent(s) and/or steroid; nerves innervating the sacroiliac joint, with image guidance (ie, fluoroscopy or computed tomography)",Procedure
64454,"Injection(s), anesthetic agent(s) and/or steroid; genicular nerve branches, including imaging guidance, when performed",Procedure
64455,"Injection(s), anesthetic agent(s) and/or steroid; plantar common digital nerve(s) (eg, Morton's neuroma)",Procedure
64461,"Paravertebral block (PVB) (paraspinous block), thoracic; single injection site (includes imaging guidance, when performed)",Procedure
64462,"Paravertebral block (PVB) (paraspinous block), thoracic; second and any additional injection site(s) (includes imaging guidance, when performed) (List separately in addition to code for primary procedure)",Procedure
64463,"Paravertebral block (PVB) (paraspinous block), thoracic; continuous infusion by catheter (includes imaging guidance, when performed)",Procedure
64470,"Injection, anesthetic agent and/or steroid, paravertebral facet joint or facet joint nerve; cervical or thoracic, single level (Deprecated)",Procedure
64475,"Injection, anesthetic agent and/or steroid, paravertebral facet joint or facet joint nerve; lumbar or sacral, single level (Deprecated)",Procedure
64479,"Injection(s), anesthetic agent(s) and/or steroid; transforaminal epidural, with imaging guidance (fluoroscopy or CT), cervical or thoracic, single level",Procedure
64480,"Injection(s), anesthetic agent(s) and/or steroid; transforaminal epidural, with imaging guidance (fluoroscopy or CT), cervical or thoracic, each additional level (List separately in addition to code for primary procedure)",Procedure
64483,"Injection(s), anesthetic agent(s) and/or steroid; transforaminal epidural, with imaging guidance (fluoroscopy or CT), lumbar or sacral, single level",Procedure
64484,"Injection(s), anesthetic agent(s) and/or steroid; transforaminal epidural, with imaging guidance (fluoroscopy or CT), lumbar or sacral, each additional level (List separately in addition to code for primary procedure)",Procedure
64486,"Transversus abdominis plane (TAP) block (abdominal plane block, rectus sheath block) unilateral; by injection(s) (includes imaging guidance, when performed)",Procedure
64487,"Transversus abdominis plane (TAP) block (abdominal plane block, rectus sheath block) unilateral; by continuous infusion(s) (includes imaging guidance, when performed)",Procedure
64488,"Transversus abdominis plane (TAP) block (abdominal plane block, rectus sheath block) bilateral; by injections (includes imaging guidance, when performed)",Procedure
64489,"Transversus abdominis plane (TAP) block (abdominal plane block, rectus sheath block) bilateral; by continuous infusions (includes imaging guidance, when performed)",Procedure
64490,"Injection(s), diagnostic or therapeutic agent, paravertebral facet (zygapophyseal) joint (or nerves innervating that joint) with image guidance (fluoroscopy or CT), cervical or thoracic; single level",Procedure
64491,"Injection(s), diagnostic or therapeutic agent, paravertebral facet (zygapophyseal) joint (or nerves innervating that joint) with image guidance (fluoroscopy or CT), cervical or thoracic; second level (List separately in addition to code for primary pro...",Procedure
64492,"Injection(s), diagnostic or therapeutic agent, paravertebral facet (zygapophyseal) joint (or nerves innervating that joint) with image guidance (fluoroscopy or CT), cervical or thoracic; third and any additional level(s) (List separately in addition to...",Procedure
64493,"Injection(s), diagnostic or therapeutic agent, paravertebral facet (zygapophyseal) joint (or nerves innervating that joint) with image guidance (fluoroscopy or CT), lumbar or sacral; single level",Procedure
64494,"Injection(s), diagnostic or therapeutic agent, paravertebral facet (zygapophyseal) joint (or nerves innervating that joint) with image guidance (fluoroscopy or CT), lumbar or sacral; second level (List separately in addition to code for primary procedure)",Procedure
64495,"Injection(s), diagnostic or therapeutic agent, paravertebral facet (zygapophyseal) joint (or nerves innervating that joint) with image guidance (fluoroscopy or CT), lumbar or sacral; third and any additional level(s) (List separately in addition to cod...",Procedure
64505,"Injection, anesthetic agent; sphenopalatine ganglion",Procedure
64510,"Injection, anesthetic agent; stellate ganglion (cervical sympathetic)",Procedure
64517,"Injection, anesthetic agent; superior hypogastric plexus",Procedure
64520,"Injection, anesthetic agent; lumbar or thoracic (paravertebral sympathetic)",Procedure
64530,"Injection, anesthetic agent; celiac plexus, with or without radiologic monitoring",Procedure
64550,"Application of surface (transcutaneous) neurostimulator (eg, TENS unit) (Deprecated)",Procedure
64561,"Percutaneous implantation of neurostimulator electrode array; sacral nerve (transforaminal placement) including image guidance, if performed",Procedure
64566,"Posterior tibial neurostimulation, percutaneous needle electrode, single treatment, includes programming",Procedure
64568,"Open implantation of cranial nerve (eg, vagus nerve) neurostimulator electrode array and pulse generator",Procedure
64569,"Revision or replacement of cranial nerve (eg, vagus nerve) neurostimulator electrode array, including connection to existing pulse generator",Procedure
64570,"Removal of cranial nerve (eg, vagus nerve) neurostimulator electrode array and pulse generator",Procedure
64573,Incision for implantation of neurostimulator electrodes; cranial nerve (Deprecated),Procedure
64575,Open implantation of neurostimulator electrode array; peripheral nerve (excludes sacral nerve),Procedure
64577,Incision for implantation of neurostimulator electrodes; autonomic nerve (Deprecated),Procedure
64580,Open implantation of neurostimulator electrode array; neuromuscular,Procedure
64581,Open implantation of neurostimulator electrode array; sacral nerve (transforaminal placement),Procedure
64582,"Open implantation of hypoglossal nerve neurostimulator array, pulse generator, and distal respiratory sensor electrode or electrode array",Procedure
64585,Revision or removal of peripheral neurostimulator electrode array,Procedure
64590,"Insertion or replacement of peripheral, sacral, or gastric neurostimulator pulse generator or receiver, requiring pocket creation and connection between electrode array and pulse generator or receiver",Procedure
64595,"Revision or removal of peripheral, sacral, or gastric neurostimulator pulse generator or receiver, with detachable connection to electrode array",Procedure
64600,"Destruction by neurolytic agent, trigeminal nerve; supraorbital, infraorbital, mental, or inferior alveolar branch",Procedure
64605,"Destruction by neurolytic agent, trigeminal nerve; second and third division branches at foramen ovale",Procedure
64610,"Destruction by neurolytic agent, trigeminal nerve; second and third division branches at foramen ovale under radiologic monitoring",Procedure
64611,"Chemodenervation of parotid and submandibular salivary glands, bilateral",Procedure
64612,"Chemodenervation of muscle(s); muscle(s) innervated by facial nerve, unilateral (eg, for blepharospasm, hemifacial spasm)",Procedure
64613,"Chemodenervation of muscle(s); cervical spinal muscle(s) (eg, for spasmodic torticollis) (Deprecated)",Procedure
64614,"Chemodenervation of muscle(s); extremity(s) and/or trunk muscle(s) (eg, for dystonia, cerebral palsy, multiple sclerosis) (Deprecated)",Procedure
64615,"Chemodenervation of muscle(s); muscle(s) innervated by facial, trigeminal, cervical spinal and accessory nerves, bilateral (eg, for chronic migraine)",Procedure
64616,"Chemodenervation of muscle(s); neck muscle(s), excluding muscles of the larynx, unilateral (eg, for cervical dystonia, spasmodic torticollis)",Procedure
64617,"Chemodenervation of muscle(s); larynx, unilateral, percutaneous (eg, for spasmodic dysphonia), includes guidance by needle electromyography, when performed",Procedure
64620,"Destruction by neurolytic agent, intercostal nerve",Procedure
64622,"Destruction by neurolytic agent, paravertebral facet joint nerve; lumbar or sacral, single level (Deprecated)",Procedure
64623,"Destruction by neurolytic agent, paravertebral facet joint nerve; lumbar or sacral, each additional level (List separately in addition to code for primary procedure) (Deprecated)",Procedure
64624,"Destruction by neurolytic agent, genicular nerve branches including imaging guidance, when performed",Procedure
64625,"Radiofrequency ablation, nerves innervating the sacroiliac joint, with image guidance (ie, fluoroscopy or computed tomography)",Procedure
64626,"Destruction by neurolytic agent, paravertebral facet joint nerve; cervical or thoracic, single level (Deprecated)",Procedure
64627,"Destruction by neurolytic agent, paravertebral facet joint nerve; cervical or thoracic, each additional level (List separately in addition to code for primary procedure) (Deprecated)",Procedure
64628,"Thermal destruction of intraosseous basivertebral nerve, including all imaging guidance; first 2 vertebral bodies, lumbar or sacral",Procedure
64629,"Thermal destruction of intraosseous basivertebral nerve, including all imaging guidance; each additional vertebral body, lumbar or sacral (List separately in addition to code for primary procedure)",Procedure
64630,Destruction by neurolytic agent; pudendal nerve,Procedure
64632,Destruction by neurolytic agent; plantar common digital nerve,Procedure
64633,"Destruction by neurolytic agent, paravertebral facet joint nerve(s), with imaging guidance (fluoroscopy or CT); cervical or thoracic, single facet joint",Procedure
64634,"Destruction by neurolytic agent, paravertebral facet joint nerve(s), with imaging guidance (fluoroscopy or CT); cervical or thoracic, each additional facet joint (List separately in addition to code for primary procedure)",Procedure
64635,"Destruction by neurolytic agent, paravertebral facet joint nerve(s), with imaging guidance (fluoroscopy or CT); lumbar or sacral, single facet joint",Procedure
64636,"Destruction by neurolytic agent, paravertebral facet joint nerve(s), with imaging guidance (fluoroscopy or CT); lumbar or sacral, each additional facet joint (List separately in addition to code for primary procedure)",Procedure
64640,Destruction by neurolytic agent; other peripheral nerve or branch,Procedure
64642,Chemodenervation of one extremity; 1-4 muscle(s),Procedure
64643,"Chemodenervation of one extremity; each additional extremity, 1-4 muscle(s) (List separately in addition to code for primary procedure)",Procedure
64644,Chemodenervation of one extremity; 5 or more muscles,Procedure
64645,"Chemodenervation of one extremity; each additional extremity, 5 or more muscles (List separately in addition to code for primary procedure)",Procedure
64646,Chemodenervation of trunk muscle(s); 1-5 muscle(s),Procedure
64647,Chemodenervation of trunk muscle(s); 6 or more muscles,Procedure
64650,Chemodenervation of eccrine glands; both axillae,Procedure
64653,"Chemodenervation of eccrine glands; other area(s) (eg, scalp, face, neck), per day",Procedure
64680,"Destruction by neurolytic agent, with or without radiologic monitoring; celiac plexus",Procedure
64681,"Destruction by neurolytic agent, with or without radiologic monitoring; superior hypogastric plexus",Procedure
64704,Neuroplasty; nerve of hand or foot,Procedure
64708,"Neuroplasty, major peripheral nerve, arm or leg, open; other than specified",Procedure
64712,"Neuroplasty, major peripheral nerve, arm or leg, open; sciatic nerve",Procedure
64713,"Neuroplasty, major peripheral nerve, arm or leg, open; brachial plexus",Procedure
64714,"Neuroplasty, major peripheral nerve, arm or leg, open; lumbar plexus",Procedure
64716,Neuroplasty and/or transposition; cranial nerve (specify),Procedure
64718,Neuroplasty and/or transposition; ulnar nerve at elbow,Procedure
64719,Neuroplasty and/or transposition; ulnar nerve at wrist,Procedure
64721,Neuroplasty and/or transposition; median nerve at carpal tunnel,Procedure
64732,Transection or avulsion of; supraorbital nerve,Procedure
64734,Transection or avulsion of; infraorbital nerve,Procedure
64738,Transection or avulsion of; inferior alveolar nerve by osteotomy,Procedure
64742,"Transection or avulsion of; facial nerve, differential or complete",Procedure
64744,Transection or avulsion of; greater occipital nerve,Procedure
64746,Transection or avulsion of; phrenic nerve,Procedure
64752,Incision or removal of nerve to abdomen (Deprecated),Procedure
64771,"Transection or avulsion of other cranial nerve, extradural",Procedure
64772,"Transection or avulsion of other spinal nerve, extradural",Procedure
64776,"Excision of neuroma; digital nerve, 1 or both, same digit",Procedure
64782,"Excision of neuroma; hand or foot, except digital nerve",Procedure
64783,"Excision of neuroma; hand or foot, each additional nerve, except same digit (List separately in addition to code for primary procedure)",Procedure
64784,"Excision of neuroma; major peripheral nerve, except sciatic",Procedure
64787,Implantation of nerve end into bone or muscle (List separately in addition to neuroma excision),Procedure
64788,Excision of neurofibroma or neurolemmoma; cutaneous nerve,Procedure
64790,Excision of neurofibroma or neurolemmoma; major peripheral nerve,Procedure
64792,Excision of neurofibroma or neurolemmoma; extensive (including malignant type),Procedure
64831,"Suture of digital nerve, hand or foot; 1 nerve",Procedure
64832,"Suture of digital nerve, hand or foot; each additional digital nerve (List separately in addition to code for primary procedure)",Procedure
64834,"Suture of 1 nerve; hand or foot, common sensory nerve",Procedure
64835,Suture of 1 nerve; median motor thenar,Procedure
64836,Suture of 1 nerve; ulnar motor,Procedure
64837,"Suture of each additional nerve, hand or foot (List separately in addition to code for primary procedure)",Procedure
64856,"Suture of major peripheral nerve, arm or leg, except sciatic; including transposition",Procedure
64857,"Suture of major peripheral nerve, arm or leg, except sciatic; without transposition",Procedure
64859,Suture of each additional major peripheral nerve (List separately in addition to code for primary procedure),Procedure
64865,"Suture of facial nerve; infratemporal, with or without grafting",Procedure
64874,"Suture of nerve; requiring extensive mobilization, or transposition of nerve (List separately in addition to code for nerve suture)",Procedure
64885,"Nerve graft (includes obtaining graft), head or neck; up to 4 cm in length",Procedure
64886,"Nerve graft (includes obtaining graft), head or neck; more than 4 cm length",Procedure
64890,"Nerve graft (includes obtaining graft), single strand, hand or foot; up to 4 cm length",Procedure
64891,"Nerve graft (includes obtaining graft), single strand, hand or foot; more than 4 cm length",Procedure
64892,"Nerve graft (includes obtaining graft), single strand, arm or leg; up to 4 cm length",Procedure
64893,"Nerve graft (includes obtaining graft), single strand, arm or leg; more than 4 cm length",Procedure
64895,"Nerve graft (includes obtaining graft), multiple strands (cable), hand or foot; up to 4 cm length",Procedure
64897,"Nerve graft (includes obtaining graft), multiple strands (cable), arm or leg; up to 4 cm length",Procedure
64898,"Nerve graft (includes obtaining graft), multiple strands (cable), arm or leg; more than 4 cm length",Procedure
64901,"Nerve graft, each additional nerve; single strand (List separately in addition to code for primary procedure)",Procedure
64902,"Nerve graft, each additional nerve; multiple strands (cable) (List separately in addition to code for primary procedure)",Procedure
64910,"Nerve repair; with synthetic conduit or vein allograft (eg, nerve tube), each nerve",Procedure
64911,"Nerve repair; with autogenous vein graft (includes harvest of vein graft), each nerve",Procedure
64912,"Nerve repair; with nerve allograft, each nerve, first strand (cable)",Procedure
64913,"Nerve repair; with nerve allograft, each additional strand (List separately in addition to code for primary procedure)",Procedure
64999,"Unlisted procedure, nervous system",Procedure
65091,Evisceration of ocular contents; without implant,Procedure
65093,Evisceration of ocular contents; with implant,Procedure
65110,"Exenteration of orbit (does not include skin graft), removal of orbital contents; only",Procedure
65112,"Exenteration of orbit (does not include skin graft), removal of orbital contents; with therapeutic removal of bone",Procedure
65114,"Exenteration of orbit (does not include skin graft), removal of orbital contents; with muscle or myocutaneous flap",Procedure
65125,"Modification of ocular implant with placement or replacement of pegs (eg, drilling receptacle for prosthesis appendage) (separate procedure)",Procedure
65140,"Insertion of ocular implant secondary; after enucleation, muscles attached to implant",Procedure
65150,Reinsertion of ocular implant; with or without conjunctival graft,Procedure
65155,Reinsertion of ocular implant; with use of foreign material for reinforcement and/or attachment of muscles to implant,Procedure
65210,"Removal of foreign body, external eye; conjunctival embedded (includes concretions), subconjunctival, or scleral nonperforating",Procedure
65220,"Removal of foreign body, external eye; corneal, without slit lamp",Procedure
65270,"Repair of laceration; conjunctiva, with or without nonperforating laceration sclera, direct closure",Procedure
65272,"Repair of laceration; conjunctiva, by mobilization and rearrangement, without hospitalization",Procedure
65273,"Repair of laceration; conjunctiva, by mobilization and rearrangement, with hospitalization",Procedure
65275,"Repair of laceration; cornea, nonperforating, with or without removal foreign body",Procedure
65280,"Repair of laceration; cornea and/or sclera, perforating, not involving uveal tissue",Procedure
65285,"Repair of laceration; cornea and/or sclera, perforating, with reposition or resection of uveal tissue",Procedure
65286,"Repair of laceration; application of tissue glue, wounds of cornea and/or sclera",Procedure
65290,"Repair of wound, extraocular muscle, tendon and/or Tenon's capsule",Procedure
65420,Excision or transposition of pterygium; without graft,Procedure
65426,Excision or transposition of pterygium; with graft,Procedure
65430,"Scraping of cornea, diagnostic, for smear and/or culture",Procedure
65436,"Removal of corneal epithelium; with application of chelating agent (eg, EDTA)",Procedure
65450,"Destruction of lesion of cornea by cryotherapy, photocoagulation or thermocauterization",Procedure
65600,"Multiple punctures of anterior cornea (eg, for corneal erosion, tattoo)",Procedure
65710,Keratoplasty (corneal transplant); anterior lamellar,Procedure
65730,Keratoplasty (corneal transplant); penetrating (except in aphakia or pseudophakia),Procedure
65757,Backbench preparation of corneal endothelial allograft prior to transplantation (List separately in addition to code for primary procedure),Procedure
65772,Corneal relaxing incision for correction of surgically induced astigmatism,Procedure
65775,Corneal wedge resection for correction of surgically induced astigmatism,Procedure
65778,Placement of amniotic membrane on the ocular surface; without sutures,Procedure
65779,"Placement of amniotic membrane on the ocular surface; single layer, sutured",Procedure
65780,"Ocular surface reconstruction; amniotic membrane transplantation, multiple layers",Procedure
65805,Paracentesis of anterior chamber of eye (separate procedure); with therapeutic release of aqueous (Deprecated),Procedure
65810,"Paracentesis of anterior chamber of eye (separate procedure); with removal of vitreous and/or discission of anterior hyaloid membrane, with or without air injection",Procedure
65815,"Paracentesis of anterior chamber of eye (separate procedure); with removal of blood, with or without irrigation and/or air injection",Procedure
65855,Trabeculoplasty by laser surgery,Procedure
65860,"Severing adhesions of anterior segment, laser technique (separate procedure)",Procedure
65865,"Severing adhesions of anterior segment of eye, incisional technique (with or without injection of air or liquid) (separate procedure); goniosynechiae",Procedure
65870,"Severing adhesions of anterior segment of eye, incisional technique (with or without injection of air or liquid) (separate procedure); anterior synechiae, except goniosynechiae",Procedure
65875,"Severing adhesions of anterior segment of eye, incisional technique (with or without injection of air or liquid) (separate procedure); posterior synechiae",Procedure
65880,"Severing adhesions of anterior segment of eye, incisional technique (with or without injection of air or liquid) (separate procedure); corneovitreal adhesions",Procedure
65900,"Removal of epithelial downgrowth, anterior chamber of eye",Procedure
66020,"Injection, anterior chamber of eye (separate procedure); air or liquid",Procedure
66130,"Excision of lesion, sclera",Procedure
66150,Fistulization of sclera for glaucoma; trephination with iridectomy,Procedure
66170,Fistulization of sclera for glaucoma; trabeculectomy ab externo in absence of previous surgery,Procedure
66172,Fistulization of sclera for glaucoma; trabeculectomy ab externo with scarring from previous ocular surgery or trauma (includes injection of antifibrotic agents),Procedure
66174,"Transluminal dilation of aqueous outflow canal (eg, canaloplasty); without retention of device or stent",Procedure
66175,"Transluminal dilation of aqueous outflow canal (eg, canaloplasty); with retention of device or stent",Procedure
66179,"Aqueous shunt to extraocular equatorial plate reservoir, external approach; without graft",Procedure
66180,"Aqueous shunt to extraocular equatorial plate reservoir, external approach; with graft",Procedure
66183,"Insertion of anterior segment aqueous drainage device, without extraocular reservoir, external approach",Procedure
66184,Revision of aqueous shunt to extraocular equatorial plate reservoir; without graft,Procedure
66185,Revision of aqueous shunt to extraocular equatorial plate reservoir; with graft,Procedure
66250,"Revision or repair of operative wound of anterior segment, any type, early or late, major or minor procedure",Procedure
66600,"Iridectomy, with corneoscleral or corneal section; for removal of lesion",Procedure
66605,"Iridectomy, with corneoscleral or corneal section; with cyclectomy",Procedure
66625,"Iridectomy, with corneoscleral or corneal section; peripheral for glaucoma (separate procedure)",Procedure
66630,"Iridectomy, with corneoscleral or corneal section; sector for glaucoma (separate procedure)",Procedure
66635,"Iridectomy, with corneoscleral or corneal section; optical (separate procedure)",Procedure
66680,"Repair of iris, ciliary body (as for iridodialysis)",Procedure
66682,"Suture of iris, ciliary body (separate procedure) with retrieval of suture through small incision (eg, McCannel suture)",Procedure
66710,"Ciliary body destruction; cyclophotocoagulation, transscleral",Procedure
66711,"Ciliary body destruction; cyclophotocoagulation, endoscopic, without concomitant removal of crystalline lens",Procedure
66761,"Iridotomy/iridectomy by laser surgery (eg, for glaucoma) (per session)",Procedure
66762,"Iridoplasty by photocoagulation (1 or more sessions) (eg, for improvement of vision, for widening of anterior chamber angle)",Procedure
66770,Destruction of cyst or lesion iris or ciliary body (nonexcisional procedure),Procedure
66820,Discission of secondary membranous cataract (opacified posterior lens capsule and/or anterior hyaloid); stab incision technique (Ziegler or Wheeler knife),Procedure
66821,"Discission of secondary membranous cataract (opacified posterior lens capsule and/or anterior hyaloid); laser surgery (eg, YAG laser) (1 or more stages)",Procedure
66825,"Repositioning of intraocular lens prosthesis, requiring an incision (separate procedure)",Procedure
66830,"Removal of secondary membranous cataract (opacified posterior lens capsule and/or anterior hyaloid) with corneo-scleral section, with or without iridectomy (iridocapsulotomy, iridocapsulectomy)",Procedure
66840,"Removal of lens material; aspiration technique, 1 or more stages",Procedure
66850,"Removal of lens material; phacofragmentation technique (mechanical or ultrasonic) (eg, phacoemulsification), with aspiration",Procedure
66852,"Removal of lens material; pars plana approach, with or without vitrectomy",Procedure
66920,Removal of lens material; intracapsular,Procedure
66930,"Removal of lens material; intracapsular, for dislocated lens",Procedure
66940,"Removal of lens material; extracapsular (other than 66840, 66850, 66852)",Procedure
66982,"Extracapsular cataract removal with insertion of intraocular lens prosthesis (1-stage procedure), manual or mechanical technique (eg, irrigation and aspiration or phacoemulsification), complex, requiring devices or techniques not generally used in rout...",Procedure
66983,Intracapsular cataract extraction with insertion of intraocular lens prosthesis (1 stage procedure),Procedure
66984,"Extracapsular cataract removal with insertion of intraocular lens prosthesis (1 stage procedure), manual or mechanical technique (eg, irrigation and aspiration or phacoemulsification); without endoscopic cyclophotocoagulation",Procedure
66985,"Insertion of intraocular lens prosthesis (secondary implant), not associated with concurrent cataract removal",Procedure
66986,Exchange of intraocular lens,Procedure
66987,"Extracapsular cataract removal with insertion of intraocular lens prosthesis (1-stage procedure), manual or mechanical technique (eg, irrigation and aspiration or phacoemulsification), complex, requiring devices or techniques not generally used in rout...",Procedure
66988,"Extracapsular cataract removal with insertion of intraocular lens prosthesis (1 stage procedure), manual or mechanical technique (eg, irrigation and aspiration or phacoemulsification); with endoscopic cyclophotocoagulation",Procedure
66990,Use of ophthalmic endoscope (List separately in addition to code for primary procedure),Procedure
66991,"Extracapsular cataract removal with insertion of intraocular lens prosthesis (1 stage procedure), manual or mechanical technique (eg, irrigation and aspiration or phacoemulsification); with insertion of intraocular (eg, trabecular meshwork, supraciliar...",Procedure
66999,"Unlisted procedure, anterior segment of eye",Procedure
67015,"Aspiration or release of vitreous, subretinal or choroidal fluid, pars plana approach (posterior sclerotomy)",Procedure
67025,"Injection of vitreous substitute, pars plana or limbal approach (fluid-gas exchange), with or without aspiration (separate procedure)",Procedure
67031,"Severing of vitreous strands, vitreous face adhesions, sheets, membranes or opacities, laser surgery (1 or more stages)",Procedure
67038,"Vitrectomy, mechanical, pars plana approach; with epiretinal membrane stripping (Deprecated)",Procedure
67039,"Vitrectomy, mechanical, pars plana approach; with focal endolaser photocoagulation",Procedure
67040,"Vitrectomy, mechanical, pars plana approach; with endolaser panretinal photocoagulation",Procedure
67041,"Vitrectomy, mechanical, pars plana approach; with removal of preretinal cellular membrane (eg, macular pucker)",Procedure
67042,"Vitrectomy, mechanical, pars plana approach; with removal of internal limiting membrane of retina (eg, for repair of macular hole, diabetic macular edema), includes, if performed, intraocular tamponade (ie, air, gas or silicone oil)",Procedure
67043,"Vitrectomy, mechanical, pars plana approach; with removal of subretinal membrane (eg, choroidal neovascularization), includes, if performed, intraocular tamponade (ie, air, gas or silicone oil) and laser photocoagulation",Procedure
67107,"Repair of retinal detachment; scleral buckling (such as lamellar scleral dissection, imbrication or encircling procedure), including, when performed, implant, cryotherapy, photocoagulation, and drainage of subretinal fluid",Procedure
67108,"Repair of retinal detachment; with vitrectomy, any method, including, when performed, air or gas tamponade, focal endolaser photocoagulation, cryotherapy, drainage of subretinal fluid, scleral buckling, and/or removal of lens by same technique",Procedure
67110,"Repair of retinal detachment; by injection of air or other gas (eg, pneumatic retinopexy)",Procedure
67112,"Repair of retinal detachment; by scleral buckling or vitrectomy, on patient having previous ipsilateral retinal detachment repair(s) using scleral buckling or vitrectomy techniques (Deprecated)",Procedure
67113,"Repair of complex retinal detachment (eg, proliferative vitreoretinopathy, stage C-1 or greater, diabetic traction retinal detachment, retinopathy of prematurity, retinal tear of greater than 90 degrees), with vitrectomy and membrane peeling, including...",Procedure
67115,Release of encircling material (posterior segment),Procedure
67120,"Removal of implanted material, posterior segment; extraocular",Procedure
67121,"Removal of implanted material, posterior segment; intraocular",Procedure
67141,"Prophylaxis of retinal detachment (eg, retinal break, lattice degeneration) without drainage; cryotherapy, diathermy",Procedure
67145,"Prophylaxis of retinal detachment (eg, retinal break, lattice degeneration) without drainage; photocoagulation",Procedure
67208,"Destruction of localized lesion of retina (eg, macular edema, tumors), 1 or more sessions; cryotherapy, diathermy",Procedure
67210,"Destruction of localized lesion of retina (eg, macular edema, tumors), 1 or more sessions; photocoagulation",Procedure
67218,"Destruction of localized lesion of retina (eg, macular edema, tumors), 1 or more sessions; radiation by implantation of source (includes removal of source)",Procedure
67220,"Destruction of localized lesion of choroid (eg, choroidal neovascularization); photocoagulation (eg, laser), 1 or more sessions",Procedure
67221,"Destruction of localized lesion of choroid (eg, choroidal neovascularization); photodynamic therapy (includes intravenous infusion)",Procedure
67225,"Destruction of localized lesion of choroid (eg, choroidal neovascularization); photodynamic therapy, second eye, at single session (List separately in addition to code for primary eye treatment)",Procedure
67227,"Destruction of extensive or progressive retinopathy (eg, diabetic retinopathy), cryotherapy, diathermy",Procedure
67228,"Treatment of extensive or progressive retinopathy (eg, diabetic retinopathy), photocoagulation",Procedure
67229,"Treatment of extensive or progressive retinopathy, 1 or more sessions, preterm infant (less than 37 weeks gestation at birth), performed from birth up to 1 year of age (eg, retinopathy of prematurity), photocoagulation or cryotherapy",Procedure
67299,"Unlisted procedure, posterior segment",Procedure
67311,"Strabismus surgery, recession or resection procedure; 1 horizontal muscle",Procedure
67312,"Strabismus surgery, recession or resection procedure; 2 horizontal muscles",Procedure
67314,"Strabismus surgery, recession or resection procedure; 1 vertical muscle (excluding superior oblique)",Procedure
67316,"Strabismus surgery, recession or resection procedure; 2 or more vertical muscles (excluding superior oblique)",Procedure
67318,"Strabismus surgery, any procedure, superior oblique muscle",Procedure
67331,Strabismus surgery on patient with previous eye surgery or injury that did not involve the extraocular muscles (List separately in addition to code for primary procedure),Procedure
67332,"Strabismus surgery on patient with scarring of extraocular muscles (eg, prior ocular injury, strabismus or retinal detachment surgery) or restrictive myopathy (eg, dysthyroid ophthalmopathy) (List separately in addition to code for primary procedure)",Procedure
67340,Strabismus surgery involving exploration and/or repair of detached extraocular muscle(s) (List separately in addition to code for primary procedure),Procedure
67343,Release of extensive scar tissue without detaching extraocular muscle (separate procedure),Procedure
67399,"Unlisted procedure, extraocular muscle",Procedure
67400,"Orbitotomy without bone flap (frontal or transconjunctival approach); for exploration, with or without biopsy",Procedure
67405,Orbitotomy without bone flap (frontal or transconjunctival approach); with drainage only,Procedure
67412,Orbitotomy without bone flap (frontal or transconjunctival approach); with removal of lesion,Procedure
67413,Orbitotomy without bone flap (frontal or transconjunctival approach); with removal of foreign body,Procedure
67414,Orbitotomy without bone flap (frontal or transconjunctival approach); with removal of bone for decompression,Procedure
67415,Fine needle aspiration of orbital contents,Procedure
67420,"Orbitotomy with bone flap or window, lateral approach (eg, Kroenlein); with removal of lesion",Procedure
67430,"Orbitotomy with bone flap or window, lateral approach (eg, Kroenlein); with removal of foreign body",Procedure
67450,"Orbitotomy with bone flap or window, lateral approach (eg, Kroenlein); for exploration, with or without biopsy",Procedure
67515,Injection of medication or other substance into Tenon's capsule,Procedure
67560,Orbital implant (implant outside muscle cone); removal or revision,Procedure
67599,"Unlisted procedure, orbit",Procedure
67800,Excision of chalazion; single,Procedure
67801,"Excision of chalazion; multiple, same lid",Procedure
67805,"Excision of chalazion; multiple, different lids",Procedure
67808,"Excision of chalazion; under general anesthesia and/or requiring hospitalization, single or multiple",Procedure
67810,Incisional biopsy of eyelid skin including lid margin,Procedure
67825,"Correction of trichiasis; epilation by other than forceps (eg, by electrosurgery, cryotherapy, laser surgery)",Procedure
67840,Excision of lesion of eyelid (except chalazion) without closure or with simple direct closure,Procedure
67850,Destruction of lesion of lid margin (up to 1 cm),Procedure
67875,"Temporary closure of eyelids by suture (eg, Frost suture)",Procedure
67880,"Construction of intermarginal adhesions, median tarsorrhaphy, or canthorrhaphy",Procedure
67882,"Construction of intermarginal adhesions, median tarsorrhaphy, or canthorrhaphy; with transposition of tarsal plate",Procedure
67901,"Repair of blepharoptosis; frontalis muscle technique with suture or other material (eg, banked fascia)",Procedure
67902,Repair of blepharoptosis; frontalis muscle technique with autologous fascial sling (includes obtaining fascia),Procedure
67903,"Repair of blepharoptosis; (tarso) levator resection or advancement, internal approach",Procedure
67904,"Repair of blepharoptosis; (tarso) levator resection or advancement, external approach",Procedure
67906,Repair of blepharoptosis; superior rectus technique with fascial sling (includes obtaining fascia),Procedure
67911,Correction of lid retraction,Procedure
67912,"Correction of lagophthalmos, with implantation of upper eyelid lid load (eg, gold weight)",Procedure
67917,"Repair of ectropion; extensive (eg, tarsal strip operations)",Procedure
67924,"Repair of entropion; extensive (eg, tarsal strip or capsulopalpebral fascia repairs operation)",Procedure
67961,"Excision and repair of eyelid, involving lid margin, tarsus, conjunctiva, canthus, or full thickness, may include preparation for skin graft or pedicle flap with adjacent tissue transfer or rearrangement; up to one-fourth of lid margin",Procedure
67966,"Excision and repair of eyelid, involving lid margin, tarsus, conjunctiva, canthus, or full thickness, may include preparation for skin graft or pedicle flap with adjacent tissue transfer or rearrangement; over one-fourth of lid margin",Procedure
67971,"Reconstruction of eyelid, full thickness by transfer of tarsoconjunctival flap from opposing eyelid; up to two-thirds of eyelid, 1 stage or first stage",Procedure
67973,"Reconstruction of eyelid, full thickness by transfer of tarsoconjunctival flap from opposing eyelid; total eyelid, lower, 1 stage or first stage",Procedure
67974,"Reconstruction of eyelid, full thickness by transfer of tarsoconjunctival flap from opposing eyelid; total eyelid, upper, 1 stage or first stage",Procedure
67975,"Reconstruction of eyelid, full thickness by transfer of tarsoconjunctival flap from opposing eyelid; second stage",Procedure
67999,"Unlisted procedure, eyelids",Procedure
68100,Biopsy of conjunctiva,Procedure
68130,"Excision of lesion, conjunctiva; with adjacent sclera",Procedure
68320,Conjunctivoplasty; with conjunctival graft or extensive rearrangement,Procedure
68325,Conjunctivoplasty; with buccal mucous membrane graft (includes obtaining graft),Procedure
68326,"Conjunctivoplasty, reconstruction cul-de-sac; with conjunctival graft or extensive rearrangement",Procedure
68328,"Conjunctivoplasty, reconstruction cul-de-sac; with buccal mucous membrane graft (includes obtaining graft)",Procedure
68330,"Repair of symblepharon; conjunctivoplasty, without graft",Procedure
68335,Repair of symblepharon; with free graft conjunctiva or buccal mucous membrane (includes obtaining graft),Procedure
68340,"Repair of symblepharon; division of symblepharon, with or without insertion of conformer or contact lens",Procedure
68360,Conjunctival flap; bridge or partial (separate procedure),Procedure
68399,"Unlisted procedure, conjunctiva",Procedure
68505,"Excision of lacrimal gland (dacryoadenectomy), except for tumor; partial",Procedure
68530,"Removal of foreign body or dacryolith, lacrimal passages",Procedure
68705,"Correction of everted punctum, cautery",Procedure
68745,Conjunctivorhinostomy (fistulization of conjunctiva to nasal cavity); without tube,Procedure
68750,Conjunctivorhinostomy (fistulization of conjunctiva to nasal cavity); with insertion of tube or stent,Procedure
68760,"Closure of the lacrimal punctum; by thermocauterization, ligation, or laser surgery",Procedure
68761,"Closure of the lacrimal punctum; by plug, each",Procedure
68801,"Dilation of lacrimal punctum, with or without irrigation",Procedure
68810,"Probing of nasolacrimal duct, with or without irrigation",Procedure
68811,"Probing of nasolacrimal duct, with or without irrigation; requiring general anesthesia",Procedure
68815,"Probing of nasolacrimal duct, with or without irrigation; with insertion of tube or stent",Procedure
68816,"Probing of nasolacrimal duct, with or without irrigation; with transluminal balloon catheter dilation",Procedure
68840,"Probing of lacrimal canaliculi, with or without irrigation",Procedure
68899,"Unlisted procedure, lacrimal system",Procedure
69000,"Drainage external ear, abscess or hematoma; simple",Procedure
69005,"Drainage external ear, abscess or hematoma; complicated",Procedure
69110,"Excision external ear; partial, simple repair",Procedure
69150,Radical excision external auditory canal lesion; without neck dissection,Procedure
69155,Radical excision external auditory canal lesion; with neck dissection,Procedure
69200,Removal foreign body from external auditory canal; without general anesthesia,Procedure
69205,Removal foreign body from external auditory canal; with general anesthesia,Procedure
69209,"Removal impacted cerumen using irrigation/lavage, unilateral",Procedure
69210,"Removal impacted cerumen requiring instrumentation, unilateral",Procedure
69220,"Debridement, mastoidectomy cavity, simple (eg, routine cleaning)",Procedure
69222,"Debridement, mastoidectomy cavity, complex (eg, with anesthesia or more than routine cleaning)",Procedure
69300,"Otoplasty, protruding ear, with or without size reduction",Procedure
69399,"Unlisted procedure, external ear",Procedure
69420,Myringotomy including aspiration and/or eustachian tube inflation,Procedure
69421,Myringotomy including aspiration and/or eustachian tube inflation requiring general anesthesia,Procedure
69424,Ventilating tube removal requiring general anesthesia,Procedure
69433,"Tympanostomy (requiring insertion of ventilating tube), local or topical anesthesia",Procedure
69440,Middle ear exploration through postauricular or ear canal incision,Procedure
69502,Mastoidectomy; complete,Procedure
69601,Revision mastoidectomy; resulting in complete mastoidectomy,Procedure
69602,Revision mastoidectomy; resulting in modified radical mastoidectomy,Procedure
69603,Revision mastoidectomy; resulting in radical mastoidectomy,Procedure
69631,"Tympanoplasty without mastoidectomy (including canalplasty, atticotomy and/or middle ear surgery), initial or revision; without ossicular chain reconstruction",Procedure
69632,"Tympanoplasty without mastoidectomy (including canalplasty, atticotomy and/or middle ear surgery), initial or revision; with ossicular chain reconstruction (eg, postfenestration)",Procedure
69633,"Tympanoplasty without mastoidectomy (including canalplasty, atticotomy and/or middle ear surgery), initial or revision; with ossicular chain reconstruction and synthetic prosthesis (eg, partial ossicular replacement prosthesis [PORP], total ossicular r...",Procedure
69635,"Tympanoplasty with antrotomy or mastoidotomy (including canalplasty, atticotomy, middle ear surgery, and/or tympanic membrane repair); without ossicular chain reconstruction",Procedure
69636,"Tympanoplasty with antrotomy or mastoidotomy (including canalplasty, atticotomy, middle ear surgery, and/or tympanic membrane repair); with ossicular chain reconstruction",Procedure
69637,"Tympanoplasty with antrotomy or mastoidotomy (including canalplasty, atticotomy, middle ear surgery, and/or tympanic membrane repair); with ossicular chain reconstruction and synthetic prosthesis (eg, partial ossicular replacement prosthesis [PORP], to...",Procedure
69641,"Tympanoplasty with mastoidectomy (including canalplasty, middle ear surgery, tympanic membrane repair); without ossicular chain reconstruction",Procedure
69643,"Tympanoplasty with mastoidectomy (including canalplasty, middle ear surgery, tympanic membrane repair); with intact or reconstructed wall, without ossicular chain reconstruction",Procedure
69644,"Tympanoplasty with mastoidectomy (including canalplasty, middle ear surgery, tympanic membrane repair); with intact or reconstructed canal wall, with ossicular chain reconstruction",Procedure
69645,"Tympanoplasty with mastoidectomy (including canalplasty, middle ear surgery, tympanic membrane repair); radical or complete, without ossicular chain reconstruction",Procedure
69660,"Stapedectomy or stapedotomy with reestablishment of ossicular continuity, with or without use of foreign material",Procedure
69661,"Stapedectomy or stapedotomy with reestablishment of ossicular continuity, with or without use of foreign material; with footplate drill out",Procedure
69662,Revision of stapedectomy or stapedotomy,Procedure
69705,"Nasopharyngoscopy, surgical, with dilation of eustachian tube (ie, balloon dilation); unilateral",Procedure
69706,"Nasopharyngoscopy, surgical, with dilation of eustachian tube (ie, balloon dilation); bilateral",Procedure
69710,Implantation or replacement of electromagnetic bone conduction hearing device in temporal bone,Procedure
69711,Removal or repair of electromagnetic bone conduction hearing device in temporal bone,Procedure
69714,"Implantation, osseointegrated implant, skull; with percutaneous attachment to external speech processor",Procedure
69715,"Implantation, osseointegrated implant, temporal bone, with percutaneous attachment to external speech processor/cochlear stimulator; with mastoidectomy (Deprecated)",Procedure
69717,"Replacement (including removal of existing device), osseointegrated implant, skull; with percutaneous attachment to external speech processor",Procedure
69720,"Decompression facial nerve, intratemporal; lateral to geniculate ganglion",Procedure
69725,"Decompression facial nerve, intratemporal; including medial to geniculate ganglion",Procedure
69740,"Suture facial nerve, intratemporal, with or without graft or decompression; lateral to geniculate ganglion",Procedure
69799,"Unlisted procedure, middle ear",Procedure
69801,"Labyrinthotomy, with perfusion of vestibuloactive drug(s), transcanal",Procedure
69805,Endolymphatic sac operation; without shunt,Procedure
69820,Fenestration semicircular canal (Deprecated),Procedure
69915,"Vestibular nerve section, translabyrinthine approach",Procedure
69930,"Cochlear device implantation, with or without mastoidectomy",Procedure
69949,"Unlisted procedure, inner ear",Procedure
69955,Total facial nerve decompression and/or repair (may include graft),Procedure
69979,"Unlisted procedure, temporal bone, middle fossa approach",Procedure
70015,"Cisternography, positive contrast, radiological supervision and interpretation",Procedure
70030,"Radiologic examination, eye, for detection of foreign body",Procedure
70100,"Radiologic examination, mandible; partial, less than 4 views",Procedure
70110,"Radiologic examination, mandible; complete, minimum of 4 views",Procedure
70134,"Radiologic examination, internal auditory meati, complete",Procedure
70140,"Radiologic examination, facial bones; less than 3 views",Procedure
70150,"Radiologic examination, facial bones; complete, minimum of 3 views",Procedure
70160,"Radiologic examination, nasal bones, complete, minimum of 3 views",Procedure
70170,"Dacryocystography, nasolacrimal duct, radiological supervision and interpretation",Procedure
70200,"Radiologic examination; orbits, complete, minimum of 4 views",Procedure
7020F,"Mammogram assessment category (eg, Mammography Quality Standards Act [MQSA], Breast Imaging Reporting and Data System [BI-RADS], or FDA approved equivalent categories) entered into an internal database to allow for analysis of abnormal interpretation (...",Observation
70210,"Radiologic examination, sinuses, paranasal, less than 3 views",Procedure
70220,"Radiologic examination, sinuses, paranasal, complete, minimum of 3 views",Procedure
70250,"Radiologic examination, skull; less than 4 views",Procedure
70260,"Radiologic examination, skull; complete, minimum of 4 views",Procedure
70300,"Radiologic examination, teeth; single view",Procedure
70328,"Radiologic examination, temporomandibular joint, open and closed mouth; unilateral",Procedure
70330,"Radiologic examination, temporomandibular joint, open and closed mouth; bilateral",Procedure
70370,"Radiologic examination; pharynx or larynx, including fluoroscopy and/or magnification technique",Procedure
70371,Complex dynamic pharyngeal and speech evaluation by cine or video recording,Procedure
70380,"Radiologic examination, salivary gland for calculus",Procedure
70390,"Sialography, radiological supervision and interpretation",Procedure
70450,"Computed tomography, head or brain; without contrast material",Procedure
70470,"Computed tomography, head or brain; without contrast material, followed by contrast material(s) and further sections",Procedure
70480,"Computed tomography, orbit, sella, or posterior fossa or outer, middle, or inner ear; without contrast material",Procedure
70481,"Computed tomography, orbit, sella, or posterior fossa or outer, middle, or inner ear; with contrast material(s)",Procedure
70482,"Computed tomography, orbit, sella, or posterior fossa or outer, middle, or inner ear; without contrast material, followed by contrast material(s) and further sections",Procedure
70488,"Computed tomography, maxillofacial area; without contrast material, followed by contrast material(s) and further sections",Procedure
70492,"Computed tomography, soft tissue neck; without contrast material followed by contrast material(s) and further sections",Procedure
70496,"Computed tomographic angiography, head, with contrast material(s), including noncontrast images, if performed, and image postprocessing",Procedure
70498,"Computed tomographic angiography, neck, with contrast material(s), including noncontrast images, if performed, and image postprocessing",Procedure
70540,"Magnetic resonance (eg, proton) imaging, orbit, face, and/or neck; without contrast material(s)",Procedure
70541,"Magnetic resonance angiography, head and/or neck, with or without contrast material(s) (Deprecated)",Procedure
70542,"Magnetic resonance (eg, proton) imaging, orbit, face, and/or neck; with contrast material(s)",Procedure
70543,"Magnetic resonance (eg, proton) imaging, orbit, face, and/or neck; without contrast material(s), followed by contrast material(s) and further sequences",Procedure
70546,"Magnetic resonance angiography, head; without contrast material(s), followed by contrast material(s) and further sequences",Procedure
70548,"Magnetic resonance angiography, neck; with contrast material(s)",Procedure
70549,"Magnetic resonance angiography, neck; without contrast material(s), followed by contrast material(s) and further sequences",Procedure
70551,"Magnetic resonance (eg, proton) imaging, brain (including brain stem); without contrast material",Procedure
70552,"Magnetic resonance (eg, proton) imaging, brain (including brain stem); with contrast material(s)",Procedure
70553,"Magnetic resonance (eg, proton) imaging, brain (including brain stem); without contrast material, followed by contrast material(s) and further sequences",Procedure
70554,"Magnetic resonance imaging, brain, functional MRI; including test selection and administration of repetitive body part movement and/or visual stimulation, not requiring physician or psychologist administration",Procedure
70555,"Magnetic resonance imaging, brain, functional MRI; requiring physician or psychologist administration of entire neurofunctional testing",Procedure
70557,"Magnetic resonance (eg, proton) imaging, brain (including brain stem and skull base), during open intracranial procedure (eg, to assess for residual tumor or residual vascular malformation); without contrast material",Procedure
70558,"Magnetic resonance (eg, proton) imaging, brain (including brain stem and skull base), during open intracranial procedure (eg, to assess for residual tumor or residual vascular malformation); with contrast material(s)",Procedure
70559,"Magnetic resonance (eg, proton) imaging, brain (including brain stem and skull base), during open intracranial procedure (eg, to assess for residual tumor or residual vascular malformation); without contrast material(s), followed by contrast material(s...",Procedure
71020,"Radiologic examination, chest, 2 views, frontal and lateral (Deprecated)",Procedure
71021,"Radiologic examination, chest, 2 views, frontal and lateral; with apical lordotic procedure (Deprecated)",Procedure
71022,"Radiologic examination, chest, 2 views, frontal and lateral; with oblique projections (Deprecated)",Procedure
71023,"Radiologic examination, chest, 2 views, frontal and lateral; with fluoroscopy (Deprecated)",Procedure
71030,"Radiologic examination, chest, complete, minimum of 4 views (Deprecated)",Procedure
71034,"Radiologic examination, chest, complete, minimum of 4 views; with fluoroscopy (Deprecated)",Procedure
71035,"Radiologic examination, chest, special views (eg, lateral decubitus, Bucky studies) (Deprecated)",Procedure
71045,"Radiologic examination, chest; single view",Procedure
71046,"Radiologic examination, chest; 2 views",Procedure
71047,"Radiologic examination, chest; 3 views",Procedure
71048,"Radiologic examination, chest; 4 or more views",Procedure
71090,"Insertion pacemaker, fluoroscopy and radiography, radiological supervision and interpretation (Deprecated)",Procedure
71100,"Radiologic examination, ribs, unilateral; 2 views",Procedure
71101,"Radiologic examination, ribs, unilateral; including posteroanterior chest, minimum of 3 views",Procedure
71110,"Radiologic examination, ribs, bilateral; 3 views",Procedure
71111,"Radiologic examination, ribs, bilateral; including posteroanterior chest, minimum of 4 views",Procedure
71120,"Radiologic examination; sternum, minimum of 2 views",Procedure
71250,"Computed tomography, thorax, diagnostic; without contrast material",Procedure
71270,"Computed tomography, thorax, diagnostic; without contrast material, followed by contrast material(s) and further sections",Procedure
71271,"Computed tomography, thorax, low dose for lung cancer screening, without contrast material(s)",Procedure
71275,"Computed tomographic angiography, chest (noncoronary), with contrast material(s), including noncontrast images, if performed, and image postprocessing",Procedure
71551,"Magnetic resonance (eg, proton) imaging, chest (eg, for evaluation of hilar and mediastinal lymphadenopathy); with contrast material(s)",Procedure
71552,"Magnetic resonance (eg, proton) imaging, chest (eg, for evaluation of hilar and mediastinal lymphadenopathy); without contrast material(s), followed by contrast material(s) and further sequences",Procedure
71555,"Magnetic resonance angiography, chest (excluding myocardium), with or without contrast material(s)",Procedure
72010,"Radiologic examination, spine, entire, survey study, anteroposterior and lateral (Deprecated)",Procedure
72020,"Radiologic examination, spine, single view, specify level",Procedure
72040,"Radiologic examination, spine, cervical; 2 or 3 views",Procedure
72050,"Radiologic examination, spine, cervical; 4 or 5 views",Procedure
72052,"Radiologic examination, spine, cervical; 6 or more views",Procedure
72069,"X-ray of thoracolumbar spine, standing anteroposterior view for scoliosis (Deprecated)",Procedure
72070,"Radiologic examination, spine; thoracic, 2 views",Procedure
72072,"Radiologic examination, spine; thoracic, 3 views",Procedure
72074,"Radiologic examination, spine; thoracic, minimum of 4 views",Procedure
72080,"Radiologic examination, spine; thoracolumbar junction, minimum of 2 views",Procedure
72081,"Radiologic examination, spine, entire thoracic and lumbar, including skull, cervical and sacral spine if performed (eg, scoliosis evaluation); one view",Procedure
72082,"Radiologic examination, spine, entire thoracic and lumbar, including skull, cervical and sacral spine if performed (eg, scoliosis evaluation); 2 or 3 views",Procedure
72083,"Radiologic examination, spine, entire thoracic and lumbar, including skull, cervical and sacral spine if performed (eg, scoliosis evaluation); 4 or 5 views",Procedure
72084,"Radiologic examination, spine, entire thoracic and lumbar, including skull, cervical and sacral spine if performed (eg, scoliosis evaluation); minimum of 6 views",Procedure
72090,"X-ray study of spine, standing lateral, erect and supine anteroposterior, and supine right and left flexion views, for scoliosis (Deprecated)",Procedure
72100,"Radiologic examination, spine, lumbosacral; 2 or 3 views",Procedure
72110,"Radiologic examination, spine, lumbosacral; minimum of 4 views",Procedure
72114,"Radiologic examination, spine, lumbosacral; complete, including bending views, minimum of 6 views",Procedure
72120,"Radiologic examination, spine, lumbosacral; bending views only, 2 or 3 views",Procedure
72127,"Computed tomography, cervical spine; without contrast material, followed by contrast material(s) and further sections",Procedure
72128,"Computed tomography, thoracic spine; without contrast material",Procedure
72130,"Computed tomography, thoracic spine; without contrast material, followed by contrast material(s) and further sections",Procedure
72131,"Computed tomography, lumbar spine; without contrast material",Procedure
72133,"Computed tomography, lumbar spine; without contrast material, followed by contrast material(s) and further sections",Procedure
72141,"Magnetic resonance (eg, proton) imaging, spinal canal and contents, cervical; without contrast material",Procedure
72142,"Magnetic resonance (eg, proton) imaging, spinal canal and contents, cervical; with contrast material(s)",Procedure
72146,"Magnetic resonance (eg, proton) imaging, spinal canal and contents, thoracic; without contrast material",Procedure
72147,"Magnetic resonance (eg, proton) imaging, spinal canal and contents, thoracic; with contrast material(s)",Procedure
72148,"Magnetic resonance (eg, proton) imaging, spinal canal and contents, lumbar; without contrast material",Procedure
72149,"Magnetic resonance (eg, proton) imaging, spinal canal and contents, lumbar; with contrast material(s)",Procedure
72156,"Magnetic resonance (eg, proton) imaging, spinal canal and contents, without contrast material, followed by contrast material(s) and further sequences; cervical",Procedure
72157,"Magnetic resonance (eg, proton) imaging, spinal canal and contents, without contrast material, followed by contrast material(s) and further sequences; thoracic",Procedure
72158,"Magnetic resonance (eg, proton) imaging, spinal canal and contents, without contrast material, followed by contrast material(s) and further sequences; lumbar",Procedure
72170,"Radiologic examination, pelvis; 1 or 2 views",Procedure
72190,"Radiologic examination, pelvis; complete, minimum of 3 views",Procedure
72194,"Computed tomography, pelvis; without contrast material, followed by contrast material(s) and further sections",Procedure
72195,"Magnetic resonance (eg, proton) imaging, pelvis; without contrast material(s)",Procedure
72197,"Magnetic resonance (eg, proton) imaging, pelvis; without contrast material(s), followed by contrast material(s) and further sequences",Procedure
72200,"Radiologic examination, sacroiliac joints; less than 3 views",Procedure
72202,"Radiologic examination, sacroiliac joints; 3 or more views",Procedure
72270,"Myelography, 2 or more regions (eg, lumbar/thoracic, cervical/thoracic, lumbar/cervical, lumbar/thoracic/cervical), radiological supervision and interpretation",Procedure
72275,"Epidurography, radiological supervision and interpretation (Deprecated)",Procedure
72285,"Discography, cervical or thoracic, radiological supervision and interpretation",Procedure
72291,Radiological supervision and interpretation of percutaneous repair or reconstruction of vertebra (accessed through the skin) using fluoroscopic guidance (Deprecated),Procedure
72292,Radiological supervision and interpretation of repair or reconstruction of vertebra (accessed through the skin) procedure using CT guidance (Deprecated),Procedure
73010,"Radiologic examination; scapula, complete",Procedure
73020,"Radiologic examination, shoulder; 1 view",Procedure
73030,"Radiologic examination, shoulder; complete, minimum of 2 views",Procedure
73040,"Radiologic examination, shoulder, arthrography, radiological supervision and interpretation",Procedure
73050,"Radiologic examination; acromioclavicular joints, bilateral, with or without weighted distraction",Procedure
73060,"Radiologic examination; humerus, minimum of 2 views",Procedure
73070,"Radiologic examination, elbow; 2 views",Procedure
73080,"Radiologic examination, elbow; complete, minimum of 3 views",Procedure
73085,"Radiologic examination, elbow, arthrography, radiological supervision and interpretation",Procedure
73090,"Radiologic examination; forearm, 2 views",Procedure
73092,"Radiologic examination; upper extremity, infant, minimum of 2 views",Procedure
73100,"Radiologic examination, wrist; 2 views",Procedure
73110,"Radiologic examination, wrist; complete, minimum of 3 views",Procedure
73115,"Radiologic examination, wrist, arthrography, radiological supervision and interpretation",Procedure
73120,"Radiologic examination, hand; 2 views",Procedure
73130,"Radiologic examination, hand; minimum of 3 views",Procedure
73140,"Radiologic examination, finger(s), minimum of 2 views",Procedure
73200,"Computed tomography, upper extremity; without contrast material",Procedure
73202,"Computed tomography, upper extremity; without contrast material, followed by contrast material(s) and further sections",Procedure
73206,"Computed tomographic angiography, upper extremity, with contrast material(s), including noncontrast images, if performed, and image postprocessing",Procedure
73218,"Magnetic resonance (eg, proton) imaging, upper extremity, other than joint; without contrast material(s)",Procedure
73219,"Magnetic resonance (eg, proton) imaging, upper extremity, other than joint; with contrast material(s)",Procedure
73220,"Magnetic resonance (eg, proton) imaging, upper extremity, other than joint; without contrast material(s), followed by contrast material(s) and further sequences",Procedure
73221,"Magnetic resonance (eg, proton) imaging, any joint of upper extremity; without contrast material(s)",Procedure
73222,"Magnetic resonance (eg, proton) imaging, any joint of upper extremity; with contrast material(s)",Procedure
73223,"Magnetic resonance (eg, proton) imaging, any joint of upper extremity; without contrast material(s), followed by contrast material(s) and further sequences",Procedure
73225,"Magnetic resonance angiography, upper extremity, with or without contrast material(s)",Procedure
73500,"Radiologic examination, hip, unilateral; 1 view (Deprecated)",Procedure
73501,"Radiologic examination, hip, unilateral, with pelvis when performed; 1 view",Procedure
73502,"Radiologic examination, hip, unilateral, with pelvis when performed; 2-3 views",Procedure
73503,"Radiologic examination, hip, unilateral, with pelvis when performed; minimum of 4 views",Procedure
73510,"Radiologic examination, hip, unilateral; complete, minimum of 2 views (Deprecated)",Procedure
73520,"Radiologic examination, hips, bilateral, minimum of 2 views of each hip, including anteroposterior view of pelvis (Deprecated)",Procedure
73521,"Radiologic examination, hips, bilateral, with pelvis when performed; 2 views",Procedure
73522,"Radiologic examination, hips, bilateral, with pelvis when performed; 3-4 views",Procedure
73523,"Radiologic examination, hips, bilateral, with pelvis when performed; minimum of 5 views",Procedure
73525,"Radiologic examination, hip, arthrography, radiological supervision and interpretation",Procedure
73530,"Radiologic examination, hip, during operative procedure (Deprecated)",Procedure
73540,"Radiologic examination, pelvis and hips, infant or child, minimum of 2 views (Deprecated)",Procedure
73542,"Radiological examination, sacroiliac joint arthrography, radiological supervision and interpretation (Deprecated)",Procedure
73550,"X-ray of femur, anteroposterior and lateral views (Deprecated)",Procedure
73551,"Radiologic examination, femur; 1 view",Procedure
73552,"Radiologic examination, femur; minimum 2 views",Procedure
73560,"Radiologic examination, knee; 1 or 2 views",Procedure
73562,"Radiologic examination, knee; 3 views",Procedure
73564,"Radiologic examination, knee; complete, 4 or more views",Procedure
73565,"Radiologic examination, knee; both knees, standing, anteroposterior",Procedure
73580,"Radiologic examination, knee, arthrography, radiological supervision and interpretation",Procedure
73590,"Radiologic examination; tibia and fibula, 2 views",Procedure
73592,"Radiologic examination; lower extremity, infant, minimum of 2 views",Procedure
73600,"Radiologic examination, ankle; 2 views",Procedure
73610,"Radiologic examination, ankle; complete, minimum of 3 views",Procedure
73615,"Radiologic examination, ankle, arthrography, radiological supervision and interpretation",Procedure
73620,"Radiologic examination, foot; 2 views",Procedure
73630,"Radiologic examination, foot; complete, minimum of 3 views",Procedure
73650,"Radiologic examination; calcaneus, minimum of 2 views",Procedure
73660,"Radiologic examination; toe(s), minimum of 2 views",Procedure
73700,"Computed tomography, lower extremity; without contrast material",Procedure
73702,"Computed tomography, lower extremity; without contrast material, followed by contrast material(s) and further sections",Procedure
73706,"Computed tomographic angiography, lower extremity, with contrast material(s), including noncontrast images, if performed, and image postprocessing",Procedure
73718,"Magnetic resonance (eg, proton) imaging, lower extremity other than joint; without contrast material(s)",Procedure
73719,"Magnetic resonance (eg, proton) imaging, lower extremity other than joint; with contrast material(s)",Procedure
73720,"Magnetic resonance (eg, proton) imaging, lower extremity other than joint; without contrast material(s), followed by contrast material(s) and further sequences",Procedure
73721,"Magnetic resonance (eg, proton) imaging, any joint of lower extremity; without contrast material",Procedure
73722,"Magnetic resonance (eg, proton) imaging, any joint of lower extremity; with contrast material(s)",Procedure
73723,"Magnetic resonance (eg, proton) imaging, any joint of lower extremity; without contrast material(s), followed by contrast material(s) and further sequences",Procedure
73725,"Magnetic resonance angiography, lower extremity, with or without contrast material(s)",Procedure
74000,"Radiologic examination, abdomen; single anteroposterior view (Deprecated)",Procedure
74010,"Radiologic examination, abdomen; anteroposterior and additional oblique and cone views (Deprecated)",Procedure
74018,"Radiologic examination, abdomen; 1 view",Procedure
74019,"Radiologic examination, abdomen; 2 views",Procedure
74020,"Radiologic examination, abdomen; complete, including decubitus and/or erect views (Deprecated)",Procedure
74021,"Radiologic examination, abdomen; 3 or more views",Procedure
74022,"Radiologic examination, complete acute abdomen series, including 2 or more views of the abdomen (eg, supine, erect, decubitus), and a single view chest",Procedure
74150,"Computed tomography, abdomen; without contrast material",Procedure
74170,"Computed tomography, abdomen; without contrast material, followed by contrast material(s) and further sections",Procedure
74174,"Computed tomographic angiography, abdomen and pelvis, with contrast material(s), including noncontrast images, if performed, and image postprocessing",Procedure
74175,"Computed tomographic angiography, abdomen, with contrast material(s), including noncontrast images, if performed, and image postprocessing",Procedure
74178,"Computed tomography, abdomen and pelvis; without contrast material in one or both body regions, followed by contrast material(s) and further sections in one or both body regions",Procedure
74183,"Magnetic resonance (eg, proton) imaging, abdomen; without contrast material(s), followed by with contrast material(s) and further sequences",Procedure
74185,"Magnetic resonance angiography, abdomen, with or without contrast material(s)",Procedure
74190,"Peritoneogram (eg, after injection of air or contrast), radiological supervision and interpretation",Procedure
74210,"Radiologic examination, pharynx and/or cervical esophagus, including scout neck radiograph(s) and delayed image(s), when performed, contrast (eg, barium) study",Procedure
74220,"Radiologic examination, esophagus, including scout chest radiograph(s) and delayed image(s), when performed; single-contrast (eg, barium) study",Procedure
74221,"Radiologic examination, esophagus, including scout chest radiograph(s) and delayed image(s), when performed; double-contrast (eg, high-density barium and effervescent agent) study",Procedure
74230,"Radiologic examination, swallowing function, with cineradiography/videoradiography, including scout neck radiograph(s) and delayed image(s), when performed, contrast (eg, barium) study",Procedure
74235,"Removal of foreign body(s), esophageal, with use of balloon catheter, radiological supervision and interpretation",Procedure
74240,"Radiologic examination, upper gastrointestinal tract, including scout abdominal radiograph(s) and delayed image(s), when performed; single-contrast (eg, barium) study",Procedure
74246,"Radiologic examination, upper gastrointestinal tract, including scout abdominal radiograph(s) and delayed image(s), when performed; double-contrast (eg, high-density barium and effervescent agent) study, including glucagon, when administered",Procedure
74247,"Radiological examination, gastrointestinal tract, upper, air contrast, with specific high density barium, effervescent agent, with or without glucagon; with or without delayed images, with KUB (Deprecated)",Procedure
74248,"Radiologic small intestine follow-through study, including multiple serial images (List separately in addition to code for primary procedure for upper GI radiologic examination)",Procedure
74249,"Radiological examination, gastrointestinal tract, upper, air contrast, with specific high density barium, effervescent agent, with or without glucagon; with small intestine follow-through (Deprecated)",Procedure
74250,"Radiologic examination, small intestine, including multiple serial images and scout abdominal radiograph(s), when performed; single-contrast (eg, barium) study",Procedure
74251,"Radiologic examination, small intestine, including multiple serial images and scout abdominal radiograph(s), when performed; double-contrast (eg, high-density barium and air via enteroclysis tube) study, including glucagon, when administered",Procedure
74261,"Computed tomographic (CT) colonography, diagnostic, including image postprocessing; without contrast material",Procedure
74262,"Computed tomographic (CT) colonography, diagnostic, including image postprocessing; with contrast material(s) including non-contrast images, if performed",Procedure
74263,"Computed tomographic (CT) colonography, screening, including image postprocessing",Procedure
74270,"Radiologic examination, colon, including scout abdominal radiograph(s) and delayed image(s), when performed; single-contrast (eg, barium) study",Procedure
74280,"Radiologic examination, colon, including scout abdominal radiograph(s) and delayed image(s), when performed; double-contrast (eg, high density barium and air) study, including glucagon, when administered",Procedure
74283,"Therapeutic enema, contrast or air, for reduction of intussusception or other intraluminal obstruction (eg, meconium ileus)",Procedure
74300,"Cholangiography and/or pancreatography; intraoperative, radiological supervision and interpretation",Procedure
74301,"Cholangiography and/or pancreatography; additional set intraoperative, radiological supervision and interpretation (List separately in addition to code for primary procedure)",Procedure
74305,"Radiological supervision and interpretation X-ray of bile and/or pancreatic ducts, contrast inserted through existing catheter (Deprecated)",Procedure
74320,"Radiological supervision and interpretation of X-ray of bile duct, contrast injection (accessed through the skin) (Deprecated)",Procedure
74327,"Postoperative biliary duct calculus removal, percutaneous via T-tube tract, basket, or snare (eg, Burhenne technique), radiological supervision and interpretation (Deprecated)",Procedure
74340,"Introduction of long gastrointestinal tube (eg, Miller-Abbott), including multiple fluoroscopies and images, radiological supervision and interpretation",Procedure
74350,"Percutaneous placement of gastrostomy tube, radiological supervision and interpretation (Deprecated)",Procedure
74360,"Intraluminal dilation of strictures and/or obstructions (eg, esophagus), radiological supervision and interpretation",Procedure
74363,"Percutaneous transhepatic dilation of biliary duct stricture with or without placement of stent, radiological supervision and interpretation",Procedure
74415,"Urography, infusion, drip technique and/or bolus technique; with nephrotomography",Procedure
74430,"Cystography, minimum of 3 views, radiological supervision and interpretation",Procedure
74475,"Introduction of intracatheter or catheter into renal pelvis for drainage and/or injection, percutaneous, radiological supervision and interpretation (Deprecated)",Procedure
74480,"Introduction of ureteral catheter or stent into ureter through renal pelvis for drainage and/or injection, percutaneous, radiological supervision and interpretation (Deprecated)",Procedure
74485,"Dilation of ureter(s) or urethra, radiological supervision and interpretation",Procedure
74712,"Magnetic resonance (eg, proton) imaging, fetal, including placental and maternal pelvic imaging when performed; single or first gestation",Procedure
74740,"Hysterosalpingography, radiological supervision and interpretation",Procedure
74742,"Transcervical catheterization of fallopian tube, radiological supervision and interpretation",Procedure
75555,"Cardiac magnetic resonance imaging for function, with or without morphology; limited study (Deprecated)",Procedure
75558,Cardiac magnetic resonance imaging for morphology and function without contrast material; with flow/velocity quantification (Deprecated),Procedure
75559,Cardiac magnetic resonance imaging for morphology and function without contrast material; with stress imaging,Procedure
75561,"Cardiac magnetic resonance imaging for morphology and function without contrast material(s), followed by contrast material(s) and further sequences",Procedure
75563,"Cardiac magnetic resonance imaging for morphology and function without contrast material(s), followed by contrast material(s) and further sequences; with stress imaging",Procedure
75573,"Computed tomography, heart, with contrast material, for evaluation of cardiac structure and morphology in the setting of congenital heart disease (including 3D image postprocessing, assessment of left ventricular [LV] cardiac function, right ventricula...",Procedure
75574,"Computed tomographic angiography, heart, coronary arteries and bypass grafts (when present), with contrast material, including 3D image postprocessing (including evaluation of cardiac structure and morphology, assessment of cardiac function, and evalua...",Procedure
75600,"Aortography, thoracic, without serialography, radiological supervision and interpretation",Procedure
75605,"Aortography, thoracic, by serialography, radiological supervision and interpretation",Procedure
75625,"Aortography, abdominal, by serialography, radiological supervision and interpretation",Procedure
75630,"Aortography, abdominal plus bilateral iliofemoral lower extremity, catheter, by serialography, radiological supervision and interpretation",Procedure
75635,"Computed tomographic angiography, abdominal aorta and bilateral iliofemoral lower extremity runoff, with contrast material(s), including noncontrast images, if performed, and image postprocessing",Procedure
75650,"Angiography, cervicocerebral, catheter, including vessel origin, radiological supervision and interpretation (Deprecated)",Procedure
75660,"Angiography, external carotid, unilateral, selective, radiological supervision and interpretation (Deprecated)",Procedure
75662,"Angiography, external carotid, bilateral, selective, radiological supervision and interpretation (Deprecated)",Procedure
75665,"Angiography, carotid, cerebral, unilateral, radiological supervision and interpretation (Deprecated)",Procedure
75671,"Angiography, carotid, cerebral, bilateral, radiological supervision and interpretation (Deprecated)",Procedure
75676,"Angiography, carotid, cervical, unilateral, radiological supervision and interpretation (Deprecated)",Procedure
75680,"Angiography, carotid, cervical, bilateral, radiological supervision and interpretation (Deprecated)",Procedure
75685,"Angiography, vertebral, cervical, and/or intracranial, radiological supervision and interpretation (Deprecated)",Procedure
75705,"Angiography, spinal, selective, radiological supervision and interpretation",Procedure
75710,"Angiography, extremity, unilateral, radiological supervision and interpretation",Procedure
75716,"Angiography, extremity, bilateral, radiological supervision and interpretation",Procedure
75722,"Angiography, renal, unilateral, selective (including flush aortogram), radiological supervision and interpretation (Deprecated)",Procedure
75724,"Angiography, renal, bilateral, selective (including flush aortogram), radiological supervision and interpretation (Deprecated)",Procedure
75726,"Angiography, visceral, selective or supraselective (with or without flush aortogram), radiological supervision and interpretation",Procedure
75731,"Angiography, adrenal, unilateral, selective, radiological supervision and interpretation",Procedure
75736,"Angiography, pelvic, selective or supraselective, radiological supervision and interpretation",Procedure
75741,"Angiography, pulmonary, unilateral, selective, radiological supervision and interpretation",Procedure
75743,"Angiography, pulmonary, bilateral, selective, radiological supervision and interpretation",Procedure
75746,"Angiography, pulmonary, by nonselective catheter or venous injection, radiological supervision and interpretation",Procedure
75756,"Angiography, internal mammary, radiological supervision and interpretation",Procedure
75774,"Angiography, selective, each additional vessel studied after basic examination, radiological supervision and interpretation (List separately in addition to code for primary procedure)",Procedure
75790,"Angiography, arteriovenous shunt (eg, dialysis patient), radiological supervision and interpretation (Deprecated)",Procedure
75791,Radiologic supervision and interpretation for arteriovenous shunt angiography with fluoroscopy and complete evaluation of dialysis access (Deprecated),Procedure
75801,"Lymphangiography, extremity only, unilateral, radiological supervision and interpretation",Procedure
75803,"Lymphangiography, extremity only, bilateral, radiological supervision and interpretation",Procedure
75805,"Lymphangiography, pelvic/abdominal, unilateral, radiological supervision and interpretation",Procedure
75807,"Lymphangiography, pelvic/abdominal, bilateral, radiological supervision and interpretation",Procedure
75809,"Shuntogram for investigation of previously placed indwelling nonvascular shunt (eg, LeVeen shunt, ventriculoperitoneal shunt, indwelling infusion pump), radiological supervision and interpretation",Procedure
75810,"Splenoportography, radiological supervision and interpretation",Procedure
75820,"Venography, extremity, unilateral, radiological supervision and interpretation",Procedure
75822,"Venography, extremity, bilateral, radiological supervision and interpretation",Procedure
75825,"Venography, caval, inferior, with serialography, radiological supervision and interpretation",Procedure
75827,"Venography, caval, superior, with serialography, radiological supervision and interpretation",Procedure
75831,"Venography, renal, unilateral, selective, radiological supervision and interpretation",Procedure
75833,"Venography, renal, bilateral, selective, radiological supervision and interpretation",Procedure
75840,"Venography, adrenal, unilateral, selective, radiological supervision and interpretation",Procedure
75842,"Venography, adrenal, bilateral, selective, radiological supervision and interpretation",Procedure
75860,"Venography, venous sinus (eg, petrosal and inferior sagittal) or jugular, catheter, radiological supervision and interpretation",Procedure
75870,"Venography, superior sagittal sinus, radiological supervision and interpretation",Procedure
75872,"Venography, epidural, radiological supervision and interpretation",Procedure
75880,"Venography, orbital, radiological supervision and interpretation",Procedure
75885,"Percutaneous transhepatic portography with hemodynamic evaluation, radiological supervision and interpretation",Procedure
75887,"Percutaneous transhepatic portography without hemodynamic evaluation, radiological supervision and interpretation",Procedure
75889,"Hepatic venography, wedged or free, with hemodynamic evaluation, radiological supervision and interpretation",Procedure
75891,"Hepatic venography, wedged or free, without hemodynamic evaluation, radiological supervision and interpretation",Procedure
75893,"Venous sampling through catheter, with or without angiography (eg, for parathyroid hormone, renin), radiological supervision and interpretation",Procedure
75894,"Transcatheter therapy, embolization, any method, radiological supervision and interpretation",Procedure
75896,"Transcatheter therapy, infusion, other than for thrombolysis, radiological supervision and interpretation (Deprecated)",Procedure
75898,"Angiography through existing catheter for follow-up study for transcatheter therapy, embolization or infusion, other than for thrombolysis",Procedure
75900,"Exchange of a previously placed arterial catheter during thrombolytic therapy with contrast monitoring, radiological supervision and interpretation (Deprecated)",Procedure
75901,"Mechanical removal of pericatheter obstructive material (eg, fibrin sheath) from central venous device via separate venous access, radiologic supervision and interpretation",Procedure
75902,"Mechanical removal of intraluminal (intracatheter) obstructive material from central venous device through device lumen, radiologic supervision and interpretation",Procedure
75940,"Percutaneous placement of IVC filter, radiological supervision and interpretation (Deprecated)",Procedure
75945,Radiologic supervision and interpretation for non-coronary vessel intravascular ultrasound of initial vessel (Deprecated),Procedure
75946,"Intravascular ultrasound (non-coronary vessel), radiological supervision and interpretation; each additional non-coronary vessel (List separately in addition to code for primary procedure) (Deprecated)",Procedure
75952,"Endovascular repair of infrarenal abdominal aortic aneurysm or dissection, radiological supervision and interpretation (Deprecated)",Procedure
75953,"Placement of proximal or distal extension prosthesis for endovascular repair of infrarenal aortic or iliac artery aneurysm, pseudoaneurysm, or dissection, radiological supervision and interpretation (Deprecated)",Procedure
75954,"Endovascular repair of iliac artery aneurysm, pseudoaneurysm, arteriovenous malformation, or trauma, using ilio-iliac tube endoprosthesis, radiological supervision and interpretation (Deprecated)",Procedure
75956,"Endovascular repair of descending thoracic aorta (eg, aneurysm, pseudoaneurysm, dissection, penetrating ulcer, intramural hematoma, or traumatic disruption); involving coverage of left subclavian artery origin, initial endoprosthesis plus descending th...",Procedure
75957,"Endovascular repair of descending thoracic aorta (eg, aneurysm, pseudoaneurysm, dissection, penetrating ulcer, intramural hematoma, or traumatic disruption); not involving coverage of left subclavian artery origin, initial endoprosthesis plus descendin...",Procedure
75958,"Placement of proximal extension prosthesis for endovascular repair of descending thoracic aorta (eg, aneurysm, pseudoaneurysm, dissection, penetrating ulcer, intramural hematoma, or traumatic disruption), radiological supervision and interpretation",Procedure
75959,"Placement of distal extension prosthesis(s) (delayed) after endovascular repair of descending thoracic aorta, as needed, to level of celiac origin, radiological supervision and interpretation",Procedure
75960,"Transcatheter introduction of intravascular stent(s), (non-coronary vessel), percutaneous and/or open, radiological supervision and interpretation, each vessel (Deprecated)",Procedure
75961,"Transcatheter retrieval, percutaneous, of intravascular foreign body (eg, fractured venous or arterial catheter), radiological supervision and interpretation (Deprecated)",Procedure
75962,"Transluminal balloon angioplasty, peripheral artery other than renal, or other visceral artery, iliac or lower extremity, radiological supervision and interpretation (Deprecated)",Procedure
75964,"Transluminal balloon angioplasty, each additional peripheral artery other than renal or other visceral artery, iliac or lower extremity, radiological supervision and interpretation (List separately in addition to code for primary procedure) (Deprecated)",Procedure
75966,"Transluminal balloon angioplasty, renal or other visceral artery, radiological supervision and interpretation (Deprecated)",Procedure
75968,"Transluminal balloon angioplasty, each additional visceral artery, radiological supervision and interpretation (List separately in addition to code for primary procedure) (Deprecated)",Procedure
75970,"Transcatheter biopsy, radiological supervision and interpretation",Procedure
75978,"Transluminal balloon angioplasty, venous (eg, subclavian stenosis), radiological supervision and interpretation (Deprecated)",Procedure
75980,Radiological supervision and interpretation of drainage of biliary duct (accessed through the skin) with contrast monitoring (Deprecated),Procedure
75982,"Percutaneous placement of drainage catheter for combined internal and external biliary drainage or of a drainage stent for internal biliary drainage in patients with an inoperable mechanical biliary obstruction, radiological supervision an... (Deprecated)",Procedure
75984,"Change of percutaneous tube or drainage catheter with contrast monitoring (eg, genitourinary system, abscess), radiological supervision and interpretation",Procedure
75989,"Radiological guidance (ie, fluoroscopy, ultrasound, or computed tomography), for percutaneous drainage (eg, abscess, specimen collection), with placement of catheter, radiological supervision and interpretation",Procedure
75992,"Transluminal atherectomy, peripheral artery, radiological supervision and interpretation (Deprecated)",Procedure
75993,"Transluminal atherectomy, each additional peripheral artery, radiological supervision and interpretation (List separately in addition to code for primary procedure) (Deprecated)",Procedure
75995,"Transluminal atherectomy, visceral, radiological supervision and interpretation (Deprecated)",Procedure
75998,"Fluoroscopic guidance for central venous access device placement, replacement (catheter only or complete), or removal (includes fluoroscopic guidance for vascular access and catheter manipulation, any necessary contrast injections through ... (Deprecated)",Procedure
76000,"Fluoroscopy (separate procedure), up to 1 hour physician or other qualified health care professional time",Procedure
76001,"Fluoroscopy, physician or other qualified health care professional time more than 1 hour, assisting a nonradiologic physician or other qualified health care professional (eg, nephrostolithotomy, ERCP, bronchoscopy, transbronchial biopsy) (Deprecated)",Procedure
76003,"Fluoroscopic guidance for needle placement (eg, biopsy, aspiration, injection, localization device) (Deprecated)",Procedure
76005,"Fluoroscopic guidance and localization of needle or catheter tip for spine or paraspinous diagnostic or therapeutic injection procedures (epidural, transforaminal epidural, subarachnoid, paravertebral facet joint, paravertebral facet joint... (Deprecated)",Procedure
76010,"Radiologic examination from nose to rectum for foreign body, single view, child",Procedure
76012,"Radiological supervision and interpretation, percutaneous vertebroplasty, per vertebral body; under fluoroscopic guidance (Deprecated)",Procedure
76075,"Dual energy x-ray absorptiometry (DEXA), bone density study, one or more sites; axial skeleton (eg, hips, pelvis, spine) (Deprecated)",Procedure
76080,"Radiologic examination, abscess, fistula or sinus tract study, radiological supervision and interpretation",Procedure
76090,Mammography; unilateral (Deprecated),Procedure
76091,Mammography; bilateral (Deprecated),Procedure
76092,"Screening mammography, bilateral (two view film study of each breast) (Deprecated)",Procedure
76095,"Stereotactic localization guidance for breast biopsy or needle placement (eg, for wire localization or for injection), each lesion, radiological supervision and interpretation (Deprecated)",Procedure
76096,"Mammographic guidance for needle placement, breast (eg, for wire localization or for injection), each lesion, radiological supervision and interpretation (Deprecated)",Procedure
76098,"Radiological examination, surgical specimen",Procedure
76120,"Cineradiography/videoradiography, except where specifically included",Procedure
76125,Cineradiography/videoradiography to complement routine examination (List separately in addition to code for primary procedure),Procedure
76140,"Consultation on X-ray examination made elsewhere, written report",Procedure
76360,"Computerized axial tomographic guidance for needle biopsy, radiological supervision and interpretation (Deprecated)",Procedure
76362,"Computerized axial tomographic guidance for, and monitoring of, tissue ablation (Deprecated)",Procedure
76370,Computerized axial tomographic guidance for placement of radiation therapy fields (Deprecated),Procedure
76375,"Coronal, sagittal, multiplanar, oblique, 3-dimensional and/or holographic reconstruction of computerized axial tomography, magnetic resonance imaging, or other tomographic modality (Deprecated)",Procedure
76376,"3D rendering with interpretation and reporting of computed tomography, magnetic resonance imaging, ultrasound, or other tomographic modality with image postprocessing under concurrent supervision; not requiring image postprocessing on an independent wo...",Procedure
76377,"3D rendering with interpretation and reporting of computed tomography, magnetic resonance imaging, ultrasound, or other tomographic modality with image postprocessing under concurrent supervision; requiring image postprocessing on an independent workst...",Procedure
76496,"Unlisted fluoroscopic procedure (eg, diagnostic, interventional)",Procedure
76497,"Unlisted computed tomography procedure (eg, diagnostic, interventional)",Procedure
76498,"Unlisted magnetic resonance procedure (eg, diagnostic, interventional)",Procedure
76499,Unlisted diagnostic radiographic procedure,Procedure
76506,"Echoencephalography, real time with image documentation (gray scale) (for determination of ventricular size, delineation of cerebral contents, and detection of fluid masses or other intracranial abnormalities), including A-mode encephalography as secon...",Procedure
76510,"Ophthalmic ultrasound, diagnostic; B-scan and quantitative A-scan performed during the same patient encounter",Procedure
76511,"Ophthalmic ultrasound, diagnostic; quantitative A-scan only",Procedure
76513,"Ophthalmic ultrasound, diagnostic; anterior segment ultrasound, immersion (water bath) B-scan or high resolution biomicroscopy, unilateral or bilateral",Procedure
76514,"Ophthalmic ultrasound, diagnostic; corneal pachymetry, unilateral or bilateral (determination of corneal thickness)",Procedure
76519,"Ophthalmic biometry by ultrasound echography, A-scan; with intraocular lens power calculation",Procedure
76536,"Ultrasound, soft tissues of head and neck (eg, thyroid, parathyroid, parotid), real time with image documentation",Procedure
76604,"Ultrasound, chest (includes mediastinum), real time with image documentation",Procedure
76641,"Ultrasound, breast, unilateral, real time with image documentation, including axilla when performed; complete",Procedure
76642,"Ultrasound, breast, unilateral, real time with image documentation, including axilla when performed; limited",Procedure
76700,"Ultrasound, abdominal, real time with image documentation; complete",Procedure
76705,"Ultrasound, abdominal, real time with image documentation; limited (eg, single organ, quadrant, follow-up)",Procedure
76706,"Ultrasound, abdominal aorta, real time with image documentation, screening study for abdominal aortic aneurysm (AAA)",Procedure
76770,"Ultrasound, retroperitoneal (eg, renal, aorta, nodes), real time with image documentation; complete",Procedure
76775,"Ultrasound, retroperitoneal (eg, renal, aorta, nodes), real time with image documentation; limited",Procedure
76776,"Ultrasound, transplanted kidney, real time and duplex Doppler with image documentation",Procedure
76778,"Ultrasound, transplanted kidney, B-scan and/or real time with image documentation, with or without duplex Doppler study (Deprecated)",Procedure
76801,"Ultrasound, pregnant uterus, real time with image documentation, fetal and maternal evaluation, first trimester (< 14 weeks 0 days), transabdominal approach; single or first gestation",Procedure
76802,"Ultrasound, pregnant uterus, real time with image documentation, fetal and maternal evaluation, first trimester (< 14 weeks 0 days), transabdominal approach; each additional gestation (List separately in addition to code for primary procedure)",Procedure
76805,"Ultrasound, pregnant uterus, real time with image documentation, fetal and maternal evaluation, after first trimester (> or = 14 weeks 0 days), transabdominal approach; single or first gestation",Procedure
76810,"Ultrasound, pregnant uterus, real time with image documentation, fetal and maternal evaluation, after first trimester (> or = 14 weeks 0 days), transabdominal approach; each additional gestation (List separately in addition to code for primary procedure)",Procedure
76811,"Ultrasound, pregnant uterus, real time with image documentation, fetal and maternal evaluation plus detailed fetal anatomic examination, transabdominal approach; single or first gestation",Procedure
76812,"Ultrasound, pregnant uterus, real time with image documentation, fetal and maternal evaluation plus detailed fetal anatomic examination, transabdominal approach; each additional gestation (List separately in addition to code for primary procedure)",Procedure
76813,"Ultrasound, pregnant uterus, real time with image documentation, first trimester fetal nuchal translucency measurement, transabdominal or transvaginal approach; single or first gestation",Procedure
76814,"Ultrasound, pregnant uterus, real time with image documentation, first trimester fetal nuchal translucency measurement, transabdominal or transvaginal approach; each additional gestation (List separately in addition to code for primary procedure)",Procedure
76815,"Ultrasound, pregnant uterus, real time with image documentation, limited (eg, fetal heart beat, placental location, fetal position and/or qualitative amniotic fluid volume), 1 or more fetuses",Procedure
76816,"Ultrasound, pregnant uterus, real time with image documentation, follow-up (eg, re-evaluation of fetal size by measuring standard growth parameters and amniotic fluid volume, re-evaluation of organ system(s) suspected or confirmed to be abnormal on a p...",Procedure
76817,"Ultrasound, pregnant uterus, real time with image documentation, transvaginal",Procedure
76820,"Doppler velocimetry, fetal; umbilical artery",Procedure
76821,"Doppler velocimetry, fetal; middle cerebral artery",Procedure
76825,"Echocardiography, fetal, cardiovascular system, real time with image documentation (2D), with or without M-mode recording",Procedure
76826,"Echocardiography, fetal, cardiovascular system, real time with image documentation (2D), with or without M-mode recording; follow-up or repeat study",Procedure
76827,"Doppler echocardiography, fetal, pulsed wave and/or continuous wave with spectral display; complete",Procedure
76828,"Doppler echocardiography, fetal, pulsed wave and/or continuous wave with spectral display; follow-up or repeat study",Procedure
76831,"Saline infusion sonohysterography (SIS), including color flow Doppler, when performed",Procedure
76856,"Ultrasound, pelvic (nonobstetric), real time with image documentation; complete",Procedure
76857,"Ultrasound, pelvic (nonobstetric), real time with image documentation; limited or follow-up (eg, for follicles)",Procedure
76872,"Ultrasound, transrectal",Procedure
76873,"Ultrasound, transrectal; prostate volume study for brachytherapy treatment planning (separate procedure)",Procedure
76880,"Ultrasound, extremity, non-vascular, B-scan and/or real time with image documentation (Deprecated)",Procedure
76885,"Ultrasound, infant hips, real time with imaging documentation; dynamic (requiring physician or other qualified health care professional manipulation)",Procedure
76886,"Ultrasound, infant hips, real time with imaging documentation; limited, static (not requiring physician or other qualified health care professional manipulation)",Procedure
76930,"Ultrasonic guidance for pericardiocentesis, imaging supervision and interpretation (Deprecated)",Procedure
76936,"Ultrasound guided compression repair of arterial pseudoaneurysm or arteriovenous fistulae (includes diagnostic ultrasound evaluation, compression of lesion and imaging)",Procedure
76937,"Ultrasound guidance for vascular access requiring ultrasound evaluation of potential access sites, documentation of selected vessel patency, concurrent realtime ultrasound visualization of vascular needle entry, with permanent recording and reporting (...",Procedure
76940,"Ultrasound guidance for, and monitoring of, parenchymal tissue ablation",Procedure
76941,"Ultrasonic guidance for intrauterine fetal transfusion or cordocentesis, imaging supervision and interpretation",Procedure
76942,"Ultrasonic guidance for needle placement (eg, biopsy, aspiration, injection, localization device), imaging supervision and interpretation",Procedure
76950,Ultrasonic guidance for administration of radiation therapy (Deprecated),Procedure
76965,Ultrasonic guidance for interstitial radioelement application,Procedure
76970,Ultrasound study follow-up (specify) (Deprecated),Procedure
76975,"Gastrointestinal endoscopic ultrasound, supervision and interpretation",Procedure
76977,"Ultrasound bone density measurement and interpretation, peripheral site(s), any method",Procedure
76978,"Ultrasound, targeted dynamic microbubble sonographic contrast characterization (non-cardiac); initial lesion",Procedure
76979,"Ultrasound, targeted dynamic microbubble sonographic contrast characterization (non-cardiac); each additional lesion with separate injection (List separately in addition to code for primary procedure)",Procedure
76981,"Ultrasound, elastography; parenchyma (eg, organ)",Procedure
76982,"Ultrasound, elastography; first target lesion",Procedure
76983,"Ultrasound, elastography; each additional target lesion (List separately in addition to code for primary procedure)",Procedure
76998,"Ultrasonic guidance, intraoperative",Procedure
76999,"Unlisted ultrasound procedure (eg, diagnostic, interventional)",Procedure
77001,"Fluoroscopic guidance for central venous access device placement, replacement (catheter only or complete), or removal (includes fluoroscopic guidance for vascular access and catheter manipulation, any necessary contrast injections through access site o...",Procedure
77002,"Fluoroscopic guidance for needle placement (eg, biopsy, aspiration, injection, localization device) (List separately in addition to code for primary procedure)",Procedure
77003,Fluoroscopic guidance and localization of needle or catheter tip for spine or paraspinous diagnostic or therapeutic injection procedures (epidural or subarachnoid) (List separately in addition to code for primary procedure),Procedure
77012,"Computed tomography guidance for needle placement (eg, biopsy, aspiration, injection, localization device), radiological supervision and interpretation",Procedure
77013,"Computed tomography guidance for, and monitoring of, parenchymal tissue ablation",Procedure
77014,Computed tomography guidance for placement of radiation therapy fields,Procedure
77021,"Magnetic resonance imaging guidance for needle placement (eg, for biopsy, needle aspiration, injection, or placement of localization device) radiological supervision and interpretation",Procedure
77022,"Magnetic resonance imaging guidance for, and monitoring of, parenchymal tissue ablation",Procedure
77046,"Magnetic resonance imaging, breast, without contrast material; unilateral",Procedure
77047,"Magnetic resonance imaging, breast, without contrast material; bilateral",Procedure
77048,"Magnetic resonance imaging, breast, without and with contrast material(s), including computer-aided detection (CAD real-time lesion detection, characterization and pharmacokinetic analysis), when performed; unilateral",Procedure
77049,"Magnetic resonance imaging, breast, without and with contrast material(s), including computer-aided detection (CAD real-time lesion detection, characterization and pharmacokinetic analysis), when performed; bilateral",Procedure
77051,"Computer-aided analysis of digital image data from diagnostic mammography for lesion detection, with review for interpretation and digitization of film radiographic images (Deprecated)",Procedure
77052,"Computer-aided analysis of digital image data from screening mammography for lesion detection, with review for interpretation and digitization of film radiographic images (Deprecated)",Procedure
77053,"Mammary ductogram or galactogram, single duct, radiological supervision and interpretation",Procedure
77054,"Mammary ductogram or galactogram, multiple ducts, radiological supervision and interpretation",Procedure
77055,Mammography of one breast (Deprecated),Procedure
77057,"Bilateral screening mammography, craniocaudal and mediolateral oblique views of each breast (Deprecated)",Procedure
77058,"Magnetic resonance imaging, breast, without and/or with contrast material(s); unilateral (Deprecated)",Procedure
77061,Diagnostic digital breast tomosynthesis; unilateral,Procedure
77063,"Screening digital breast tomosynthesis, bilateral (List separately in addition to code for primary procedure)",Procedure
77065,"Diagnostic mammography, including computer-aided detection (CAD) when performed; unilateral",Procedure
77066,"Diagnostic mammography, including computer-aided detection (CAD) when performed; bilateral",Procedure
77067,"Screening mammography, bilateral (2-view study of each breast), including computer-aided detection (CAD) when performed",Procedure
77071,"Manual application of stress performed by physician or other qualified health care professional for joint radiography, including contralateral joint if indicated",Procedure
77073,"Bone length studies (orthoroentgenogram, scanogram)",Procedure
77074,"Radiologic examination, osseous survey; limited (eg, for metastases)",Procedure
77076,"Radiologic examination, osseous survey, infant",Procedure
77077,"Joint survey, single view, 2 or more joints (specify)",Procedure
77078,"Computed tomography, bone mineral density study, 1 or more sites, axial skeleton (eg, hips, pelvis, spine)",Procedure
77080,"Dual-energy X-ray absorptiometry (DXA), bone density study, 1 or more sites; axial skeleton (eg, hips, pelvis, spine)",Procedure
77081,"Dual-energy X-ray absorptiometry (DXA), bone density study, 1 or more sites; appendicular skeleton (peripheral) (eg, radius, wrist, heel)",Procedure
77085,"Dual-energy X-ray absorptiometry (DXA), bone density study, 1 or more sites; axial skeleton (eg, hips, pelvis, spine), including vertebral fracture assessment",Procedure
77086,Vertebral fracture assessment via dual-energy X-ray absorptiometry (DXA),Procedure
77261,Therapeutic radiology treatment planning; simple,Procedure
77262,Therapeutic radiology treatment planning; intermediate,Procedure
77263,Therapeutic radiology treatment planning; complex,Procedure
77280,Therapeutic radiology simulation-aided field setting; simple,Procedure
77285,Therapeutic radiology simulation-aided field setting; intermediate,Procedure
77290,Therapeutic radiology simulation-aided field setting; complex,Procedure
77293,Respiratory motion management simulation (List separately in addition to code for primary procedure),Procedure
77295,"3-dimensional radiotherapy plan, including dose-volume histograms",Procedure
77299,"Unlisted procedure, therapeutic radiology clinical treatment planning",Procedure
77300,"Basic radiation dosimetry calculation, central axis depth dose calculation, TDF, NSD, gap calculation, off axis factor, tissue inhomogeneity factors, calculation of non-ionizing radiation surface and depth dose, as required during course of treatment,...",Procedure
77301,"Intensity modulated radiotherapy plan, including dose-volume histograms for target and critical structure partial tolerance specifications",Procedure
77305,"Isodose radiation therapy plan, 1 or more ports, single area (Deprecated)",Procedure
77306,"Teletherapy isodose plan; simple (1 or 2 unmodified ports directed to a single area of interest), includes basic dosimetry calculation(s)",Procedure
77307,"Teletherapy isodose plan; complex (multiple treatment areas, tangential ports, the use of wedges, blocking, rotational beam, or special beam considerations), includes basic dosimetry calculation(s)",Procedure
77310,"Isodose radiation therapy plan, 3 or more ports, single area (Deprecated)",Procedure
77315,"Isodose radiation therapy plan, complex (Deprecated)",Procedure
77316,"Brachytherapy isodose plan; simple (calculation[s] made from 1 to 4 sources, or remote afterloading brachytherapy, 1 channel), includes basic dosimetry calculation(s)",Procedure
77317,"Brachytherapy isodose plan; intermediate (calculation[s] made from 5 to 10 sources, or remote afterloading brachytherapy, 2-12 channels), includes basic dosimetry calculation(s)",Procedure
77318,"Brachytherapy isodose plan; complex (calculation[s] made from over 10 sources, or remote afterloading brachytherapy, over 12 channels), includes basic dosimetry calculation(s)",Procedure
77321,"Special teletherapy port plan, particles, hemibody, total body",Procedure
77326,"Brachytherapy isodose plan; simple (calculation made from single plane, 1 to 4 sources/ribbon application, remote afterloading brachytherapy, 1 to 8 sources) (Deprecated)",Procedure
77327,"Brachytherapy isodose plan; intermediate (multiplane dosage calculations, application involving 5 to 10 sources/ribbons, remote afterloading brachytherapy, 9 to 12 sources) (Deprecated)",Procedure
77328,"Brachytherapy isodose plan; complex (multiplane isodose plan, volume implant calculations, over 10 sources/ribbons used, special spatial reconstruction, remote afterloading brachytherapy, over 12 sources) (Deprecated)",Procedure
77331,"Special dosimetry (eg, TLD, microdosimetry) (specify), only when prescribed by the treating physician",Procedure
77332,"Treatment devices, design and construction; simple (simple block, simple bolus)",Procedure
77333,"Treatment devices, design and construction; intermediate (multiple blocks, stents, bite blocks, special bolus)",Procedure
77336,"Continuing medical physics consultation, including assessment of treatment parameters, quality assurance of dose delivery, and review of patient treatment documentation in support of the radiation oncologist, reported per week of therapy",Observation
77338,"Multi-leaf collimator (MLC) device(s) for intensity modulated radiation therapy (IMRT), design and construction per IMRT plan",Procedure
77370,Special medical radiation physics consultation,Observation
77371,"Radiation treatment delivery, stereotactic radiosurgery (SRS), complete course of treatment of cranial lesion(s) consisting of 1 session; multi-source Cobalt 60 based",Procedure
77372,"Radiation treatment delivery, stereotactic radiosurgery (SRS), complete course of treatment of cranial lesion(s) consisting of 1 session; linear accelerator based",Procedure
77373,"Stereotactic body radiation therapy, treatment delivery, per fraction to 1 or more lesions, including image guidance, entire course not to exceed 5 fractions",Procedure
77385,"Intensity modulated radiation treatment delivery (IMRT), includes guidance and tracking, when performed; simple",Procedure
77386,"Intensity modulated radiation treatment delivery (IMRT), includes guidance and tracking, when performed; complex",Procedure
77387,"Guidance for localization of target volume for delivery of radiation treatment, includes intrafraction tracking, when performed",Procedure
77399,"Unlisted procedure, medical radiation physics, dosimetry and treatment devices, and special services",Procedure
77401,"Radiation treatment delivery, superficial and/or ortho voltage, per day",Procedure
77402,"Radiation treatment delivery, >=1 MeV; simple",Procedure
77407,"Radiation treatment delivery, >=1 MeV; intermediate",Procedure
77408,"Radiation treatment delivery, 2 separate treatment areas, 3 or more ports on a single treatment area, use of multiple blocks; 6-10 MeV (Deprecated)",Procedure
77409,"Radiation treatment delivery, 2 separate treatment areas, 3 or more ports on a single treatment area, use of multiple blocks; 11-19 MeV (Deprecated)",Procedure
77411,"Radiation treatment delivery, 2 separate treatment areas, 3 or more ports on a single treatment area, use of multiple blocks; 20 MeV or greater (Deprecated)",Procedure
77412,"Radiation treatment delivery, >=1 MeV; complex",Procedure
77413,"Radiation treatment delivery, 3 or more separate treatment areas, custom blocking, tangential ports, wedges, rotational beam, compensators, electron beam; 6-10 MeV (Deprecated)",Procedure
77414,"Radiation treatment delivery, 3 or more separate treatment areas, custom blocking, tangential ports, wedges, rotational beam, compensators, electron beam; 11-19 MeV (Deprecated)",Procedure
77416,"Radiation treatment delivery, 3 or more separate treatment areas, custom blocking, tangential ports, wedges, rotational beam, compensators, electron beam; 20 MeV or greater (Deprecated)",Procedure
77417,Therapeutic radiology port image(s),Procedure
77418,Intensity modulated radiation treatment delivery per session (Deprecated),Procedure
77421,Stereoscopic X-ray guidance for localization of target volume for the delivery of radiation therapy (Deprecated),Procedure
77424,"Intraoperative radiation treatment delivery, x-ray, single treatment session",Procedure
77425,"Intraoperative radiation treatment delivery, electrons, single treatment session",Procedure
77427,"Radiation treatment management, 5 treatments",Procedure
77431,Radiation therapy management with complete course of therapy consisting of 1 or 2 fractions only,Procedure
77432,Stereotactic radiation treatment management of cranial lesion(s) (complete course of treatment consisting of 1 session),Procedure
77435,"Stereotactic body radiation therapy, treatment management, per treatment course, to 1 or more lesions, including image guidance, entire course not to exceed 5 fractions",Procedure
77469,Intraoperative radiation treatment management,Procedure
77470,"Special treatment procedure (eg, total body irradiation, hemibody radiation, per oral or endocavitary irradiation)",Procedure
77600,"Hyperthermia, externally generated; superficial (ie, heating to a depth of 4 cm or less)",Procedure
77605,"Hyperthermia, externally generated; deep (ie, heating to depths greater than 4 cm)",Procedure
77750,Infusion or instillation of radioelement solution (includes 3-month follow-up care),Procedure
77761,Intracavitary radiation source application; simple,Procedure
77762,Intracavitary radiation source application; intermediate,Procedure
77763,Intracavitary radiation source application; complex,Procedure
77768,"Remote afterloading high dose rate radionuclide skin surface brachytherapy, includes basic dosimetry, when performed; lesion diameter over 2.0 cm and 2 or more channels, or multiple lesions",Procedure
77770,"Remote afterloading high dose rate radionuclide interstitial or intracavitary brachytherapy, includes basic dosimetry, when performed; 1 channel",Procedure
77771,"Remote afterloading high dose rate radionuclide interstitial or intracavitary brachytherapy, includes basic dosimetry, when performed; 2-12 channels",Procedure
77772,"Remote afterloading high dose rate radionuclide interstitial or intracavitary brachytherapy, includes basic dosimetry, when performed; over 12 channels",Procedure
77776,Simple interstitial radiation source application of up to 4 sources (Deprecated),Procedure
77778,"Interstitial radiation source application, complex, includes supervision, handling, loading of radiation source, when performed",Procedure
77781,Remote afterloading high intensity brachytherapy; 1-4 source positions or catheters (Deprecated),Procedure
77782,Remote afterloading high intensity brachytherapy; 5-8 source positions or catheters (Deprecated),Procedure
77783,Remote afterloading high intensity brachytherapy; 9-12 source positions or catheters (Deprecated),Procedure
77784,Remote afterloading high intensity brachytherapy; over 12 source positions or catheters (Deprecated),Procedure
77785,Remote afterloading high dose rate radionuclide brachytherapy through 1 channel (Deprecated),Procedure
77786,Remote afterloading high dose rate radionuclide brachytherapy through 2-12 channels (Deprecated),Procedure
77787,Remote afterloading high dose rate radionuclide brachytherapy through more than 12 channels (Deprecated),Procedure
77789,Surface application of low dose rate radionuclide source,Procedure
77799,"Unlisted procedure, clinical brachytherapy",Procedure
78000,Thyroid uptake; single determination (Deprecated),Procedure
78001,Thyroid uptake; multiple determinations (Deprecated),Procedure
78006,"Thyroid imaging, with uptake; single determination (Deprecated)",Procedure
78007,"Thyroid imaging, with uptake; multiple determinations (Deprecated)",Procedure
78010,Thyroid imaging; only (Deprecated),Procedure
78012,"Thyroid uptake, single or multiple quantitative measurement(s) (including stimulation, suppression, or discharge, when performed)",Procedure
78014,"Thyroid imaging (including vascular flow, when performed); with single or multiple uptake(s) quantitative measurement(s) (including stimulation, suppression, or discharge, when performed)",Procedure
78015,"Thyroid carcinoma metastases imaging; limited area (eg, neck and chest only)",Procedure
78018,Thyroid carcinoma metastases imaging; whole body,Procedure
78020,Thyroid carcinoma metastases uptake (List separately in addition to code for primary procedure),Procedure
78070,"Parathyroid planar imaging (including subtraction, when performed)",Procedure
78071,"Parathyroid planar imaging (including subtraction, when performed); with tomographic (SPECT)",Procedure
78072,"Parathyroid planar imaging (including subtraction, when performed); with tomographic (SPECT), and concurrently acquired computed tomography (CT) for anatomical localization",Procedure
78103,Bone marrow imaging; multiple areas,Procedure
78111,"Plasma volume, radiopharmaceutical volume-dilution technique (separate procedure); multiple samplings",Procedure
78121,Red cell volume determination (separate procedure); multiple samplings,Procedure
78122,"Whole blood volume determination, including separate measurement of plasma volume and red cell volume (radiopharmaceutical volume-dilution technique)",Procedure
78185,"Spleen imaging only, with or without vascular flow",Procedure
78201,Liver imaging; static only,Procedure
78215,Liver and spleen imaging; static only,Procedure
78220,"Liver function study with hepatobiliary agents, with serial images (Deprecated)",Procedure
78223,"Hepatobiliary ductal system imaging, including gallbladder, with or without pharmacologic intervention, with or without quantitative measurement of gallbladder function (Deprecated)",Procedure
78227,"Hepatobiliary system imaging, including gallbladder when present; with pharmacologic intervention, including quantitative measurement(s) when performed",Procedure
78231,Salivary gland imaging; with serial images,Procedure
78258,Esophageal motility,Procedure
78265,"Gastric emptying imaging study (eg, solid, liquid, or both); with small bowel transit",Procedure
78266,"Gastric emptying imaging study (eg, solid, liquid, or both); with small bowel and colon transit, multiple days",Procedure
78267,"Urea breath test, C-14 (isotopic); acquisition for analysis",Procedure
78270,"Vitamin B-12 absorption study (eg, Schilling test); without intrinsic factor (Deprecated)",Procedure
78272,"Vitamin B-12 absorption studies combined, with and without intrinsic factor (Deprecated)",Procedure
78299,"Unlisted gastrointestinal procedure, diagnostic nuclear medicine",Procedure
78300,Bone and/or joint imaging; limited area,Procedure
78305,Bone and/or joint imaging; multiple areas,Procedure
78306,Bone and/or joint imaging; whole body,Procedure
78315,Bone and/or joint imaging; 3 phase study,Procedure
78351,"Bone density (bone mineral content) study, 1 or more sites; dual photon absorptiometry, 1 or more sites",Procedure
78429,"Myocardial imaging, positron emission tomography (PET), metabolic evaluation study (including ventricular wall motion[s] and/or ejection fraction[s], when performed), single study; with concurrently acquired computed tomography transmission scan",Procedure
78431,"Myocardial imaging, positron emission tomography (PET), perfusion study (including ventricular wall motion[s] and/or ejection fraction[s], when performed); multiple studies at rest and stress (exercise or pharmacologic), with concurrently acquired comp...",Procedure
78432,"Myocardial imaging, positron emission tomography (PET), combined perfusion with metabolic evaluation study (including ventricular wall motion[s] and/or ejection fraction[s], when performed), dual radiotracer (eg, myocardial viability)",Procedure
78433,"Myocardial imaging, positron emission tomography (PET), combined perfusion with metabolic evaluation study (including ventricular wall motion[s] and/or ejection fraction[s], when performed), dual radiotracer (eg, myocardial viability); with concurrentl...",Procedure
78434,"Absolute quantitation of myocardial blood flow (AQMBF), positron emission tomography (PET), rest and pharmacologic stress (List separately in addition to code for primary procedure)",Procedure
78445,"Non-cardiac vascular flow imaging (ie, angiography, venography)",Procedure
78451,"Myocardial perfusion imaging, tomographic (SPECT) (including attenuation correction, qualitative or quantitative wall motion, ejection fraction by first pass or gated technique, additional quantification, when performed); single study, at rest or stres...",Procedure
78452,"Myocardial perfusion imaging, tomographic (SPECT) (including attenuation correction, qualitative or quantitative wall motion, ejection fraction by first pass or gated technique, additional quantification, when performed); multiple studies, at rest and/...",Procedure
78453,"Myocardial perfusion imaging, planar (including qualitative or quantitative wall motion, ejection fraction by first pass or gated technique, additional quantification, when performed); single study, at rest or stress (exercise or pharmacologic)",Procedure
78454,"Myocardial perfusion imaging, planar (including qualitative or quantitative wall motion, ejection fraction by first pass or gated technique, additional quantification, when performed); multiple studies, at rest and/or stress (exercise or pharmacologic)...",Procedure
78457,"Venous thrombosis imaging, venogram; unilateral",Procedure
78458,"Venous thrombosis imaging, venogram; bilateral",Procedure
78461,"Myocardial perfusion imaging; multiple studies, (planar) at rest and/or stress (exercise and/or pharmacologic), and redistribution and/or rest injection, with or without quantification (Deprecated)",Procedure
78464,"Myocardial perfusion imaging; tomographic (SPECT), single study at rest or stress (exercise and/or pharmacologic), with or without quantification (Deprecated)",Procedure
78465,"Myocardial perfusion imaging; tomographic (SPECT), multiple studies, at rest and/or stress (exercise and/or pharmacologic) and redistribution and/or rest injection, with or without quantification (Deprecated)",Procedure
78466,"Myocardial imaging, infarct avid, planar; qualitative or quantitative",Procedure
78468,"Myocardial imaging, infarct avid, planar; with ejection fraction by first pass technique",Procedure
78469,"Myocardial imaging, infarct avid, planar; tomographic SPECT with or without quantification",Procedure
78472,"Cardiac blood pool imaging, gated equilibrium; planar, single study at rest or stress (exercise and/or pharmacologic), wall motion study plus ejection fraction, with or without additional quantitative processing",Procedure
78473,"Cardiac blood pool imaging, gated equilibrium; multiple studies, wall motion study plus ejection fraction, at rest and stress (exercise and/or pharmacologic), with or without additional quantification",Procedure
78478,"Myocardial perfusion study with wall motion, qualitative or quantitative study (List separately in addition to code for primary procedure) (Deprecated)",Procedure
78480,Myocardial perfusion study with ejection fraction (List separately in addition to code for primary procedure) (Deprecated),Procedure
78481,"Cardiac blood pool imaging (planar), first pass technique; single study, at rest or with stress (exercise and/or pharmacologic), wall motion study plus ejection fraction, with or without quantification",Procedure
78483,"Cardiac blood pool imaging (planar), first pass technique; multiple studies, at rest and with stress (exercise and/or pharmacologic), wall motion study plus ejection fraction, with or without quantification",Procedure
78491,"Myocardial imaging, positron emission tomography (PET), perfusion study (including ventricular wall motion[s] and/or ejection fraction[s], when performed); single study, at rest or stress (exercise or pharmacologic)",Procedure
78492,"Myocardial imaging, positron emission tomography (PET), perfusion study (including ventricular wall motion[s] and/or ejection fraction[s], when performed); multiple studies at rest and stress (exercise or pharmacologic)",Procedure
78494,"Cardiac blood pool imaging, gated equilibrium, SPECT, at rest, wall motion study plus ejection fraction, with or without quantitative processing",Procedure
78496,"Cardiac blood pool imaging, gated equilibrium, single study, at rest, with right ventricular ejection fraction by first pass technique (List separately in addition to code for primary procedure)",Procedure
78582,"Pulmonary ventilation (eg, aerosol or gas) and perfusion imaging",Procedure
78584,"Pulmonary perfusion imaging, particulate, with ventilation; single breath (Deprecated)",Procedure
78585,"Pulmonary perfusion imaging, particulate, with ventilation; rebreathing and washout, with or without single breath (Deprecated)",Procedure
78593,"Pulmonary ventilation imaging, gaseous, with rebreathing and washout with or without single breath; single projection (Deprecated)",Procedure
78596,Pulmonary quantitative differential function (ventilation/perfusion) study (Deprecated),Procedure
78597,"Quantitative differential pulmonary perfusion, including imaging when performed",Procedure
78600,"Brain imaging, less than 4 static views",Procedure
78601,"Brain imaging, less than 4 static views; with vascular flow",Procedure
78605,"Brain imaging, minimum 4 static views",Procedure
78606,"Brain imaging, minimum 4 static views; with vascular flow",Procedure
78608,"Brain imaging, positron emission tomography (PET); metabolic evaluation",Procedure
78609,"Brain imaging, positron emission tomography (PET); perfusion evaluation",Procedure
78630,"Cerebrospinal fluid flow, imaging (not including introduction of material); cisternography",Procedure
78635,"Cerebrospinal fluid flow, imaging (not including introduction of material); ventriculography",Procedure
78645,"Cerebrospinal fluid flow, imaging (not including introduction of material); shunt evaluation",Procedure
78699,"Unlisted nervous system procedure, diagnostic nuclear medicine",Procedure
78700,Kidney imaging morphology,Procedure
78704,"Kidney imaging; with function study (ie, imaging renogram) (Deprecated)",Procedure
78707,"Kidney imaging morphology; with vascular flow and function, single study without pharmacological intervention",Procedure
78708,"Kidney imaging morphology; with vascular flow and function, single study, with pharmacological intervention (eg, angiotensin converting enzyme inhibitor and/or diuretic)",Procedure
78709,"Kidney imaging morphology; with vascular flow and function, multiple studies, with and without pharmacological intervention (eg, angiotensin converting enzyme inhibitor and/or diuretic)",Procedure
78715,Kidney vascular flow only (Deprecated),Procedure
78725,"Kidney function study, non-imaging radioisotopic study",Procedure
78799,"Unlisted genitourinary procedure, diagnostic nuclear medicine",Procedure
78800,"Radiopharmaceutical localization of tumor, inflammatory process or distribution of radiopharmaceutical agent(s) (includes vascular flow and blood pool imaging, when performed); planar, single area (eg, head, neck, chest, pelvis), single day imaging",Procedure
78801,"Radiopharmaceutical localization of tumor, inflammatory process or distribution of radiopharmaceutical agent(s) (includes vascular flow and blood pool imaging, when performed); planar, 2 or more areas (eg, abdomen and pelvis, head and chest), 1 or more...",Procedure
78802,"Radiopharmaceutical localization of tumor, inflammatory process or distribution of radiopharmaceutical agent(s) (includes vascular flow and blood pool imaging, when performed); planar, whole body, single day imaging",Procedure
78803,"Radiopharmaceutical localization of tumor, inflammatory process or distribution of radiopharmaceutical agent(s) (includes vascular flow and blood pool imaging, when performed); tomographic (SPECT), single area (eg, head, neck, chest, pelvis) or acquisi...",Procedure
78804,"Radiopharmaceutical localization of tumor, inflammatory process or distribution of radiopharmaceutical agent(s) (includes vascular flow and blood pool imaging, when performed); planar, whole body, requiring 2 or more days imaging",Procedure
78805,Radiopharmaceutical localization of inflammatory process; limited area (Deprecated),Procedure
78806,Radiopharmaceutical localization of inflammatory process; whole body (Deprecated),Procedure
78807,Radiopharmaceutical localization of inflammatory process; tomographic (SPECT) (Deprecated),Procedure
78808,"Injection procedure for radiopharmaceutical localization by non-imaging probe study, intravenous (eg, parathyroid adenoma)",Procedure
78811,"Positron emission tomography (PET) imaging; limited area (eg, chest, head/neck)",Procedure
78812,Positron emission tomography (PET) imaging; skull base to mid-thigh,Procedure
78814,"Positron emission tomography (PET) with concurrently acquired computed tomography (CT) for attenuation correction and anatomical localization imaging; limited area (eg, chest, head/neck)",Procedure
78815,Positron emission tomography (PET) with concurrently acquired computed tomography (CT) for attenuation correction and anatomical localization imaging; skull base to mid-thigh,Procedure
78816,Positron emission tomography (PET) with concurrently acquired computed tomography (CT) for attenuation correction and anatomical localization imaging; whole body,Procedure
78830,"Radiopharmaceutical localization of tumor, inflammatory process or distribution of radiopharmaceutical agent(s) (includes vascular flow and blood pool imaging, when performed); tomographic (SPECT) with concurrently acquired computed tomography (CT) tra...",Procedure
78831,"Radiopharmaceutical localization of tumor, inflammatory process or distribution of radiopharmaceutical agent(s) (includes vascular flow and blood pool imaging, when performed); tomographic (SPECT), minimum 2 areas (eg, pelvis and knees, chest and abdom...",Procedure
78832,"Radiopharmaceutical localization of tumor, inflammatory process or distribution of radiopharmaceutical agent(s) (includes vascular flow and blood pool imaging, when performed); tomographic (SPECT) with concurrently acquired computed tomography (CT) tra...",Procedure
78835,Radiopharmaceutical quantification measurement(s) single area (List separately in addition to code for primary procedure),Procedure
78990,Provision of diagnostic radiopharmaceutical(s) (Deprecated),Procedure
78999,"Unlisted miscellaneous procedure, diagnostic nuclear medicine",Procedure
79,Unrelated Procedure or Service by the Same Physician or Other Qualified Health Care Professional During the Postoperative Period,Procedure
79000,"Radiopharmaceutical therapy, hyper-thyroidism; initial, including evaluation of patient (Deprecated)",Procedure
79035,Radiopharmaceutical therapy for metastases of thyroid carcinoma (Deprecated),Procedure
79403,"Radiopharmaceutical therapy, radiolabeled monoclonal antibody by intravenous infusion",Procedure
79999,"Radiopharmaceutical therapy, unlisted procedure",Procedure
80302,"Drug screen, presumptive, single drug class from Drug Class List B, by immunoassay (eg, ELISA) or non-TLC chromatography without mass spectrometry (eg, GC, HPLC), each procedure (Deprecated)",Procedure
80305,"Drug test(s), presumptive, any number of drug classes, any number of devices or procedures; capable of being read by direct optical observation only (eg, utilizing immunoassay [eg, dipsticks, cups, cards, or cartridges]), includes sample validation whe...",Procedure
80306,"Drug test(s), presumptive, any number of drug classes, any number of devices or procedures; read by instrument assisted direct optical observation (eg, utilizing immunoassay [eg, dipsticks, cups, cards, or cartridges]), includes sample validation when...",Procedure
80307,"Drug test(s), presumptive, any number of drug classes, any number of devices or procedures; by instrument chemistry analyzers (eg, utilizing immunoassay [eg, EIA, ELISA, EMIT, FPIA, IA, KIMS, RIA]), chromatography (eg, GC, HPLC), and mass spectrometry...",Procedure
80503,"Pathology clinical consultation; for a clinical problem, with limited review of patient's history and medical records and straightforward medical decision making When using time for code selection, 5-20 minutes of total time is spent on the date of the...",Procedure
80504,"Pathology clinical consultation; for a moderately complex clinical problem, with review of patient's history and medical records and moderate level of medical decision making When using time for code selection, 21-40 minutes of total time is spent on t...",Procedure
80505,"Pathology clinical consultation; for a highly complex clinical problem, with comprehensive review of patient's history and medical records and high level of medical decision making When using time for code selection, 41-60 minutes of total time is spen...",Procedure
81528,"Oncology (colorectal) screening, quantitative real-time target and signal amplification of 10 DNA markers (KRAS mutations, promoter methylation of NDRG4 and BMP3) and fecal hemoglobin, utilizing stool, algorithm reported as a positive or negative result",Measurement
82251,Bilirubin; total AND direct (Deprecated),Procedure
82273,"Blood, occult, by peroxidase activity (eg, guaiac), qualitative; other sources (Deprecated)",Procedure
83890,Molecular diagnostics; molecular isolation or extraction (Deprecated),Procedure
83891,Molecular diagnostics; isolation or extraction of highly purified nucleic acid (Deprecated),Procedure
83892,Molecular diagnostics; enzymatic digestion (Deprecated),Procedure
83893,Molecular diagnostics; dot/slot blot production (Deprecated),Procedure
83894,"Molecular diagnostics; separation by gel electrophoresis (eg, agarose, polyacrylamide) (Deprecated)",Procedure
83896,"Molecular diagnostics; nucleic acid probe, each (Deprecated)",Procedure
83897,"Molecular diagnostics; nucleic acid transfer (eg, Southern, Northern) (Deprecated)",Procedure
83898,"Molecular diagnostics; amplification of patient nucleic acid (eg, PCR, LCR), single primer pair, each primer pair (Deprecated)",Procedure
83900,"Molecular diagnostics; amplification of patient nucleic acid, multiplex, first two nucleic acid sequences (Deprecated)",Procedure
83901,"Molecular diagnostics; amplification of patient nucleic acid, multiplex, each multiplex reaction (Deprecated)",Procedure
83902,Molecular diagnostics; reverse transcription (Deprecated),Procedure
83903,"Molecular diagnostics; mutation scanning, by physical properties (eg, single strand conformational polymorphisms (SSCP), heteroduplex, denaturing gradient gel electrophoresis (DGGE), RNA'ase A), single segment, each (Deprecated)",Procedure
83904,"Molecular diagnostics; mutation identification by sequencing, single segment, each segment (Deprecated)",Procedure
83907,"Molecular diagnostics; lysis of cells prior to nucleic acid extraction (eg, stool specimens, paraffin embedded tissue) (Deprecated)",Procedure
83908,"Molecular diagnostics; signal amplification of patient nucleic acid, each nucleic acid sequence (Deprecated)",Procedure
83909,"Molecular diagnostics; separation and identification by high resolution technique (eg, capillary electrophoresis) (Deprecated)",Procedure
83912,Molecular diagnostics; interpretation and report (Deprecated),Procedure
83913,Molecular diagnostics; RNA stabilization (Deprecated),Procedure
83914,"Mutation identification by enzymatic ligation or primer extension, single segment, each segment (eg, oligonucleotide ligation assay (OLA), single base chain extension (SBCE), or allele-specific primer extension (ASPE)) (Deprecated)",Procedure
86064,"B cells, total count (Deprecated)",Procedure
86077,"Blood bank physician services; difficult cross match and/or evaluation of irregular antibody(s), interpretation and written report",Measurement
86078,"Blood bank physician services; investigation of transfusion reaction including suspicion of transmissible disease, interpretation and written report",Measurement
86079,"Blood bank physician services; authorization for deviation from standard blood banking procedures (eg, use of outdated blood, transfusion of Rh incompatible units), with written report",Observation
86379,"Natural killer (NK) cells, total count (Deprecated)",Procedure
86587,"Stem cells (ie, CD34), total count (Deprecated)",Procedure
86588,"Streptococcus, screen, direct. (Deprecated)",Procedure
86781,"Antibody; Treponema Pallidum, confirmatory test (eg, FTA-abs) (Deprecated)",Procedure
86890,"Autologous blood or component, collection processing and storage; predeposited",Procedure
86891,"Autologous blood or component, collection processing and storage; intra- or postoperative salvage",Procedure
86900,"Blood typing, serologic; ABO",Measurement
86903,"Blood typing; antigen screening for compatible blood unit using reagent serum, per unit screened (Deprecated)",Procedure
86932,"Frozen blood, each unit; freezing (includes preparation) and thawing",Procedure
86960,"Volume reduction of blood or blood product (eg, red blood cells or platelets), each unit",Procedure
86965,Pooling of platelets or other blood products,Procedure
86970,"Pretreatment of RBCs for use in RBC antibody detection, identification, and/or compatibility testing; incubation with chemical agents or drugs, each",Procedure
86971,"Pretreatment of RBCs for use in RBC antibody detection, identification, and/or compatibility testing; incubation with enzymes, each",Procedure
86972,"Pretreatment of RBCs for use in RBC antibody detection, identification, and/or compatibility testing; by density gradient separation",Procedure
86975,"Pretreatment of serum for use in RBC antibody identification; incubation with drugs, each",Procedure
86977,"Pretreatment of serum for use in RBC antibody identification; incubation with inhibitors, each",Procedure
86978,"Pretreatment of serum for use in RBC antibody identification; by differential red cell absorption using patient RBCs or RBCs of known phenotype, each absorption",Procedure
86985,"Splitting of blood or blood products, each unit",Procedure
86999,Unlisted transfusion medicine procedure,Procedure
87172,"Pinworm exam (eg, cellophane tape prep)",Procedure
88020,"Necropsy (autopsy), gross and microscopic; without CNS",Procedure
88029,"Necropsy (autopsy), gross and microscopic; stillborn or newborn with brain",Procedure
88037,"Necropsy (autopsy), limited, gross and/or microscopic; single organ",Procedure
88099,Unlisted necropsy (autopsy) procedure,Procedure
88107,"Cytopathology, fluids, washings or brushings, except cervical or vaginal; smears and filter preparation with interpretation (Deprecated)",Procedure
88142,"Cytopathology, cervical or vaginal (any reporting system), collected in preservative fluid, automated thin layer preparation; manual screening under physician supervision",Procedure
88147,"Cytopathology smears, cervical or vaginal; screening by automated system under physician supervision",Procedure
88150,"Cytopathology, slides, cervical or vaginal; manual screening under physician supervision",Procedure
88164,"Cytopathology, slides, cervical or vaginal (the Bethesda System); manual screening under physician supervision",Procedure
88174,"Cytopathology, cervical or vaginal (any reporting system), collected in preservative fluid, automated thin layer preparation; screening by automated system, under physician supervision",Procedure
88175,"Cytopathology, cervical or vaginal (any reporting system), collected in preservative fluid, automated thin layer preparation; with screening by automated system and manual rescreening or review, under physician supervision",Procedure
88180,"Flow cytometry; each cell surface, cytoplasmic or nuclear marker (Deprecated)",Procedure
88300,"Level I - Surgical pathology, gross examination only",Measurement
88302,"Level II - Surgical pathology, gross and microscopic examination Appendix, incidental Fallopian tube, sterilization Fingers/toes, amputation, traumatic Foreskin, newborn Hernia sac, any location Hydrocele sac Nerve Skin, plastic repair Sympathetic gang...",Measurement
88304,"Level III - Surgical pathology, gross and microscopic examination Abortion, induced Abscess Aneurysm - arterial/ventricular Anus, tag Appendix, other than incidental Artery, atheromatous plaque Bartholin's gland cyst Bone fragment(s), other than pathol...",Procedure
88305,"Level IV - Surgical pathology, gross and microscopic examination Abortion - spontaneous/missed Artery, biopsy Bone marrow, biopsy Bone exostosis Brain/meninges, other than for tumor resection Breast, biopsy, not requiring microscopic evaluation of surg...",Procedure
88307,"Level V - Surgical pathology, gross and microscopic examination Adrenal, resection Bone - biopsy/curettings Bone fragment(s), pathologic fracture Brain, biopsy Brain/meninges, tumor resection Breast, excision of lesion, requiring microscopic evaluation...",Procedure
88309,"Level VI - Surgical pathology, gross and microscopic examination Bone resection Breast, mastectomy - with regional lymph nodes Colon, segmental resection for tumor Colon, total resection Esophagus, partial/total resection Extremity, disarticulation Fet...",Measurement
88318,"Determinative histochemistry to identify chemical components (eg, copper, zinc) (Deprecated)",Procedure
88323,Consultation and report on referred material requiring preparation of slides,Procedure
88329,Pathology consultation during surgery,Procedure
88331,"Pathology consultation during surgery; first tissue block, with frozen section(s), single specimen",Procedure
88332,Pathology consultation during surgery; each additional tissue block with frozen section(s) (List separately in addition to code for primary procedure),Procedure
88333,"Pathology consultation during surgery; cytologic examination (eg, touch prep, squash prep), initial site",Procedure
88334,"Pathology consultation during surgery; cytologic examination (eg, touch prep, squash prep), each additional site (List separately in addition to code for primary procedure)",Procedure
88385,Array-based evaluation of multiple molecular probes; 51 through 250 probes (Deprecated),Procedure
88386,Array-based evaluation of multiple molecular probes; 251 through 500 probes (Deprecated),Procedure
88399,Unlisted surgical pathology procedure,Procedure
89130,"Gastric intubation and aspiration, diagnostic, each specimen, for chemical analyses or cytopathology (Deprecated)",Procedure
89255,Preparation of embryo for transfer (any method),Procedure
89258,Cryopreservation; embryo(s),Procedure
89260,"Sperm isolation; simple prep (eg, sperm wash and swim-up) for insemination or diagnosis with semen analysis",Procedure
89261,"Sperm isolation; complex prep (eg, Percoll gradient, albumin gradient) for insemination or diagnosis with semen analysis",Procedure
89268,Insemination of oocytes,Procedure
89280,"Assisted oocyte fertilization, microtechnique; less than or equal to 10 oocytes",Procedure
89281,"Assisted oocyte fertilization, microtechnique; greater than 10 oocytes",Procedure
89290,"Biopsy, oocyte polar body or embryo blastomere, microtechnique (for pre-implantation genetic diagnosis); less than or equal to 5 embryos",Procedure
89291,"Biopsy, oocyte polar body or embryo blastomere, microtechnique (for pre-implantation genetic diagnosis); greater than 5 embryos",Procedure
89335,"Cryopreservation, reproductive tissue, testicular",Procedure
89337,"Cryopreservation, mature oocyte(s)",Procedure
89342,Storage (per year); embryo(s),Procedure
89343,Storage (per year); sperm/semen,Procedure
89353,"Thawing of cryopreserved; sperm/semen, each aliquot",Procedure
89354,"Thawing of cryopreserved; reproductive tissue, testicular/ovarian",Procedure
89356,"Thawing of cryopreserved; oocytes, each aliquot",Procedure
89398,Unlisted reproductive medicine laboratory procedure,Procedure
9004F,Aortic aneurysm 6.0 cm or greater maximum diameter on centerline formatted CT or minor diameter on axial formatted CT (NMA-No Measure Associated),Observation
90460,"Immunization administration through 18 years of age via any route of administration, with counseling by physician or other qualified health care professional; first or only component of each vaccine or toxoid administered",Procedure
90461,"Immunization administration through 18 years of age via any route of administration, with counseling by physician or other qualified health care professional; each additional vaccine or toxoid component administered (List separately in addition to code...",Procedure
90467,"Immunization administration under age 8 years (includes intranasal or oral routes of administration) when the physician counsels the patient/family; first administration (single or combination vaccine/toxoid), per day (Deprecated)",Procedure
90471,"Immunization administration (includes percutaneous, intradermal, subcutaneous, or intramuscular injections); 1 vaccine (single or combination vaccine/toxoid)",Procedure
90472,"Immunization administration (includes percutaneous, intradermal, subcutaneous, or intramuscular injections); each additional vaccine (single or combination vaccine/toxoid) (List separately in addition to code for primary procedure)",Procedure
90473,Immunization administration by intranasal or oral route; 1 vaccine (single or combination vaccine/toxoid),Procedure
90474,Immunization administration by intranasal or oral route; each additional vaccine (single or combination vaccine/toxoid) (List separately in addition to code for primary procedure),Procedure
90678,"Respiratory syncytial virus vaccine, preF, subunit, bivalent, for intramuscular use",Drug
90760,"Intravenous infusion, hydration; initial, up to 1 hour (Deprecated)",Procedure
90761,"Intravenous infusion, hydration; each additional hour, up to 8 hours (List separately in addition to code for primary procedure) (Deprecated)",Procedure
90766,"Intravenous infusion, for therapy, prophylaxis, or diagnosis (specify substance or drug); each additional hour, up to 8 hours (List separately in addition to code for primary procedure) (Deprecated)",Procedure
90767,"Intravenous infusion, for therapy, prophylaxis, or diagnosis (specify substance or drug); additional sequential infusion, up to 1 hour (List separately in addition to code for primary procedure) (Deprecated)",Procedure
90772,"Therapeutic, prophylactic or diagnostic injection (specify substance or drug); subcutaneous or intramuscular (Deprecated)",Procedure
90774,"Therapeutic, prophylactic or diagnostic injection (specify substance or drug); intravenous push, single or initial substance/drug (Deprecated)",Procedure
90775,"Therapeutic, prophylactic or diagnostic injection (specify substance or drug); each additional sequential intravenous push of a new substance/drug (List separately in addition to code for primary procedure) (Deprecated)",Procedure
90776,"Therapeutic, prophylactic or diagnostic injection (specify substance or drug); each additional sequential intravenous push of the same substance/drug provided in a facility (List separately in addition to code for primary procedure) (Deprecated)",Procedure
90780,"Intravenous infusion for therapy/diagnosis, administered by physician or under direct supervision of physician; up to one hour (Deprecated)",Procedure
90781,"Intravenous infusion for therapy/diagnosis, administered by physician or under direct supervision of physician; each additional hour, up to eight (8) hours (List separately in addition to code for primary procedure) (Deprecated)",Procedure
90782,"Therapeutic, prophylactic or diagnostic injection (specify material injected); subcutaneous or intramuscular (Deprecated)",Procedure
90784,"Therapeutic, prophylactic or diagnostic injection (specify material injected); intravenous (Deprecated)",Procedure
90785,Interactive complexity (List separately in addition to the code for primary procedure),Procedure
90788,Intramuscular injection of antibiotic (specify) (Deprecated),Procedure
90791,Psychiatric diagnostic evaluation,Procedure
90792,Psychiatric diagnostic evaluation with medical services,Procedure
90799,"Unlisted therapeutic, prophylactic or diagnostic injection (Deprecated)",Procedure
90801,Psychiatric diagnostic interview examination (Deprecated),Procedure
90802,"Interactive psychiatric diagnostic interview examination using play equipment, physical devices, language interpreter, or other mechanisms of communication (Deprecated)",Procedure
90816,"Individual psychotherapy, insight oriented, behavior modifying and/or supportive, in an inpatient hospital, partial hospital or residential care setting, approximately 20 to 30 minutes face-to-face with the patient (Deprecated)",Procedure
90817,"Individual psychotherapy, insight oriented, behavior modifying and/or supportive, in an inpatient hospital, partial hospital or residential care setting, approximately 20 to 30 minutes face-to-face with the patient; with medical evaluation... (Deprecated)",Procedure
90818,"Individual psychotherapy, insight oriented, behavior modifying and/or supportive, in an inpatient hospital, partial hospital or residential care setting, approximately 45 to 50 minutes face-to-face with the patient (Deprecated)",Procedure
90819,"Individual psychotherapy, insight oriented, behavior modifying and/or supportive, in an inpatient hospital, partial hospital or residential care setting, approximately 45 to 50 minutes face-to-face with the patient; with medical evaluation... (Deprecated)",Procedure
90821,"Individual psychotherapy, insight oriented, behavior modifying and/or supportive, in an inpatient hospital, partial hospital or residential care setting, approximately 75 to 80 minutes face-to-face with the patient (Deprecated)",Procedure
90832,"Psychotherapy, 30 minutes with patient",Procedure
90833,"Psychotherapy, 30 minutes with patient when performed with an evaluation and management service (List separately in addition to the code for primary procedure)",Procedure
90834,"Psychotherapy, 45 minutes with patient",Procedure
90836,"Psychotherapy, 45 minutes with patient when performed with an evaluation and management service (List separately in addition to the code for primary procedure)",Procedure
90837,"Psychotherapy, 60 minutes with patient",Procedure
90838,"Psychotherapy, 60 minutes with patient when performed with an evaluation and management service (List separately in addition to the code for primary procedure)",Procedure
90839,Psychotherapy for crisis; first 60 minutes,Procedure
90840,Psychotherapy for crisis; each additional 30 minutes (List separately in addition to code for primary service),Procedure
90846,"Family psychotherapy (without the patient present), 50 minutes",Procedure
90847,"Family psychotherapy (conjoint psychotherapy) (with patient present), 50 minutes",Procedure
90853,Group psychotherapy (other than of a multiple-family group),Procedure
90862,"Pharmacologic management, including prescription, use, and review of medication with no more than minimal medical psychotherapy (Deprecated)",Procedure
90863,"Pharmacologic management, including prescription and review of medication, when performed with psychotherapy services (List separately in addition to the code for primary procedure)",Procedure
90867,"Therapeutic repetitive transcranial magnetic stimulation (TMS) treatment; initial, including cortical mapping, motor threshold determination, delivery and management",Procedure
90868,"Therapeutic repetitive transcranial magnetic stimulation (TMS) treatment; subsequent delivery and management, per session",Procedure
90870,Electroconvulsive therapy (includes necessary monitoring),Procedure
90875,"Individual psychophysiological therapy incorporating biofeedback training by any modality (face-to-face with the patient), with psychotherapy (eg, insight oriented, behavior modifying or supportive psychotherapy); 30 minutes",Procedure
90887,"Interpretation or explanation of results of psychiatric, other medical examinations and procedures, or other accumulated data to family or other responsible persons, or advising them how to assist patient",Procedure
90899,Unlisted psychiatric service or procedure,Procedure
90911,"Biofeedback training, perineal muscles, anorectal or urethral sphincter, including EMG and/or manometry (Deprecated)",Procedure
90912,"Biofeedback training, perineal muscles, anorectal or urethral sphincter, including EMG and/or manometry, when performed; initial 15 minutes of one-on-one physician or other qualified health care professional contact with the patient",Procedure
90935,Hemodialysis procedure with single evaluation by a physician or other qualified health care professional,Procedure
90937,Hemodialysis procedure requiring repeated evaluation(s) with or without substantial revision of dialysis prescription,Procedure
90940,Hemodialysis access flow study to determine blood flow in grafts and arteriovenous fistulae by an indicator method,Procedure
90945,"Dialysis procedure other than hemodialysis (eg, peritoneal dialysis, hemofiltration, or other continuous renal replacement therapies), with single evaluation by a physician or other qualified health care professional",Procedure
90947,"Dialysis procedure other than hemodialysis (eg, peritoneal dialysis, hemofiltration, or other continuous renal replacement therapies) requiring repeated evaluations by a physician or other qualified health care professional, with or without substantial...",Procedure
90964,"End-stage renal disease (ESRD) related services for home dialysis per full month, for patients 2-11 years of age to include monitoring for the adequacy of nutrition, assessment of growth and development, and counseling of parents",Observation
90965,"End-stage renal disease (ESRD) related services for home dialysis per full month, for patients 12-19 years of age to include monitoring for the adequacy of nutrition, assessment of growth and development, and counseling of parents",Observation
90989,"Dialysis training, patient, including helper where applicable, any mode, completed course",Observation
90993,"Dialysis training, patient, including helper where applicable, any mode, course not completed, per training session",Observation
90999,"Unlisted dialysis procedure, inpatient or outpatient",Procedure
91013,"Esophageal motility (manometric study of the esophagus and/or gastroesophageal junction) study with interpretation and report; with stimulation or perfusion (eg, stimulant, acid or alkali perfusion) (List separately in addition to code for primary proc...",Procedure
91020,Gastric motility (manometric) studies,Procedure
91033,"Esophagus, acid reflux test, with intraluminal pH electrode for detection of gastroesophageal reflux; prolonged recording (Deprecated)",Procedure
91034,"Esophagus, gastroesophageal reflux test; with nasal catheter pH electrode(s) placement, recording, analysis and interpretation",Procedure
91035,"Esophagus, gastroesophageal reflux test; with mucosal attached telemetry pH electrode placement, recording, analysis and interpretation",Procedure
91037,"Esophageal function test, gastroesophageal reflux test with nasal catheter intraluminal impedance electrode(s) placement, recording, analysis and interpretation",Procedure
91038,"Esophageal function test, gastroesophageal reflux test with nasal catheter intraluminal impedance electrode(s) placement, recording, analysis and interpretation; prolonged (greater than 1 hour, up to 24 hours)",Procedure
91052,"Gastric analysis test with injection of stimulant of gastric secretion (eg, histamine, insulin, pentagastrin, calcium and secretin) (Deprecated)",Procedure
91065,"Breath hydrogen or methane test (eg, for detection of lactase deficiency, fructose intolerance, bacterial overgrowth, or oro-cecal gastrointestinal transit)",Procedure
91105,"Gastric intubation, and aspiration or lavage for treatment (eg, for ingested poisons) (Deprecated)",Procedure
91110,"Gastrointestinal tract imaging, intraluminal (eg, capsule endoscopy), esophagus through ileum, with interpretation and report",Procedure
91111,"Gastrointestinal tract imaging, intraluminal (eg, capsule endoscopy), esophagus with interpretation and report",Procedure
91112,"Gastrointestinal transit and pressure measurement, stomach through colon, wireless capsule, with interpretation and report",Procedure
91113,"Gastrointestinal tract imaging, intraluminal (eg, capsule endoscopy), colon, with interpretation and report",Procedure
91120,"Rectal sensation, tone, and compliance test (ie, response to graded balloon distention)",Procedure
91122,Anorectal manometry,Procedure
91132,"Electrogastrography, diagnostic, transcutaneous",Procedure
91200,"Liver elastography, mechanically induced shear wave (eg, vibration), without imaging, with interpretation and report",Procedure
91299,Unlisted diagnostic gastroenterology procedure,Procedure
92015,Determination of refractive state,Procedure
92018,"Ophthalmological examination and evaluation, under general anesthesia, with or without manipulation of globe for passive range of motion or other manipulation to facilitate diagnostic examination; complete",Procedure
92019,"Ophthalmological examination and evaluation, under general anesthesia, with or without manipulation of globe for passive range of motion or other manipulation to facilitate diagnostic examination; limited",Procedure
92025,"Computerized corneal topography, unilateral or bilateral, with interpretation and report",Procedure
92060,"Sensorimotor examination with multiple measurements of ocular deviation (eg, restrictive or paretic muscle with diplopia) with interpretation and report (separate procedure)",Procedure
92071,Fitting of contact lens for treatment of ocular surface disease,Procedure
92072,"Fitting of contact lens for management of keratoconus, initial fitting",Procedure
92081,"Visual field examination, unilateral or bilateral, with interpretation and report; limited examination (eg, tangent screen, Autoplot, arc perimeter, or single stimulus level automated test, such as Octopus 3 or 7 equivalent)",Procedure
92082,"Visual field examination, unilateral or bilateral, with interpretation and report; intermediate examination (eg, at least 2 isopters on Goldmann perimeter, or semiquantitative, automated suprathreshold screening program, Humphrey suprathreshold automat...",Procedure
92083,"Visual field examination, unilateral or bilateral, with interpretation and report; extended examination (eg, Goldmann visual fields with at least 3 isopters plotted and static determination within the central 30°, or quantitative, automated threshold p...",Procedure
92100,"Serial tonometry (separate procedure) with multiple measurements of intraocular pressure over an extended time period with interpretation and report, same day (eg, diurnal curve or medical treatment of acute elevation of intraocular pressure)",Procedure
92132,"Computerized ophthalmic diagnostic imaging (eg, optical coherence tomography [OCT]), anterior segment, with interpretation and report, unilateral or bilateral",Procedure
92133,"Computerized ophthalmic diagnostic imaging (eg, optical coherence tomography [OCT]), posterior segment, with interpretation and report, unilateral or bilateral; optic nerve",Procedure
92134,"Computerized ophthalmic diagnostic imaging (eg, optical coherence tomography [OCT]), posterior segment, with interpretation and report, unilateral or bilateral; retina",Procedure
92135,"Scanning computerized ophthalmic diagnostic imaging (eg, scanning laser) with interpretation and report, unilateral (Deprecated)",Procedure
92136,Ophthalmic biometry by partial coherence interferometry with intraocular lens power calculation,Procedure
92140,"Provocative tests for glaucoma, with interpretation and report, without tonography (Deprecated)",Procedure
92201,"Ophthalmoscopy, extended; with retinal drawing and scleral depression of peripheral retinal disease (eg, for retinal tear, retinal detachment, retinal tumor) with interpretation and report, unilateral or bilateral",Procedure
92202,"Ophthalmoscopy, extended; with drawing of optic nerve or macula (eg, for glaucoma, macular pathology, tumor) with interpretation and report, unilateral or bilateral",Procedure
92225,"Ophthalmoscopy, extended, with retinal drawing (eg, for retinal detachment, melanoma), with interpretation and report; initial (Deprecated)",Procedure
92226,"Ophthalmoscopy, extended, with retinal drawing (eg, for retinal detachment, melanoma), with interpretation and report; subsequent (Deprecated)",Procedure
92227,"Imaging of retina for detection or monitoring of disease; with remote clinical staff review and report, unilateral or bilateral",Procedure
92228,"Imaging of retina for detection or monitoring of disease; with remote physician or other qualified health care professional interpretation and report, unilateral or bilateral",Procedure
92242,"Fluorescein angiography and indocyanine-green angiography (includes multiframe imaging) performed at the same patient encounter with interpretation and report, unilateral or bilateral",Procedure
92250,Fundus photography with interpretation and report,Procedure
92265,"Needle oculoelectromyography, 1 or more extraocular muscles, 1 or both eyes, with interpretation and report",Procedure
92270,Electro-oculography with interpretation and report,Procedure
92273,"Electroretinography (ERG), with interpretation and report; full field (ie, ffERG, flash ERG, Ganzfeld ERG)",Procedure
92274,"Electroretinography (ERG), with interpretation and report; multifocal (mfERG)",Procedure
92275,Electroretinography with interpretation and report (Deprecated),Procedure
92284,Diagnostic dark adaptation examination with interpretation and report,Procedure
92285,"External ocular photography with interpretation and report for documentation of medical progress (eg, close-up photography, slit lamp photography, goniophotography, stereo-photography)",Procedure
92286,Anterior segment imaging with interpretation and report; with specular microscopy and endothelial cell analysis,Procedure
92287,Anterior segment imaging with interpretation and report; with fluorescein angiography,Procedure
92310,"Prescription of optical and physical characteristics of and fitting of contact lens, with medical supervision of adaptation; corneal lens, both eyes, except for aphakia",Procedure
92311,"Prescription of optical and physical characteristics of and fitting of contact lens, with medical supervision of adaptation; corneal lens for aphakia, 1 eye",Procedure
92312,"Prescription of optical and physical characteristics of and fitting of contact lens, with medical supervision of adaptation; corneal lens for aphakia, both eyes",Procedure
92313,"Prescription of optical and physical characteristics of and fitting of contact lens, with medical supervision of adaptation; corneoscleral lens",Procedure
92314,"Prescription of optical and physical characteristics of contact lens, with medical supervision of adaptation and direction of fitting by independent technician; corneal lens, both eyes except for aphakia",Procedure
92499,Unlisted ophthalmological service or procedure,Procedure
92506,"Evaluation of speech, language, voice, communication, auditory processing, and/or aural rehabilitation status (Deprecated)",Procedure
92507,"Treatment of speech, language, voice, communication, and/or auditory processing disorder; individual",Procedure
92508,"Treatment of speech, language, voice, communication, and/or auditory processing disorder; group, 2 or more individuals",Procedure
92511,Nasopharyngoscopy with endoscope (separate procedure),Procedure
92517,"Vestibular evoked myogenic potential (VEMP) testing, with interpretation and report; cervical (cVEMP)",Procedure
92519,"Vestibular evoked myogenic potential (VEMP) testing, with interpretation and report; cervical (cVEMP) and ocular (oVEMP)",Procedure
92522,"Evaluation of speech sound production (eg, articulation, phonological process, apraxia, dysarthria)",Procedure
92523,"Evaluation of speech sound production (eg, articulation, phonological process, apraxia, dysarthria); with evaluation of language comprehension and expression (eg, receptive and expressive language)",Procedure
92524,Behavioral and qualitative analysis of voice and resonance,Procedure
92533,"Caloric vestibular test, each irrigation (binaural, bithermal stimulation constitutes 4 tests)",Procedure
92537,"Caloric vestibular test with recording, bilateral; bithermal (ie, one warm and one cool irrigation in each ear for a total of four irrigations)",Procedure
92538,"Caloric vestibular test with recording, bilateral; monothermal (ie, one irrigation in each ear for a total of two irrigations)",Procedure
92540,"Basic vestibular evaluation, includes spontaneous nystagmus test with eccentric gaze fixation nystagmus, with recording, positional nystagmus test, minimum of 4 positions, with recording, optokinetic nystagmus test, bidirectional foveal and peripheral...",Procedure
92541,"Spontaneous nystagmus test, including gaze and fixation nystagmus, with recording",Procedure
92542,"Positional nystagmus test, minimum of 4 positions, with recording",Procedure
92543,"Caloric vestibular test, each irrigation (binaural, bithermal stimulation constitutes 4 tests), with recording (Deprecated)",Procedure
92544,"Optokinetic nystagmus test, bidirectional, foveal or peripheral stimulation, with recording",Procedure
92546,Sinusoidal vertical axis rotational testing,Procedure
92547,Use of vertical electrodes (List separately in addition to code for primary procedure),Procedure
92548,"Computerized dynamic posturography sensory organization test (CDP-SOT), 6 conditions (ie, eyes open, eyes closed, visual sway, platform sway, eyes closed platform sway, platform and visual sway), including interpretation and report",Procedure
92550,Tympanometry and reflex threshold measurements,Procedure
92551,"Screening test, pure tone, air only",Procedure
92552,Pure tone audiometry (threshold); air only,Procedure
92553,Pure tone audiometry (threshold); air and bone,Procedure
92555,Speech audiometry threshold,Procedure
92556,Speech audiometry threshold; with speech recognition,Procedure
92557,Comprehensive audiometry threshold evaluation and speech recognition (92553 and 92556 combined),Procedure
92558,"Evoked otoacoustic emissions, screening (qualitative measurement of distortion product or transient evoked otoacoustic emissions), automated analysis",Procedure
92565,"Stenger test, pure tone",Procedure
92570,"Acoustic immittance testing, includes tympanometry (impedance testing), acoustic reflex threshold testing, and acoustic reflex decay testing",Procedure
92571,Filtered speech test,Procedure
92585,Auditory evoked potentials for evoked response audiometry and/or testing of the central nervous system; comprehensive (Deprecated),Procedure
92586,Auditory evoked potentials for evoked response audiometry and/or testing of the central nervous system; limited (Deprecated),Procedure
92587,"Distortion product evoked otoacoustic emissions; limited evaluation (to confirm the presence or absence of hearing disorder, 3-6 frequencies) or transient evoked otoacoustic emissions, with interpretation and report",Procedure
92588,"Distortion product evoked otoacoustic emissions; comprehensive diagnostic evaluation (quantitative analysis of outer hair cell function by cochlear mapping, minimum of 12 frequencies), with interpretation and report",Procedure
92590,Hearing aid examination and selection; monaural,Procedure
92591,Hearing aid examination and selection; binaural,Procedure
92592,Hearing aid check; monaural,Procedure
92593,Hearing aid check; binaural,Procedure
92594,Electroacoustic evaluation for hearing aid; monaural,Procedure
92597,Evaluation for use and/or fitting of voice prosthetic device to supplement oral speech,Procedure
92601,"Diagnostic analysis of cochlear implant, patient younger than 7 years of age; with programming",Procedure
92602,"Diagnostic analysis of cochlear implant, patient younger than 7 years of age; subsequent reprogramming",Procedure
92603,"Diagnostic analysis of cochlear implant, age 7 years or older; with programming",Procedure
92604,"Diagnostic analysis of cochlear implant, age 7 years or older; subsequent reprogramming",Procedure
92605,"Evaluation for prescription of non-speech-generating augmentative and alternative communication device, face-to-face with the patient; first hour",Procedure
92607,"Evaluation for prescription for speech-generating augmentative and alternative communication device, face-to-face with the patient; first hour",Procedure
92608,"Evaluation for prescription for speech-generating augmentative and alternative communication device, face-to-face with the patient; each additional 30 minutes (List separately in addition to code for primary procedure)",Procedure
92611,Motion fluoroscopic evaluation of swallowing function by cine or video recording,Procedure
92612,Flexible endoscopic evaluation of swallowing by cine or video recording,Procedure
92613,Flexible endoscopic evaluation of swallowing by cine or video recording; interpretation and report only,Procedure
92616,Flexible endoscopic evaluation of swallowing and laryngeal sensory testing by cine or video recording,Procedure
92617,Flexible endoscopic evaluation of swallowing and laryngeal sensory testing by cine or video recording; interpretation and report only,Procedure
92620,"Evaluation of central auditory function, with report; initial 60 minutes",Procedure
92621,"Evaluation of central auditory function, with report; each additional 15 minutes (List separately in addition to code for primary procedure)",Procedure
92626,Evaluation of auditory function for surgically implanted device(s) candidacy or postoperative status of a surgically implanted device(s); first hour,Procedure
92627,Evaluation of auditory function for surgically implanted device(s) candidacy or postoperative status of a surgically implanted device(s); each additional 15 minutes (List separately in addition to code for primary procedure),Procedure
92630,Auditory rehabilitation; prelingual hearing loss,Procedure
92640,"Diagnostic analysis with programming of auditory brainstem implant, per hour",Procedure
92650,"Auditory evoked potentials; screening of auditory potential with broadband stimuli, automated analysis",Procedure
92652,"Auditory evoked potentials; for threshold estimation at multiple frequencies, with interpretation and report",Procedure
92653,"Auditory evoked potentials; neurodiagnostic, with interpretation and report",Procedure
92700,Unlisted otorhinolaryngological service or procedure,Procedure
92920,Percutaneous transluminal coronary angioplasty; single major coronary artery or branch,Procedure
92921,Percutaneous transluminal coronary angioplasty; each additional branch of a major coronary artery (List separately in addition to code for primary procedure),Procedure
92924,"Percutaneous transluminal coronary atherectomy, with coronary angioplasty when performed; single major coronary artery or branch",Procedure
92925,"Percutaneous transluminal coronary atherectomy, with coronary angioplasty when performed; each additional branch of a major coronary artery (List separately in addition to code for primary procedure)",Procedure
92928,"Percutaneous transcatheter placement of intracoronary stent(s), with coronary angioplasty when performed; single major coronary artery or branch",Procedure
92929,"Percutaneous transcatheter placement of intracoronary stent(s), with coronary angioplasty when performed; each additional branch of a major coronary artery (List separately in addition to code for primary procedure)",Procedure
92933,"Percutaneous transluminal coronary atherectomy, with intracoronary stent, with coronary angioplasty when performed; single major coronary artery or branch",Procedure
92934,"Percutaneous transluminal coronary atherectomy, with intracoronary stent, with coronary angioplasty when performed; each additional branch of a major coronary artery (List separately in addition to code for primary procedure)",Procedure
92937,"Percutaneous transluminal revascularization of or through coronary artery bypass graft (internal mammary, free arterial, venous), any combination of intracoronary stent, atherectomy and angioplasty, including distal protection when performed; single ve...",Procedure
92938,"Percutaneous transluminal revascularization of or through coronary artery bypass graft (internal mammary, free arterial, venous), any combination of intracoronary stent, atherectomy and angioplasty, including distal protection when performed; each addi...",Procedure
92941,"Percutaneous transluminal revascularization of acute total/subtotal occlusion during acute myocardial infarction, coronary artery or coronary artery bypass graft, any combination of intracoronary stent, atherectomy and angioplasty, including aspiration...",Procedure
92943,"Percutaneous transluminal revascularization of chronic total occlusion, coronary artery, coronary artery branch, or coronary artery bypass graft, any combination of intracoronary stent, atherectomy and angioplasty; single vessel",Procedure
92944,"Percutaneous transluminal revascularization of chronic total occlusion, coronary artery, coronary artery branch, or coronary artery bypass graft, any combination of intracoronary stent, atherectomy and angioplasty; each additional coronary artery, coro...",Procedure
92960,"Cardioversion, elective, electrical conversion of arrhythmia; external",Procedure
92961,"Cardioversion, elective, electrical conversion of arrhythmia; internal (separate procedure)",Procedure
92973,Percutaneous transluminal coronary thrombectomy mechanical (List separately in addition to code for primary procedure),Procedure
92974,Transcatheter placement of radiation delivery device for subsequent coronary intravascular brachytherapy (List separately in addition to code for primary procedure),Procedure
92975,"Thrombolysis, coronary; by intracoronary infusion, including selective coronary angiography",Procedure
92978,"Endoluminal imaging of coronary vessel or graft using intravascular ultrasound (IVUS) or optical coherence tomography (OCT) during diagnostic evaluation and/or therapeutic intervention including imaging supervision, interpretation and report; initial v...",Procedure
92979,"Endoluminal imaging of coronary vessel or graft using intravascular ultrasound (IVUS) or optical coherence tomography (OCT) during diagnostic evaluation and/or therapeutic intervention including imaging supervision, interpretation and report; each addi...",Procedure
92980,"Transcatheter placement of an intracoronary stent(s), percutaneous, with or without other therapeutic intervention, any method; single vessel (Deprecated)",Procedure
92981,"Transcatheter placement of an intracoronary stent(s), percutaneous, with or without other therapeutic intervention, any method; each additional vessel (List separately in addition to code for primary procedure) (Deprecated)",Procedure
92982,Percutaneous transluminal coronary balloon angioplasty; single vessel (Deprecated),Procedure
92984,Percutaneous transluminal coronary balloon angioplasty; each additional vessel (List separately in addition to code for primary procedure) (Deprecated),Procedure
92986,Percutaneous balloon valvuloplasty; aortic valve,Procedure
92987,Percutaneous balloon valvuloplasty; mitral valve,Procedure
92990,Percutaneous balloon valvuloplasty; pulmonary valve,Procedure
92992,"Atrial septectomy or septostomy; transvenous method, balloon (eg, Rashkind type) (includes cardiac catheterization) (Deprecated)",Procedure
92993,Atrial septectomy or septostomy; blade method (Park septostomy) (includes cardiac catheterization) (Deprecated),Procedure
92995,"Percutaneous transluminal coronary atherectomy, by mechanical or other method, with or without balloon angioplasty; single vessel (Deprecated)",Procedure
92996,"Percutaneous transluminal coronary atherectomy, by mechanical or other method, with or without balloon angioplasty; each additional vessel (List separately in addition to code for primary procedure) (Deprecated)",Procedure
92997,Percutaneous transluminal pulmonary artery balloon angioplasty; single vessel,Procedure
92998,Percutaneous transluminal pulmonary artery balloon angioplasty; each additional vessel (List separately in addition to code for primary procedure),Procedure
93000,"Electrocardiogram, routine ECG with at least 12 leads; with interpretation and report",Procedure
93005,"Electrocardiogram, routine ECG with at least 12 leads; tracing only, without interpretation and report",Procedure
93010,"Electrocardiogram, routine ECG with at least 12 leads; interpretation and report only",Procedure
93014,"Telephonic transmission of post-symptom electrocardiogram rhythm strip(s), per 30 day period of time; physician review with interpretation and report only (Deprecated)",Observation
93015,"Cardiovascular stress test using maximal or submaximal treadmill or bicycle exercise, continuous electrocardiographic monitoring, and/or pharmacological stress; with supervision, interpretation and report",Procedure
93016,"Cardiovascular stress test using maximal or submaximal treadmill or bicycle exercise, continuous electrocardiographic monitoring, and/or pharmacological stress; supervision only, without interpretation and report",Procedure
93017,"Cardiovascular stress test using maximal or submaximal treadmill or bicycle exercise, continuous electrocardiographic monitoring, and/or pharmacological stress; tracing only, without interpretation and report",Procedure
93018,"Cardiovascular stress test using maximal or submaximal treadmill or bicycle exercise, continuous electrocardiographic monitoring, and/or pharmacological stress; interpretation and report only",Procedure
93025,Microvolt T-wave alternans for assessment of ventricular arrhythmias,Procedure
93040,"Rhythm ECG, 1-3 leads; with interpretation and report",Procedure
93041,"Rhythm ECG, 1-3 leads; tracing only without interpretation and report",Procedure
93042,"Rhythm ECG, 1-3 leads; interpretation and report only",Procedure
93050,"Arterial pressure waveform analysis for assessment of central arterial pressures, includes obtaining waveform(s), digitization and application of nonlinear mathematical transformations to determine central arterial pressures and augmentation index, wit...",Procedure
93224,"External electrocardiographic recording up to 48 hours by continuous rhythm recording and storage; includes recording, scanning analysis with report, review and interpretation by a physician or other qualified health care professional",Procedure
93225,"External electrocardiographic recording up to 48 hours by continuous rhythm recording and storage; recording (includes connection, recording, and disconnection)",Procedure
93226,External electrocardiographic recording up to 48 hours by continuous rhythm recording and storage; scanning analysis with report,Procedure
93227,External electrocardiographic recording up to 48 hours by continuous rhythm recording and storage; review and interpretation by a physician or other qualified health care professional,Procedure
93229,"External mobile cardiovascular telemetry with electrocardiographic recording, concurrent computerized real time data analysis and greater than 24 hours of accessible ECG data storage (retrievable with query) with ECG triggered and patient selected even...",Procedure
93230,"Electrocardiographic monitoring for 24 hours by continuous original ECG waveform recording and storage without superimposition scanning utilizing a device capable of producing a full miniaturized printout; includes recording, microprocesso... (Deprecated)",Procedure
93231,"Electrocardiographic monitoring for 24 hours by continuous original ECG waveform recording and storage without superimposition scanning utilizing a device capable of producing a full miniaturized printout; recording (includes hook-up, reco... (Deprecated)",Procedure
93233,Electrocardiographic monitoring for 24 hours by continuous original ECG waveform recording and storage without superimposition scanning utilizing a device capable of producing a full miniaturized printout; physician review and interpretation (Deprecated),Procedure
93235,"Electrocardiographic monitoring for 24 hours by continuous computerized monitoring and non-continuous recording, and real-time data analysis utilizing a device capable of producing intermittent full-sized waveform tracings, possibly patien... (Deprecated)",Procedure
93237,"Electrocardiographic monitoring for 24 hours by continuous computerized monitoring and non-continuous recording, and real-time data analysis utilizing a device capable of producing intermittent full-sized waveform tracings, possibly patien... (Deprecated)",Procedure
93241,"External electrocardiographic recording for more than 48 hours up to 7 days by continuous rhythm recording and storage; includes recording, scanning analysis with report, review and interpretation",Procedure
93242,External electrocardiographic recording for more than 48 hours up to 7 days by continuous rhythm recording and storage; recording (includes connection and initial recording),Procedure
93243,External electrocardiographic recording for more than 48 hours up to 7 days by continuous rhythm recording and storage; scanning analysis with report,Procedure
93244,External electrocardiographic recording for more than 48 hours up to 7 days by continuous rhythm recording and storage; review and interpretation,Procedure
93245,"External electrocardiographic recording for more than 7 days up to 15 days by continuous rhythm recording and storage; includes recording, scanning analysis with report, review and interpretation",Procedure
93246,External electrocardiographic recording for more than 7 days up to 15 days by continuous rhythm recording and storage; recording (includes connection and initial recording),Procedure
93248,External electrocardiographic recording for more than 7 days up to 15 days by continuous rhythm recording and storage; review and interpretation,Procedure
93260,"Programming device evaluation (in person) with iterative adjustment of the implantable device to test the function of the device and select optimal permanent programmed values with analysis, review and report by a physician or other qualified health ca...",Procedure
93261,"Interrogation device evaluation (in person) with analysis, review and report by a physician or other qualified health care professional, includes connection, recording and disconnection per patient encounter; implantable subcutaneous lead defibrillator...",Procedure
93268,"External patient and, when performed, auto activated electrocardiographic rhythm derived event recording with symptom-related memory loop with remote download capability up to 30 days, 24-hour attended monitoring; includes transmission, review and inte...",Procedure
93270,"External patient and, when performed, auto activated electrocardiographic rhythm derived event recording with symptom-related memory loop with remote download capability up to 30 days, 24-hour attended monitoring; recording (includes connection, record...",Procedure
93271,"External patient and, when performed, auto activated electrocardiographic rhythm derived event recording with symptom-related memory loop with remote download capability up to 30 days, 24-hour attended monitoring; transmission and analysis",Procedure
93272,"External patient and, when performed, auto activated electrocardiographic rhythm derived event recording with symptom-related memory loop with remote download capability up to 30 days, 24-hour attended monitoring; review and interpretation by a physici...",Procedure
93279,"Programming device evaluation (in person) with iterative adjustment of the implantable device to test the function of the device and select optimal permanent programmed values with analysis, review and report by a physician or other qualified health ca...",Procedure
93280,"Programming device evaluation (in person) with iterative adjustment of the implantable device to test the function of the device and select optimal permanent programmed values with analysis, review and report by a physician or other qualified health ca...",Procedure
93281,"Programming device evaluation (in person) with iterative adjustment of the implantable device to test the function of the device and select optimal permanent programmed values with analysis, review and report by a physician or other qualified health ca...",Procedure
93282,"Programming device evaluation (in person) with iterative adjustment of the implantable device to test the function of the device and select optimal permanent programmed values with analysis, review and report by a physician or other qualified health ca...",Procedure
93283,"Programming device evaluation (in person) with iterative adjustment of the implantable device to test the function of the device and select optimal permanent programmed values with analysis, review and report by a physician or other qualified health ca...",Procedure
93284,"Programming device evaluation (in person) with iterative adjustment of the implantable device to test the function of the device and select optimal permanent programmed values with analysis, review and report by a physician or other qualified health ca...",Procedure
93285,"Programming device evaluation (in person) with iterative adjustment of the implantable device to test the function of the device and select optimal permanent programmed values with analysis, review and report by a physician or other qualified health ca...",Procedure
93286,"Peri-procedural device evaluation (in person) and programming of device system parameters before or after a surgery, procedure, or test with analysis, review and report by a physician or other qualified health care professional; single, dual, or multip...",Procedure
93287,"Peri-procedural device evaluation (in person) and programming of device system parameters before or after a surgery, procedure, or test with analysis, review and report by a physician or other qualified health care professional; single, dual, or multip...",Procedure
93288,"Interrogation device evaluation (in person) with analysis, review and report by a physician or other qualified health care professional, includes connection, recording and disconnection per patient encounter; single, dual, or multiple lead pacemaker sy...",Procedure
93289,"Interrogation device evaluation (in person) with analysis, review and report by a physician or other qualified health care professional, includes connection, recording and disconnection per patient encounter; single, dual, or multiple lead transvenous...",Procedure
93290,"Interrogation device evaluation (in person) with analysis, review and report by a physician or other qualified health care professional, includes connection, recording and disconnection per patient encounter; implantable cardiovascular physiologic moni...",Procedure
93291,"Interrogation device evaluation (in person) with analysis, review and report by a physician or other qualified health care professional, includes connection, recording and disconnection per patient encounter; subcutaneous cardiac rhythm monitor system,...",Procedure
93292,"Interrogation device evaluation (in person) with analysis, review and report by a physician or other qualified health care professional, includes connection, recording and disconnection per patient encounter; wearable defibrillator system",Procedure
93293,"Transtelephonic rhythm strip pacemaker evaluation(s) single, dual, or multiple lead pacemaker system, includes recording with and without magnet application with analysis, review and report(s) by a physician or other qualified health care professional,...",Procedure
93294,"Interrogation device evaluation(s) (remote), up to 90 days; single, dual, or multiple lead pacemaker system, or leadless pacemaker system with interim analysis, review(s) and report(s) by a physician or other qualified health care professional",Procedure
93295,"Interrogation device evaluation(s) (remote), up to 90 days; single, dual, or multiple lead implantable defibrillator system with interim analysis, review(s) and report(s) by a physician or other qualified health care professional",Procedure
93296,"Interrogation device evaluation(s) (remote), up to 90 days; single, dual, or multiple lead pacemaker system, leadless pacemaker system, or implantable defibrillator system, remote data acquisition(s), receipt of transmissions and technician review, tec...",Procedure
93297,"Interrogation device evaluation(s), (remote) up to 30 days; implantable cardiovascular physiologic monitor system, including analysis of 1 or more recorded physiologic cardiovascular data elements from all internal and external sensors, analysis, revie...",Procedure
93298,"Interrogation device evaluation(s), (remote) up to 30 days; subcutaneous cardiac rhythm monitor system, including analysis of recorded heart rhythm data, analysis, review(s) and report(s) by a physician or other qualified health care professional",Procedure
93299,"Interrogation device evaluation(s), (remote) up to 30 days; implantable cardiovascular physiologic monitor system or subcutaneous cardiac rhythm monitor system, remote data acquisition(s), receipt of transmissions and technician review, te... (Deprecated)",Procedure
93303,Transthoracic echocardiography for congenital cardiac anomalies; complete,Procedure
93304,Transthoracic echocardiography for congenital cardiac anomalies; follow-up or limited study,Procedure
93306,"Echocardiography, transthoracic, real-time with image documentation (2D), includes M-mode recording, when performed, complete, with spectral Doppler echocardiography, and with color flow Doppler echocardiography",Procedure
93307,"Echocardiography, transthoracic, real-time with image documentation (2D), includes M-mode recording, when performed, complete, without spectral or color Doppler echocardiography",Procedure
93308,"Echocardiography, transthoracic, real-time with image documentation (2D), includes M-mode recording, when performed, follow-up or limited study",Procedure
93312,"Echocardiography, transesophageal, real-time with image documentation (2D) (with or without M-mode recording); including probe placement, image acquisition, interpretation and report",Procedure
93313,"Echocardiography, transesophageal, real-time with image documentation (2D) (with or without M-mode recording); placement of transesophageal probe only",Procedure
93314,"Echocardiography, transesophageal, real-time with image documentation (2D) (with or without M-mode recording); image acquisition, interpretation and report only",Procedure
93315,"Transesophageal echocardiography for congenital cardiac anomalies; including probe placement, image acquisition, interpretation and report",Procedure
93316,Transesophageal echocardiography for congenital cardiac anomalies; placement of transesophageal probe only,Procedure
93317,"Transesophageal echocardiography for congenital cardiac anomalies; image acquisition, interpretation and report only",Procedure
93318,"Echocardiography, transesophageal (TEE) for monitoring purposes, including probe placement, real time 2-dimensional image acquisition and interpretation leading to ongoing (continuous) assessment of (dynamically changing) cardiac pumping function and t...",Procedure
93319,"3D echocardiographic imaging and postprocessing during transesophageal echocardiography, or during transthoracic echocardiography for congenital cardiac anomalies, for the assessment of cardiac structure(s) (eg, cardiac chambers and valves, left atrial...",Procedure
93320,"Doppler echocardiography, pulsed wave and/or continuous wave with spectral display (List separately in addition to codes for echocardiographic imaging); complete",Procedure
93321,"Doppler echocardiography, pulsed wave and/or continuous wave with spectral display (List separately in addition to codes for echocardiographic imaging); follow-up or limited study (List separately in addition to codes for echocardiographic imaging)",Procedure
93350,"Echocardiography, transthoracic, real-time with image documentation (2D), includes M-mode recording, when performed, during rest and cardiovascular stress test using treadmill, bicycle exercise and/or pharmacologically induced stress, with interpretati...",Procedure
93351,"Echocardiography, transthoracic, real-time with image documentation (2D), includes M-mode recording, when performed, during rest and cardiovascular stress test using treadmill, bicycle exercise and/or pharmacologically induced stress, with interpretati...",Procedure
93352,Use of echocardiographic contrast agent during stress echocardiography (List separately in addition to code for primary procedure),Procedure
93355,"Echocardiography, transesophageal (TEE) for guidance of a transcatheter intracardiac or great vessel(s) structural intervention(s) (eg, TAVR, transcatheter pulmonary valve replacement, mitral valve repair, paravalvular regurgitation repair, left atrial...",Procedure
93356,Myocardial strain imaging using speckle tracking-derived assessment of myocardial mechanics (List separately in addition to codes for echocardiography imaging),Procedure
93451,"Right heart catheterization including measurement(s) of oxygen saturation and cardiac output, when performed",Procedure
93452,"Left heart catheterization including intraprocedural injection(s) for left ventriculography, imaging supervision and interpretation, when performed",Procedure
93453,"Combined right and left heart catheterization including intraprocedural injection(s) for left ventriculography, imaging supervision and interpretation, when performed",Procedure
93454,"Catheter placement in coronary artery(s) for coronary angiography, including intraprocedural injection(s) for coronary angiography, imaging supervision and interpretation",Procedure
93455,"Catheter placement in coronary artery(s) for coronary angiography, including intraprocedural injection(s) for coronary angiography, imaging supervision and interpretation; with catheter placement(s) in bypass graft(s) (internal mammary, free arterial,...",Procedure
93456,"Catheter placement in coronary artery(s) for coronary angiography, including intraprocedural injection(s) for coronary angiography, imaging supervision and interpretation; with right heart catheterization",Procedure
93457,"Catheter placement in coronary artery(s) for coronary angiography, including intraprocedural injection(s) for coronary angiography, imaging supervision and interpretation; with catheter placement(s) in bypass graft(s) (internal mammary, free arterial,...",Procedure
93458,"Catheter placement in coronary artery(s) for coronary angiography, including intraprocedural injection(s) for coronary angiography, imaging supervision and interpretation; with left heart catheterization including intraprocedural injection(s) for left...",Procedure
93459,"Catheter placement in coronary artery(s) for coronary angiography, including intraprocedural injection(s) for coronary angiography, imaging supervision and interpretation; with left heart catheterization including intraprocedural injection(s) for left...",Procedure
93460,"Catheter placement in coronary artery(s) for coronary angiography, including intraprocedural injection(s) for coronary angiography, imaging supervision and interpretation; with right and left heart catheterization including intraprocedural injection(s)...",Procedure
93461,"Catheter placement in coronary artery(s) for coronary angiography, including intraprocedural injection(s) for coronary angiography, imaging supervision and interpretation; with right and left heart catheterization including intraprocedural injection(s)...",Procedure
93462,Left heart catheterization by transseptal puncture through intact septum or by transapical puncture (List separately in addition to code for primary procedure),Procedure
93463,"Pharmacologic agent administration (eg, inhaled nitric oxide, intravenous infusion of nitroprusside, dobutamine, milrinone, or other agent) including assessing hemodynamic measurements before, during, after and repeat pharmacologic agent administration...",Procedure
93464,"Physiologic exercise study (eg, bicycle or arm ergometry) including assessing hemodynamic measurements before and after (List separately in addition to code for primary procedure)",Procedure
93503,"Insertion and placement of flow directed catheter (eg, Swan-Ganz) for monitoring purposes",Procedure
93505,Endomyocardial biopsy,Procedure
93508,"Catheter placement in coronary artery(s), arterial coronary conduit(s), and/or venous coronary bypass graft(s) for coronary angiography without concomitant left heart catheterization (Deprecated)",Procedure
93510,"Left heart catheterization, retrograde, from the brachial artery, axillary artery or femoral artery; percutaneous (Deprecated)",Procedure
93511,"Left heart catheterization, retrograde, from the brachial artery, axillary artery or femoral artery; by cutdown (Deprecated)",Procedure
93514,Left heart catheterization by left ventricular puncture (Deprecated),Procedure
93526,Combined right heart catheterization and retrograde left heart catheterization (Deprecated),Procedure
93527,Combined right heart catheterization and transseptal left heart catheterization through intact septum (with or without retrograde left heart catheterization) (Deprecated),Procedure
93529,Combined right heart catheterization and left heart catheterization through existing septal opening (with or without retrograde left heart catheterization) (Deprecated),Procedure
93530,"Right heart catheterization, for congenital cardiac anomalies (Deprecated)",Procedure
93531,"Combined right heart catheterization and retrograde left heart catheterization, for congenital cardiac anomalies (Deprecated)",Procedure
93532,"Combined right heart catheterization and transseptal left heart catheterization through intact septum with or without retrograde left heart catheterization, for congenital cardiac anomalies (Deprecated)",Procedure
93533,"Combined right heart catheterization and transseptal left heart catheterization through existing septal opening, with or without retrograde left heart catheterization, for congenital cardiac anomalies (Deprecated)",Procedure
93539,"Injection procedure during cardiac catheterization; for selective opacification of arterial conduits (eg, internal mammary), whether native or used for bypass (Deprecated)",Procedure
93540,"Injection procedure during cardiac catheterization; for selective opacification of aortocoronary venous bypass grafts, one or more coronary arteries (Deprecated)",Procedure
93541,Injection procedure during cardiac catheterization; for pulmonary angiography (Deprecated),Procedure
93542,Injection procedure during cardiac catheterization; for selective right ventricular or right atrial angiography (Deprecated),Procedure
93543,Injection procedure during cardiac catheterization; for selective left ventricular or left atrial angiography (Deprecated),Procedure
93544,Injection procedure during cardiac catheterization; for aortography (Deprecated),Procedure
93545,Injection procedure during cardiac catheterization; for selective coronary angiography (injection of radiopaque material may be by hand) (Deprecated),Procedure
93555,"Imaging supervision, interpretation and report for injection procedure(s) during cardiac catheterization; ventricular and/or atrial angiography (Deprecated)",Procedure
93556,"Imaging supervision, interpretation and report for injection procedure(s) during cardiac catheterization; pulmonary angiography, aortography, and/or selective coronary angiography including venous bypass grafts and arterial conduits (wheth... (Deprecated)",Procedure
93561,"Indicator dilution studies such as dye or thermodilution, including arterial and/or venous catheterization; with cardiac output measurement (separate procedure) (Deprecated)",Procedure
93562,"Indicator dilution studies such as dye or thermodilution, including arterial and/or venous catheterization; subsequent measurement of cardiac output (Deprecated)",Procedure
93563,"Injection procedure during cardiac catheterization including imaging supervision, interpretation, and report; for selective coronary angiography during congenital heart catheterization (List separately in addition to code for primary procedure)",Procedure
93565,"Injection procedure during cardiac catheterization including imaging supervision, interpretation, and report; for selective left ventricular or left atrial angiography (List separately in addition to code for primary procedure)",Procedure
93566,"Injection procedure during cardiac catheterization including imaging supervision, interpretation, and report; for selective right ventricular or right atrial angiography (List separately in addition to code for primary procedure)",Procedure
93567,"Injection procedure during cardiac catheterization including imaging supervision, interpretation, and report; for supravalvular aortography (List separately in addition to code for primary procedure)",Procedure
93568,"Injection procedure during cardiac catheterization including imaging supervision, interpretation, and report; for nonselective pulmonary arterial angiography (List separately in addition to code for primary procedure)",Procedure
93571,Intravascular Doppler velocity and/or pressure derived coronary flow reserve measurement (coronary vessel or graft) during coronary angiography including pharmacologically induced stress; initial vessel (List separately in addition to code for primary...,Procedure
93572,Intravascular Doppler velocity and/or pressure derived coronary flow reserve measurement (coronary vessel or graft) during coronary angiography including pharmacologically induced stress; each additional vessel (List separately in addition to code for...,Procedure
93580,"Percutaneous transcatheter closure of congenital interatrial communication (ie, Fontan fenestration, atrial septal defect) with implant",Procedure
93581,Percutaneous transcatheter closure of a congenital ventricular septal defect with implant,Procedure
93582,Percutaneous transcatheter closure of patent ductus arteriosus,Procedure
93583,"Percutaneous transcatheter septal reduction therapy (eg, alcohol septal ablation) including temporary pacemaker insertion when performed",Procedure
93590,"Percutaneous transcatheter closure of paravalvular leak; initial occlusion device, mitral valve",Procedure
93591,"Percutaneous transcatheter closure of paravalvular leak; initial occlusion device, aortic valve",Procedure
93592,Percutaneous transcatheter closure of paravalvular leak; each additional occlusion device (List separately in addition to code for primary procedure),Procedure
93609,Intraventricular and/or intra-atrial mapping of tachycardia site(s) with catheter manipulation to record from multiple sites to identify origin of tachycardia (List separately in addition to code for primary procedure),Procedure
93613,Intracardiac electrophysiologic 3-dimensional mapping (List separately in addition to code for primary procedure),Procedure
93615,Esophageal recording of atrial electrogram with or without ventricular electrogram(s),Procedure
93616,Esophageal recording of atrial electrogram with or without ventricular electrogram(s); with pacing,Procedure
93619,"Comprehensive electrophysiologic evaluation with right atrial pacing and recording, right ventricular pacing and recording, His bundle recording, including insertion and repositioning of multiple electrode catheters, without induction or attempted indu...",Procedure
93620,"Comprehensive electrophysiologic evaluation including insertion and repositioning of multiple electrode catheters with induction or attempted induction of arrhythmia; with right atrial pacing and recording, right ventricular pacing and recording, His b...",Procedure
93621,Comprehensive electrophysiologic evaluation including insertion and repositioning of multiple electrode catheters with induction or attempted induction of arrhythmia; with left atrial pacing and recording from coronary sinus or left atrium (List separa...,Procedure
93622,Comprehensive electrophysiologic evaluation including insertion and repositioning of multiple electrode catheters with induction or attempted induction of arrhythmia; with left ventricular pacing and recording (List separately in addition to code for p...,Procedure
93623,Programmed stimulation and pacing after intravenous drug infusion (List separately in addition to code for primary procedure),Procedure
93624,"Electrophysiologic follow-up study with pacing and recording to test effectiveness of therapy, including induction or attempted induction of arrhythmia",Procedure
93631,Intra-operative epicardial and endocardial pacing and mapping to localize the site of tachycardia or zone of slow conduction for surgical correction,Procedure
93640,"Electrophysiologic evaluation of single or dual chamber pacing cardioverter-defibrillator leads including defibrillation threshold evaluation (induction of arrhythmia, evaluation of sensing and pacing for arrhythmia termination) at time of initial impl...",Procedure
93641,"Electrophysiologic evaluation of single or dual chamber pacing cardioverter-defibrillator leads including defibrillation threshold evaluation (induction of arrhythmia, evaluation of sensing and pacing for arrhythmia termination) at time of initial impl...",Procedure
93642,"Electrophysiologic evaluation of single or dual chamber transvenous pacing cardioverter-defibrillator (includes defibrillation threshold evaluation, induction of arrhythmia, evaluation of sensing and pacing for arrhythmia termination, and programming o...",Procedure
93644,"Electrophysiologic evaluation of subcutaneous implantable defibrillator (includes defibrillation threshold evaluation, induction of arrhythmia, evaluation of sensing for arrhythmia termination, and programming or reprogramming of sensing or therapeutic...",Procedure
93650,"Intracardiac catheter ablation of atrioventricular node function, atrioventricular conduction for creation of complete heart block, with or without temporary pacemaker placement",Procedure
93651,"Intracardiac catheter ablation of arrhythmogenic focus; for treatment of supraventricular tachycardia by ablation of fast or slow atrioventricular pathways, accessory atrioventricular connections or other atrial foci, singly or in combination (Deprecated)",Procedure
93652,Intracardiac catheter ablation of arrhythmogenic focus; for treatment of ventricular tachycardia (Deprecated),Procedure
93653,"Comprehensive electrophysiologic evaluation with insertion and repositioning of multiple electrode catheters, induction or attempted induction of an arrhythmia with right atrial pacing and recording and catheter ablation of arrhythmogenic focus, includ...",Procedure
93654,"Comprehensive electrophysiologic evaluation with insertion and repositioning of multiple electrode catheters, induction or attempted induction of an arrhythmia with right atrial pacing and recording and catheter ablation of arrhythmogenic focus, includ...",Procedure
93655,"Intracardiac catheter ablation of a discrete mechanism of arrhythmia which is distinct from the primary ablated mechanism, including repeat diagnostic maneuvers, to treat a spontaneous or induced arrhythmia (List separately in addition to code for prim...",Procedure
93656,"Comprehensive electrophysiologic evaluation with transseptal catheterizations, insertion and repositioning of multiple electrode catheters, induction or attempted induction of an arrhythmia including left or right atrial pacing/recording, and intracard...",Procedure
93657,Additional linear or focal intracardiac catheter ablation of the left or right atrium for treatment of atrial fibrillation remaining after completion of pulmonary vein isolation (List separately in addition to code for primary procedure),Procedure
93660,"Evaluation of cardiovascular function with tilt table evaluation, with continuous ECG monitoring and intermittent blood pressure monitoring, with or without pharmacological intervention",Procedure
93662,"Intracardiac echocardiography during therapeutic/diagnostic intervention, including imaging supervision and interpretation (List separately in addition to code for primary procedure)",Procedure
93668,"Peripheral arterial disease (PAD) rehabilitation, per session",Procedure
93702,"Bioimpedance spectroscopy (BIS), extracellular fluid analysis for lymphedema assessment(s)",Procedure
93724,"Electronic analysis of antitachycardia pacemaker system (includes electrocardiographic recording, programming of device, induction and termination of tachycardia via implanted pacemaker, and interpretation of recordings)",Procedure
93727,"Electronic analysis of implantable loop recorder (ILR) system (includes retrieval of recorded and stored ECG data, physician review and interpretation of retrieved ECG data and reprogramming) (Deprecated)",Procedure
93731,"Electronic analysis of dual-chamber pacemaker system (includes evaluation of programmable parameters at rest and during activity where applicable, using electrocardiographic recording and interpretation of recordings at rest and during exe... (Deprecated)",Procedure
93732,"Electronic analysis of dual-chamber pacemaker system (includes evaluation of programmable parameters at rest and during activity where applicable, using electrocardiographic recording and interpretation of recordings at rest and during exe... (Deprecated)",Procedure
93734,"Electronic analysis of single chamber pacemaker system (includes evaluation of programmable parameters at rest and during activity where applicable, using electrocardiographic recording and interpretation of recordings at rest and during e... (Deprecated)",Procedure
93735,"Electronic analysis of single chamber pacemaker system (includes evaluation of programmable parameters at rest and during activity where applicable, using electrocardiographic recording and interpretation of recordings at rest and during e... (Deprecated)",Procedure
93741,"Electronic analysis of pacing cardioverter-defibrillator (includes interrogation, evaluation of pulse generator status, evaluation of programmable parameters at rest and during activity where applicable, using electrocardiographic recordin... (Deprecated)",Procedure
93742,"Electronic analysis of pacing cardioverter-defibrillator (includes interrogation, evaluation of pulse generator status, evaluation of programmable parameters at rest and during activity where applicable, using electrocardiographic recordin... (Deprecated)",Procedure
93743,"Electronic analysis of pacing cardioverter-defibrillator (includes interrogation, evaluation of pulse generator status, evaluation of programmable parameters at rest and during activity where applicable, using electrocardiographic recordin... (Deprecated)",Procedure
93744,"Electronic analysis of pacing cardioverter-defibrillator (includes interrogation, evaluation of pulse generator status, evaluation of programmable parameters at rest and during activity where applicable, using electrocardiographic recordin... (Deprecated)",Procedure
93750,"Interrogation of ventricular assist device (VAD), in person, with physician or other qualified health care professional analysis of device parameters (eg, drivelines, alarms, power surges), review of device function (eg, flow and volume status, septum...",Procedure
93784,"Ambulatory blood pressure monitoring, utilizing report-generating software, automated, worn continuously for 24 hours or longer; including recording, scanning analysis, interpretation and report",Procedure
93786,"Ambulatory blood pressure monitoring, utilizing report-generating software, automated, worn continuously for 24 hours or longer; recording only",Procedure
93788,"Ambulatory blood pressure monitoring, utilizing report-generating software, automated, worn continuously for 24 hours or longer; scanning analysis with report",Procedure
93790,"Ambulatory blood pressure monitoring, utilizing report-generating software, automated, worn continuously for 24 hours or longer; review with interpretation and report",Procedure
93792,"Patient/caregiver training for initiation of home international normalized ratio (INR) monitoring under the direction of a physician or other qualified health care professional, face-to-face, including use and care of the INR monitor, obtaining blood s...",Procedure
93793,"Anticoagulant management for a patient taking warfarin, must include review and interpretation of a new home, office, or lab international normalized ratio (INR) test result, patient instructions, dosage adjustment (as needed), and scheduling of additi...",Observation
93797,Physician or other qualified health care professional services for outpatient cardiac rehabilitation; without continuous ECG monitoring (per session),Observation
93798,Physician or other qualified health care professional services for outpatient cardiac rehabilitation; with continuous ECG monitoring (per session),Observation
93799,Unlisted cardiovascular service or procedure,Procedure
93875,"Non-invasive physiologic studies of extracranial arteries, complete bilateral study (eg, periorbital flow direction with arterial compression, ocular pneumoplethysmography, Doppler ultrasound spectral analysis) (Deprecated)",Procedure
93880,Duplex scan of extracranial arteries; complete bilateral study,Procedure
93882,Duplex scan of extracranial arteries; unilateral or limited study,Procedure
93886,Transcranial Doppler study of the intracranial arteries; complete study,Procedure
93888,Transcranial Doppler study of the intracranial arteries; limited study,Procedure
93892,Transcranial Doppler study of the intracranial arteries; emboli detection without intravenous microbubble injection,Procedure
93893,Transcranial Doppler study of the intracranial arteries; venous-arterial shunt detection with intravenous microbubble injection,Procedure
93922,"Limited bilateral noninvasive physiologic studies of upper or lower extremity arteries, (eg, for lower extremity: ankle/brachial indices at distal posterior tibial and anterior tibial/dorsalis pedis arteries plus bidirectional, Doppler waveform recordi...",Procedure
93923,"Complete bilateral noninvasive physiologic studies of upper or lower extremity arteries, 3 or more levels (eg, for lower extremity: ankle/brachial indices at distal posterior tibial and anterior tibial/dorsalis pedis arteries plus segmental blood press...",Procedure
93924,"Noninvasive physiologic studies of lower extremity arteries, at rest and following treadmill stress testing, (ie, bidirectional Doppler waveform or volume plethysmography recording and analysis at rest with ankle/brachial indices immediately after and...",Procedure
93925,Duplex scan of lower extremity arteries or arterial bypass grafts; complete bilateral study,Procedure
93926,Duplex scan of lower extremity arteries or arterial bypass grafts; unilateral or limited study,Procedure
93930,Duplex scan of upper extremity arteries or arterial bypass grafts; complete bilateral study,Procedure
93931,Duplex scan of upper extremity arteries or arterial bypass grafts; unilateral or limited study,Procedure
93965,"Noninvasive physiologic studies of extremity veins, complete bilateral study (eg, Doppler waveform analysis with responses to compression and other maneuvers, phleborheography, impedance plethysmography) (Deprecated)",Procedure
93970,Duplex scan of extremity veins including responses to compression and other maneuvers; complete bilateral study,Procedure
93971,Duplex scan of extremity veins including responses to compression and other maneuvers; unilateral or limited study,Procedure
93975,"Duplex scan of arterial inflow and venous outflow of abdominal, pelvic, scrotal contents and/or retroperitoneal organs; complete study",Procedure
93976,"Duplex scan of arterial inflow and venous outflow of abdominal, pelvic, scrotal contents and/or retroperitoneal organs; limited study",Procedure
93978,"Duplex scan of aorta, inferior vena cava, iliac vasculature, or bypass grafts; complete study",Procedure
93979,"Duplex scan of aorta, inferior vena cava, iliac vasculature, or bypass grafts; unilateral or limited study",Procedure
93980,Duplex scan of arterial inflow and venous outflow of penile vessels; complete study,Procedure
93985,Duplex scan of arterial inflow and venous outflow for preoperative vessel assessment prior to creation of hemodialysis access; complete bilateral study,Procedure
93986,Duplex scan of arterial inflow and venous outflow for preoperative vessel assessment prior to creation of hemodialysis access; complete unilateral study,Procedure
93990,"Duplex scan of hemodialysis access (including arterial inflow, body of access and venous outflow)",Procedure
93998,Unlisted noninvasive vascular diagnostic study,Procedure
94010,"Spirometry, including graphic record, total and timed vital capacity, expiratory flow rate measurement(s), with or without maximal voluntary ventilation",Procedure
94011,Measurement of spirometric forced expiratory flows in an infant or child through 2 years of age,Procedure
94012,"Measurement of spirometric forced expiratory flows, before and after bronchodilator, in an infant or child through 2 years of age",Procedure
94013,"Measurement of lung volumes (ie, functional residual capacity [FRC], forced vital capacity [FVC], and expiratory reserve volume [ERV]) in an infant or child through 2 years of age",Procedure
94016,Patient-initiated spirometric recording per 30-day period of time; review and interpretation only by a physician or other qualified health care professional,Observation
94060,"Bronchodilation responsiveness, spirometry as in 94010, pre- and post-bronchodilator administration",Procedure
94070,"Bronchospasm provocation evaluation, multiple spirometric determinations as in 94010, with administered agents (eg, antigen[s], cold air, methacholine)",Procedure
94150,"Vital capacity, total (separate procedure)",Procedure
94200,"Maximum breathing capacity, maximal voluntary ventilation",Procedure
94240,"Functional residual capacity or residual volume: helium method, nitrogen open circuit method, or other method (Deprecated)",Procedure
94250,"Expired gas collection, quantitative, single procedure (separate procedure) (Deprecated)",Procedure
94260,Thoracic gas volume (Deprecated),Procedure
94375,Respiratory flow volume loop,Procedure
94452,"High altitude simulation test (HAST), with interpretation and report by a physician or other qualified health care professional",Procedure
94453,"High altitude simulation test (HAST), with interpretation and report by a physician or other qualified health care professional; with supplemental oxygen titration",Procedure
94610,Intrapulmonary surfactant administration by a physician or other qualified health care professional through endotracheal tube,Procedure
94617,"Exercise test for bronchospasm, including pre- and post-spirometry and pulse oximetry; with electrocardiographic recording(s)",Procedure
94618,"Pulmonary stress testing (eg, 6-minute walk test), including measurement of heart rate, oximetry, and oxygen titration, when performed",Procedure
94619,"Exercise test for bronchospasm, including pre- and post-spirometry and pulse oximetry; without electrocardiographic recording(s)",Procedure
94620,"Pulmonary stress testing; simple (eg, 6-minute walk test, prolonged exercise test for bronchospasm with pre- and post-spirometry and oximetry) (Deprecated)",Procedure
94640,"Pressurized or nonpressurized inhalation treatment for acute airway obstruction for therapeutic purposes and/or for diagnostic purposes such as sputum induction with an aerosol generator, nebulizer, metered dose inhaler or intermittent positive pressur...",Procedure
94642,Aerosol inhalation of pentamidine for pneumocystis carinii pneumonia treatment or prophylaxis,Drug
94644,Continuous inhalation treatment with aerosol medication for acute airway obstruction; first hour,Procedure
94645,Continuous inhalation treatment with aerosol medication for acute airway obstruction; each additional hour (List separately in addition to code for primary procedure),Procedure
94660,"Continuous positive airway pressure ventilation (CPAP), initiation and management",Procedure
94664,"Demonstration and/or evaluation of patient utilization of an aerosol generator, nebulizer, metered dose inhaler or IPPB device",Procedure
94667,"Manipulation chest wall, such as cupping, percussing, and vibration to facilitate lung function; initial demonstration and/or evaluation",Procedure
94668,"Manipulation chest wall, such as cupping, percussing, and vibration to facilitate lung function; subsequent",Procedure
94669,"Mechanical chest wall oscillation to facilitate lung function, per session",Procedure
94680,"Oxygen uptake, expired gas analysis; rest and exercise, direct, simple",Procedure
94681,"Oxygen uptake, expired gas analysis; including CO2 output, percentage oxygen extracted",Measurement
94690,"Oxygen uptake, expired gas analysis; rest, indirect (separate procedure)",Procedure
94720,"Carbon monoxide diffusing capacity (eg, single breath, steady state) (Deprecated)",Procedure
94726,"Plethysmography for determination of lung volumes and, when performed, airway resistance",Procedure
94727,"Gas dilution or washout for determination of lung volumes and, when performed, distribution of ventilation and closing volumes",Procedure
94728,Airway resistance by oscillometry,Procedure
94729,"Diffusing capacity (eg, carbon monoxide, membrane) (List separately in addition to code for primary procedure)",Procedure
94750,"Pulmonary compliance study (eg, plethysmography, volume and pressure measurements) (Deprecated)",Procedure
94760,Noninvasive ear or pulse oximetry for oxygen saturation; single determination,Procedure
94761,"Noninvasive ear or pulse oximetry for oxygen saturation; multiple determinations (eg, during exercise)",Procedure
94762,Noninvasive ear or pulse oximetry for oxygen saturation; by continuous overnight monitoring (separate procedure),Procedure
94770,"Carbon dioxide, expired gas determination by infrared analyzer (Deprecated)",Procedure
94780,"Car seat/bed testing for airway integrity, for infants through 12 months of age, with continual clinical staff observation and continuous recording of pulse oximetry, heart rate and respiratory rate, with interpretation and report; 60 minutes",Procedure
94781,"Car seat/bed testing for airway integrity, for infants through 12 months of age, with continual clinical staff observation and continuous recording of pulse oximetry, heart rate and respiratory rate, with interpretation and report; each additional full...",Procedure
94799,Unlisted pulmonary service or procedure,Procedure
95010,"Percutaneous tests (scratch, puncture, prick) sequential and incremental, with drugs, biologicals or venoms, immediate type reaction, specify number of tests (Deprecated)",Procedure
95015,"Intracutaneous (intradermal) tests, sequential and incremental, with drugs, biologicals, or venoms, immediate type reaction, specify number of tests (Deprecated)",Procedure
95075,"Ingestion challenge test (sequential and incremental ingestion of test items, eg, food, drug or other substance such as metabisulfite) (Deprecated)",Procedure
95115,Professional services for allergen immunotherapy not including provision of allergenic extracts; single injection,Procedure
95117,Professional services for allergen immunotherapy not including provision of allergenic extracts; 2 or more injections,Procedure
95144,"Professional services for the supervision of preparation and provision of antigens for allergen immunotherapy, single dose vial(s) (specify number of vials)",Procedure
95145,Professional services for the supervision of preparation and provision of antigens for allergen immunotherapy (specify number of doses); single stinging insect venom,Procedure
95146,Professional services for the supervision of preparation and provision of antigens for allergen immunotherapy (specify number of doses); 2 single stinging insect venoms,Procedure
95147,Professional services for the supervision of preparation and provision of antigens for allergen immunotherapy (specify number of doses); 3 single stinging insect venoms,Procedure
95148,Professional services for the supervision of preparation and provision of antigens for allergen immunotherapy (specify number of doses); 4 single stinging insect venoms,Procedure
95165,Professional services for the supervision of preparation and provision of antigens for allergen immunotherapy; single or multiple antigens (specify number of doses),Procedure
95180,"Rapid desensitization procedure, each hour (eg, insulin, penicillin, equine serum)",Procedure
95199,Unlisted allergy/clinical immunologic service or procedure,Procedure
95249,"Ambulatory continuous glucose monitoring of interstitial tissue fluid via a subcutaneous sensor for a minimum of 72 hours; patient-provided equipment, sensor placement, hook-up, calibration of monitor, patient training, and printout of recording",Procedure
95250,"Ambulatory continuous glucose monitoring of interstitial tissue fluid via a subcutaneous sensor for a minimum of 72 hours; physician or other qualified health care professional (office) provided equipment, sensor placement, hook-up, calibration of moni...",Procedure
95251,"Ambulatory continuous glucose monitoring of interstitial tissue fluid via a subcutaneous sensor for a minimum of 72 hours; analysis, interpretation and report",Procedure
95700,"Electroencephalogram (EEG) continuous recording, with video when performed, setup, patient education, and takedown when performed, administered in person by EEG technologist, minimum of 8 channels",Procedure
95705,"Electroencephalogram (EEG), without video, review of data, technical description by EEG technologist, 2-12 hours; unmonitored",Procedure
95706,"Electroencephalogram (EEG), without video, review of data, technical description by EEG technologist, 2-12 hours; with intermittent monitoring and maintenance",Procedure
95708,"Electroencephalogram (EEG), without video, review of data, technical description by EEG technologist, each increment of 12-26 hours; unmonitored",Procedure
95709,"Electroencephalogram (EEG), without video, review of data, technical description by EEG technologist, each increment of 12-26 hours; with intermittent monitoring and maintenance",Procedure
95710,"Electroencephalogram (EEG), without video, review of data, technical description by EEG technologist, each increment of 12-26 hours; with continuous, real-time monitoring and maintenance",Procedure
95711,"Electroencephalogram with video (VEEG), review of data, technical description by EEG technologist, 2-12 hours; unmonitored",Procedure
95712,"Electroencephalogram with video (VEEG), review of data, technical description by EEG technologist, 2-12 hours; with intermittent monitoring and maintenance",Procedure
95713,"Electroencephalogram with video (VEEG), review of data, technical description by EEG technologist, 2-12 hours; with continuous, real-time monitoring and maintenance",Procedure
95714,"Electroencephalogram with video (VEEG), review of data, technical description by EEG technologist, each increment of 12-26 hours; unmonitored",Procedure
95715,"Electroencephalogram with video (VEEG), review of data, technical description by EEG technologist, each increment of 12-26 hours; with intermittent monitoring and maintenance",Procedure
95716,"Electroencephalogram with video (VEEG), review of data, technical description by EEG technologist, each increment of 12-26 hours; with continuous, real-time monitoring and maintenance",Procedure
95717,"Electroencephalogram (EEG), continuous recording, physician or other qualified health care professional review of recorded events, analysis of spike and seizure detection, interpretation and report, 2-12 hours of EEG recording; without video",Procedure
95718,"Electroencephalogram (EEG), continuous recording, physician or other qualified health care professional review of recorded events, analysis of spike and seizure detection, interpretation and report, 2-12 hours of EEG recording; with video (VEEG)",Procedure
95719,"Electroencephalogram (EEG), continuous recording, physician or other qualified health care professional review of recorded events, analysis of spike and seizure detection, each increment of greater than 12 hours, up to 26 hours of EEG recording, interp...",Procedure
95720,"Electroencephalogram (EEG), continuous recording, physician or other qualified health care professional review of recorded events, analysis of spike and seizure detection, each increment of greater than 12 hours, up to 26 hours of EEG recording, interp...",Procedure
95721,"Electroencephalogram (EEG), continuous recording, physician or other qualified health care professional review of recorded events, analysis of spike and seizure detection, interpretation, and summary report, complete study; greater than 36 hours, up to...",Procedure
95722,"Electroencephalogram (EEG), continuous recording, physician or other qualified health care professional review of recorded events, analysis of spike and seizure detection, interpretation, and summary report, complete study; greater than 36 hours, up to...",Procedure
95723,"Electroencephalogram (EEG), continuous recording, physician or other qualified health care professional review of recorded events, analysis of spike and seizure detection, interpretation, and summary report, complete study; greater than 60 hours, up to...",Procedure
95724,"Electroencephalogram (EEG), continuous recording, physician or other qualified health care professional review of recorded events, analysis of spike and seizure detection, interpretation, and summary report, complete study; greater than 60 hours, up to...",Procedure
95726,"Electroencephalogram (EEG), continuous recording, physician or other qualified health care professional review of recorded events, analysis of spike and seizure detection, interpretation, and summary report, complete study; greater than 84 hours of EEG...",Procedure
95782,"Polysomnography; younger than 6 years, sleep staging with 4 or more additional parameters of sleep, attended by a technologist",Procedure
95783,"Polysomnography; younger than 6 years, sleep staging with 4 or more additional parameters of sleep, with initiation of continuous positive airway pressure therapy or bi-level ventilation, attended by a technologist",Procedure
95800,"Sleep study, unattended, simultaneous recording; heart rate, oxygen saturation, respiratory analysis (eg, by airflow or peripheral arterial tone), and sleep time",Procedure
95801,"Sleep study, unattended, simultaneous recording; minimum of heart rate, oxygen saturation, and respiratory analysis (eg, by airflow or peripheral arterial tone)",Procedure
95803,"Actigraphy testing, recording, analysis, interpretation, and report (minimum of 72 hours to 14 consecutive days of recording)",Procedure
95806,"Sleep study, unattended, simultaneous recording of, heart rate, oxygen saturation, respiratory airflow, and respiratory effort (eg, thoracoabdominal movement)",Procedure
95807,"Sleep study, simultaneous recording of ventilation, respiratory effort, ECG or heart rate, and oxygen saturation, attended by a technologist",Procedure
95808,"Polysomnography; any age, sleep staging with 1-3 additional parameters of sleep, attended by a technologist",Procedure
95810,"Polysomnography; age 6 years or older, sleep staging with 4 or more additional parameters of sleep, attended by a technologist",Procedure
95811,"Polysomnography; age 6 years or older, sleep staging with 4 or more additional parameters of sleep, with initiation of continuous positive airway pressure therapy or bilevel ventilation, attended by a technologist",Procedure
95812,Electroencephalogram (EEG) extended monitoring; 41-60 minutes,Procedure
95813,Electroencephalogram (EEG) extended monitoring; 61-119 minutes,Procedure
95816,Electroencephalogram (EEG); including recording awake and drowsy,Procedure
95819,Electroencephalogram (EEG); including recording awake and asleep,Procedure
95822,Electroencephalogram (EEG); recording in coma or sleep only,Procedure
95824,Electroencephalogram (EEG); cerebral death evaluation only,Procedure
95827,Electroencephalogram (EEG); all night recording (Deprecated),Procedure
95829,Electrocorticogram at surgery (separate procedure),Procedure
95830,Insertion by physician or other qualified health care professional of sphenoidal electrodes for electroencephalographic (EEG) recording,Procedure
95831,"Muscle testing, manual (separate procedure) with report; extremity (excluding hand) or trunk (Deprecated)",Procedure
95832,"Muscle testing, manual (separate procedure) with report; hand, with or without comparison with normal side (Deprecated)",Procedure
95836,"Electrocorticogram from an implanted brain neurostimulator pulse generator/transmitter, including recording, with interpretation and written report, up to 30 days",Procedure
95851,Range of motion measurements and report (separate procedure); each extremity (excluding hand) or each trunk section (spine),Procedure
95857,Cholinesterase inhibitor challenge test for myasthenia gravis,Procedure
95860,Needle electromyography; 1 extremity with or without related paraspinal areas,Procedure
95861,Needle electromyography; 2 extremities with or without related paraspinal areas,Procedure
95863,Needle electromyography; 3 extremities with or without related paraspinal areas,Procedure
95864,Needle electromyography; 4 extremities with or without related paraspinal areas,Procedure
95865,Needle electromyography; larynx,Procedure
95866,Needle electromyography; hemidiaphragm,Procedure
95867,"Needle electromyography; cranial nerve supplied muscle(s), unilateral",Procedure
95868,"Needle electromyography; cranial nerve supplied muscles, bilateral",Procedure
95869,Needle electromyography; thoracic paraspinal muscles (excluding T1 or T12),Procedure
95870,"Needle electromyography; limited study of muscles in 1 extremity or non-limb (axial) muscles (unilateral or bilateral), other than thoracic paraspinal, cranial nerve supplied muscles, or sphincters",Procedure
95872,"Needle electromyography using single fiber electrode, with quantitative measurement of jitter, blocking and/or fiber density, any/all sites of each muscle studied",Procedure
95873,Electrical stimulation for guidance in conjunction with chemodenervation (List separately in addition to code for primary procedure),Procedure
95874,Needle electromyography for guidance in conjunction with chemodenervation (List separately in addition to code for primary procedure),Procedure
95885,"Needle electromyography, each extremity, with related paraspinal areas, when performed, done with nerve conduction, amplitude and latency/velocity study; limited (List separately in addition to code for primary procedure)",Procedure
95886,"Needle electromyography, each extremity, with related paraspinal areas, when performed, done with nerve conduction, amplitude and latency/velocity study; complete, five or more muscles studied, innervated by three or more nerves or four or more spinal...",Procedure
95887,"Needle electromyography, non-extremity (cranial nerve supplied or axial) muscle(s) done with nerve conduction, amplitude and latency/velocity study (List separately in addition to code for primary procedure)",Procedure
95900,"Nerve conduction, amplitude and latency/velocity study, each nerve; motor, without F-wave study (Deprecated)",Procedure
95903,"Nerve conduction, amplitude and latency/velocity study, each nerve; motor, with F-wave study (Deprecated)",Procedure
95904,"Nerve conduction, amplitude and latency/velocity study, each nerve; sensory (Deprecated)",Procedure
95905,"Motor and/or sensory nerve conduction, using preconfigured electrode array(s), amplitude and latency/velocity study, each limb, includes F-wave study when performed, with interpretation and report",Procedure
95907,Nerve conduction studies; 1-2 studies,Procedure
95908,Nerve conduction studies; 3-4 studies,Procedure
95909,Nerve conduction studies; 5-6 studies,Procedure
95910,Nerve conduction studies; 7-8 studies,Procedure
95911,Nerve conduction studies; 9-10 studies,Procedure
95912,Nerve conduction studies; 11-12 studies,Procedure
95913,Nerve conduction studies; 13 or more studies,Procedure
95920,"Intraoperative neurophysiology testing, per hour (List separately in addition to code for primary procedure) (Deprecated)",Procedure
95921,"Testing of autonomic nervous system function; cardiovagal innervation (parasympathetic function), including 2 or more of the following: heart rate response to deep breathing with recorded R-R interval, Valsalva ratio, and 30:15 ratio",Procedure
95922,"Testing of autonomic nervous system function; vasomotor adrenergic innervation (sympathetic adrenergic function), including beat-to-beat blood pressure and R-R interval changes during Valsalva maneuver and at least 5 minutes of passive tilt",Procedure
95923,"Testing of autonomic nervous system function; sudomotor, including 1 or more of the following: quantitative sudomotor axon reflex test (QSART), silastic sweat imprint, thermoregulatory sweat test, and changes in sympathetic skin potential",Procedure
95924,Testing of autonomic nervous system function; combined parasympathetic and sympathetic adrenergic function testing with at least 5 minutes of passive tilt,Procedure
95925,"Short-latency somatosensory evoked potential study, stimulation of any/all peripheral nerves or skin sites, recording from the central nervous system; in upper limbs",Procedure
95926,"Short-latency somatosensory evoked potential study, stimulation of any/all peripheral nerves or skin sites, recording from the central nervous system; in lower limbs",Procedure
95927,"Short-latency somatosensory evoked potential study, stimulation of any/all peripheral nerves or skin sites, recording from the central nervous system; in the trunk or head",Procedure
95928,Central motor evoked potential study (transcranial motor stimulation); upper limbs,Procedure
95929,Central motor evoked potential study (transcranial motor stimulation); lower limbs,Procedure
95930,"Visual evoked potential (VEP) checkerboard or flash testing, central nervous system except glaucoma, with interpretation and report",Procedure
95933,"Orbicularis oculi (blink) reflex, by electrodiagnostic testing",Procedure
95934,"H-reflex, amplitude and latency study; record gastrocnemius/soleus muscle (Deprecated)",Procedure
95937,"Neuromuscular junction testing (repetitive stimulation, paired stimuli), each nerve, any 1 method",Procedure
95938,"Short-latency somatosensory evoked potential study, stimulation of any/all peripheral nerves or skin sites, recording from the central nervous system; in upper and lower limbs",Procedure
95939,Central motor evoked potential study (transcranial motor stimulation); in upper and lower limbs,Procedure
95940,"Continuous intraoperative neurophysiology monitoring in the operating room, one on one monitoring requiring personal attendance, each 15 minutes (List separately in addition to code for primary procedure)",Procedure
95941,"Continuous intraoperative neurophysiology monitoring, from outside the operating room (remote or nearby) or for monitoring of more than one case while in the operating room, per hour (List separately in addition to code for primary procedure)",Procedure
95943,"Simultaneous, independent, quantitative measures of both parasympathetic function and sympathetic function, based on time-frequency analysis of heart rate variability concurrent with time-frequency analysis of continuous respiratory activi... (Deprecated)",Procedure
95950,"Monitoring for identification and lateralization of cerebral seizure focus, electroencephalographic (eg, 8 channel EEG) recording and interpretation, each 24 hours (Deprecated)",Procedure
95951,"Monitoring for localization of cerebral seizure focus by cable or radio, 16 or more channel telemetry, combined electroencephalographic (EEG) and video recording and interpretation (eg, for presurgical localization), each 24 hours (Deprecated)",Procedure
95953,"Monitoring for localization of cerebral seizure focus by computerized portable 16 or more channel EEG, electroencephalographic (EEG) recording and interpretation, each 24 hours, unattended (Deprecated)",Procedure
95955,"Electroencephalogram (EEG) during nonintracranial surgery (eg, carotid surgery)",Procedure
95956,"Monitoring for localization of cerebral seizure focus by cable or radio, 16 or more channel telemetry, electroencephalographic (EEG) recording and interpretation, each 24 hours, attended by a technologist or nurse (Deprecated)",Procedure
95957,"Digital analysis of electroencephalogram (EEG) (eg, for epileptic spike analysis)",Procedure
95958,"Wada activation test for hemispheric function, including electroencephalographic (EEG) monitoring",Procedure
95961,"Functional cortical and subcortical mapping by stimulation and/or recording of electrodes on brain surface, or of depth electrodes, to provoke seizures or identify vital brain structures; initial hour of attendance by a physician or other qualified hea...",Procedure
95962,"Functional cortical and subcortical mapping by stimulation and/or recording of electrodes on brain surface, or of depth electrodes, to provoke seizures or identify vital brain structures; each additional hour of attendance by a physician or other quali...",Procedure
95965,"Magnetoencephalography (MEG), recording and analysis; for spontaneous brain magnetic activity (eg, epileptic cerebral cortex localization)",Procedure
95966,"Magnetoencephalography (MEG), recording and analysis; for evoked magnetic fields, single modality (eg, sensory, motor, language, or visual cortex localization)",Procedure
95967,"Magnetoencephalography (MEG), recording and analysis; for evoked magnetic fields, each additional modality (eg, sensory, motor, language, or visual cortex localization) (List separately in addition to code for primary procedure)",Procedure
95970,"Electronic analysis of implanted neurostimulator pulse generator/transmitter (eg, contact group[s], interleaving, amplitude, pulse width, frequency [Hz], on/off cycling, burst, magnet mode, dose lockout, patient selectable parameters, responsive neuros...",Procedure
95971,"Electronic analysis of implanted neurostimulator pulse generator/transmitter (eg, contact group[s], interleaving, amplitude, pulse width, frequency [Hz], on/off cycling, burst, magnet mode, dose lockout, patient selectable parameters, responsive neuros...",Procedure
95972,"Electronic analysis of implanted neurostimulator pulse generator/transmitter (eg, contact group[s], interleaving, amplitude, pulse width, frequency [Hz], on/off cycling, burst, magnet mode, dose lockout, patient selectable parameters, responsive neuros...",Procedure
95973,Electronic analysis and programming of implanted complex spinal cord or peripheral neurostimulator generator system during or after surgery (Deprecated),Procedure
95974,"Electronic analysis of implanted neurostimulator pulse generator system (eg, rate, pulse amplitude, pulse duration, configuration of wave form, battery status, electrode selectability, output modulation, cycling, impedance and patient comp... (Deprecated)",Procedure
95975,"Electronic analysis of implanted neurostimulator pulse generator system (eg, rate, pulse amplitude, pulse duration, configuration of wave form, battery status, electrode selectability, output modulation, cycling, impedance and patient comp... (Deprecated)",Procedure
95976,"Electronic analysis of implanted neurostimulator pulse generator/transmitter (eg, contact group[s], interleaving, amplitude, pulse width, frequency [Hz], on/off cycling, burst, magnet mode, dose lockout, patient selectable parameters, responsive neuros...",Procedure
95977,"Electronic analysis of implanted neurostimulator pulse generator/transmitter (eg, contact group[s], interleaving, amplitude, pulse width, frequency [Hz], on/off cycling, burst, magnet mode, dose lockout, patient selectable parameters, responsive neuros...",Procedure
95978,"Electronic analysis of implanted neurostimulator pulse generator system (eg, rate, pulse amplitude and duration, battery status, electrode selectability and polarity, impedance and patient compliance measurements), complex deep brain neuro... (Deprecated)",Procedure
95979,"Electronic analysis of implanted neurostimulator pulse generator system (eg, rate, pulse amplitude and duration, battery status, electrode selectability and polarity, impedance and patient compliance measurements), complex deep brain neuro... (Deprecated)",Procedure
95980,"Electronic analysis of implanted neurostimulator pulse generator system (eg, rate, pulse amplitude and duration, configuration of wave form, battery status, electrode selectability, output modulation, cycling, impedance and patient measurements) gastri...",Procedure
95981,"Electronic analysis of implanted neurostimulator pulse generator system (eg, rate, pulse amplitude and duration, configuration of wave form, battery status, electrode selectability, output modulation, cycling, impedance and patient measurements) gastri...",Procedure
95982,"Electronic analysis of implanted neurostimulator pulse generator system (eg, rate, pulse amplitude and duration, configuration of wave form, battery status, electrode selectability, output modulation, cycling, impedance and patient measurements) gastri...",Procedure
95983,"Electronic analysis of implanted neurostimulator pulse generator/transmitter (eg, contact group[s], interleaving, amplitude, pulse width, frequency [Hz], on/off cycling, burst, magnet mode, dose lockout, patient selectable parameters, responsive neuros...",Procedure
95984,"Electronic analysis of implanted neurostimulator pulse generator/transmitter (eg, contact group[s], interleaving, amplitude, pulse width, frequency [Hz], on/off cycling, burst, magnet mode, dose lockout, patient selectable parameters, responsive neuros...",Procedure
95990,"Refilling and maintenance of implantable pump or reservoir for drug delivery, spinal (intrathecal, epidural) or brain (intraventricular), includes electronic analysis of pump, when performed",Procedure
95991,"Refilling and maintenance of implantable pump or reservoir for drug delivery, spinal (intrathecal, epidural) or brain (intraventricular), includes electronic analysis of pump, when performed; requiring skill of a physician or other qualified health car...",Procedure
95999,Unlisted neurological or neuromuscular diagnostic procedure,Procedure
96020,"Neurofunctional testing selection and administration during noninvasive imaging functional brain mapping, with test administered entirely by a physician or other qualified health care professional (ie, psychologist), with review of test results and report",Procedure
96040,"Medical genetics and genetic counseling services, each 30 minutes face-to-face with patient/family (Deprecated)",Observation
96101,"Psychological testing (includes psychodiagnostic assessment of emotionality, intellectual abilities, personality and psychopathology, eg, MMPI, Rorschach, WAIS), per hour of the psychologist's or physician's time, both face-to-face time ad... (Deprecated)",Procedure
96102,"Psychological testing (includes psychodiagnostic assessment of emotionality, intellectual abilities, personality and psychopathology, eg, MMPI and WAIS), with qualified health care professional interpretation and report, administered by te... (Deprecated)",Procedure
96103,"Psychological testing (includes psychodiagnostic assessment of emotionality, intellectual abilities, personality and psychopathology, eg, MMPI), administered by a computer, with qualified health care professional interpretation and report (Deprecated)",Procedure
96105,"Assessment of aphasia (includes assessment of expressive and receptive speech and language function, language comprehension, speech production ability, reading, spelling, writing, eg, by Boston Diagnostic Aphasia Examination) with interpretation and re...",Procedure
96110,"Developmental screening (eg, developmental milestone survey, speech and language delay screen), with scoring and documentation, per standardized instrument",Procedure
96111,"Developmental testing, (includes assessment of motor, language, social, adaptive, and/or cognitive functioning by standardized developmental instruments) with interpretation and report (Deprecated)",Procedure
96112,"Developmental test administration (including assessment of fine and/or gross motor, language, cognitive level, social, memory and/or executive functions by standardized developmental instruments when performed), by physician or other qualified health c...",Procedure
96113,"Developmental test administration (including assessment of fine and/or gross motor, language, cognitive level, social, memory and/or executive functions by standardized developmental instruments when performed), by physician or other qualified health c...",Procedure
96116,"Neurobehavioral status exam (clinical assessment of thinking, reasoning and judgment, [eg, acquired knowledge, attention, language, memory, planning and problem solving, and visual spatial abilities]), by physician or other qualified health care profes...",Procedure
96118,"Neuropsychological testing (eg, Halstead-Reitan Neuropsychological Battery, Wechsler Memory Scales and Wisconsin Card Sorting Test), per hour of the psychologist's or physician's time, both face-to-face time administering tests to the pati... (Deprecated)",Procedure
96119,"Neuropsychological testing (eg, Halstead-Reitan Neuropsychological Battery, Wechsler Memory Scales and Wisconsin Card Sorting Test), with qualified health care professional interpretation and report, administered by technician, per hour of... (Deprecated)",Procedure
96120,"Neuropsychological testing (eg, Wisconsin Card Sorting Test), administered by a computer, with qualified health care professional interpretation and report (Deprecated)",Procedure
96121,"Neurobehavioral status exam (clinical assessment of thinking, reasoning and judgment, [eg, acquired knowledge, attention, language, memory, planning and problem solving, and visual spatial abilities]), by physician or other qualified health care profes...",Procedure
96125,"Standardized cognitive performance testing (eg, Ross Information Processing Assessment) per hour of a qualified health care professional's time, both face-to-face time administering tests to the patient and time interpreting these test results and prep...",Procedure
96127,"Brief emotional/behavioral assessment (eg, depression inventory, attention-deficit/hyperactivity disorder [ADHD] scale), with scoring and documentation, per standardized instrument",Procedure
96130,"Psychological testing evaluation services by physician or other qualified health care professional, including integration of patient data, interpretation of standardized test results and clinical data, clinical decision making, treatment planning and r...",Observation
96131,"Psychological testing evaluation services by physician or other qualified health care professional, including integration of patient data, interpretation of standardized test results and clinical data, clinical decision making, treatment planning and r...",Observation
96132,"Neuropsychological testing evaluation services by physician or other qualified health care professional, including integration of patient data, interpretation of standardized test results and clinical data, clinical decision making, treatment planning...",Observation
96133,"Neuropsychological testing evaluation services by physician or other qualified health care professional, including integration of patient data, interpretation of standardized test results and clinical data, clinical decision making, treatment planning...",Observation
96136,"Psychological or neuropsychological test administration and scoring by physician or other qualified health care professional, two or more tests, any method; first 30 minutes",Procedure
96137,"Psychological or neuropsychological test administration and scoring by physician or other qualified health care professional, two or more tests, any method; each additional 30 minutes (List separately in addition to code for primary procedure)",Procedure
96138,"Psychological or neuropsychological test administration and scoring by technician, two or more tests, any method; first 30 minutes",Procedure
96139,"Psychological or neuropsychological test administration and scoring by technician, two or more tests, any method; each additional 30 minutes (List separately in addition to code for primary procedure)",Procedure
96146,"Psychological or neuropsychological test administration, with single automated, standardized instrument via electronic platform, with automated result only",Procedure
96150,"Health and behavior assessment (eg, health-focused clinical interview, behavioral observations, psychophysiological monitoring, health-oriented questionnaires), each 15 minutes face-to-face with the patient; initial assessment (Deprecated)",Procedure
96151,"Health and behavior assessment (eg, health-focused clinical interview, behavioral observations, psychophysiological monitoring, health-oriented questionnaires), each 15 minutes face-to-face with the patient; re-assessment (Deprecated)",Procedure
96152,"Health and behavior intervention, each 15 minutes, face-to-face; individual (Deprecated)",Procedure
96153,"Health and behavior intervention, each 15 minutes, face-to-face; group (2 or more patients) (Deprecated)",Procedure
96154,"Health and behavior intervention, each 15 minutes, face-to-face; family (with the patient present) (Deprecated)",Procedure
96155,"Health and behavior intervention, each 15 minutes, face-to-face; family (without the patient present) (Deprecated)",Procedure
96156,"Health behavior assessment, or re-assessment (ie, health-focused clinical interview, behavioral observations, clinical decision making)",Procedure
96158,"Health behavior intervention, individual, face-to-face; initial 30 minutes",Procedure
96159,"Health behavior intervention, individual, face-to-face; each additional 15 minutes (List separately in addition to code for primary service)",Procedure
96160,"Administration of patient-focused health risk assessment instrument (eg, health hazard appraisal) with scoring and documentation, per standardized instrument",Procedure
96161,"Administration of caregiver-focused health risk assessment instrument (eg, depression inventory) for the benefit of the patient, with scoring and documentation, per standardized instrument",Procedure
96164,"Health behavior intervention, group (2 or more patients), face-to-face; initial 30 minutes",Procedure
96165,"Health behavior intervention, group (2 or more patients), face-to-face; each additional 15 minutes (List separately in addition to code for primary service)",Procedure
96167,"Health behavior intervention, family (with the patient present), face-to-face; initial 30 minutes",Procedure
96168,"Health behavior intervention, family (with the patient present), face-to-face; each additional 15 minutes (List separately in addition to code for primary service)",Procedure
96170,"Health behavior intervention, family (without the patient present), face-to-face; initial 30 minutes",Procedure
96171,"Health behavior intervention, family (without the patient present), face-to-face; each additional 15 minutes (List separately in addition to code for primary service)",Procedure
96360,"Intravenous infusion, hydration; initial, 31 minutes to 1 hour",Procedure
96361,"Intravenous infusion, hydration; each additional hour (List separately in addition to code for primary procedure)",Procedure
96365,"Intravenous infusion, for therapy, prophylaxis, or diagnosis (specify substance or drug); initial, up to 1 hour",Procedure
96366,"Intravenous infusion, for therapy, prophylaxis, or diagnosis (specify substance or drug); each additional hour (List separately in addition to code for primary procedure)",Procedure
96367,"Intravenous infusion, for therapy, prophylaxis, or diagnosis (specify substance or drug); additional sequential infusion of a new drug/substance, up to 1 hour (List separately in addition to code for primary procedure)",Procedure
96368,"Intravenous infusion, for therapy, prophylaxis, or diagnosis (specify substance or drug); concurrent infusion (List separately in addition to code for primary procedure)",Procedure
96369,"Subcutaneous infusion for therapy or prophylaxis (specify substance or drug); initial, up to 1 hour, including pump set-up and establishment of subcutaneous infusion site(s)",Procedure
96370,Subcutaneous infusion for therapy or prophylaxis (specify substance or drug); each additional hour (List separately in addition to code for primary procedure),Procedure
96371,Subcutaneous infusion for therapy or prophylaxis (specify substance or drug); additional pump set-up with establishment of new subcutaneous infusion site(s) (List separately in addition to code for primary procedure),Procedure
96372,"Therapeutic, prophylactic, or diagnostic injection (specify substance or drug); subcutaneous or intramuscular",Procedure
96373,"Therapeutic, prophylactic, or diagnostic injection (specify substance or drug); intra-arterial",Procedure
96374,"Therapeutic, prophylactic, or diagnostic injection (specify substance or drug); intravenous push, single or initial substance/drug",Procedure
96375,"Therapeutic, prophylactic, or diagnostic injection (specify substance or drug); each additional sequential intravenous push of a new substance/drug (List separately in addition to code for primary procedure)",Procedure
96376,"Therapeutic, prophylactic, or diagnostic injection (specify substance or drug); each additional sequential intravenous push of the same substance/drug provided in a facility (List separately in addition to code for primary procedure)",Procedure
96377,Application of on-body injector (includes cannula insertion) for timed subcutaneous injection,Procedure
96379,"Unlisted therapeutic, prophylactic, or diagnostic intravenous or intra-arterial injection or infusion",Procedure
96401,"Chemotherapy administration, subcutaneous or intramuscular; non-hormonal anti-neoplastic",Procedure
96402,"Chemotherapy administration, subcutaneous or intramuscular; hormonal anti-neoplastic",Procedure
96405,"Chemotherapy administration; intralesional, up to and including 7 lesions",Procedure
96406,"Chemotherapy administration; intralesional, more than 7 lesions",Procedure
96409,"Chemotherapy administration; intravenous, push technique, single or initial substance/drug",Procedure
96410,"Chemotherapy administration, intravenous; infusion technique, up to one hour (Deprecated)",Procedure
96411,"Chemotherapy administration; intravenous, push technique, each additional substance/drug (List separately in addition to code for primary procedure)",Procedure
96412,"Chemotherapy administration, intravenous; infusion technique, one to 8 hours, each additional hour (List separately in addition to code for primary procedure) (Deprecated)",Procedure
96413,"Chemotherapy administration, intravenous infusion technique; up to 1 hour, single or initial substance/drug",Procedure
96415,"Chemotherapy administration, intravenous infusion technique; each additional hour (List separately in addition to code for primary procedure)",Procedure
96416,"Chemotherapy administration, intravenous infusion technique; initiation of prolonged chemotherapy infusion (more than 8 hours), requiring use of a portable or implantable pump",Procedure
96417,"Chemotherapy administration, intravenous infusion technique; each additional sequential infusion (different substance/drug), up to 1 hour (List separately in addition to code for primary procedure)",Procedure
96420,"Chemotherapy administration, intra-arterial; push technique",Procedure
96422,"Chemotherapy administration, intra-arterial; infusion technique, up to 1 hour",Procedure
96423,"Chemotherapy administration, intra-arterial; infusion technique, each additional hour (List separately in addition to code for primary procedure)",Procedure
96425,"Chemotherapy administration, intra-arterial; infusion technique, initiation of prolonged infusion (more than 8 hours), requiring the use of a portable or implantable pump",Procedure
96446,Chemotherapy administration into the peritoneal cavity via implanted port or catheter,Procedure
96450,"Chemotherapy administration, into CNS (eg, intrathecal), requiring and including spinal puncture",Procedure
96521,Refilling and maintenance of portable pump,Procedure
96522,"Refilling and maintenance of implantable pump or reservoir for drug delivery, systemic (eg, intravenous, intra-arterial)",Procedure
96523,Irrigation of implanted venous access device for drug delivery systems,Procedure
96542,"Chemotherapy injection, subarachnoid or intraventricular via subcutaneous reservoir, single or multiple agents",Procedure
96549,Unlisted chemotherapy procedure,Procedure
96567,"Photodynamic therapy by external application of light to destroy premalignant lesions of the skin and adjacent mucosa with application and illumination/activation of photosensitive drug(s), per day",Procedure
96570,Photodynamic therapy by endoscopic application of light to ablate abnormal tissue via activation of photosensitive drug(s); first 30 minutes (List separately in addition to code for endoscopy or bronchoscopy procedures of lung and gastrointestinal tract),Procedure
96573,Photodynamic therapy by external application of light to destroy premalignant lesions of the skin and adjacent mucosa with application and illumination/activation of photosensitizing drug(s) provided by a physician or other qualified health care profes...,Procedure
96574,"Debridement of premalignant hyperkeratotic lesion(s) (ie, targeted curettage, abrasion) followed with photodynamic therapy by external application of light to destroy premalignant lesions of the skin and adjacent mucosa with application and illuminatio...",Procedure
96904,"Whole body integumentary photography, for monitoring of high risk patients with dysplastic nevus syndrome or a history of dysplastic nevi, or patients with a personal or familial history of melanoma",Procedure
96910,Photochemotherapy; tar and ultraviolet B (Goeckerman treatment) or petrolatum and ultraviolet B,Procedure
96920,Excimer laser treatment for psoriasis; total area less than 250 sq cm,Procedure
96921,Excimer laser treatment for psoriasis; 250 sq cm to 500 sq cm,Procedure
96922,Excimer laser treatment for psoriasis; over 500 sq cm,Procedure
96999,Unlisted special dermatological service or procedure,Procedure
97001,Physical therapy evaluation (Deprecated),Procedure
97002,PHYSICAL THERAPY RE-EVALUATION (Deprecated),Procedure
97003,Occupational therapy evaluation (Deprecated),Procedure
97004,Occupational therapy re-evaluation (Deprecated),Procedure
97005,ATHLETIC TRAINING EVALUATION (Deprecated),Procedure
97010,Application of a modality to 1 or more areas; hot or cold packs,Procedure
97012,"Application of a modality to 1 or more areas; traction, mechanical",Procedure
97014,Application of a modality to 1 or more areas; electrical stimulation (unattended),Procedure
97016,Application of a modality to 1 or more areas; vasopneumatic devices,Procedure
97018,Application of a modality to 1 or more areas; paraffin bath,Procedure
97022,Application of a modality to 1 or more areas; whirlpool,Procedure
97026,Application of a modality to 1 or more areas; infrared,Procedure
97028,Application of a modality to 1 or more areas; ultraviolet,Procedure
97032,"Application of a modality to 1 or more areas; electrical stimulation (manual), each 15 minutes",Procedure
97033,"Application of a modality to 1 or more areas; iontophoresis, each 15 minutes",Procedure
97035,"Application of a modality to 1 or more areas; ultrasound, each 15 minutes",Procedure
97039,Unlisted modality (specify type and time if constant attendance),Procedure
97110,"Therapeutic procedure, 1 or more areas, each 15 minutes; therapeutic exercises to develop strength and endurance, range of motion and flexibility",Procedure
97112,"Therapeutic procedure, 1 or more areas, each 15 minutes; neuromuscular reeducation of movement, balance, coordination, kinesthetic sense, posture, and/or proprioception for sitting and/or standing activities",Procedure
97113,"Therapeutic procedure, 1 or more areas, each 15 minutes; aquatic therapy with therapeutic exercises",Procedure
97116,"Therapeutic procedure, 1 or more areas, each 15 minutes; gait training (includes stair climbing)",Procedure
97124,"Therapeutic procedure, 1 or more areas, each 15 minutes; massage, including effleurage, petrissage and/or tapotement (stroking, compression, percussion)",Procedure
97129,"Therapeutic interventions that focus on cognitive function (eg, attention, memory, reasoning, executive function, problem solving, and/or pragmatic functioning) and compensatory strategies to manage the performance of an activity (eg, managing time or...",Procedure
97130,"Therapeutic interventions that focus on cognitive function (eg, attention, memory, reasoning, executive function, problem solving, and/or pragmatic functioning) and compensatory strategies to manage the performance of an activity (eg, managing time or...",Procedure
97139,Unlisted therapeutic procedure (specify),Procedure
97140,"Manual therapy techniques (eg, mobilization/ manipulation, manual lymphatic drainage, manual traction), 1 or more regions, each 15 minutes",Procedure
97150,"Therapeutic procedure(s), group (2 or more individuals)",Procedure
97151,"Behavior identification assessment, administered by a physician or other qualified health care professional, each 15 minutes of the physician's or other qualified health care professional's time face-to-face with patient and/or guardian(s)/caregiver(s)...",Procedure
97152,"Behavior identification-supporting assessment, administered by one technician under the direction of a physician or other qualified health care professional, face-to-face with the patient, each 15 minutes",Procedure
97153,"Adaptive behavior treatment by protocol, administered by technician under the direction of a physician or other qualified health care professional, face-to-face with one patient, each 15 minutes",Procedure
97155,"Adaptive behavior treatment with protocol modification, administered by physician or other qualified health care professional, which may include simultaneous direction of technician, face-to-face with one patient, each 15 minutes",Procedure
97156,"Family adaptive behavior treatment guidance, administered by physician or other qualified health care professional (with or without the patient present), face-to-face with guardian(s)/caregiver(s), each 15 minutes",Procedure
97161,"Physical therapy evaluation: low complexity, requiring these components: A history with no personal factors and/or comorbidities that impact the plan of care; An examination of body system(s) using standardized tests and measures addressing 1-2 element...",Procedure
97162,"Physical therapy evaluation: moderate complexity, requiring these components: A history of present problem with 1-2 personal factors and/or comorbidities that impact the plan of care; An examination of body systems using standardized tests and measures...",Procedure
97163,"Physical therapy evaluation: high complexity, requiring these components: A history of present problem with 3 or more personal factors and/or comorbidities that impact the plan of care; An examination of body systems using standardized tests and measur...",Procedure
97164,"Re-evaluation of physical therapy established plan of care, requiring these components: An examination including a review of history and use of standardized tests and measures is required; and Revised plan of care using a standardized patient assessmen...",Procedure
97165,"Occupational therapy evaluation, low complexity, requiring these components: An occupational profile and medical and therapy history, which includes a brief history including review of medical and/or therapy records relating to the presenting problem;...",Procedure
97166,"Occupational therapy evaluation, moderate complexity, requiring these components: An occupational profile and medical and therapy history, which includes an expanded review of medical and/or therapy records and additional review of physical, cognitive,...",Procedure
97167,"Occupational therapy evaluation, high complexity, requiring these components: An occupational profile and medical and therapy history, which includes review of medical and/or therapy records and extensive additional review of physical, cognitive, or ps...",Procedure
97168,"Re-evaluation of occupational therapy established plan of care, requiring these components: An assessment of changes in patient functional or medical status with revised plan of care; An update to the initial occupational profile to reflect changes in...",Observation
97171,"Athletic training evaluation, high complexity, requiring these components: A medical history and physical activity profile, with 3 or more comorbidities that affect physical activity; A comprehensive examination of body systems using standardized tests...",Procedure
97250,"Myofascial release/soft tissue mobilization, one or more regions. (Deprecated)",Procedure
97504,"Orthotic(s) fitting and training, upper extremity(ies), lower extremity(ies), and/or trunk, each 15 minutes (Deprecated)",Procedure
97530,"Therapeutic activities, direct (one-on-one) patient contact (use of dynamic activities to improve functional performance), each 15 minutes",Procedure
97532,"Development of cognitive skills to improve attention, memory, problem solving (includes compensatory training), direct (one-on-one) patient contact, each 15 minutes (Deprecated)",Procedure
97533,"Sensory integrative techniques to enhance sensory processing and promote adaptive responses to environmental demands, direct (one-on-one) patient contact, each 15 minutes",Procedure
97535,"Self-care/home management training (eg, activities of daily living (ADL) and compensatory training, meal preparation, safety procedures, and instructions in use of assistive technology devices/adaptive equipment) direct one-on-one contact, each 15 minutes",Procedure
97537,"Community/work reintegration training (eg, shopping, transportation, money management, avocational activities and/or work environment/modification analysis, work task analysis, use of assistive technology device/adaptive equipment), direct one-on-one c...",Procedure
97542,"Wheelchair management (eg, assessment, fitting, training), each 15 minutes",Procedure
97545,Work hardening/conditioning; initial 2 hours,Procedure
97546,Work hardening/conditioning; each additional hour (List separately in addition to code for primary procedure),Procedure
97597,"Debridement (eg, high pressure waterjet with/without suction, sharp selective debridement with scissors, scalpel and forceps), open wound, (eg, fibrin, devitalized epidermis and/or dermis, exudate, debris, biofilm), including topical application(s), wo...",Procedure
97598,"Debridement (eg, high pressure waterjet with/without suction, sharp selective debridement with scissors, scalpel and forceps), open wound, (eg, fibrin, devitalized epidermis and/or dermis, exudate, debris, biofilm), including topical application(s), wo...",Procedure
97601,"Removal of devitalized tissue from wound(s); selective debridement, without anesthesia (eg, high pressure waterjet, sharp selective debridement with scissors, scalpel and tweezers), including topical application(s), wound assessment, and i... (Deprecated)",Procedure
97602,"Removal of devitalized tissue from wound(s), non-selective debridement, without anesthesia (eg, wet-to-moist dressings, enzymatic, abrasion, larval therapy), including topical application(s), wound assessment, and instruction(s) for ongoing care, per s...",Procedure
97605,"Negative pressure wound therapy (eg, vacuum assisted drainage collection), utilizing durable medical equipment (DME), including topical application(s), wound assessment, and instruction(s) for ongoing care, per session; total wound(s) surface area less...",Procedure
97606,"Negative pressure wound therapy (eg, vacuum assisted drainage collection), utilizing durable medical equipment (DME), including topical application(s), wound assessment, and instruction(s) for ongoing care, per session; total wound(s) surface area grea...",Procedure
97607,"Negative pressure wound therapy, (eg, vacuum assisted drainage collection), utilizing disposable, non-durable medical equipment including provision of exudate management collection system, topical application(s), wound assessment, and instructions for...",Procedure
97608,"Negative pressure wound therapy, (eg, vacuum assisted drainage collection), utilizing disposable, non-durable medical equipment including provision of exudate management collection system, topical application(s), wound assessment, and instructions for...",Procedure
97610,"Low frequency, non-contact, non-thermal ultrasound, including topical application(s), when performed, wound assessment, and instruction(s) for ongoing care, per day",Procedure
97750,"Physical performance test or measurement (eg, musculoskeletal, functional capacity), with written report, each 15 minutes",Procedure
97755,"Assistive technology assessment (eg, to restore, augment or compensate for existing function, optimize functional tasks and/or maximize environmental accessibility), direct one-on-one contact, with written report, each 15 minutes",Procedure
97761,"Prosthetic(s) training, upper and/or lower extremity(ies), initial prosthetic(s) encounter, each 15 minutes",Procedure
97762,"Checkout for orthotic/prosthetic use, established patient, each 15 minutes (Deprecated)",Observation
97763,"Orthotic(s)/prosthetic(s) management and/or training, upper extremity(ies), lower extremity(ies), and/or trunk, subsequent orthotic(s)/prosthetic(s) encounter, each 15 minutes",Procedure
97799,Unlisted physical medicine/rehabilitation service or procedure,Procedure
97802,"Medical nutrition therapy; initial assessment and intervention, individual, face-to-face with the patient, each 15 minutes",Procedure
97803,"Medical nutrition therapy; re-assessment and intervention, individual, face-to-face with the patient, each 15 minutes",Procedure
97804,"Medical nutrition therapy; group (2 or more individual(s)), each 30 minutes",Procedure
97810,"Acupuncture, 1 or more needles; without electrical stimulation, initial 15 minutes of personal one-on-one contact with the patient",Procedure
97811,"Acupuncture, 1 or more needles; without electrical stimulation, each additional 15 minutes of personal one-on-one contact with the patient, with insertion of needle(s) (List separately in addition to code for primary procedure)",Procedure
97813,"Acupuncture, 1 or more needles; with electrical stimulation, initial 15 minutes of personal one-on-one contact with the patient",Procedure
97814,"Acupuncture, 1 or more needles; with electrical stimulation, each additional 15 minutes of personal one-on-one contact with the patient, with insertion of needle(s) (List separately in addition to code for primary procedure)",Procedure
98940,"Chiropractic manipulative treatment (CMT); spinal, 1-2 regions",Procedure
98941,"Chiropractic manipulative treatment (CMT); spinal, 3-4 regions",Procedure
98943,"Chiropractic manipulative treatment (CMT); extraspinal, 1 or more regions",Procedure
98960,"Education and training for patient self-management by a nonphysician qualified health care professional using a standardized curriculum, face-to-face with the patient (could include caregiver/family) each 30 minutes; individual patient",Procedure
98961,"Education and training for patient self-management by a nonphysician qualified health care professional using a standardized curriculum, face-to-face with the patient (could include caregiver/family) each 30 minutes; 2-4 patients",Procedure
98966,"Telephone assessment and management service provided by a nonphysician qualified health care professional to an established patient, parent, or guardian not originating from a related assessment and management service provided within the previous 7 day...",Observation
98970,"Nonphysician qualified health care professional online digital assessment and management, for an established patient, for up to 7 days, cumulative time during the 7 days; 5-10 minutes",Observation
98971,"Nonphysician qualified health care professional online digital assessment and management, for an established patient, for up to 7 days, cumulative time during the 7 days; 11-20 minutes",Observation
98972,"Nonphysician qualified health care professional online digital assessment and management, for an established patient, for up to 7 days, cumulative time during the 7 days; 21 or more minutes",Observation
99000,Handling and/or conveyance of specimen for transfer from the office to a laboratory,Observation
99002,"Handling, conveyance, and/or any other service in connection with the implementation of an order involving devices (eg, designing, fitting, packaging, handling, delivery or mailing) when devices such as orthotics, protectives, prosthetics are fabricate...",Observation
99024,"Postoperative follow-up visit, normally included in the surgical package, to indicate that an evaluation and management service was performed during a postoperative period for a reason(s) related to the original procedure",Observation
99050,"Services provided in the office at times other than regularly scheduled office hours, or days when the office is normally closed (eg, holidays, Saturday or Sunday), in addition to basic service",Observation
99053,"Service(s) provided between 10:00 PM and 8:00 AM at 24-hour facility, in addition to basic service",Observation
99058,"Service(s) provided on an emergency basis in the office, which disrupts other scheduled office services, in addition to basic service",Observation
99080,"Special reports such as insurance forms, more than the information conveyed in the usual medical communications or standard reporting form",Observation
99091,"Collection and interpretation of physiologic data (eg, ECG, blood pressure, glucose monitoring) digitally stored and/or transmitted by the patient and/or caregiver to the physician or other qualified health care professional, qualified by education, tr...",Procedure
99100,"Anesthesia for patient of extreme age, younger than 1 year and older than 70 (List separately in addition to code for primary anesthesia procedure)",Procedure
99135,Anesthesia complicated by utilization of controlled hypotension (List separately in addition to code for primary anesthesia procedure),Procedure
99140,Anesthesia complicated by emergency conditions (specify) (List separately in addition to code for primary anesthesia procedure),Procedure
99143,"Moderate sedation services by physician also performing a procedure, patient younger than 5 years of age, first 30 minutes (Deprecated)",Procedure
99144,"Moderate sedation services by physician also performing a procedure, patient 5 years of age or older, first 30 minutes (Deprecated)",Procedure
99145,Moderate sedation services by physician or health care provider also performing a procedure (Deprecated),Procedure
99149,"Moderate sedation services by physician not performing a procedure, patient 5 years of age or older, first 30 minutes (Deprecated)",Procedure
99150,Moderate sedation services by physician or health care provider not performing a procedure (Deprecated),Procedure
99151,"Moderate sedation services provided by the same physician or other qualified health care professional performing the diagnostic or therapeutic service that the sedation supports, requiring the presence of an independent trained observer to assist in th...",Procedure
99152,"Moderate sedation services provided by the same physician or other qualified health care professional performing the diagnostic or therapeutic service that the sedation supports, requiring the presence of an independent trained observer to assist in th...",Procedure
99153,"Moderate sedation services provided by the same physician or other qualified health care professional performing the diagnostic or therapeutic service that the sedation supports, requiring the presence of an independent trained observer to assist in th...",Procedure
99155,Moderate sedation services provided by a physician or other qualified health care professional other than the physician or other qualified health care professional performing the diagnostic or therapeutic service that the sedation supports; initial 15...,Procedure
99156,Moderate sedation services provided by a physician or other qualified health care professional other than the physician or other qualified health care professional performing the diagnostic or therapeutic service that the sedation supports; initial 15...,Procedure
99157,Moderate sedation services provided by a physician or other qualified health care professional other than the physician or other qualified health care professional performing the diagnostic or therapeutic service that the sedation supports; each additi...,Procedure
99173,"Screening test of visual acuity, quantitative, bilateral",Procedure
99174,"Instrument-based ocular screening (eg, photoscreening, automated-refraction), bilateral; with remote analysis and report",Procedure
99177,"Instrument-based ocular screening (eg, photoscreening, automated-refraction), bilateral; with on-site analysis",Procedure
99183,"Physician or other qualified health care professional attendance and supervision of hyperbaric oxygen therapy, per session",Procedure
99184,"Initiation of selective head or total body hypothermia in the critically ill neonate, includes appropriate patient selection by review of clinical, imaging and laboratory data, confirmation of esophageal temperature probe location, evaluation of amplit...",Procedure
99188,Application of topical fluoride varnish by a physician or other qualified health care professional,Procedure
99192,Assembly and operation of pump with oxygenator or heat exchanger (with or without ECG and/or pressure monitoring); 30 minutes,Procedure
99195,"Phlebotomy, therapeutic (separate procedure)",Procedure
99199,"Unlisted special service, procedure or report",Procedure
99201,"Office or other outpatient visit for the evaluation and management of a new patient, which requires these 3 key components: A problem focused history; A problem focused examination; Straightforward medical decision making. Counseling and/o... (Deprecated)",Observation
99202,"Office or other outpatient visit for the evaluation and management of a new patient, which requires a medically appropriate history and/or examination and straightforward medical decision making. When using total time on the date of the encounter for c...",Observation
99203,"Office or other outpatient visit for the evaluation and management of a new patient, which requires a medically appropriate history and/or examination and low level of medical decision making. When using total time on the date of the encounter for code...",Observation
99204,"Office or other outpatient visit for the evaluation and management of a new patient, which requires a medically appropriate history and/or examination and moderate level of medical decision making. When using total time on the date of the encounter for...",Observation
99205,"Office or other outpatient visit for the evaluation and management of a new patient, which requires a medically appropriate history and/or examination and high level of medical decision making. When using total time on the date of the encounter for cod...",Observation
99211,Office or other outpatient visit for the evaluation and management of an established patient that may not require the presence of a physician or other qualified health care professional,Observation
99212,"Office or other outpatient visit for the evaluation and management of an established patient, which requires a medically appropriate history and/or examination and straightforward medical decision making. When using total time on the date of the encoun...",Observation
99213,"Office or other outpatient visit for the evaluation and management of an established patient, which requires a medically appropriate history and/or examination and low level of medical decision making. When using total time on the date of the encounter...",Observation
99214,"Office or other outpatient visit for the evaluation and management of an established patient, which requires a medically appropriate history and/or examination and moderate level of medical decision making. When using total time on the date of the enco...",Observation
99215,"Office or other outpatient visit for the evaluation and management of an established patient, which requires a medically appropriate history and/or examination and high level of medical decision making. When using total time on the date of the encounte...",Observation
99217,"Observation care discharge day management (This code is to be utilized to report all services provided to a patient on discharge from outpatient hospital ""observation status"" if the discharge is on other than the initial date of ""observati... (Deprecated)",Observation
99218,"Initial observation care, per day, for the evaluation and management of a patient which requires these 3 key components: A detailed or comprehensive history; A detailed or comprehensive examination; and Medical decision making that is stra... (Deprecated)",Procedure
99219,"Initial observation care, per day, for the evaluation and management of a patient, which requires these 3 key components: A comprehensive history; A comprehensive examination; and Medical decision making of moderate complexity. Counseling ... (Deprecated)",Procedure
99220,"Initial observation care, per day, for the evaluation and management of a patient, which requires these 3 key components: A comprehensive history; A comprehensive examination; and Medical decision making of high complexity. Counseling and/... (Deprecated)",Procedure
99221,"Initial hospital inpatient or observation care, per day, for the evaluation and management of a patient, which requires a medically appropriate history and/or examination and straightforward or low level medical decision making. When using total time o...",Procedure
99222,"Initial hospital inpatient or observation care, per day, for the evaluation and management of a patient, which requires a medically appropriate history and/or examination and moderate level of medical decision making. When using total time on the date...",Procedure
99223,"Initial hospital inpatient or observation care, per day, for the evaluation and management of a patient, which requires a medically appropriate history and/or examination and high level of medical decision making. When using total time on the date of t...",Procedure
99224,"Subsequent observation care, per day, for the evaluation and management of a patient, which requires at least 2 of these 3 key components: Problem focused interval history; Problem focused examination; Medical decision making that is strai... (Deprecated)",Procedure
99225,"Subsequent observation care, per day, for the evaluation and management of a patient, which requires at least 2 of these 3 key components: An expanded problem focused interval history; An expanded problem focused examination; Medical decis... (Deprecated)",Procedure
99226,"Subsequent observation care, per day, for the evaluation and management of a patient, which requires at least 2 of these 3 key components: A detailed interval history; A detailed examination; Medical decision making of high complexity. Cou... (Deprecated)",Procedure
99231,"Subsequent hospital inpatient or observation care, per day, for the evaluation and management of a patient, which requires a medically appropriate history and/or examination and straightforward or low level of medical decision making. When using total...",Procedure
99232,"Subsequent hospital inpatient or observation care, per day, for the evaluation and management of a patient, which requires a medically appropriate history and/or examination and moderate level of medical decision making. When using total time on the da...",Procedure
99233,"Subsequent hospital inpatient or observation care, per day, for the evaluation and management of a patient, which requires a medically appropriate history and/or examination and high level of medical decision making. When using total time on the date o...",Procedure
99234,"Hospital inpatient or observation care, for the evaluation and management of a patient including admission and discharge on the same date, which requires a medically appropriate history and/or examination and straightforward or low level of medical dec...",Observation
99235,"Hospital inpatient or observation care, for the evaluation and management of a patient including admission and discharge on the same date, which requires a medically appropriate history and/or examination and moderate level of medical decision making....",Observation
99236,"Hospital inpatient or observation care, for the evaluation and management of a patient including admission and discharge on the same date, which requires a medically appropriate history and/or examination and high level of medical decision making. When...",Observation
99238,Hospital inpatient or observation discharge day management; 30 minutes or less on the date of the encounter,Procedure
99239,Hospital inpatient or observation discharge day management; more than 30 minutes on the date of the encounter,Procedure
99241,"Office consultation for a new or established patient, which requires these 3 key components: A problem focused history; A problem focused examination; and Straightforward medical decision making. Counseling and/or coordination of care with... (Deprecated)",Observation
99242,"Office or other outpatient consultation for a new or established patient, which requires a medically appropriate history and/or examination and straightforward medical decision making. When using total time on the date of the encounter for code selecti...",Observation
99243,"Office or other outpatient consultation for a new or established patient, which requires a medically appropriate history and/or examination and low level of medical decision making. When using total time on the date of the encounter for code selection,...",Observation
99244,"Office or other outpatient consultation for a new or established patient, which requires a medically appropriate history and/or examination and moderate level of medical decision making. When using total time on the date of the encounter for code selec...",Observation
99245,"Office or other outpatient consultation for a new or established patient, which requires a medically appropriate history and/or examination and high level of medical decision making. When using total time on the date of the encounter for code selection...",Observation
99251,"Inpatient consultation for a new or established patient, which requires these 3 key components: A problem focused history; A problem focused examination; and Straightforward medical decision making. Counseling and/or coordination of care w... (Deprecated)",Observation
99252,"Inpatient or observation consultation for a new or established patient, which requires a medically appropriate history and/or examination and straightforward medical decision making. When using total time on the date of the encounter for code selection...",Observation
99253,"Inpatient or observation consultation for a new or established patient, which requires a medically appropriate history and/or examination and low level of medical decision making. When using total time on the date of the encounter for code selection, 4...",Observation
99254,"Inpatient or observation consultation for a new or established patient, which requires a medically appropriate history and/or examination and moderate level of medical decision making. When using total time on the date of the encounter for code selecti...",Observation
99255,"Inpatient or observation consultation for a new or established patient, which requires a medically appropriate history and/or examination and high level of medical decision making. When using total time on the date of the encounter for code selection,...",Observation
99281,Emergency department visit for the evaluation and management of a patient that may not require the presence of a physician or other qualified health care professional,Observation
99282,"Emergency department visit for the evaluation and management of a patient, which requires a medically appropriate history and/or examination and straightforward medical decision making",Observation
99283,"Emergency department visit for the evaluation and management of a patient, which requires a medically appropriate history and/or examination and low level of medical decision making",Observation
99284,"Emergency department visit for the evaluation and management of a patient, which requires a medically appropriate history and/or examination and moderate level of medical decision making",Observation
99285,"Emergency department visit for the evaluation and management of a patient, which requires a medically appropriate history and/or examination and high level of medical decision making",Observation
99288,"Physician or other qualified health care professional direction of emergency medical systems (EMS) emergency care, advanced life support",Procedure
99291,"Critical care, evaluation and management of the critically ill or critically injured patient; first 30-74 minutes",Procedure
99292,"Critical care, evaluation and management of the critically ill or critically injured patient; each additional 30 minutes (List separately in addition to code for primary service)",Procedure
99295,"Initial neonatal intensive care, per day, for the evaluation and management of a critically ill neonate or infant This code is reserved for the date of admission for neonates who are critically ill. Critically ill neonates require cardiac ... (Deprecated)",Procedure
99306,"Initial nursing facility care, per day, for the evaluation and management of a patient, which requires a medically appropriate history and/or examination and high level of medical decision making. When using total time on the date of the encounter for...",Observation
99307,"Subsequent nursing facility care, per day, for the evaluation and management of a patient, which requires a medically appropriate history and/or examination and straightforward medical decision making. When using total time on the date of the encounter...",Observation
99308,"Subsequent nursing facility care, per day, for the evaluation and management of a patient, which requires a medically appropriate history and/or examination and low level of medical decision making. When using total time on the date of the encounter fo...",Observation
99309,"Subsequent nursing facility care, per day, for the evaluation and management of a patient, which requires a medically appropriate history and/or examination and moderate level of medical decision making. When using total time on the date of the encount...",Observation
99310,"Subsequent nursing facility care, per day, for the evaluation and management of a patient, which requires a medically appropriate history and/or examination and high level of medical decision making. When using total time on the date of the encounter f...",Observation
99334,"Domiciliary or rest home visit for the evaluation and management of an established patient, which requires at least 2 of these 3 key components: A problem focused interval history; A problem focused examination; Straightforward medical dec... (Deprecated)",Observation
99335,"Domiciliary or rest home visit for the evaluation and management of an established patient, which requires at least 2 of these 3 key components: An expanded problem focused interval history; An expanded problem focused examination; Medical... (Deprecated)",Observation
99336,"Domiciliary or rest home visit for the evaluation and management of an established patient, which requires at least 2 of these 3 key components: A detailed interval history; A detailed examination; Medical decision making of moderate compl... (Deprecated)",Observation
99337,"Domiciliary or rest home visit for the evaluation and management of an established patient, which requires at least 2 of these 3 key components: A comprehensive interval history; A comprehensive examination; Medical decision making of mode... (Deprecated)",Observation
99348,"Home or residence visit for the evaluation and management of an established patient, which requires a medically appropriate history and/or examination and low level of medical decision making. When using total time on the date of the encounter for code...",Observation
99349,"Home or residence visit for the evaluation and management of an established patient, which requires a medically appropriate history and/or examination and moderate level of medical decision making. When using total time on the date of the encounter for...",Observation
99350,"Home or residence visit for the evaluation and management of an established patient, which requires a medically appropriate history and/or examination and high level of medical decision making. When using total time on the date of the encounter for cod...",Observation
99354,"Prolonged service(s) in the outpatient setting requiring direct patient contact beyond the time of the usual service; first hour (List separately in addition to code for outpatient Evaluation and Management or psychotherapy service, except... (Deprecated)",Observation
99355,Prolonged service(s) in the outpatient setting requiring direct patient contact beyond the time of the usual service; each additional 30 minutes (List separately in addition to code for prolonged service) (Deprecated),Observation
99356,"Prolonged service in the inpatient or observation setting, requiring unit/floor time beyond the usual service; first hour (List separately in addition to code for inpatient or observation Evaluation and Management service) (Deprecated)",Observation
99357,"Prolonged service in the inpatient or observation setting, requiring unit/floor time beyond the usual service; each additional 30 minutes (List separately in addition to code for prolonged service) (Deprecated)",Observation
99358,Prolonged evaluation and management service before and/or after direct patient care; first hour,Procedure
99359,Prolonged evaluation and management service before and/or after direct patient care; each additional 30 minutes (List separately in addition to code for prolonged service),Procedure
99360,"Standby service, requiring prolonged attendance, each 30 minutes (eg, operative standby, standby for frozen section, for cesarean/high risk delivery, for monitoring EEG)",Procedure
99364,"Anticoagulant management for an outpatient taking warfarin, physician review and interpretation of International Normalized Ratio (INR) testing, patient instructions, dosage adjustment (as needed), and ordering of additional tests; each su... (Deprecated)",Observation
99366,"Medical team conference with interdisciplinary team of health care professionals, face-to-face with patient and/or family, 30 minutes or more, participation by nonphysician qualified health care professional",Procedure
99367,"Medical team conference with interdisciplinary team of health care professionals, patient and/or family not present, 30 minutes or more; participation by physician",Procedure
99368,"Medical team conference with interdisciplinary team of health care professionals, patient and/or family not present, 30 minutes or more; participation by nonphysician qualified health care professional",Procedure
99373,"Telephone call by a physician to patient or for consultation or medical management or for coordinating medical management with other health care professionals (eg, nurses, therapists, social workers, nutritionists, physicians, pharmacists)... (Deprecated)",Observation
99377,"Supervision of a hospice patient (patient not present) requiring complex and multidisciplinary care modalities involving regular development and/or revision of care plans by that individual, review of subsequent reports of patient status, review of rel...",Procedure
99381,"Initial comprehensive preventive medicine evaluation and management of an individual including an age and gender appropriate history, examination, counseling/anticipatory guidance/risk factor reduction interventions, and the ordering of laboratory/diag...",Procedure
99382,"Initial comprehensive preventive medicine evaluation and management of an individual including an age and gender appropriate history, examination, counseling/anticipatory guidance/risk factor reduction interventions, and the ordering of laboratory/diag...",Procedure
99383,"Initial comprehensive preventive medicine evaluation and management of an individual including an age and gender appropriate history, examination, counseling/anticipatory guidance/risk factor reduction interventions, and the ordering of laboratory/diag...",Procedure
99384,"Initial comprehensive preventive medicine evaluation and management of an individual including an age and gender appropriate history, examination, counseling/anticipatory guidance/risk factor reduction interventions, and the ordering of laboratory/diag...",Procedure
99385,"Initial comprehensive preventive medicine evaluation and management of an individual including an age and gender appropriate history, examination, counseling/anticipatory guidance/risk factor reduction interventions, and the ordering of laboratory/diag...",Procedure
99386,"Initial comprehensive preventive medicine evaluation and management of an individual including an age and gender appropriate history, examination, counseling/anticipatory guidance/risk factor reduction interventions, and the ordering of laboratory/diag...",Procedure
99387,"Initial comprehensive preventive medicine evaluation and management of an individual including an age and gender appropriate history, examination, counseling/anticipatory guidance/risk factor reduction interventions, and the ordering of laboratory/diag...",Procedure
99391,"Periodic comprehensive preventive medicine reevaluation and management of an individual including an age and gender appropriate history, examination, counseling/anticipatory guidance/risk factor reduction interventions, and the ordering of laboratory/d...",Procedure
99392,"Periodic comprehensive preventive medicine reevaluation and management of an individual including an age and gender appropriate history, examination, counseling/anticipatory guidance/risk factor reduction interventions, and the ordering of laboratory/d...",Procedure
99393,"Periodic comprehensive preventive medicine reevaluation and management of an individual including an age and gender appropriate history, examination, counseling/anticipatory guidance/risk factor reduction interventions, and the ordering of laboratory/d...",Procedure
99394,"Periodic comprehensive preventive medicine reevaluation and management of an individual including an age and gender appropriate history, examination, counseling/anticipatory guidance/risk factor reduction interventions, and the ordering of laboratory/d...",Procedure
99395,"Periodic comprehensive preventive medicine reevaluation and management of an individual including an age and gender appropriate history, examination, counseling/anticipatory guidance/risk factor reduction interventions, and the ordering of laboratory/d...",Procedure
99396,"Periodic comprehensive preventive medicine reevaluation and management of an individual including an age and gender appropriate history, examination, counseling/anticipatory guidance/risk factor reduction interventions, and the ordering of laboratory/d...",Procedure
99397,"Periodic comprehensive preventive medicine reevaluation and management of an individual including an age and gender appropriate history, examination, counseling/anticipatory guidance/risk factor reduction interventions, and the ordering of laboratory/d...",Procedure
99401,Preventive medicine counseling and/or risk factor reduction intervention(s) provided to an individual (separate procedure); approximately 15 minutes,Procedure
99402,Preventive medicine counseling and/or risk factor reduction intervention(s) provided to an individual (separate procedure); approximately 30 minutes,Procedure
99403,Preventive medicine counseling and/or risk factor reduction intervention(s) provided to an individual (separate procedure); approximately 45 minutes,Procedure
99404,Preventive medicine counseling and/or risk factor reduction intervention(s) provided to an individual (separate procedure); approximately 60 minutes,Procedure
99412,Preventive medicine counseling and/or risk factor reduction intervention(s) provided to individuals in a group setting (separate procedure); approximately 60 minutes,Procedure
99417,"Prolonged outpatient evaluation and management service(s) time with or without direct patient contact beyond the required time of the primary service when the primary service level has been selected using total time, each 15 minutes of total time (List...",Observation
99418,"Prolonged inpatient or observation evaluation and management service(s) time with or without direct patient contact beyond the required time of the primary service when the primary service level has been selected using total time, each 15 minutes of to...",Procedure
99420,"Administration and interpretation of health risk assessment instrument (eg, health hazard appraisal) (Deprecated)",Procedure
99421,"Online digital evaluation and management service, for an established patient, for up to 7 days, cumulative time during the 7 days; 5-10 minutes",Observation
99422,"Online digital evaluation and management service, for an established patient, for up to 7 days, cumulative time during the 7 days; 11-20 minutes",Observation
99423,"Online digital evaluation and management service, for an established patient, for up to 7 days, cumulative time during the 7 days; 21 or more minutes",Observation
99432,"Normal newborn care in other than hospital or birthing room setting, including physical examination of baby and conference(s) with parent(s) (Deprecated)",Procedure
99440,Newborn resuscitation: provision of positive pressure ventilation and/or chest compressions in the presence of acute inadequate ventilation and/or cardiac output (Deprecated),Procedure
99441,"Telephone evaluation and management service by a physician or other qualified health care professional who may report evaluation and management services provided to an established patient, parent, or guardian not originating from a related... (Deprecated)",Observation
99442,"Telephone evaluation and management service by a physician or other qualified health care professional who may report evaluation and management services provided to an established patient, parent, or guardian not originating from a related... (Deprecated)",Observation
99443,"Telephone evaluation and management service by a physician or other qualified health care professional who may report evaluation and management services provided to an established patient, parent, or guardian not originating from a related... (Deprecated)",Observation
99449,"Interprofessional telephone/Internet/electronic health record assessment and management service provided by a consultative physician or other qualified health care professional, including a verbal and written report to the patient's treating/requesting...",Observation
99450,"Basic life and/or disability examination that includes: Measurement of height, weight, and blood pressure; Completion of a medical history following a life insurance pro forma; Collection of blood sample and/or urinalysis complying with ""chain of custo...",Procedure
99451,"Interprofessional telephone/Internet/electronic health record assessment and management service provided by a consultative physician or other qualified health care professional, including a written report to the patient's treating/requesting physician...",Procedure
99452,"Interprofessional telephone/Internet/electronic health record referral service(s) provided by a treating/requesting physician or other qualified health care professional, 30 minutes",Procedure
99454,"Remote monitoring of physiologic parameter(s) (eg, weight, blood pressure, pulse oximetry, respiratory flow rate), initial; device(s) supply with daily recording(s) or programmed alert(s) transmission, each 30 days",Observation
99455,Work related or medical disability examination by the treating physician that includes: Completion of a medical history commensurate with the patient's condition; Performance of an examination commensurate with the patient's condition; Formulation of a...,Procedure
99456,Work related or medical disability examination by other than the treating physician that includes: Completion of a medical history commensurate with the patient's condition; Performance of an examination commensurate with the patient's condition; Formu...,Procedure
99457,"Remote physiologic monitoring treatment management services, clinical staff/physician/other qualified health care professional time in a calendar month requiring interactive communication with the patient/caregiver during the month; first 20 minutes",Observation
99460,"Initial hospital or birthing center care, per day, for evaluation and management of normal newborn infant",Procedure
99461,"Initial care, per day, for evaluation and management of normal newborn infant seen in other than hospital or birthing center",Procedure
99462,"Subsequent hospital care, per day, for evaluation and management of normal newborn",Procedure
99463,"Initial hospital or birthing center care, per day, for evaluation and management of normal newborn infant admitted and discharged on the same date",Procedure
99464,Attendance at delivery (when requested by the delivering physician or other qualified health care professional) and initial stabilization of newborn,Procedure
99465,"Delivery/birthing room resuscitation, provision of positive pressure ventilation and/or chest compressions in the presence of acute inadequate ventilation and/or cardiac output",Procedure
99466,"Critical care face-to-face services, during an interfacility transport of critically ill or critically injured pediatric patient, 24 months of age or younger; first 30-74 minutes of hands-on care during transport",Observation
99468,"Initial inpatient neonatal critical care, per day, for the evaluation and management of a critically ill neonate, 28 days of age or younger",Observation
99469,"Subsequent inpatient neonatal critical care, per day, for the evaluation and management of a critically ill neonate, 28 days of age or younger",Observation
99471,"Initial inpatient pediatric critical care, per day, for the evaluation and management of a critically ill infant or young child, 29 days through 24 months of age",Observation
99472,"Subsequent inpatient pediatric critical care, per day, for the evaluation and management of a critically ill infant or young child, 29 days through 24 months of age",Observation
99474,"Self-measured blood pressure using a device validated for clinical accuracy; separate self-measurements of two readings one minute apart, twice daily over a 30-day period (minimum of 12 readings), collection of data reported by the patient and/or careg...",Observation
99475,"Initial inpatient pediatric critical care, per day, for the evaluation and management of a critically ill infant or young child, 2 through 5 years of age",Observation
99476,"Subsequent inpatient pediatric critical care, per day, for the evaluation and management of a critically ill infant or young child, 2 through 5 years of age",Observation
99477,"Initial hospital care, per day, for the evaluation and management of the neonate, 28 days of age or younger, who requires intensive observation, frequent interventions, and other intensive care services",Observation
99478,"Subsequent intensive care, per day, for the evaluation and management of the recovering very low birth weight infant (present body weight less than 1500 grams)",Procedure
99479,"Subsequent intensive care, per day, for the evaluation and management of the recovering low birth weight infant (present body weight of 1500-2500 grams)",Procedure
99480,"Subsequent intensive care, per day, for the evaluation and management of the recovering infant (present body weight of 2501-5000 grams)",Procedure
99483,"Assessment of and care planning for a patient with cognitive impairment, requiring an independent historian, in the office or other outpatient, home or domiciliary or rest home, with all of the following required elements: Cognition-focused evaluation...",Procedure
99487,"Complex chronic care management services with the following required elements: multiple (two or more) chronic conditions expected to last at least 12 months, or until the death of the patient, chronic conditions that place the patient at significant ri...",Observation
99492,"Initial psychiatric collaborative care management, first 70 minutes in the first calendar month of behavioral health care manager activities, in consultation with a psychiatric consultant, and directed by the treating physician or other qualified healt...",Procedure
99493,"Subsequent psychiatric collaborative care management, first 60 minutes in a subsequent month of behavioral health care manager activities, in consultation with a psychiatric consultant, and directed by the treating physician or other qualified health c...",Procedure
99494,"Initial or subsequent psychiatric collaborative care management, each additional 30 minutes in a calendar month of behavioral health care manager activities, in consultation with a psychiatric consultant, and directed by the treating physician or other...",Procedure
99495,"Transitional care management services with the following required elements: Communication (direct contact, telephone, electronic) with the patient and/or caregiver within 2 business days of discharge At least moderate level of medical decision making d...",Observation
99496,"Transitional care management services with the following required elements: Communication (direct contact, telephone, electronic) with the patient and/or caregiver within 2 business days of discharge High level of medical decision making during the ser...",Observation
99497,"Advance care planning including the explanation and discussion of advance directives such as standard forms (with completion of such forms, when performed), by the physician or other qualified health care professional; first 30 minutes, face-to-face wi...",Procedure
99498,"Advance care planning including the explanation and discussion of advance directives such as standard forms (with completion of such forms, when performed), by the physician or other qualified health care professional; each additional 30 minutes (List...",Procedure
99499,Unlisted evaluation and management service,Procedure
GC,This service has been performed in part by a resident under the direction of a teaching physician,Observation
GE,This service has been performed by a resident without the presence of a teaching physician under the primary care exception,Procedure
