{
  "CONDITION_ERA.csv": {
    "row_count": 96543,
    "mtime": 1754122537.991961
  },
  "CONDITION_OCCURRENCE.csv": {
    "row_count": 373489,
    "mtime": 1754122538.025532
  },
  "DEATH.csv": {
    "row_count": 223,
    "mtime": 1754122538.0272508
  },
  "DEVICE_EXPOSURE.csv": {
    "row_count": 12891,
    "mtime": 1754122538.0302112
  },
  "DRUG_ERA.csv": {
    "row_count": 65508,
    "mtime": 1754122538.0365698
  },
  "DRUG_EXPOSURE.csv": {
    "row_count": 442083,
    "mtime": 1754122538.1075842
  },
  "MEASUREMENT.csv": {
    "row_count": 3683375,
    "mtime": 1754122538.6889038
  },
  "OBSERVATION.csv": {
    "row_count": 479230,
    "mtime": 1754122538.8182085
  },
  "OBSERVATION_PERIOD.csv": {
    "row_count": 658,
    "mtime": 1754122538.8203866
  },
  "PERSON.csv": {
    "row_count": 1000,
    "mtime": 1754122538.8211145
  },
  "PROCEDURE_OCCURRENCE.csv": {
    "row_count": 85835,
    "mtime": 1754122538.8529062
  },
  "SPECIMEN.csv": {
    "row_count": 5107,
    "mtime": 1754122538.8549955
  },
  "VISIT_DETAIL.csv": {
    "row_count": 76968,
    "mtime": 1754122538.8780854
  },
  "VISIT_OCCURRENCE.csv": {
    "row_count": 101336,
    "mtime": 1754122538.9187708
  }
}