Id,Code,Name,Standard Class,Vocab,Validity,Concept,Frequency
3031680,41904-4,Blood pressure measurement site,Clinical Observation,LOINC,Valid,Standard,13094507
4290243,6942003,Level of consciousness,Observable Entity,SNOMED,Valid,Standard,12816486
4183166,43173001,Orientation,Observable Entity,SNOMED,Valid,Standard,10252132
4022057,10546003,Site,Attribute,SNOMED,Valid,Non-standard,8894565
3019204,8361-8,Body position with respect to gravity,Clinical Observation,LOINC,Valid,Standard,7905348
4178501,363803005,Mobility,Observable Entity,SNOMED,Valid,Standard,6004509
40483702,443881004,Adelaide pediatric coma score,Observable Entity,SNOMED,Valid,Non-standard,5348763
4093836,248241002,Glasgow coma score,Observable Entity,SNOMED,Valid,Non-standard,4395002
4036936,16206004,Oxygen delivery,Observable Entity,SNOMED,Valid,Standard,4182867
4022240,225908003,Pain score,Observable Entity,SNOMED,Valid,Standard,3330790
3035225,38204-4,Pain primary location - Reported,Clinical Observation,LOINC,Valid,Standard,2668441
4311165,423662002,Respiratory secretion,Substance,SNOMED,Valid,Standard,2563599
4084277,281395000,Glasgow Coma Score eye opening subscore,Observable Entity,SNOMED,Valid,Non-standard,2515535
4084912,281397008,Glasgow Coma Scale verbal response subscore,Observable Entity,SNOMED,Valid,Non-standard,2512937
4083352,281396004,Glasgow Coma Scale motor response subscore,Observable Entity,SNOMED,Valid,Non-standard,2512095
43054909,72166-2,Tobacco smoking status,Clinical Observation,LOINC,Valid,Standard,2455396
4117957,257733005,Activity,Observable Entity,SNOMED,Valid,Standard,2029147
4078024,246268007,Position,Attribute,SNOMED,Valid,Non-standard,1987667
4203722,308335008,Patient encounter procedure,Procedure,SNOMED,Valid,Standard,1912513
4077569,246138005,Type of catheter,Attribute,SNOMED,Valid,Non-standard,1900541
3042184,39129-2,Moisture of Skin,Clinical Observation,LOINC,Valid,Standard,1737253
4129438,260686004,Method,Attribute,SNOMED,Valid,Non-standard,1712655
46273937,711150003,Long-term current use of anticoagulant,Context-dependent,SNOMED,Valid,Standard,1658624
4126821,260846005,Type of device,Attribute,SNOMED,Valid,Non-standard,1589868
3018668,8693-4,Mental status,Clinical Observation,LOINC,Valid,Standard,1580560
4090797,251977001,Single voided urinary volume,Observable Entity,SNOMED,Valid,Standard,1377034
4089953,251975009,Voided urinary volume,Observable Entity,SNOMED,Valid,Standard,1377034
4154920,271733001,Pupil reaction,Observable Entity,SNOMED,Valid,Standard,1255859
3016126,18717-9,Blood bank studies (set),Claims Attachment,LOINC,Valid,Standard,1119310
443364,305058001,Patient encounter status,Clinical Finding,SNOMED,Valid,Standard,1091968
4160499,371726000,Readiness to learn,Observable Entity,SNOMED,Valid,Standard,1091009
3037347,38226-7,Friction and shear Braden scale,Clinical Observation,LOINC,Valid,Standard,1070883
4277123,65452004,Radial pulse,Observable Entity,SNOMED,Valid,Standard,1037026
40762523,59460-6,Fall risk total [Morse Fall Scale],Survey,LOINC,Valid,Standard,1017020
4179298,298302000,Finding of gait,Clinical Finding,SNOMED,Valid,Standard,1015624
40762519,59456-4,Ambulatory aid [Morse Fall Scale],Survey,LOINC,Valid,Standard,1014949
4233025,438950009,Environment observable,Observable Entity,SNOMED,Valid,Standard,1010905
4190343,373713005,Sensory perception,Observable Entity,SNOMED,Valid,Standard,992396
4298503,384759009,Nutrition,Observable Entity,SNOMED,Valid,Standard,992245
432456,365967005,Alcohol intake - finding,Clinical Finding,SNOMED,Valid,Standard,962307
4224130,404989005,Ventilation status,Observable Entity,SNOMED,Valid,Standard,906655
40757642,54511-1,Behavior,Survey,LOINC,Valid,Standard,903301
0,NULL/Missing,NULL/Missing observation concept,Undefined,None,Invalid,Non-standard,901955
4042889,228366006,Finding relating to drug misuse behavior,Clinical Finding,SNOMED,Valid,Standard,784647
21494983,80288-4,Level of consciousness,Clinical Observation,LOINC,Valid,Standard,759167
4265708,364537001,Temperature of skin,Observable Entity,SNOMED,Valid,Standard,731972
21492835,80341-1,Respiratory effort,Clinical Observation,LOINC,Valid,Standard,728079
4237854,363918005,Speech observable,Observable Entity,SNOMED,Valid,Standard,716380
4265704,364528001,Skin observable,Observable Entity,SNOMED,Valid,Standard,671178
42529377,83183-4,Toileting - functional ability,Clinical Observation,LOINC,Valid,Standard,666494
619635,897148007,Alcoholic beverage intake,Observable Entity,SNOMED,Valid,Standard,658667
46272450,710814002,Long-term current use of drug therapy,Context-dependent,SNOMED,Valid,Standard,651474
4235390,408468001,Learning disability - specialty,Qualifier Value,SNOMED,Valid,Standard,633403
4337265,87042004,Bowel sounds,Observable Entity,SNOMED,Valid,Standard,632138
4272021,63448001,Gait,Observable Entity,SNOMED,Valid,Standard,627771
21492826,80332-0,Voiding pattern,Clinical Observation,LOINC,Valid,Standard,611656
44806751,802881000000104,Personal care,Procedure,SNOMED,Valid,Standard,580867
4309087,424483007,Transportation details,Observable Entity,SNOMED,Valid,Standard,558470
44816618,74720-4,Device name,Clinical Observation,LOINC,Valid,Standard,543516
4239021,6797001,Mean blood pressure,Observable Entity,SNOMED,Valid,Standard,531151
3003798,8357-6,Blood pressure method,Clinical Observation,LOINC,Valid,Standard,530664
4143454,33911006,Food appetite,Observable Entity,SNOMED,Valid,Standard,527491
3043970,39107-8,Color of Skin,Clinical Observation,LOINC,Valid,Standard,515677
4353713,250854009,Positive end expiratory pressure,Observable Entity,SNOMED,Valid,Standard,504461
43530822,609343002,Surgical incision wound,Morph Abnormality,SNOMED,Valid,Standard,501368
45766147,703248002,Appearance,Observable Entity,SNOMED,Valid,Standard,498860
4029625,13621006,Tidal volume,Observable Entity,SNOMED,Valid,Standard,482981
4248977,408919008,Psychosocial care,Procedure,SNOMED,Valid,Standard,472919
4235714,406190002,Detail of abuse,Observable Entity,SNOMED,Valid,Standard,449336
4301868,78564009,Pulse rate,Observable Entity,SNOMED,Valid,Standard,446945
4305545,419663003,Airway device present,Clinical Finding,SNOMED,Valid,Non-standard,442231
4225856,405035003,Swallowing status,Observable Entity,SNOMED,Valid,Standard,423892
4020646,116697009,Assists,Attribute,SNOMED,Valid,Non-standard,420162
4087179,248592006,Character of cough,Observable Entity,SNOMED,Valid,Standard,407802
37399733,3161000175102,Suicide risk,Observable Entity,SNOMED,Valid,Standard,376460
4220163,416811008,Tidal volume setting,Observable Entity,SNOMED,Valid,Standard,369286
46272451,710815001,Long-term current use of insulin,Context-dependent,SNOMED,Valid,Standard,363017
4062985,170804003,Ideal body weight,Observable Entity,SNOMED,Valid,Standard,357711
3006292,20126-9,Ventilator wave form,Clinical Observation,LOINC,Valid,Standard,338120
42539072,736537001,Confusion Assessment Method short version score,Observable Entity,SNOMED,Valid,Non-standard,336361
4353715,250870006,Ventilator finding,Clinical Finding,SNOMED,Valid,Standard,320671
4266626,364690008,Appearance of stool,Observable Entity,SNOMED,Valid,Standard,316663
40479778,444479000,Rate of blood flow through cardiovascular device,Observable Entity,SNOMED,Valid,Standard,306599
4139633,264904006,Peak pressure,Qualifier Value,SNOMED,Valid,Standard,300511
46234705,75320-2,Advance directive,Clinical Observation,LOINC,Valid,Standard,279575
4043369,129025006,Activity of daily living,Observable Entity,SNOMED,Valid,Standard,279303
4223743,422000003,Skin condition,Observable Entity,SNOMED,Valid,Standard,278803
44813836,861031000000101,Expected date of discharge from service,Observable Entity,SNOMED,Valid,Standard,274123
3009497,9033-2,Type of GI tube,Clinical Observation,LOINC,Valid,Standard,263377
4144271,266918002,Tobacco smoking consumption,Observable Entity,SNOMED,Valid,Non-standard,261582
4047982,135794007,Drug indicated,Context-dependent,SNOMED,Valid,Standard,257376
761697,1581000124103,Wound dressing type,Observable Entity,SNOMED,Valid,Standard,253033
43530807,609328004,Allergic disposition,Clinical Finding,SNOMED,Valid,Standard,251542
4270125,364186005,Urinary bladder feature,Observable Entity,SNOMED,Valid,Standard,242802
4216746,416595007,Positive end expiratory pressure setting,Observable Entity,SNOMED,Valid,Standard,218774
4164116,45710003,Sputum,Substance,SNOMED,Valid,Standard,212659
4197461,313193002,Peak flow rate (respiratory),Observable Entity,SNOMED,Valid,Standard,207095
36203774,86744-0,Care team,Clinical Observation,LOINC,Valid,Standard,206435
4076103,224130005,Household composition,Observable Entity,SNOMED,Valid,Standard,204474
4150612,278907009,Respiratory pattern,Observable Entity,SNOMED,Valid,Standard,197037
3013360,8684-3,History of Present illness,Clinical Observation,LOINC,Valid,Standard,195091
4060985,162864005,Body mass index 30+ - obesity,Clinical Finding,SNOMED,Valid,Standard,193392
36717001,131531000119103,Long-term current use of aspirin,Context-dependent,SNOMED,Valid,Standard,189746
4203711,308273005,Follow-up status,Clinical Finding,SNOMED,Valid,Standard,186844
4148417,266930008,Exercise history,Observable Entity,SNOMED,Valid,Standard,184082
4189711,39211005,Bowel action,Observable Entity,SNOMED,Valid,Standard,182950
4089233,248603002,Consistency of sputum,Observable Entity,SNOMED,Valid,Standard,176704
44786868,74213-0,Discharge instructions,Clinical Observation,LOINC,Valid,Standard,174568
4044908,129264002,Action,Qualifier Value,SNOMED,Valid,Standard,163678
437643,22325002,Abnormal gait,Clinical Finding,SNOMED,Valid,Standard,163222
4022885,226426002,Meat intake,Observable Entity,SNOMED,Valid,Standard,160577
44802820,517631000000100,Haemodialysis ultrafiltration rate,Observable Entity,SNOMED,Valid,Standard,160263
4143063,267065001,Urine appearance,Observable Entity,SNOMED,Valid,Standard,158711
4088035,243876005,Screening status,Clinical Finding,SNOMED,Valid,Standard,155860
4126966,305060004,Patient care statuses,Clinical Finding,SNOMED,Valid,Standard,151279
42528029,84095-9,Do not resuscitate,Clinical Observation,LOINC,Valid,Standard,150181
3028553,8716-3,Vital signs,Clinical Observation,LOINC,Valid,Standard,144493
45766277,703398004,Cardiac implant in situ,Clinical Finding,SNOMED,Valid,Non-standard,142841
36661379,95417-2,Whether this is the patient's first test for condition of interest,Clinical Observation,LOINC,Valid,Standard,142291
36661383,95421-4,Whether patient resides in a congregate care setting,Clinical Observation,LOINC,Valid,Standard,136063
36661380,95418-0,Whether patient is employed in a healthcare setting,Clinical Observation,LOINC,Valid,Standard,135576
4326744,75367002,Blood pressure,Observable Entity,SNOMED,Valid,Standard,130732
42528957,82810-3,Pregnancy status,Clinical Observation,LOINC,Valid,Standard,129469
37109774,723620004,Requires vaccination,Clinical Finding,SNOMED,Valid,Standard,125409
4073163,224362002,Employment status,Observable Entity,SNOMED,Valid,Standard,124832
40772152,69730-0,Instructions,Clinical Observation,LOINC,Valid,Standard,122560
36661381,95419-8,Whether the patient has symptoms related to condition of interest,Clinical Observation,LOINC,Valid,Standard,121461
4353718,250877009,Mandatory breath rate,Observable Entity,SNOMED,Valid,Standard,119561
3020278,10187-3,Review of systems Narrative - Reported,Clinical Observation,LOINC,Valid,Standard,119536
36661382,95420-6,Whether the patient was admitted to intensive care unit (ICU) for condition of interest,Clinical Observation,LOINC,Valid,Standard,119508
46236895,77974-4,Whether the patient was hospitalized for condition of interest,Clinical Observation,LOINC,Valid,Standard,118878
4186037,413467001,Aftercare,Procedure,SNOMED,Valid,Standard,116977
40479553,441509002,Cardiac pacemaker in situ,Clinical Finding,SNOMED,Valid,Non-standard,116029
4202797,309298003,Drug therapy finding,Clinical Finding,SNOMED,Valid,Standard,115146
4183393,54718008,Peripheral pulse,Observable Entity,SNOMED,Valid,Standard,114858
21491507,80409-6,Bed type,Clinical Observation,LOINC,Valid,Standard,114686
4256640,408512008,Body mass index 40+ - severely obese,Clinical Finding,SNOMED,Valid,Standard,114216
4072482,224076006,First language,Observable Entity,SNOMED,Valid,Standard,111903
4086756,243878006,Breast neoplasm screening status,Clinical Finding,SNOMED,Valid,Standard,111303
4175851,427958009,History of difficult intubation,Context-dependent,SNOMED,Valid,Non-standard,109232
44782678,698472009,Blood glucose monitoring,Procedure,SNOMED,Valid,Standard,108753
441207,62014003,Adverse reaction to drug,Disorder,SNOMED,Valid,Standard,107645
4232754,404951000,Activity tolerance,Observable Entity,SNOMED,Valid,Standard,107395
40481022,443325000,Automatic implantable cardiac defibrillator in situ,Clinical Finding,SNOMED,Valid,Non-standard,105662
36305514,86947-9,Reason for hospitalization,Clinical Observation,LOINC,Valid,Standard,105113
4081759,183655000,Transplant follow-up,Clinical Finding,SNOMED,Valid,Standard,103400
4145666,427675001,Admission from establishment,Procedure,SNOMED,Valid,Standard,101482
439224,416098002,Allergy to drug,Clinical Finding,SNOMED,Valid,Standard,95885
4019967,105502003,Dependence on renal dialysis,Clinical Finding,SNOMED,Valid,Standard,93961
40487468,446402005,Hemodialysis technique,Qualifier Value,SNOMED,Valid,Standard,92220
435928,267024001,Abnormal weight loss,Clinical Finding,SNOMED,Valid,Standard,91240
4155144,371882005,Device used,Attribute,SNOMED,Valid,Non-standard,90993
4027634,228308009,Pattern of drinking,Observable Entity,SNOMED,Valid,Standard,89339
4307024,390906007,Follow-up encounter,Procedure,SNOMED,Valid,Standard,86181
4271764,364703007,Employment detail,Observable Entity,SNOMED,Valid,Standard,85370
3656010,870690008,Oral intake,Observable Entity,SNOMED,Valid,Standard,84322
436583,1912002,Fall,Event,SNOMED,Valid,Standard,82314
3036098,38222-6,Sensory perception Braden scale,Clinical Observation,LOINC,Valid,Standard,80832
3037022,38229-1,Moisture exposure Braden scale,Clinical Observation,LOINC,Valid,Standard,80803
4167217,416471007,Family history of clinical finding,Context-dependent,SNOMED,Valid,Standard,79971
3009350,8690-0,History of Surgical procedures,Clinical Observation,LOINC,Valid,Standard,79731
4150248,310366008,Medical examinations/reports status,Clinical Finding,SNOMED,Valid,Standard,78431
4079646,183644000,Surgical follow-up,Clinical Finding,SNOMED,Valid,Standard,76524
37311059,840546002,Exposure to SARS-CoV-2,Event,SNOMED,Valid,Standard,74963
4046550,133899007,Postoperative care,Procedure,SNOMED,Valid,Standard,74470
46272452,710816000,Long-term current use of steroid,Context-dependent,SNOMED,Valid,Standard,72939
37016200,150781000119103,Exposure to viral disease,Event,SNOMED,Valid,Standard,72397
4060705,162863004,Body mass index 25-29 - overweight,Clinical Finding,SNOMED,Valid,Standard,71080
4181605,428996008,Language preference,Observable Entity,SNOMED,Valid,Standard,69483
4295661,385438008,Source of information,Attribute,SNOMED,Valid,Non-standard,67747
3027028,10154-3,Chief complaint Narrative - Reported,Clinical Observation,LOINC,Valid,Standard,66393
44802369,526421000000109,Medicines reconciliation completed,Context-dependent,SNOMED,Valid,Non-standard,63466
44784283,698353005,Requires influenza virus vaccination,Clinical Finding,SNOMED,Valid,Standard,63276
42539099,737277001,Prosthetic heart valve in situ,Clinical Finding,SNOMED,Valid,Non-standard,60433
762460,4001000175104,Healthcare payer,Qualifier Value,SNOMED,Valid,Standard,59348
3046344,45404-1,Marital status,Clinical Observation,LOINC,Valid,Standard,56190
4216473,395170001,Medication monitoring,Procedure,SNOMED,Valid,Standard,55212
44786861,74205-6,Alcohol use [NTDS],Clinical Observation,LOINC,Valid,Standard,53241
46272734,711149003,Long-term current use of antibiotic,Context-dependent,SNOMED,Valid,Standard,52278
440927,243872007,High risk drug monitoring status,Clinical Finding,SNOMED,Valid,Standard,48189
4195981,312853008,Medical records review,Procedure,SNOMED,Valid,Standard,47963
40758151,55021-0,Pneumococcal vaccine,Survey,LOINC,Valid,Standard,46679
3012547,8691-8,History of Travel,Clinical Observation,LOINC,Valid,Standard,46457
37059134,LP188554-2,Airway pressure delta setting,LOINC Component,LOINC,Valid,Non-standard,46425
4179310,298348009,Number of falls,Observable Entity,SNOMED,Valid,Standard,46095
2102041,1160F,"Review of all medications by a prescribing practitioner or clinical pharmacist (such as, prescriptions, OTCs, herbal therapies and supplements) documented in the medical record (COA)",CPT4,CPT4,Valid,Standard,46076
443345,292196008,Antineoplastic adverse reaction,Disorder,SNOMED,Valid,Standard,45970
432526,185903001,Needs influenza immunization,Clinical Finding,SNOMED,Valid,Standard,45698
4238766,363903009,Sexual behavior,Observable Entity,SNOMED,Valid,Standard,45151
4108138,250876000,Ventilator rate,Observable Entity,SNOMED,Valid,Standard,44422
437175,217154006,"Fall on same level from slipping, tripping or stumbling",Event,SNOMED,Valid,Standard,44346
3039194,52480-1,Anthropometric Measures,Survey,LOINC,Valid,Non-standard,43169
4135421,412768003,Body mass index 20-24 - normal,Clinical Finding,SNOMED,Valid,Standard,42533
4196133,314705003,Treatment plan given,Clinical Finding,SNOMED,Valid,Standard,41990
40493256,445940005,Duration of hemodialysis session,Observable Entity,SNOMED,Valid,Standard,40434
764609,457381000124104,Preprocedural examination done,Context-dependent,SNOMED,Valid,Non-standard,39969
4181669,363812007,Head circumference,Observable Entity,SNOMED,Valid,Standard,39767
4089495,251288004,Extracorporeal gas exchange flow rate,Observable Entity,SNOMED,Valid,Standard,39075
2106285,3078F,"Most recent diastolic blood pressure less than 80 mm Hg (HTN, CKD, CAD) (DM)",CPT4,CPT4,Valid,Non-standard,38791
4215968,414915002,Obese,Clinical Finding,SNOMED,Valid,Standard,38607
4125274,288939007,Difficulty swallowing,Clinical Finding,SNOMED,Valid,Standard,38229
441482,185351004,Administrative reason for encounter,Clinical Finding,SNOMED,Valid,Standard,37565
4247398,406221003,Health status,Observable Entity,SNOMED,Valid,Standard,37315
141693,371622005,Elevated blood-pressure reading without diagnosis of hypertension,Context-dependent,SNOMED,Valid,Standard,36543
4179963,429740004,Family history of breast cancer,Context-dependent,SNOMED,Valid,Standard,35397
44802821,517641000000109,Haemodialysis ultrafiltration volume,Observable Entity,SNOMED,Valid,Standard,35247
44811085,891931000000102,Paediatric Early Warning Score,Observable Entity,SNOMED,Valid,Non-standard,34561
4119499,304253006,Not for resuscitation,Clinical Finding,SNOMED,Valid,Standard,32722
4149377,268525008,High risk drug monitoring,Procedure,SNOMED,Valid,Standard,32180
45772969,707765006,On ventilator,Qualifier Value,SNOMED,Valid,Standard,31806
3038597,52646-7,Upper body dressing during 2 day assessment period [CARE],Survey,LOINC,Valid,Standard,31186
3039498,52647-5,Lower body dressing during 2 day assessment period [CARE],Survey,LOINC,Valid,Standard,31003
4262918,46732000,"Malignant lymphoma, large B-cell, diffuse",Morph Abnormality,SNOMED,Valid,Non-standard,30747
2101944,1126F,Pain severity quantified; no pain present (COA) (ONC),CPT4,CPT4,Valid,Non-standard,30175
4166257,416093006,Allergic reaction to drug,Disorder,SNOMED,Valid,Standard,29643
43020581,471300007,On waiting list for organ transplant,Clinical Finding,SNOMED,Valid,Standard,29189
2106281,3074F,"Most recent systolic blood pressure less than 130 mm Hg (DM) (HTN, CKD, CAD)",CPT4,CPT4,Valid,Non-standard,28807
46272453,710817009,Long-term current use of inhaled steroid,Context-dependent,SNOMED,Valid,Standard,28278
440279,55566008,Accident,Event,SNOMED,Valid,Standard,27657
37109664,723438005,Left ventricular assist device present,Clinical Finding,SNOMED,Valid,Non-standard,27513
37108763,122541000119104,Vaccination needed,Context-dependent,SNOMED,Valid,Standard,26473
439141,161833006,Abnormal weight gain,Clinical Finding,SNOMED,Valid,Standard,26301
40483738,443913008,Counseling procedure with explicit context,Context-dependent,SNOMED,Valid,Standard,25136
4240903,91936005,Allergy to penicillin,Clinical Finding,SNOMED,Valid,Standard,24960
4299954,78164000,Feeding problem,Clinical Finding,SNOMED,Valid,Standard,24632
4047564,134435003,Routine antenatal care,Procedure,SNOMED,Valid,Standard,24503
4014023,103735009,Palliative care,Procedure,SNOMED,Valid,Standard,24131
2108554,4048F,"Documentation that administration of prophylactic parenteral antibiotic was initiated within 1 hour (if fluoroquinolone or vancomycin, 2 hours) prior to surgical incision (or start of procedure when no incision is required) as ordered (PERI 2)",CPT4,CPT4,Valid,Non-standard,24110
437525,238131007,Overweight,Clinical Finding,SNOMED,Valid,Standard,24013
40661253,G8553,Prescription(s) generated and transmitted via a qualified erx system (Deprecated),HCPCS,HCPCS,Valid,Standard,23387
4229881,89362005,Weight loss,Clinical Finding,SNOMED,Valid,Standard,22928
4032520,129818000,Activity of daily living (ADL) alteration,Clinical Finding,SNOMED,Valid,Standard,22849
45765728,702738006,Supervision of high risk pregnancy,Procedure,SNOMED,Valid,Standard,22019
4322482,7058009,Noncompliance with treatment,Clinical Finding,SNOMED,Valid,Standard,21727
4256891,408676007,Patient preferred name,Observable Entity,SNOMED,Valid,Standard,21664
3655744,866267001,Artificial respiration discontinued,Context-dependent,SNOMED,Valid,Standard,21413
4265443,397578001,Device in situ,Clinical Finding,SNOMED,Valid,Non-standard,21211
4148407,266894000,FH: Cardiovascular disease,Context-dependent,SNOMED,Valid,Standard,22971
3013652,8828-6,Pulmonary vascular Resistance,Clinical Observation,LOINC,Valid,Standard,20736
40480924,441874000,Seen by palliative care service,Clinical Finding,SNOMED,Valid,Standard,20722
40479411,444433005,Suspected clinical finding,Context-dependent,SNOMED,Valid,Standard,20426
3023908,29762-2,Social history Narrative,Clinical Observation,LOINC,Valid,Standard,20155
37396387,716186003,No known allergy,Context-dependent,SNOMED,Valid,Standard,19942
441488,282100009,Adverse reaction to substance,Disorder,SNOMED,Valid,Non-standard,19590
2106284,3077F,"Most recent systolic blood pressure greater than or equal to 140 mm Hg (HTN, CKD, CAD) (DM)",CPT4,CPT4,Valid,Non-standard,19573
4134010,262285001,Weight decreased,Clinical Finding,SNOMED,Valid,Standard,19362
4047514,123735002,Fracture with displacement,Morph Abnormality,SNOMED,Valid,Standard,19141
4041306,229819007,Tobacco use and exposure,Observable Entity,SNOMED,Valid,Non-standard,18944
4331737,22631008,Unsteady when walking,Clinical Finding,SNOMED,Valid,Standard,18907
4012972,165346000,Laboratory test result abnormal,Context-dependent,SNOMED,Valid,Standard,18518
4205115,309406008,Viral screening status,Clinical Finding,SNOMED,Valid,Standard,18452
4147565,310252000,Body mass index less than 20,Clinical Finding,SNOMED,Valid,Standard,18417
4196943,79654002,Edema,Morph Abnormality,SNOMED,Valid,Standard,18191
4174707,424928005,Dietary management surveillance,Procedure,SNOMED,Valid,Standard,17955
2617819,G8419,"Bmi documented outside normal parameters, no follow-up plan documented, no reason given",HCPCS,HCPCS,Valid,Standard,17557
2514400,99217,"Observation care discharge day management (This code is to be utilized to report all services provided to a patient on discharge from outpatient hospital ""observation status"" if the discharge is on other than the initial date of ""observati... (Dep...",CPT4,CPT4,Valid,Standard,17420
4012520,162260006,Dizziness present,Context-dependent,SNOMED,Valid,Standard,17416
4272187,63634009,Glioblastoma,Morph Abnormality,SNOMED,Valid,Non-standard,17190
4139934,32911000,Homeless,Clinical Finding,SNOMED,Valid,Standard,16975
4305297,129834002,Noncompliance with medication regimen,Clinical Finding,SNOMED,Valid,Standard,16831
44813887,836541000000100,PHQ-2 (patient health questionnaire 2) score,Observable Entity,SNOMED,Valid,Non-standard,16798
42529380,83186-7,Ambulation - functional ability,Clinical Observation,LOINC,Valid,Standard,16740
2101943,1125F,Pain severity quantified; pain present (COA) (ONC),CPT4,CPT4,Valid,Non-standard,16687
725112,93793,"Anticoagulant management for a patient taking warfarin, must include review and interpretation of a new home, office, or lab international normalized ratio (INR) test result, patient instructions, dosage adjustment (as needed), and scheduling of a...",CPT4,CPT4,Valid,Standard,16672
45766222,703337007,"Requires diphtheria, tetanus and pertussis vaccination",Clinical Finding,SNOMED,Valid,Standard,16604
4031364,129825007,Healthcare supervision finding,Clinical Finding,SNOMED,Valid,Standard,16591
42709971,449843004,Biologic cardiac valve prosthesis in situ,Clinical Finding,SNOMED,Valid,Non-standard,16538
2106286,3079F,"Most recent diastolic blood pressure 80-89 mm Hg (HTN, CKD, CAD) (DM)",CPT4,CPT4,Valid,Non-standard,16525
903651,OMOP5181833,Currently doesn't use tobacco or its derivatives,Clinical Finding,OMOP Extension,Valid,Standard,15767
2617817,G8417,Bmi is documented above normal parameters and a follow-up plan is documented,HCPCS,HCPCS,Valid,Standard,15534
4144684,3457005,Patient referral,Procedure,SNOMED,Valid,Standard,15315
2617820,G8420,Bmi is documented within normal parameters and no follow-up plan is required,HCPCS,HCPCS,Valid,Standard,15166
2102074,1170F,Functional status assessed (COA) (RA),CPT4,CPT4,Valid,Non-standard,15012
4215373,41607009,Renal cell carcinoma,Morph Abnormality,SNOMED,Valid,Standard,14983
4204933,309032007,Research administrative status,Clinical Finding,SNOMED,Valid,Standard,14953
3009517,10188-1,Review of systems overview Narrative - Reported,Clinical Observation,LOINC,Valid,Standard,14438
44791067,247951000000102,Requires a pneumococcal vaccination,Clinical Finding,SNOMED,Valid,Standard,14281
439388,373060007,Device status,Clinical Finding,SNOMED,Valid,Standard,14149
433930,274913009,Motor vehicle on road in collision with another motor vehicle,Event,SNOMED,Valid,Standard,14074
4030260,128822004,Precursor cell lymphoblastic leukemia,Morph Abnormality,SNOMED,Valid,Standard,14043
1616473,97063-2,Family history of Diabetes,Clinical Observation,LOINC,Valid,Standard,14038
4241527,91939003,Allergy to sulfonamide,Clinical Finding,SNOMED,Valid,Standard,13631
4171594,275937001,Family history of malignant neoplasm,Context-dependent,SNOMED,Valid,Standard,14589
4323344,428913001,No loss of consciousness,Context-dependent,SNOMED,Valid,Standard,13518
4262123,35917007,Adenocarcinoma,Morph Abnormality,SNOMED,Valid,Non-standard,13484
434750,274540003,Feeding difficulties and mismanagement,Clinical Finding,SNOMED,Valid,Standard,13434
4086926,243815002,Prevention status,Clinical Finding,SNOMED,Valid,Standard,13434
437165,214031005,Motor vehicle traffic accident,Event,SNOMED,Valid,Standard,13060
439222,293141009,Corticosteroids adverse reaction,Disorder,SNOMED,Valid,Standard,12955
4334494,430813008,Family history of malignant neoplasm of digestive organ,Context-dependent,SNOMED,Valid,Standard,12929
4082090,183944003,Procedure refused,Context-dependent,SNOMED,Valid,Non-standard,12734
4228480,405742008,Aspirin therapy finding,Clinical Finding,SNOMED,Valid,Standard,12463
36713074,17561000119102,Single liveborn born in hospital by vaginal delivery,Context-dependent,SNOMED,Valid,Standard,12384
2106282,3075F,"Most recent systolic blood pressure 130-139 mm Hg (DM) (HTN, CKD, CAD)",CPT4,CPT4,Valid,Non-standard,12356
43531719,911000119102,Knee joint prosthesis present,Clinical Finding,SNOMED,Valid,Non-standard,11275
37047758,LP73497-7,Temperature setting,LOINC Component,LOINC,Valid,Non-standard,11149
432789,292045009,Opioid analgesic adverse reaction,Disorder,SNOMED,Valid,Standard,11135
43021378,473130003,Suspected infectious disease,Context-dependent,SNOMED,Valid,Standard,10559
4353940,250790007,End tidal carbon dioxide partial pressure,Observable Entity,SNOMED,Valid,Standard,10447
433942,79573009,Accident while engaged in household activity,Event,SNOMED,Valid,Standard,10431
1030277,LP72242-8,Chest tube output,LOINC Component,LOINC,Valid,Non-standard,10409
435372,248342006,Underweight,Clinical Finding,SNOMED,Valid,Standard,10360
2102034,1159F,Medication list documented in medical record (COA),CPT4,CPT4,Valid,Non-standard,10269
763985,449361000124103,Long-term current use of systemic steroid,Context-dependent,SNOMED,Valid,Standard,10137
4179214,429006005,Family history of malignant neoplasm of gastrointestinal tract,Context-dependent,SNOMED,Valid,Standard,9786
4168192,416237000,Procedure not done,Context-dependent,SNOMED,Valid,Standard,9767
4083743,184305005,Cause of death,Observable Entity,SNOMED,Valid,Standard,9506
4182335,297242006,Family history of ischemic heart disease,Context-dependent,SNOMED,Valid,Standard,9403
4210989,57177007,Family history with explicit context,Context-dependent,SNOMED,Valid,Standard,9259
433315,72552008,Feeding problems in newborn,Clinical Finding,SNOMED,Valid,Standard,9231
4139391,307184009,Undisplaced fracture,Morph Abnormality,SNOMED,Valid,Standard,9145
4151189,310577003,Pneumococcal immunization status,Clinical Finding,SNOMED,Valid,Standard,9130
4305831,418715001,Exposure to potentially harmful entity,Event,SNOMED,Valid,Standard,9063
4169009,275104002,Family history of stroke,Context-dependent,SNOMED,Valid,Standard,8850
40483126,442365008,Liveborn born in hospital by cesarean section,Context-dependent,SNOMED,Valid,Standard,8812
4030314,108369006,Neoplasm,Morph Abnormality,SNOMED,Valid,Standard,8756
4136514,31763002,Ocular motility observable,Observable Entity,SNOMED,Valid,Standard,8746
4144274,266935003,Housing lack,Clinical Finding,SNOMED,Valid,Standard,8738
4213085,414205003,Family history of malignant neoplasm of prostate,Context-dependent,SNOMED,Valid,Standard,8667
4235697,406151001,Post-discharge follow-up,Clinical Finding,SNOMED,Valid,Standard,8500
35622275,763654002,Hip joint prosthesis present,Clinical Finding,SNOMED,Valid,Non-standard,8409
4203130,308283009,Discharge from hospital,Procedure,SNOMED,Valid,Standard,8407
4084843,183665006,Discharged from hospital,Clinical Finding,SNOMED,Valid,Standard,8407
4233464,405689000,Legal physical restraint performed,Context-dependent,SNOMED,Valid,Non-standard,8301
4267143,61909002,Language,Observable Entity,SNOMED,Valid,Standard,8251
4077367,275644008,Therapy and admission status,Clinical Finding,SNOMED,Valid,Standard,8142
40481819,442076002,Early satiety,Clinical Finding,SNOMED,Valid,Standard,8137
4074035,219006,Current drinker,Clinical Finding,SNOMED,Valid,Standard,8091
40483521,442423001,Single liveborn born in hospital by cesarean section,Context-dependent,SNOMED,Valid,Standard,7988
4283657,66621004,Sexual orientation,Observable Entity,SNOMED,Valid,Standard,7984
4188027,414285001,Allergy to food,Clinical Finding,SNOMED,Valid,Non-standard,7965
40768537,65851-8,Coronary heart disease 10Y risk [#] Framingham.Wilson 1998,Clinical Observation,LOINC,Valid,Standard,7908
42872666,450657002,Insulin pump present,Clinical Finding,SNOMED,Valid,Non-standard,7899
40481872,443460007,Multigravida of advanced maternal age,Clinical Finding,SNOMED,Valid,Standard,7764
4314870,216312009,Place of occurrence of accident or poisoning,Location,SNOMED,Valid,Non-standard,7760
36685919,1104821000000102,Allergy to diagnostic dye,Clinical Finding,SNOMED,Valid,Non-standard,7759
437167,218081007,Accident caused by firearm missile,Event,SNOMED,Valid,Standard,7646
4251953,74654000,Mantle cell lymphoma,Morph Abnormality,SNOMED,Valid,Standard,7643
439996,293331003,Anticoagulant adverse reaction,Disorder,SNOMED,Valid,Standard,7434
3045196,34577-7,Apheresis.therapeutic [Interpretation],Clinical Observation,LOINC,Valid,Standard,7339
3663197,833278008,Glaucoma suspect,Disorder,SNOMED,Valid,Standard,7109
764349,453861000124107,Taking high risk medication,Clinical Finding,SNOMED,Valid,Standard,7099
4138195,305496007,Under care of palliative care physician,Clinical Finding,SNOMED,Valid,Standard,7003
4310926,216318008,"Place of occurrence of accident or poisoning, residential house",Location,SNOMED,Valid,Non-standard,6875
4140830,33036003,Fall on same level,Event,SNOMED,Valid,Standard,6855
4326681,430705002,Family history of malignant neoplasm of ovary,Context-dependent,SNOMED,Valid,Standard,6798
4052017,160538000,Religious affiliation,Observable Entity,SNOMED,Valid,Standard,6765
4051114,160303001,Family history of diabetes mellitus,Context-dependent,SNOMED,Valid,Standard,6667
441413,87309006,Death of unknown cause,Event,SNOMED,Valid,Standard,6415
40480486,441769002,Cardiac defibrillator in situ,Clinical Finding,SNOMED,Valid,Non-standard,6403
3002276,20087-3,Respiratory mask,Clinical Observation,LOINC,Valid,Standard,6295
435991,217082002,Accidental fall,Event,SNOMED,Valid,Standard,6067
441749,217083007,Fall on or from stairs or steps,Event,SNOMED,Valid,Standard,6026
4064901,171112000,Screening due,Clinical Finding,SNOMED,Valid,Standard,5890
4206182,55353007,"Astrocytoma, anaplastic",Morph Abnormality,SNOMED,Valid,Standard,5763
4144186,307571006,Anticoagulant drug monitoring,Procedure,SNOMED,Valid,Standard,5726
763588,443371000124107,Obese class I,Clinical Finding,SNOMED,Valid,Standard,5677
4053609,125680007,Marital status,Observable Entity,SNOMED,Valid,Standard,5670
44784261,698305006,Awaiting transplantation of liver,Context-dependent,SNOMED,Valid,Standard,5610
4326810,430792005,Stem cell donor,Social Context,SNOMED,Valid,Non-standard,5566
2106236,3044F,Most recent hemoglobin A1c (HbA1c) level less than 7.0% (DM),CPT4,CPT4,Valid,Non-standard,5566
4232487,8943002,Weight gain,Clinical Finding,SNOMED,Valid,Non-standard,5536
2414345,99024,"Postoperative follow-up visit, normally included in the surgical package, to indicate that an evaluation and management service was performed during a postoperative period for a reason(s) related to the original procedure",CPT4,CPT4,Valid,Standard,5511
42872751,450743008,National Institutes of Health stroke scale score,Observable Entity,SNOMED,Valid,Non-standard,5445
4149299,310249008,Follow-up orthopedic assessment,Clinical Finding,SNOMED,Valid,Standard,5434
2106289,3080F,"Most recent diastolic blood pressure greater than or equal to 90 mm Hg (HTN, CKD, CAD) (DM)",CPT4,CPT4,Valid,Non-standard,5425
4275425,64575004,"Malignant lymphoma, small lymphocytic",Morph Abnormality,SNOMED,Valid,Standard,5417
4197157,314431000,Interpreter present,Clinical Finding,SNOMED,Valid,Standard,5342
4169307,419199007,Allergy to substance,Clinical Finding,SNOMED,Valid,Non-standard,5324
4032150,14468000,Sports activity,Observable Entity,SNOMED,Valid,Standard,5292
4016042,170746002,Diabetic on oral treatment,Clinical Finding,SNOMED,Valid,Standard,5284
4023154,105463007,Donor for liver transplant,Social Context,SNOMED,Valid,Non-standard,5250
4205271,55150002,Follicular lymphoma,Morph Abnormality,SNOMED,Valid,Standard,5161
4087256,243877001,Cancer cervix screening status,Clinical Finding,SNOMED,Valid,Standard,5140
435134,418399005,Motor vehicle accident,Event,SNOMED,Valid,Standard,5131
36684941,459311000124104,Long-term current use of oral hypoglycemic medication,Context-dependent,SNOMED,Valid,Standard,5091
4287106,68453008,Carcinoma,Morph Abnormality,SNOMED,Valid,Non-standard,5089
40488434,448152000,Medication dose too low,Clinical Finding,SNOMED,Valid,Standard,5070
37205026,784243001,Awaiting transplantation,Context-dependent,SNOMED,Valid,Standard,5021
4076900,275585008,Patient awaiting procedure,Clinical Finding,SNOMED,Valid,Standard,5019
4222294,8390008,Routine care of newborn,Procedure,SNOMED,Valid,Standard,4900
437478,217706007,Bite of nonvenomous arthropod,Event,SNOMED,Valid,Standard,4857
36713471,717810008,Routine postpartum follow-up,Procedure,SNOMED,Valid,Standard,4780
44784262,698306007,Awaiting transplantation of kidney,Context-dependent,SNOMED,Valid,Standard,4694
4239756,363893001,Component of Glasgow coma scale,Observable Entity,SNOMED,Valid,Standard,4656
4278072,65981005,Consultation in laboratory medicine for test interpretation,Procedure,SNOMED,Valid,Standard,4640
4261660,35425004,Normal body mass index,Clinical Finding,SNOMED,Valid,Standard,4623
36712814,12240661000119103,Long term systemic steroid user,Clinical Finding,SNOMED,Valid,Standard,4599
4219484,82313006,Suicide attempt,Event,SNOMED,Valid,Standard,4552
4308297,83397001,BK virus,Organism,SNOMED,Valid,Standard,4545
604826,1003755004,Allergy to latex,Clinical Finding,SNOMED,Valid,Non-standard,4529
40485017,444107005,Exposure to communicable disease,Navi Concept,SNOMED,Valid,Non-standard,4501
4134784,262286000,Weight increased,Clinical Finding,SNOMED,Valid,Standard,4403
4060211,161831008,Weight increasing,Clinical Finding,SNOMED,Valid,Standard,4343
4177685,428937001,Dependence on peritoneal dialysis due to end stage renal disease,Clinical Finding,SNOMED,Valid,Standard,4339
4038568,228328008,Age at starting drinking,Observable Entity,SNOMED,Valid,Standard,4315
4260907,410684002,Drug therapy status,Context-dependent,SNOMED,Valid,Non-standard,4311
4181476,428982002,Dependence on hemodialysis due to end stage renal disease,Clinical Finding,SNOMED,Valid,Standard,4308
44784264,698308008,Consultation for malignant neoplasm disease,Procedure,SNOMED,Valid,Standard,4212
436882,20902002,Fall from bed,Event,SNOMED,Valid,Standard,4209
4128331,289908002,Pregnancy,Observable Entity,SNOMED,Valid,Standard,4205
45766800,704042003,Non-invasive cardiac output monitoring,Procedure,SNOMED,Valid,Standard,4178
4027509,13197004,Uses contraception,Clinical Finding,SNOMED,Valid,Standard,4022
4038722,228459009,Number of current sexual partners,Observable Entity,SNOMED,Valid,Standard,3925
437191,292920009,Antibacterial drug adverse reaction,Disorder,SNOMED,Valid,Standard,3902
4014829,11429006,Consultation,Procedure,SNOMED,Valid,Standard,3848
45769810,708538000,Procedure indicated,Context-dependent,SNOMED,Valid,Standard,3783
4118264,301336003,Body weight problem,Clinical Finding,SNOMED,Valid,Standard,3766
438046,269691005,Medical accident to patient during surgical and medical care,Event,SNOMED,Valid,Standard,3764
4015930,170539009,Requires polio vaccination,Clinical Finding,SNOMED,Valid,Standard,3739
4149313,310302007,Advance directive discussed with patient,Clinical Finding,SNOMED,Valid,Standard,3737
40491502,448765001,Unintentional weight loss,Clinical Finding,SNOMED,Valid,Standard,3725
4015931,170542003,Requires course of hepatitis B vaccination,Clinical Finding,SNOMED,Valid,Standard,3714
2617821,G8421,Bmi not documented and no reason is given,HCPCS,HCPCS,Valid,Standard,3713
4099063,189607006,Carcinoid tumor - morphology,Morph Abnormality,SNOMED,Valid,Non-standard,3661
4195970,312824007,Family history of cancer of colon,Context-dependent,SNOMED,Valid,Standard,3643
4150348,3102004,"Oligodendroglioma, anaplastic",Morph Abnormality,SNOMED,Valid,Standard,3549
4154624,271437004,Problem situation relating to social and personal history,Clinical Finding,SNOMED,Valid,Standard,3546
4331070,429969003,Family history of polyp of colon,Context-dependent,SNOMED,Valid,Standard,3543
4323900,429599001,Tuberculosis screening status,Clinical Finding,SNOMED,Valid,Standard,3506
4312538,424272000,Inadequate immune status,Clinical Finding,SNOMED,Valid,Standard,3475
4186104,413555000,Antibiotic prophylaxis indicated,Context-dependent,SNOMED,Valid,Standard,3444
4036426,228449008,Frequency of exercise,Observable Entity,SNOMED,Valid,Standard,3438
4104248,25499005,Seborrheic keratosis,Morph Abnormality,SNOMED,Valid,Standard,3411
4274822,6497000,Decreased body mass index,Clinical Finding,SNOMED,Valid,Standard,3380
4051099,160245001,No current problems or disability,Context-dependent,SNOMED,Valid,Standard,3359
4146314,307824009,Administrative statuses,Clinical Finding,SNOMED,Valid,Standard,3321
4090379,185923000,Patient entered into trial,Clinical Finding,SNOMED,Valid,Standard,3285
4051241,160377001,Family history of asthma,Context-dependent,SNOMED,Valid,Standard,3269
42537737,737289004,Cerebrospinal fluid drainage device in situ,Clinical Finding,SNOMED,Valid,Non-standard,3260
43528032,99495,"Transitional care management services with the following required elements: Communication (direct contact, telephone, electronic) with the patient and/or caregiver within 2 business days of discharge At least moderate level of medical decision mak...",CPT4,CPT4,Valid,Standard,3244
4149314,310305009,Active advance directive (copy within chart),Clinical Finding,SNOMED,Valid,Standard,3222
433116,217697000,Dog bite,Event,SNOMED,Valid,Standard,3193
761166,15635531000119102,Suspected bilateral glaucoma,Context-dependent,SNOMED,Valid,Standard,3189
4140947,305911006,Seen in hospice,Clinical Finding,SNOMED,Valid,Standard,3186
4199812,315215002,Disorder excluded,Context-dependent,SNOMED,Valid,Standard,3172
4292732,37778000,Saddle embolus,Morph Abnormality,SNOMED,Valid,Standard,3153
4062757,171339001,Special examination performed,Context-dependent,SNOMED,Valid,Non-standard,3072
1029025,LP6275-4,Fick method,LOINC Method,LOINC,Valid,Non-standard,3051
4309965,856006,Actinic keratosis,Morph Abnormality,SNOMED,Valid,Standard,3015
439237,52684005,Assault,Event,SNOMED,Valid,Standard,2994
42869557,71802-3,Housing status,Survey,LOINC,Valid,Standard,2990
3022650,20506-2,Specimen drawn from,Clinical Observation,LOINC,Valid,Standard,2987
1617701,96779-4,"Has the electric, gas, oil, or water company threatened to shut off services in your home in past 12 months",Survey,LOINC,Valid,Standard,2985
37020730,93030-5,"Has lack of transportation kept you from medical appointments, meetings, work, or from getting things needed for daily living",Survey,LOINC,Valid,Standard,2983
4052625,160932005,Financial problem,Clinical Finding,SNOMED,Valid,Standard,2975
4171916,274721007,Carotid bruit present,Context-dependent,SNOMED,Valid,Standard,2953
4285583,68711006,Eructation,Observable Entity,SNOMED,Valid,Standard,2935
4191855,395148004,Cardiac event recording,Procedure,SNOMED,Valid,Standard,2919
4279614,66466001,Asphyxiation,Event,SNOMED,Valid,Standard,2907
4124794,289916006,Family history of kidney disease,Context-dependent,SNOMED,Valid,Standard,2903
2106254,3048F,Most recent LDL-C less than 100 mg/dL (CAD) (DM),CPT4,CPT4,Valid,Non-standard,2888
44782709,216051000119102,Inferior vena cava filter in situ,Clinical Finding,SNOMED,Valid,Non-standard,2864
4137432,32276005,Monitoring of cardiac output by Fick method,Procedure,SNOMED,Valid,Standard,2854
313232,408667000,Hemodialysis-associated hypotension,Disorder,SNOMED,Valid,Standard,2849
443371,293436009,Antiarrhythmic drug adverse reaction,Disorder,SNOMED,Valid,Standard,2843
4022569,116336009,Eating / feeding / drinking finding,Clinical Finding,SNOMED,Valid,Standard,2832
2211852,77336,"Continuing medical physics consultation, including assessment of treatment parameters, quality assurance of dose delivery, and review of patient treatment documentation in support of the radiation oncologist, reported per week of therapy",CPT4,CPT4,Valid,Standard,2831
40479426,444451006,Exposure to sexually transmissible disorder,Event,SNOMED,Valid,Standard,2802
4096848,25136009,Ataxic gait,Clinical Finding,SNOMED,Valid,Standard,2792
45766227,703344003,Requires varicella vaccination,Clinical Finding,SNOMED,Valid,Standard,2786
2617268,G0180,"Physician or allowed practitioner certification for medicare-covered home health services under a home health plan of care (patient not present), including contacts with home health agency and review of reports of patient status required by physicians...",HCPCS,HCPCS,Valid,Standard,2782
4239721,91937001,Allergy to seafood,Clinical Finding,SNOMED,Valid,Non-standard,2781
4219847,41769001,Disease suspected,Context-dependent,SNOMED,Valid,Standard,2779
4140943,305902006,Seen by trauma service,Clinical Finding,SNOMED,Valid,Standard,2742
46271893,710159007,Long-term current use of immunosuppressive drug,Context-dependent,SNOMED,Valid,Standard,2734
432454,17173007,Excessive thirst,Clinical Finding,SNOMED,Valid,Standard,2728
4086927,243816001,Contraception status,Clinical Finding,SNOMED,Valid,Standard,2726
4028704,128803008,Marginal zone B-cell lymphoma,Morph Abnormality,SNOMED,Valid,Standard,2723
4315085,216386002,"Place of occurrence of accident or poisoning, street and highway",Location,SNOMED,Valid,Non-standard,2713
4058208,21119008,Pigmented nevus,Morph Abnormality,SNOMED,Valid,Non-standard,2711
4240582,59037007,Intolerance to drug,Clinical Finding,SNOMED,Valid,Standard,2710
4082397,182918009,Repeated prescription,Context-dependent,SNOMED,Valid,Non-standard,2708
4030905,129846003,Polypharmacy,Clinical Finding,SNOMED,Valid,Standard,2680
2617267,G0179,"Physician or allowed practitioner re-certification for medicare-covered home health services under a home health plan of care (patient not present), including contacts with home health agency and review of reports of patient status required by physicia...",HCPCS,HCPCS,Valid,Standard,2667
4312326,86049000,"Neoplasm, malignant (primary)",Morph Abnormality,SNOMED,Valid,Non-standard,2666
4171358,49415001,Slow feeding in newborn,Clinical Finding,SNOMED,Valid,Standard,2618
4240902,91935009,Allergy to peanut,Clinical Finding,SNOMED,Valid,Non-standard,2608
4029531,128756002,Gastrointestinal stromal sarcoma,Morph Abnormality,SNOMED,Valid,Standard,2608
4088025,243826008,Antenatal care status,Clinical Finding,SNOMED,Valid,Standard,2593
4260268,440419004,Gastrointestinal tube in situ,Clinical Finding,SNOMED,Valid,Non-standard,2579
45771329,703347005,"Requires measles, mumps and rubella vaccination",Clinical Finding,SNOMED,Valid,Standard,2577
4191386,389093003,Fertility care,Procedure,SNOMED,Valid,Standard,2577
4145511,426772002,Car crash,Event,SNOMED,Valid,Standard,2573
4086794,184002001,Circumcision requested,Context-dependent,SNOMED,Valid,Standard,2568
37119239,725117008,Family history of hyperlipidemia,Context-dependent,SNOMED,Valid,Standard,2532
2106238,3045F,Most recent hemoglobin A1c (HbA1c) level 7.0-9.0% (DM) (Deprecated),CPT4,CPT4,Valid,Non-standard,2508
4019957,105462002,Donor of kidney for transplant,Social Context,SNOMED,Valid,Non-standard,2493
45765650,702636002,Surveillance of contraception,Procedure,SNOMED,Valid,Standard,2478
4022114,225308005,Observation regime,Procedure,SNOMED,Valid,Standard,2473
4040739,118233009,Finding of activity of daily living,Clinical Finding,SNOMED,Valid,Standard,2471
441192,217848007,Accidentally struck by or against objects or persons,Event,SNOMED,Valid,Standard,2463
42538686,762450006,Procedure not done because contraindicated,Context-dependent,SNOMED,Valid,Standard,2361
4031367,129832003,Noncompliance with dietary regimen,Clinical Finding,SNOMED,Valid,Standard,2348
36674595,782555009,Allergy to cow's milk protein,Clinical Finding,SNOMED,Valid,Non-standard,2344
438630,218190002,Exposure to radiation,Event,SNOMED,Valid,Standard,2341
436298,370540009,Adverse reaction to food,Disorder,SNOMED,Valid,Standard,2340
4208026,439053001,Urinary catheter in situ,Clinical Finding,SNOMED,Valid,Non-standard,2340
4083519,281666001,Family history of disorder,Context-dependent,SNOMED,Valid,Standard,2304
44791265,25031000000106,Cancer care plan given,Clinical Finding,SNOMED,Valid,Standard,2295
4251171,73438004,Unemployed,Clinical Finding,SNOMED,Valid,Standard,2273
36713465,717803002,Singleton liveborn born in hospital,Context-dependent,SNOMED,Valid,Standard,2267
40486176,449225005,Hemodiafiltration technique,Qualifier Value,SNOMED,Valid,Standard,2230
440922,170747006,Diabetic on insulin,Clinical Finding,SNOMED,Valid,Standard,2222
46270032,125141000119102,Non-compliance with renal dialysis,Clinical Finding,SNOMED,Valid,Standard,2219
4245118,396339007,Thrombus,Morph Abnormality,SNOMED,Valid,Standard,2206
4207158,312081001,Uses IUD (intrauterine device) contraception,Clinical Finding,SNOMED,Valid,Standard,2205
4037707,162572001,Suspected malignancy,Context-dependent,SNOMED,Valid,Standard,2193
1314351,G9678,Oncology care model (ocm) monthly enhanced oncology services (meos) payment for ocm enhanced services. g9678 payments may only be made to ocm practitioners for ocm beneficiaries for the furnishment of enhanced services as defined in the ... (Deprecated),HCPCS,HCPCS,Valid,Standard,2192
4136161,413174003,Statin not tolerated,Context-dependent,SNOMED,Valid,Standard,2165
4324465,429959009,Family history of heart failure,Context-dependent,SNOMED,Valid,Standard,2160
45619243,D010406,Penicillins,Main Heading,MeSH,Valid,Non-standard,2138
43528033,99496,"Transitional care management services with the following required elements: Communication (direct contact, telephone, electronic) with the patient and/or caregiver within 2 business days of discharge High level of medical decision making during th...",CPT4,CPT4,Valid,Standard,2133
437483,219178006,Homicide or assault by unarmed fight or brawl,Event,SNOMED,Valid,Standard,2105
4354269,250782007,Inspired carbon dioxide concentration,Observable Entity,SNOMED,Valid,Standard,2096
4022661,105531004,Housing problem,Clinical Finding,SNOMED,Valid,Standard,2093
4302453,78441005,Osteopenia,Morph Abnormality,SNOMED,Valid,Non-standard,2089
4090651,251859005,Dialysis finding,Clinical Finding,SNOMED,Valid,Standard,2074
42539697,737287002,External hearing aid in situ,Clinical Finding,SNOMED,Valid,Non-standard,2036
42872417,351000119100,Childhood failure to gain weight,Clinical Finding,SNOMED,Valid,Standard,2028
4094126,248539004,Family problems,Clinical Finding,SNOMED,Valid,Standard,2018
43530881,609415007,Suspected fetal disorder,Context-dependent,SNOMED,Valid,Standard,2006
4155398,270428008,Malingerer,Clinical Finding,SNOMED,Valid,Non-standard,1963
37016169,133621000119103,Long term current use of non-steroidal anti-inflammatory drug,Context-dependent,SNOMED,Valid,Standard,1938
4123927,305336008,Admission to hospice,Procedure,SNOMED,Valid,Standard,1925
45766228,703345002,Requires tetanus and diphtheria vaccination,Clinical Finding,SNOMED,Valid,Standard,1922
4192676,394699000,Born by cesarean section,Context-dependent,SNOMED,Valid,Standard,1914
4012560,102876002,Multigravida,Clinical Finding,SNOMED,Valid,Standard,1909
2617818,G8418,Bmi is documented below normal parameters and a follow-up plan is documented,HCPCS,HCPCS,Valid,Standard,1892
4311079,216425002,"Place of occurrence of accident or poisoning, hospital",Location,SNOMED,Valid,Non-standard,1840
43531662,591000119102,Vaccine declined by patient,Context-dependent,SNOMED,Valid,Standard,1836
4166272,274930006,"Overexertion, strenuous movements and vibration",Event,SNOMED,Valid,Standard,1827
4268558,365500004,"Housing, local environment and transport finding",Clinical Finding,SNOMED,Valid,Standard,1819
4097829,27090000,Transitional cell carcinoma,Morph Abnormality,SNOMED,Valid,Standard,1819
436299,242408008,Fall from one level to another,Event,SNOMED,Valid,Standard,1770
4305272,389095005,Contraception care,Procedure,SNOMED,Valid,Standard,1765
4326002,429961000,Family history of dementia,Context-dependent,SNOMED,Valid,Standard,1710
4205407,308537004,Monitoring status,Clinical Finding,SNOMED,Valid,Standard,1686
4314985,216319000,"Place of occurrence of accident or poisoning, noninstitutional place of residence",Location,SNOMED,Valid,Non-standard,1684
40772521,LP14319-5,Penicillin,LOINC Component,LOINC,Valid,Non-standard,1672
35622457,764146007,Penicillin,Substance,SNOMED,Valid,Non-standard,5016
3302677,764146007,Penicillin,Substance,Nebraska Lexicon,Valid,Non-standard,1672
4187628,41329004,Polyp,Morph Abnormality,SNOMED,Valid,Standard,1654
4230704,439144005,Closed compression fracture,Morph Abnormality,SNOMED,Valid,Standard,1646
4114513,255339005,Depression - motion,Qualifier Value,SNOMED,Valid,Standard,1627
4326027,430091005,Family history of coronary arteriosclerosis,Context-dependent,SNOMED,Valid,Standard,1621
46272989,711454001,Failed procedure using minimal access approach converted to open procedure,Context-dependent,SNOMED,Valid,Standard,1603
4306655,419620001,Death,Event,SNOMED,Valid,Standard,1602
4037323,16241000,Chlamydia,Organism,SNOMED,Valid,Standard,1588
4180093,51092000,B-cell chronic lymphocytic leukemia/small lymphocytic lymphoma,Morph Abnormality,SNOMED,Valid,Standard,1577
443367,293495006,Antihypertensive adverse reaction,Disorder,SNOMED,Valid,Standard,1575
2106252,3046F,Most recent hemoglobin A1c level greater than 9.0% (DM),CPT4,CPT4,Valid,Non-standard,1565
4176422,51035001,"Fracture, intra-articular",Morph Abnormality,SNOMED,Valid,Standard,1554
4263459,4590003,"Adenocarcinoma, metastatic",Morph Abnormality,SNOMED,Valid,Standard,1550
4081758,183653007,Fracture therapy follow-up,Clinical Finding,SNOMED,Valid,Standard,1546
4016041,170745003,Diabetic on diet only,Clinical Finding,SNOMED,Valid,Standard,1537
438857,71781005,Decrease in height,Clinical Finding,SNOMED,Valid,Standard,1520
4103471,301331008,Finding of body mass index,Clinical Finding,SNOMED,Valid,Standard,1515
4302252,386322007,High risk pregnancy care,Procedure,SNOMED,Valid,Standard,1507
4252582,74364000,Small cell neuroendocrine carcinoma,Morph Abnormality,SNOMED,Valid,Standard,1507
435166,242869008,Assault by firearms,Event,SNOMED,Valid,Standard,1506
4043043,228456002,Age became sexually active,Observable Entity,SNOMED,Valid,Standard,1500
4308870,83468000,Fall from chair,Event,SNOMED,Valid,Standard,1482
4252735,74506000,Bereavement,Clinical Finding,SNOMED,Valid,Standard,1469
4063374,170920007,Warfarin therapy started,Context-dependent,SNOMED,Valid,Standard,1468
36716761,722934009,Neonatal difficulty in feeding at breast,Clinical Finding,SNOMED,Valid,Standard,1467
4162289,293344008,Warfarin adverse reaction,Disorder,SNOMED,Valid,Standard,1461
76819,268242003,Congenital unilateral subluxation of hip,Context-dependent,SNOMED,Valid,Non-standard,1453
4328294,431524008,Abnormal gait due to impairment of balance,Clinical Finding,SNOMED,Valid,Standard,1442
37117058,90351000119108,Vaccination not done,Context-dependent,SNOMED,Valid,Standard,1441
764227,452271000124108,Long-term current use of opiate analgesic drug,Context-dependent,SNOMED,Valid,Standard,1428
4311963,85659009,Aneurysm,Morph Abnormality,SNOMED,Valid,Standard,1424
4192740,75753009,Blood clot,Morph Abnormality,SNOMED,Valid,Standard,1424
4175576,297186008,Motorcycle accident,Event,SNOMED,Valid,Standard,1423
44783302,699373005,Exposure to asbestos,Event,SNOMED,Valid,Standard,1413
4095498,292092008,Diagnostic agent adverse reaction,Disorder,SNOMED,Valid,Standard,1413
435443,17886000,Fall from wheelchair,Event,SNOMED,Valid,Standard,1412
43021779,473424007,Hearing loss of left ear,Disorder,SNOMED,Valid,Standard,1411
4218981,41915009,Stasis ulcer,Morph Abnormality,SNOMED,Valid,Standard,1411
4328884,22036004,Pseudoaneurysm,Morph Abnormality,SNOMED,Valid,Standard,1399
4324533,71072006,Angiodysplasia,Morph Abnormality,SNOMED,Valid,Non-standard,1399
432803,86591008,Fall from ladder,Event,SNOMED,Valid,Standard,1379
4023168,105529008,Lives alone,Clinical Finding,SNOMED,Valid,Standard,1366
4086755,243873002,Warfarin monitoring status,Clinical Finding,SNOMED,Valid,Standard,1365
4032524,129836000,Noncompliance with therapeutic regimen,Clinical Finding,SNOMED,Valid,Standard,1309
37116643,733423003,Food insecurity,Clinical Finding,SNOMED,Valid,Standard,1308
927172,96132,"Neuropsychological testing evaluation services by physician or other qualified health care professional, including integration of patient data, interpretation of standardized test results and clinical data, clinical decision making, treatment plan...",CPT4,CPT4,Valid,Standard,1281
4316183,217701002,Cat bite,Event,SNOMED,Valid,Standard,1274
4062746,171279008,Immunization due,Clinical Finding,SNOMED,Valid,Standard,1274
4182771,366356005,Food and drink intake - finding,Clinical Finding,SNOMED,Valid,Standard,1270
4051119,160313009,Family history of osteoporosis,Context-dependent,SNOMED,Valid,Standard,1270
4020878,213020009,Allergy to egg protein,Clinical Finding,SNOMED,Valid,Non-standard,1254
4253951,74532006,Malignant glioma,Morph Abnormality,SNOMED,Valid,Standard,1252
4164696,293637006,Allergy to contrast media,Clinical Finding,SNOMED,Valid,Non-standard,1251
4037848,162651007,Patient examined,Context-dependent,SNOMED,Valid,Non-standard,1247
4051702,160417009,Family history of congenital disease,Context-dependent,SNOMED,Valid,Standard,1242
4251903,410385005,Family planning surveillance,Procedure,SNOMED,Valid,Standard,1234
4164546,293500009,Angiotensin-converting-enzyme inhibitor adverse reaction,Disorder,SNOMED,Valid,Standard,1226
36712857,134561000119109,Family disruption due to death of family member,Clinical Finding,SNOMED,Valid,Standard,1226
4084838,183646003,Postoperative visit,Clinical Finding,SNOMED,Valid,Standard,1225
433658,292954005,Penicillin adverse reaction,Disorder,SNOMED,Valid,Standard,1216
37117119,328941000119101,Long-term current use of bisphosphonates,Context-dependent,SNOMED,Valid,Standard,1212
43533339,G8907,Patient documented not to have experienced any of the following events: a burn prior to discharge; a fall within the facility; wrong site/side/patient/procedure/implant event; or a hospital transfer or hospital admission upon discharge from the facility,HCPCS,HCPCS,Valid,Standard,1211
4051568,160324006,Family history of mental disorder,Context-dependent,SNOMED,Valid,Standard,1211
43533358,G8918,Patient without preoperative order for iv antibiotic surgical site infection (ssi) prophylaxis,HCPCS,HCPCS,Valid,Standard,1209
40486191,449239005,Central venous catheter in situ,Clinical Finding,SNOMED,Valid,Non-standard,1190
4204524,55020008,"Follicular lymphoma, grade 2",Morph Abnormality,SNOMED,Valid,Standard,1187
40484010,442535004,Unilateral conductive hearing loss,Context-dependent,SNOMED,Valid,Non-standard,1182
4036430,228462007,Total number of sexual partners ever,Observable Entity,SNOMED,Valid,Standard,1179
443370,293453002,Diuretic adverse reaction,Disorder,SNOMED,Valid,Standard,1177
42535090,15936341000119106,Need for personal care assistance,Clinical Finding,SNOMED,Valid,Standard,1175
4051110,160292002,Family history of leukemia,Context-dependent,SNOMED,Valid,Standard,1173
37016166,133261000119105,Exposure to potentially hazardous substance,Event,SNOMED,Valid,Standard,1171
40479792,444491009,Exposure to viral hepatitis,Event,SNOMED,Valid,Standard,1170
4171825,48499001,Increased body mass index,Clinical Finding,SNOMED,Valid,Standard,1166
4093972,248327008,General finding of height,Clinical Finding,SNOMED,Valid,Standard,1164
4312972,216427005,"Place of occurrence of accident or poisoning, old people's home",Location,SNOMED,Valid,Non-standard,1156
441194,218218000,Overexertion and strenuous movements,Event,SNOMED,Valid,Standard,1146
4149565,31069005,Fibroepithelial polyp,Morph Abnormality,SNOMED,Valid,Standard,1139
4043693,129214009,Acquired arteriovenous fistula,Morph Abnormality,SNOMED,Valid,Standard,1136
4178109,50007008,Chordoma,Morph Abnormality,SNOMED,Valid,Standard,1135
4178537,297239000,Family history of neurological disorder,Context-dependent,SNOMED,Valid,Standard,1131
4276268,365523001,"Legal, financial, employment and/or socioeconomic history finding",Clinical Finding,SNOMED,Valid,Standard,1130
42537736,737288007,Intrauterine contraceptive device in situ,Clinical Finding,SNOMED,Valid,Non-standard,1130
4012078,162062008,No vomiting,Context-dependent,SNOMED,Valid,Standard,1126
4021315,225358003,Wound care,Procedure,SNOMED,Valid,Standard,1114
2106255,3049F,Most recent LDL-C 100-129 mg/dL (CAD) (DM),CPT4,CPT4,Valid,Non-standard,1108
4017303,170695009,Mental handicap problem,Clinical Finding,SNOMED,Valid,Non-standard,1096
4209742,56768003,Gunshot wound,Morph Abnormality,SNOMED,Valid,Standard,1085
927173,96133,"Neuropsychological testing evaluation services by physician or other qualified health care professional, including integration of patient data, interpretation of standardized test results and clinical data, clinical decision making, treatment plan...",CPT4,CPT4,Valid,Standard,1079
40480136,443143006,Dependence on hemodialysis,Clinical Finding,SNOMED,Valid,Standard,1074
4151031,310374009,MMR vaccination status,Clinical Finding,SNOMED,Valid,Standard,1070
4171724,419808006,Finding related to health insurance issues,Clinical Finding,SNOMED,Valid,Standard,1066
4088026,243833008,Postnatal care status,Clinical Finding,SNOMED,Valid,Standard,1066
606878,1148757008,Microcephaly,Clinical Finding,SNOMED,Valid,Standard,1064
4267895,61814002,Dysplastic nevus,Morph Abnormality,SNOMED,Valid,Standard,1061
4228483,405749004,Newly diagnosed diabetes,Disorder,SNOMED,Valid,Standard,1060
40479782,444482005,Exposure to Severe acute respiratory syndrome coronavirus,Event,SNOMED,Valid,Standard,1035
4022895,11671000,Adenoid cystic carcinoma,Morph Abnormality,SNOMED,Valid,Standard,1029
2101934,1111F,Discharge medications reconciled with the current medication list in outpatient medical record (COA) (GER),CPT4,CPT4,Valid,Non-standard,1028
441744,292799005,Anti-infectives adverse reaction,Disorder,SNOMED,Valid,Standard,1026
42628420,GC,This service has been performed in part by a resident under the direction of a teaching physician,CPT4 Modifier,CPT4,Valid,Standard,1020
763589,443381000124105,Obese class II,Clinical Finding,SNOMED,Valid,Standard,1018
4248196,9447003,Spastic gait,Clinical Finding,SNOMED,Valid,Standard,1012
432800,219218005,Assault by cutting and stabbing instruments,Event,SNOMED,Valid,Standard,1006
443368,293492009,Carbonic anhydrase inhibitor adverse reaction,Disorder,SNOMED,Valid,Standard,998
37117117,21541000119102,Left without being seen,Clinical Finding,SNOMED,Valid,Standard,987
4085789,185324002,Failed encounter,Clinical Finding,SNOMED,Valid,Standard,986
4222734,40104005,Fall in home,Event,SNOMED,Valid,Standard,982
4194691,79282002,"Carcinoma, metastatic",Morph Abnormality,SNOMED,Valid,Standard,979
4148887,270459005,Patient on waiting list,Clinical Finding,SNOMED,Valid,Standard,976
4162365,398196000,Failed intubation,Context-dependent,SNOMED,Valid,Non-standard,971
443372,293417004,Lipid-lowering drug adverse reaction,Disorder,SNOMED,Valid,Standard,969
4059000,161838002,Infant feeding problem,Clinical Finding,SNOMED,Valid,Standard,954
2106582,31615,Tracheobronchoscopy through established tracheostomy incision,CPT4,CPT4,Valid,Non-standard,950
4111052,285055002,Does use hearing aid,Clinical Finding,SNOMED,Valid,Standard,949
4195317,44598004,Leiomyoma,Morph Abnormality,SNOMED,Valid,Non-standard,938
4324949,71307009,Ganglion cyst,Morph Abnormality,SNOMED,Valid,Standard,934
4220842,82612009,Stumbling,Event,SNOMED,Valid,Standard,932
36712780,11717701000119108,Slow weight gain,Clinical Finding,SNOMED,Valid,Standard,921
4109438,1806006,Eruption,Morph Abnormality,SNOMED,Valid,Standard,919
4214798,417451006,Procedure needed,Context-dependent,SNOMED,Valid,Standard,910
4301680,385971003,Dialysis care,Procedure,SNOMED,Valid,Standard,903
4109737,18126004,Diverticulitis,Morph Abnormality,SNOMED,Valid,Standard,902
441206,292040004,Analgesic adverse reaction,Disorder,SNOMED,Valid,Standard,892
4241216,5935008,Uses oral contraception,Clinical Finding,SNOMED,Valid,Standard,886
40491445,448713003,Intravenous catheter in situ,Clinical Finding,SNOMED,Valid,Non-standard,886
4301120,78303004,"Meningioma, malignant",Morph Abnormality,SNOMED,Valid,Standard,885
4296398,386389001,Pessary care,Procedure,SNOMED,Valid,Standard,883
436292,217897003,Accidental collision with stationary object,Event,SNOMED,Valid,Standard,882
4208913,439960005,Binge eating disorder,Disorder,SNOMED,Valid,Standard,882
4312119,425075004,Bruises easily,Context-dependent,SNOMED,Valid,Standard,880
4086928,243818000,IUCD status,Clinical Finding,SNOMED,Valid,Non-standard,873
4009390,102609007,Feeding problem in child,Clinical Finding,SNOMED,Valid,Standard,865
4160280,430283008,Family history of sudden death,Context-dependent,SNOMED,Valid,Standard,863
4301596,78104003,Regurgitation of gastric content,Clinical Finding,SNOMED,Valid,Standard,859
4214641,4147007,Mass,Morph Abnormality,SNOMED,Valid,Standard,859
4174876,424213003,Allergy to bee venom,Clinical Finding,SNOMED,Valid,Non-standard,855
2721600,S9999,Sales tax,HCPCS,HCPCS,Valid,Standard,854
4203375,433276002,Family history of atrial fibrillation,Context-dependent,SNOMED,Valid,Standard,853
440598,419912001,Overexertion,Event,SNOMED,Valid,Standard,852
437187,219235009,Assault by striking by blunt or thrown object,Event,SNOMED,Valid,Standard,851
4054796,242889009,Assault with body part,Event,SNOMED,Valid,Standard,849
440288,57701003,Accident while engaged in sports activity,Event,SNOMED,Valid,Standard,847
4175518,278002000,Soft tissue mass,Morph Abnormality,SNOMED,Valid,Standard,846
36660679,95049-3,Type of bag-mask ventilation used,Clinical Observation,LOINC,Valid,Standard,846
4330220,430954001,Family history of malignant neoplasm of genital structure,Context-dependent,SNOMED,Valid,Standard,835
4061406,169491004,IUD check,Clinical Finding,SNOMED,Valid,Non-standard,832
4270154,364320009,Pregnancy observable,Observable Entity,SNOMED,Valid,Standard,829
4169883,49158009,Emphysema,Morph Abnormality,SNOMED,Valid,Standard,829
4310928,216323008,"Place of occurrence of accident or poisoning, private home",Location,SNOMED,Valid,Non-standard,822
4326678,430695000,Family history of genetic disorder carrier,Context-dependent,SNOMED,Valid,Standard,819
443332,214344005,Motor vehicle traffic accident due to loss of control without collision on the road,Event,SNOMED,Valid,Standard,815
4055396,242693000,Accident due to physical impact or mechanical violence,Event,SNOMED,Valid,Standard,811
141305,194425006,Unilateral sensorineural hearing loss with unrestricted hearing on the contralateral side,Context-dependent,SNOMED,Valid,Non-standard,805
42872460,450451007,Overweight in childhood,Clinical Finding,SNOMED,Valid,Standard,804
44786671,74013-4,Alcoholic drinks per day,Clinical Observation,LOINC,Valid,Standard,801
43021867,288531000119103,Problem related to social environment,Clinical Finding,SNOMED,Valid,Non-standard,801
4049909,15949004,"Thymoma, malignant",Morph Abnormality,SNOMED,Valid,Standard,800
40792483,LP16093-4,Codeine,LOINC Component,LOINC,Valid,Non-standard,799
44787260,LP171618-4,Lisinopril,LOINC Component,LOINC,Valid,Non-standard,795
4325190,427858005,Family history of malignant melanoma,Context-dependent,SNOMED,Valid,Standard,791
4326265,75148009,Employment problem,Clinical Finding,SNOMED,Valid,Standard,789
4008070,111088007,Latex,Substance,SNOMED,Valid,Non-standard,781
443423,386662004,Pedal cycle accident,Event,SNOMED,Valid,Standard,780
442031,302979006,Accidentally struck by or against stationary object,Event,SNOMED,Valid,Standard,780
45949917,162538,Latex,Misc,CIEL,Valid,Non-standard,778
40789322,LP17009-9,Latex,LOINC Component,LOINC,Valid,Non-standard,778
3424892,111088007,Latex,Substance,Nebraska Lexicon,Valid,Non-standard,778
4201415,51549004,Leiomyosarcoma,Morph Abnormality,SNOMED,Valid,Non-standard,777
4148410,266898002,FH: Respiratory disease,Context-dependent,SNOMED,Valid,Standard,775
4042860,228273003,Finding relating to alcohol drinking behavior,Clinical Finding,SNOMED,Valid,Standard,774
4191591,39000009,Hemangiosarcoma,Morph Abnormality,SNOMED,Valid,Standard,773
437738,214640008,Motor vehicle accident off public road,Event,SNOMED,Valid,Standard,770
433657,242413007,Fall from furniture,Event,SNOMED,Valid,Standard,769
40479328,444356002,Exposure to Human immunodeficiency virus,Event,SNOMED,Valid,Standard,763
37310279,1240631000000102,Did not attend SARS-CoV-2 (severe acute respiratory syndrome coronavirus 2) vaccination,Clinical Finding,SNOMED,Valid,Standard,762
4261613,4506002,Educational problem,Clinical Finding,SNOMED,Valid,Standard,759
4303690,418420002,Intentionally harming self,Event,SNOMED,Valid,Standard,758
4271006,400061001,Abrasion,Morph Abnormality,SNOMED,Valid,Standard,758
40795773,LP15174-3,Morphine,LOINC Component,LOINC,Valid,Non-standard,758
40482357,443596009,Dependence on peritoneal dialysis,Clinical Finding,SNOMED,Valid,Standard,756
4230587,40411000,"Follicular lymphoma, grade 3",Morph Abnormality,SNOMED,Valid,Standard,747
4301716,386091000,Finding related to compliance with treatment,Clinical Finding,SNOMED,Valid,Standard,739
4125836,305794006,Seen by radiotherapy service,Clinical Finding,SNOMED,Valid,Standard,739
4164954,40935003,Meningiomatosis,Morph Abnormality,SNOMED,Valid,Standard,734
4147210,30213001,Lymphatic edema,Morph Abnormality,SNOMED,Valid,Standard,725
765735,445261000124106,Nutrition impaired,Clinical Finding,SNOMED,Valid,Standard,721
4050007,12402003,Scar,Morph Abnormality,SNOMED,Valid,Standard,721
46270007,117361000119104,Family history of sudden cardiac death,Context-dependent,SNOMED,Valid,Standard,719
4148715,35262004,Gliosarcoma,Morph Abnormality,SNOMED,Valid,Standard,719
2106256,3050F,Most recent LDL-C greater than or equal to 130 mg/dL (CAD) (DM),CPT4,CPT4,Valid,Non-standard,716
44782708,216621000119100,Stent in anterior descending branch of left coronary artery,Clinical Finding,SNOMED,Valid,Non-standard,712
4268546,365458002,Education and/or schooling finding,Clinical Finding,SNOMED,Valid,Standard,712
4032495,14990007,"Chondrosarcoma, no ICD-O subtype",Morph Abnormality,SNOMED,Valid,Non-standard,712
44782693,130551000119103,Stent in branch of right coronary artery,Clinical Finding,SNOMED,Valid,Non-standard,710
37017056,713240003,Supervision of high risk pregnancy with poor obstetric history,Procedure,SNOMED,Valid,Standard,706
4234631,440311000,Suprapubic urinary catheter in situ,Clinical Finding,SNOMED,Valid,Non-standard,704
4061426,169578003,Antenatal care: obstetric risk,Context-dependent,SNOMED,Valid,Standard,697
4050816,160357008,FH: Hypertension,Context-dependent,SNOMED,Valid,Standard,697
440121,194418004,Unilateral conductive hearing loss with unrestricted hearing on the contralateral side,Context-dependent,SNOMED,Valid,Non-standard,691
4237009,405786003,Poor response to treatment,Context-dependent,SNOMED,Valid,Standard,685
45773394,702686008,Surveillance of oral contraception,Procedure,SNOMED,Valid,Standard,683
4132143,26514007,Draining wound,Morph Abnormality,SNOMED,Valid,Standard,682
4140797,305799001,Seen by pain management service,Clinical Finding,SNOMED,Valid,Standard,680
439989,293177002,Insulin adverse reaction,Disorder,SNOMED,Valid,Standard,672
40664761,G8756,"No documentation of blood pressure measurement, reason not given",HCPCS,HCPCS,Valid,Standard,671
4319710,217900005,Accidentally struck by stationary object,Event,SNOMED,Valid,Standard,668
4168834,419885006,Beta lactam adverse reaction,Disorder,SNOMED,Valid,Standard,668
4219492,726007,"Pathology consultation, comprehensive, records and specimen with report",Procedure,SNOMED,Valid,Standard,662
4165539,47563007,Nutritional deficiency state,Clinical Finding,SNOMED,Valid,Standard,662
44782791,68971000119104,Biventricular automatic implantable cardioverter defibrillator in situ,Clinical Finding,SNOMED,Valid,Non-standard,658
43533361,G8978,"Mobility: walking & moving around functional limitation, current status, at therapy episode outset and at reporting intervals (Deprecated)",HCPCS,HCPCS,Valid,Standard,653
4029703,108220007,Evaluation AND/OR management - new patient,Procedure,SNOMED,Valid,Standard,652
4232398,439750006,Family history of hearing loss,Context-dependent,SNOMED,Valid,Standard,649
44782657,698303004,Awaiting transplantation of bone marrow,Context-dependent,SNOMED,Valid,Standard,645
36684077,782162007,Bite of non-human animal,Event,SNOMED,Valid,Standard,643
4267355,365453006,Language spoken - finding,Clinical Finding,SNOMED,Valid,Standard,642
4114538,255417007,Cirrhotic,Qualifier Value,SNOMED,Valid,Standard,640
4263845,60818005,Aphagia,Clinical Finding,SNOMED,Valid,Standard,634
40789187,LP15265-9,Amoxicillin,LOINC Component,LOINC,Valid,Non-standard,634
4095177,250018006,Toe-walking gait,Clinical Finding,SNOMED,Valid,Standard,629
4051255,160427003,Family history with explicit context pertaining to mother,Context-dependent,SNOMED,Valid,Standard,627
438872,267023007,Excessive eating,Clinical Finding,SNOMED,Valid,Standard,626
4329788,430542006,Family history of malignant neoplasm of urinary bladder,Context-dependent,SNOMED,Valid,Standard,626
4046893,134436002,Lifestyle,Clinical Finding,SNOMED,Valid,Non-standard,626
432504,217176002,Accident caused by fire and flames,Event,SNOMED,Valid,Standard,624
3661779,870677001,Adverse reaction to benzodiazepine,Disorder,SNOMED,Valid,Standard,624
4143067,267100006,Nasal obstruction present,Context-dependent,SNOMED,Valid,Standard,623
432807,218016007,Accidents caused by cutting and piercing instruments or objects,Event,SNOMED,Valid,Standard,622
4236657,90725004,Serous cystadenocarcinoma,Morph Abnormality,SNOMED,Valid,Standard,619
4086921,243796009,Situation with explicit context,Context-dependent,SNOMED,Valid,Standard,617
4029182,128854008,Pilocytic astrocytoma,Morph Abnormality,SNOMED,Valid,Standard,616
4031252,129819008,Prescribed medication regimen behavior finding,Clinical Finding,SNOMED,Valid,Standard,614
4028320,1338007,Basal cell carcinoma,Morph Abnormality,SNOMED,Valid,Standard,614
4293855,401207004,Medication side effects present,Clinical Finding,SNOMED,Valid,Standard,609
442444,214227009,"Motor vehicle traffic accident involving pedestrian hit by motor vehicle, pedestrian injured",Event,SNOMED,Valid,Standard,608
4222605,83813007,Tube feeding diet,Clinical Finding,SNOMED,Valid,Standard,608
4195605,44132006,Abscess morphology,Morph Abnormality,SNOMED,Valid,Standard,607
4049499,2092003,Malignant melanoma,Morph Abnormality,SNOMED,Valid,Non-standard,602
4092869,250029005,Sensory ataxic gait,Clinical Finding,SNOMED,Valid,Standard,595
4053863,242387001,Fall due to slipping on ice or snow,Event,SNOMED,Valid,Standard,593
764180,451721000124107,Medication care plan discussed with patient,Context-dependent,SNOMED,Valid,Non-standard,586
4230638,88817006,Exposure to inanimate mechanical force,Event,SNOMED,Valid,Standard,586
45766229,703346001,Requires respiratory syncytial virus vaccination,Clinical Finding,SNOMED,Valid,Standard,585
4147794,268227001,Unilateral undescended testis,Context-dependent,SNOMED,Valid,Non-standard,585
36674264,771191003,Bite of insect,Event,SNOMED,Valid,Standard,585
4197675,51670003,Mural thrombus,Morph Abnormality,SNOMED,Valid,Standard,581
443547,419901001,Non-steroidal anti-inflammatory drug adverse reaction,Disorder,SNOMED,Valid,Standard,579
435147,292331008,Sedative adverse reaction,Disorder,SNOMED,Valid,Standard,579
4190577,394888000,Hormone replacement therapy requested,Context-dependent,SNOMED,Valid,Standard,574
40479809,444507004,Exposure to Mycobacterium tuberculosis,Event,SNOMED,Valid,Standard,572
441193,302981008,Accident caused by nonpowered hand tools and implements,Event,SNOMED,Valid,Standard,568
4102387,253053003,Benign hemangioma,Morph Abnormality,SNOMED,Valid,Standard,567
4202016,308252005,Admission to radiotherapy department,Procedure,SNOMED,Valid,Standard,566
4216727,71893005,Struck by falling object,Event,SNOMED,Valid,Standard,565
4188203,46744002,"Follicular lymphoma, grade 1",Morph Abnormality,SNOMED,Valid,Standard,565
4219855,39781001,Primitive neuroectodermal tumor,Morph Abnormality,SNOMED,Valid,Standard,561
441764,269713002,Inhalation or ingestion of foreign body with respiratory obstruction or suffocation,Event,SNOMED,Valid,Standard,560
4146758,30285000,Verruca,Morph Abnormality,SNOMED,Valid,Standard,559
42536694,735643002,Short stature of childhood,Disorder,SNOMED,Valid,Standard,558
439650,218035007,Accident caused by knife,Event,SNOMED,Valid,Standard,552
4274423,365483002,Finding related to care and support circumstances and networks,Clinical Finding,SNOMED,Valid,Standard,552
764565,456691000124107,Family history of drug abuse,Context-dependent,SNOMED,Valid,Standard,551
4314454,424136002,Contraceptive use behavior,Observable Entity,SNOMED,Valid,Standard,545
4152813,28332004,Family disruption,Clinical Finding,SNOMED,Valid,Standard,544
45763650,700094005,Intolerance to milk,Clinical Finding,SNOMED,Valid,Standard,538
432788,217896007,Accidental bumping into stationary object,Event,SNOMED,Valid,Standard,534
4264259,364196001,Micturition feature,Observable Entity,SNOMED,Valid,Standard,529
4196068,44588005,Iodine,Substance,SNOMED,Valid,Non-standard,527
4175212,275936005,Patient noncompliance - general,Context-dependent,SNOMED,Valid,Standard,527
40775854,LP15157-8,Iodine,LOINC Component,LOINC,Valid,Non-standard,527
4164876,294505008,Allergy to amoxicillin,Clinical Finding,SNOMED,Valid,Non-standard,526
44790446,198301000000109,Family history of deep vein thrombosis,Context-dependent,SNOMED,Valid,Standard,522
4263947,36191001,Perforation,Morph Abnormality,SNOMED,Valid,Standard,521
43533324,G8979,"Mobility: walking & moving around functional limitation, projected goal status, at therapy episode outset, at reporting intervals, and at discharge or to end reporting (Deprecated)",HCPCS,HCPCS,Valid,Standard,519
4295048,385786002,Chemotherapy care,Procedure,SNOMED,Valid,Standard,518
4016910,170541005,Requires a hepatitis A vaccination,Clinical Finding,SNOMED,Valid,Standard,516
763984,449351000124100,Long-term current use of aromatase inhibitor,Context-dependent,SNOMED,Valid,Standard,512
4328583,430292006,Family history of malignant neoplasm of breast in first degree relative,Context-dependent,SNOMED,Valid,Standard,509
441751,269722001,Adverse reaction to salicylate,Disorder,SNOMED,Valid,Standard,507
4326679,430703009,Family history of malignant neoplasm of kidney,Context-dependent,SNOMED,Valid,Standard,506
37108767,123371000119105,Prophylactic aromatase inhibitors given,Context-dependent,SNOMED,Valid,Non-standard,503
4287256,69449002,Drug action,Clinical Finding,SNOMED,Valid,Standard,497
4327723,430801003,Family history of pulmonary embolism,Context-dependent,SNOMED,Valid,Standard,495
43021337,460615006,Education with explicit context,Context-dependent,SNOMED,Valid,Standard,492
4322889,428116008,Multifactorial gait problem,Clinical Finding,SNOMED,Valid,Standard,489
4053378,160316001,FH: Blood disorder,Context-dependent,SNOMED,Valid,Standard,485
4062344,170993004,Counseled by a nurse,Context-dependent,SNOMED,Valid,Non-standard,480
4035673,130951007,Urinary bladder retention of urine,Observable Entity,SNOMED,Valid,Standard,480
43533318,G8997,"Swallowing functional limitation, projected goal status, at therapy episode outset, at reporting intervals, and at discharge or to end reporting (Deprecated)",HCPCS,HCPCS,Valid,Standard,474
443347,292162001,General anesthetic drug adverse reaction,Disorder,SNOMED,Valid,Standard,473
43533285,G8996,"Swallowing functional limitation, current status at therapy episode outset and at reporting intervals (Deprecated)",HCPCS,HCPCS,Valid,Standard,472
4167781,293597001,Allergy to codeine,Clinical Finding,SNOMED,Valid,Non-standard,472
4050929,160406008,FH: Skin disease,Context-dependent,SNOMED,Valid,Standard,472
40779218,LP15380-6,Ciprofloxacin,LOINC Component,LOINC,Valid,Non-standard,470
4179232,429000004,Family history of malignant neoplasm of pancreas,Context-dependent,SNOMED,Valid,Standard,469
4132309,26636000,Sudden death,Event,SNOMED,Valid,Standard,469
40484566,444000005,Short stature for age,Clinical Finding,SNOMED,Valid,Standard,469
4279699,367643001,Cyst,Morph Abnormality,SNOMED,Valid,Standard,468
4325372,430329007,Family history of celiac disease,Context-dependent,SNOMED,Valid,Standard,467
4294924,385736008,Dying care,Procedure,SNOMED,Valid,Standard,466
4121313,302768007,Employment finding,Clinical Finding,SNOMED,Valid,Standard,464
4140933,305877000,Seen by occupational health service,Clinical Finding,SNOMED,Valid,Standard,458
2414361,99080,"Special reports such as insurance forms, more than the information conveyed in the usual medical communications or standard reporting form",CPT4,CPT4,Valid,Standard,458
4163057,293586001,Allergy to aspirin,Clinical Finding,SNOMED,Valid,Non-standard,454
4053377,160314003,FH: Hypercholesterolemia,Context-dependent,SNOMED,Valid,Standard,453
4146976,35468003,Crushed in between objects,Event,SNOMED,Valid,Standard,452
40772730,LP17276-4,levoFLOXacin,LOINC Component,LOINC,Valid,Non-standard,448
4147001,35566002,Hematoma,Morph Abnormality,SNOMED,Valid,Standard,447
43530675,1431000119101,Exposure to tuberculosis,Event,SNOMED,Valid,Standard,445
36717636,717795009,Supervision of pregnancy with history of insufficient antenatal care,Procedure,SNOMED,Valid,Standard,445
4205255,309523001,Artificial lens present,Clinical Finding,SNOMED,Valid,Non-standard,442
3050122,49033-4,Menstrual History - Reported,Clinical Observation,LOINC,Valid,Standard,442
4311068,216390000,"Place of occurrence of accident or poisoning, public building",Location,SNOMED,Valid,Non-standard,441
40483101,442342003,Twin liveborn born in hospital by cesarean section,Context-dependent,SNOMED,Valid,Standard,441
42872380,1021000119106,Peripherally inserted central venous catheter in situ,Clinical Finding,SNOMED,Valid,Non-standard,440
764756,5940001000004108,Family history of inflammatory bowel disease,Context-dependent,SNOMED,Valid,Standard,439
439371,214288001,"Motor vehicle traffic accident involving collision, on highway, between motor vehicle and object thrown in front of motor vehicle, driver of motor vehicle injured",Event,SNOMED,Valid,Standard,438
4222559,41829006,Dietary finding,Clinical Finding,SNOMED,Valid,Standard,438
4309406,422868009,Unexplained weight loss,Clinical Finding,SNOMED,Valid,Standard,436
43020469,288231000119101,Cares for dependent relative at home,Clinical Finding,SNOMED,Valid,Standard,436
4296024,76799001,Family disruption due to divorce,Clinical Finding,SNOMED,Valid,Standard,436
40782765,LP18112-0,traMADol,LOINC Component,LOINC,Valid,Non-standard,436
437748,309535002,Industrial accident,Event,SNOMED,Valid,Standard,434
432532,418019003,Accidental event,Event,SNOMED,Valid,Standard,433
4215695,395125009,FH: Aortic aneurysm,Context-dependent,SNOMED,Valid,Standard,433
4203282,308502002,Hypertension monitoring status,Clinical Finding,SNOMED,Valid,Standard,433
4087240,243817005,Oral contraception status,Clinical Finding,SNOMED,Valid,Standard,433
4323504,428024001,Clinical trial participant,Social Context,SNOMED,Valid,Non-standard,430
4173786,424525001,Antenatal care,Procedure,SNOMED,Valid,Standard,429
4061946,170908004,Follow-up risk drug assessment,Procedure,SNOMED,Valid,Standard,429
4082089,183932001,Procedure contraindicated,Context-dependent,SNOMED,Valid,Standard,427
2618139,H0040,"Assertive community treatment program, per diem",HCPCS,HCPCS,Valid,Standard,426
4113006,284545001,Ability to perform activities of everyday life,Observable Entity,SNOMED,Valid,Standard,423
4053423,242091002,Motor vehicle on road in collision with motor cycle,Event,SNOMED,Valid,Standard,423
4306819,422801000,Scleroderma (fungus),Organism,SNOMED,Valid,Standard,422
4048476,232346004,Allergy to cat dander,Clinical Finding,SNOMED,Valid,Non-standard,419
2414352,99053,"Service(s) provided between 10:00 PM and 8:00 AM at 24-hour facility, in addition to basic service",CPT4,CPT4,Valid,Standard,419
433496,425980006,Unilateral sensory hearing loss,Context-dependent,SNOMED,Valid,Non-standard,416
440912,219036002,Adverse reaction to antiasthmatic,Disorder,SNOMED,Valid,Standard,415
4059988,169584000,Antenatal care: poor obstetric history,Context-dependent,SNOMED,Valid,Standard,411
440015,293354007,Iron adverse reaction,Disorder,SNOMED,Valid,Standard,410
4269577,365552003,Income details - finding,Clinical Finding,SNOMED,Valid,Standard,410
4076340,224363007,Employed,Clinical Finding,SNOMED,Valid,Standard,410
4345684,240301009,Breastfeeding problem in the newborn,Clinical Finding,SNOMED,Valid,Standard,409
4235700,406156006,In paid employment,Clinical Finding,SNOMED,Valid,Standard,407
36674577,782415009,Intolerance to lactose,Clinical Finding,SNOMED,Valid,Standard,407
37117072,11718821000119109,Family history of retinal detachment,Context-dependent,SNOMED,Valid,Standard,406
2618145,H0046,"Mental health services, not otherwise specified",HCPCS,HCPCS,Valid,Standard,406
4268158,62064005,"Mesothelioma, malignant",Morph Abnormality,SNOMED,Valid,Standard,405
43533218,G8998,"Swallowing functional limitation, discharge status, at discharge from therapy or to end reporting (Deprecated)",HCPCS,HCPCS,Valid,Standard,403
40479428,444453009,Exposure to varicella,Event,SNOMED,Valid,Standard,403
44782701,131601000119106,Drug coated stent in anterior descending branch of left coronary artery,Clinical Finding,SNOMED,Valid,Non-standard,402
4175353,425022003,Inadequate social support,Clinical Finding,SNOMED,Valid,Standard,402
4168140,48428001,Cardiovascular monitoring,Procedure,SNOMED,Valid,Standard,400
45763657,700102000,Suspected hereditary disease,Context-dependent,SNOMED,Valid,Standard,398
4052789,161152002,Social problem,Clinical Finding,SNOMED,Valid,Non-standard,398
4046034,133933007,Newborn,Social Context,SNOMED,Valid,Standard,398
432809,292314001,Antiepileptic adverse reaction,Disorder,SNOMED,Valid,Standard,397
4185782,414388001,Hematopoietic neoplasm,Morph Abnormality,SNOMED,Valid,Standard,397
4162908,293462000,Loop diuretic adverse reaction,Disorder,SNOMED,Valid,Standard,396
4019195,115329001,Methicillin resistant Staphylococcus aureus,Organism,SNOMED,Valid,Standard,396
4268236,365178001,Finding related to ability to perform personal care activity,Clinical Finding,SNOMED,Valid,Standard,394
4095832,292491009,Beta-adrenoceptor agonist adverse reaction,Disorder,SNOMED,Valid,Standard,394
4284244,67333007,Sarcoptes scabiei,Organism,SNOMED,Valid,Standard,391
4306703,38716007,Atherosclerosis,Morph Abnormality,SNOMED,Valid,Standard,388
35622230,763598005,Family history of intellectual disability,Context-dependent,SNOMED,Valid,Standard,386
4066105,21589007,"Ependymoma, anaplastic",Morph Abnormality,SNOMED,Valid,Standard,384
4019953,105455006,Donor for medical or surgical procedure,Social Context,SNOMED,Valid,Non-standard,384
4051576,160381001,FH: Gastrointestinal disease,Context-dependent,SNOMED,Valid,Standard,383
40481988,445030005,Blastic plasmacytoid dendritic cell neoplasm,Morph Abnormality,SNOMED,Valid,Standard,383
44793477,384541000000102,Antenatal screening status,Clinical Finding,SNOMED,Valid,Standard,381
43533316,G8984,"Carrying, moving & handling objects functional limitation, current status, at therapy episode outset and at reporting intervals (Deprecated)",HCPCS,HCPCS,Valid,Standard,380
4315372,218058005,Accident caused by glass edge,Event,SNOMED,Valid,Standard,380
4101235,2785000,Enterococcus,Organism,SNOMED,Valid,Standard,380
4307013,3875003,Tophus,Morph Abnormality,SNOMED,Valid,Standard,378
4317416,9482002,Human papillomavirus,Organism,SNOMED,Valid,Standard,374
44787240,LP171386-8,Atorvastatin,LOINC Component,LOINC,Valid,Non-standard,372
40795863,LP16306-0,Vancomycin,LOINC Component,LOINC,Valid,Non-standard,371
4058255,161155000,School problem,Clinical Finding,SNOMED,Valid,Non-standard,369
35622840,765060000,Ketogenic diet,Procedure,SNOMED,Valid,Standard,369
3661813,871529001,Adverse reaction to hormone,Disorder,SNOMED,Valid,Standard,368
4299470,385627004,Cellulitis,Morph Abnormality,SNOMED,Valid,Standard,366
4332372,430102007,Family history of aneurysm of artery,Context-dependent,SNOMED,Valid,Standard,365
37116828,733832005,Isocitrate dehydrogenase mutant anaplastic astrocytoma,Morph Abnormality,SNOMED,Valid,Standard,365
4116200,302840001,Giant cell sarcoma,Morph Abnormality,SNOMED,Valid,Standard,364
434046,194428008,Unilateral mixed conductive and sensorineural hearing loss with unrestricted hearing on the contralateral side,Context-dependent,SNOMED,Valid,Non-standard,363
4310647,217090002,Fall from stairs,Event,SNOMED,Valid,Standard,361
441769,292994007,Cephalosporin adverse reaction,Disorder,SNOMED,Valid,Standard,359
42539721,737542000,Trisomy 21,Morph Abnormality,SNOMED,Valid,Standard,358
439228,293032001,Sulfonamide adverse reaction,Disorder,SNOMED,Valid,Standard,357
4311077,216422004,"Place of occurrence of accident or poisoning, residential institution",Location,SNOMED,Valid,Non-standard,357
4264204,47284001,Aggressive fibromatosis,Morph Abnormality,SNOMED,Valid,Standard,355
4216245,72079004,Dermatofibroma,Morph Abnormality,SNOMED,Valid,Non-standard,351
40482735,442311008,Liveborn born in hospital,Context-dependent,SNOMED,Valid,Standard,351
4032376,108305003,Physical rehabilitation therapy procedure,Procedure,SNOMED,Valid,Standard,351
436320,217839002,Accidentally struck by falling object,Event,SNOMED,Valid,Standard,350
4273155,365510008,Temporary shelter arrangements - finding,Clinical Finding,SNOMED,Valid,Standard,349
4087070,243865006,Allergic disorder monitoring status,Clinical Finding,SNOMED,Valid,Standard,349
606633,1145403003,Macrocephaly,Clinical Finding,SNOMED,Valid,Standard,348
4304360,103695000,Preparation of medical certificate,Procedure,SNOMED,Valid,Standard,347
4053721,242060008,Adverse reaction to antipyretic,Disorder,SNOMED,Valid,Standard,346
4189603,373664004,Picky eater,Clinical Finding,SNOMED,Valid,Standard,345
4309092,422526001,Environment contains chemical hazards,Clinical Finding,SNOMED,Valid,Standard,344
42538920,762908000,Right renal agenesis,Disorder,SNOMED,Valid,Standard,344
4202023,308277006,Admission statuses,Clinical Finding,SNOMED,Valid,Standard,344
261047,195842003,Unilateral partial vocal cord paralysis,Context-dependent,SNOMED,Valid,Non-standard,344
4216797,395683001,Born by normal vaginal delivery,Context-dependent,SNOMED,Valid,Standard,342
4094653,26065007,Skin aging,Observable Entity,SNOMED,Valid,Standard,342
4059786,161138004,Literacy problems,Clinical Finding,SNOMED,Valid,Standard,340
40490404,446994009,Adverse reaction to biological substance,Disorder,SNOMED,Valid,Standard,339
444128,122866006,Exposure to ionizing radiation,Event,SNOMED,Valid,Standard,338
4017160,170540006,Requires typhoid vaccination,Clinical Finding,SNOMED,Valid,Standard,335
4308510,390952000,Allergy to dust,Clinical Finding,SNOMED,Valid,Non-standard,334
4145796,266907002,FH: Musculoskeletal disease,Context-dependent,SNOMED,Valid,Standard,334
40772639,LP16165-0,Ibuprofen,LOINC Component,LOINC,Valid,Non-standard,334
4307028,390915000,FH: Cardiomyopathy,Context-dependent,SNOMED,Valid,Standard,332
4082383,182833002,Medication given,Context-dependent,SNOMED,Valid,Non-standard,332
441201,14047009,Fall from building,Event,SNOMED,Valid,Standard,327
4225568,84664004,"Hemangiopericytoma, malignant",Morph Abnormality,SNOMED,Valid,Non-standard,327
4221403,82711006,Infiltrating duct carcinoma,Morph Abnormality,SNOMED,Valid,Standard,327
4064704,19965007,Human herpes simplex virus,Organism,SNOMED,Valid,Standard,327
2108552,4046F,Documentation that prophylactic antibiotics were given within 4 hours prior to surgical incision or given intraoperatively (PERI 2),CPT4,CPT4,Valid,Non-standard,327
4166443,275134007,FH: Arthritis,Context-dependent,SNOMED,Valid,Standard,326
40481167,444887005,Inadequate flow to support prescribed dialysis blood flow,Clinical Finding,SNOMED,Valid,Standard,326
4329840,22268004,Legal problem,Clinical Finding,SNOMED,Valid,Standard,324
4086352,248134002,Aversion to food or drink,Clinical Finding,SNOMED,Valid,Standard,324
40479849,444557007,Sexual abuse of adult,Event,SNOMED,Valid,Standard,324
4164683,293601001,Allergy to morphine,Clinical Finding,SNOMED,Valid,Non-standard,322
2617844,G8445,"No prescriptions were generated during the encounter, provider does have access to a qualified e-prescribing system (Deprecated)",HCPCS,HCPCS,Valid,Standard,322
43020416,105661000119103,Problem with aged spouse or partner,Clinical Finding,SNOMED,Valid,Standard,321
4311377,217158009,Fall on moving sidewalk,Event,SNOMED,Valid,Standard,320
4238738,91251008,Physical therapy procedure,Procedure,SNOMED,Valid,Standard,320
37395570,13221000122100,Allergy to atorvastatin,Clinical Finding,SNOMED,Valid,Non-standard,320
2108547,4041F,Documentation of order for cefazolin OR cefuroxime for antimicrobial prophylaxis (PERI 2),CPT4,CPT4,Valid,Non-standard,320
43530891,609425002,Suspected fetal damage from maternal drug use,Context-dependent,SNOMED,Valid,Standard,319
4163959,4553004,Subependymal glioma,Morph Abnormality,SNOMED,Valid,Standard,319
44782792,69031000119105,Biventricular cardiac pacemaker present,Clinical Finding,SNOMED,Valid,Non-standard,317
4135415,412750001,Family history of autism,Context-dependent,SNOMED,Valid,Standard,317
4103543,28899001,Squamous cell carcinoma,Morph Abnormality,SNOMED,Valid,Non-standard,317
4029437,237679004,Status post,Qualifier Value,SNOMED,Valid,Standard,317
443351,293104008,Vaccine adverse reaction,Disorder,SNOMED,Valid,Standard,316
43533326,G8985,"Carrying, moving and handling objects, projected goal status, at therapy episode outset, at reporting intervals, and at discharge or to end reporting (Deprecated)",HCPCS,HCPCS,Valid,Standard,316
443340,292371003,Neuroleptic adverse reaction,Disorder,SNOMED,Valid,Standard,314
40782574,LP15264-2,Cephalexin,LOINC Component,LOINC,Valid,Non-standard,314
440925,44301001,Suicide,Event,SNOMED,Valid,Standard,312
4168046,418161006,Vehicle accident,Event,SNOMED,Valid,Standard,311
440910,292826004,Antiviral drug adverse reaction,Disorder,SNOMED,Valid,Standard,310
438639,292275009,Antidepressant drug adverse reaction,Disorder,SNOMED,Valid,Standard,309
4302293,78195007,Occlusive thrombus,Morph Abnormality,SNOMED,Valid,Standard,309
4253306,407624006,Suspected neurological disease,Context-dependent,SNOMED,Valid,Standard,309
4318509,217719006,Cat scratch,Event,SNOMED,Valid,Standard,307
4236145,407479009,Influenza A virus,Organism,SNOMED,Valid,Standard,306
4147383,30289006,Endometrioid carcinoma,Morph Abnormality,SNOMED,Valid,Standard,305
4174980,48554007,Enterochromaffin cell neuroendocrine tumor,Morph Abnormality,SNOMED,Valid,Standard,302
764555,456551000124102,Family history of fibromyalgia,Context-dependent,SNOMED,Valid,Standard,301
4236512,90619006,Fall in bathtub,Event,SNOMED,Valid,Standard,301
40481865,443454007,Family history of familial hypercholesterolemia,Context-dependent,SNOMED,Valid,Standard,300
42709970,449842009,Nasogastric tube in situ,Clinical Finding,SNOMED,Valid,Non-standard,298
40779197,LP15115-6,Erythromycin,LOINC Component,LOINC,Valid,Non-standard,298
4019958,105480006,Refusal of treatment by patient,Context-dependent,SNOMED,Valid,Non-standard,298
4332641,430337004,Family history of sleep apnea,Context-dependent,SNOMED,Valid,Standard,297
2108550,4044F,Documentation that an order was given for venous thromboembolism (VTE) prophylaxis to be given within 24 hours prior to incision time or 24 hours after surgery end time (PERI 2),CPT4,CPT4,Valid,Standard,297
4168648,418060005,Running,Observable Entity,SNOMED,Valid,Standard,296
434549,242419006,Fall from toilet seat,Event,SNOMED,Valid,Standard,295
439983,302974001,Accident involving off-road land motor vehicle,Event,SNOMED,Valid,Standard,294
4071676,21964009,Malignant lymphoma,Morph Abnormality,SNOMED,Valid,Non-standard,294
4088037,243881001,Special examination status,Clinical Finding,SNOMED,Valid,Standard,292
40484130,443938003,Procedure carried out on subject,Context-dependent,SNOMED,Valid,Non-standard,291
4307599,38785003,Air leakage,Morph Abnormality,SNOMED,Valid,Standard,290
2108553,4047F,"Documentation of order for prophylactic parenteral antibiotics to be given within 1 hour (if fluoroquinolone or vancomycin, 2 hours) prior to surgical incision (or start of procedure when no incision is required) (PERI 2)",CPT4,CPT4,Valid,Non-standard,289
4173498,275120007,Family history of cardiac disorder,Context-dependent,SNOMED,Valid,Standard,288
4023153,105448009,Sickness in the family,Clinical Finding,SNOMED,Valid,Standard,288
4016911,170545001,Requires a yellow fever vaccination,Clinical Finding,SNOMED,Valid,Standard,288
4321133,9801004,Spindle cell sarcoma,Morph Abnormality,SNOMED,Valid,Standard,287
4060239,169576004,Antenatal care: multip,Procedure,SNOMED,Valid,Standard,287
4019961,105485001,Family tension,Clinical Finding,SNOMED,Valid,Standard,283
4312974,216429008,"Place of occurrence of accident or poisoning, prison",Location,SNOMED,Valid,Non-standard,282
4169010,275108004,FH: Stomach cancer,Context-dependent,SNOMED,Valid,Standard,282
4319257,22217002,Mixed glioma,Morph Abnormality,SNOMED,Valid,Standard,281
4099072,253071005,Mixed oligoastrocytoma,Morph Abnormality,SNOMED,Valid,Standard,280
37019855,92553-7,Airway clearance technique plan to perform [Identifier],Clinical Observation,LOINC,Valid,Standard,280
2108782,4250F,"Active warming used intraoperatively for the purpose of maintaining normothermia, or at least 1 body temperature equal to or greater than 36 degrees Centigrade (or 96.8 degrees Fahrenheit) recorded within the 30 minutes immediately before or the 1...",CPT4,CPT4,Valid,Standard,278
432537,219199009,Assault by handgun,Event,SNOMED,Valid,Standard,276
40756989,4255F,"Duration of general or neuraxial anesthesia 60 minutes or longer, as documented in the anesthesia record (CRIT) (Peri2)",CPT4,CPT4,Valid,Standard,276
40479434,444459008,Exposure to Rabies virus,Event,SNOMED,Valid,Standard,276
40789374,LP17989-2,Gabapentin,LOINC Component,LOINC,Valid,Non-standard,275
4340252,235719002,Intolerance to food,Clinical Finding,SNOMED,Valid,Standard,274
37109048,16234971000119108,Long-term current use of diuretic,Context-dependent,SNOMED,Valid,Standard,274
4017170,170577003,Good hypertension control,Clinical Finding,SNOMED,Valid,Standard,273
439605,217534003,Ignition of highly inflammable material,Event,SNOMED,Valid,Standard,271
435713,274215009,Transport accident,Event,SNOMED,Valid,Standard,269
37119307,129231000119103,Exposure to potentially hazardous chemical,Event,SNOMED,Valid,Standard,269
3015701,11368-8,Illness or injury onset date and time,Clinical Observation,LOINC,Valid,Standard,269
439657,171259000,Not up to date with immunizations,Clinical Finding,SNOMED,Valid,Standard,268
1340218,OMOP5165873,History of event within 1 year,Context-dependent,OMOP Extension,Valid,Standard,268
36713467,717805009,Singleton liveborn unspecified as to place of birth,Context-dependent,SNOMED,Valid,Standard,267
4165467,293619005,Allergy to ibuprofen,Clinical Finding,SNOMED,Valid,Non-standard,266
40782581,LP15427-5,Clindamycin,LOINC Component,LOINC,Valid,Non-standard,266
3518653,372786004,Clindamycin,Substance,Nebraska Lexicon,Valid,Non-standard,266
4084913,281399006,Did not attend,Clinical Finding,SNOMED,Valid,Non-standard,264
4074458,224496005,Caregiver not readily available,Clinical Finding,SNOMED,Valid,Standard,264
4054238,242648008,Bite of Hemiptera species,Event,SNOMED,Valid,Standard,262
4061945,170901005,Ostomy patient problem,Clinical Finding,SNOMED,Valid,Standard,261
4053375,160302006,FH: Thyroid disorder,Context-dependent,SNOMED,Valid,Standard,261
439391,371778002,Physical abuse of adult,Event,SNOMED,Valid,Standard,259
4313576,86217007,Avascular necrosis,Morph Abnormality,SNOMED,Valid,Standard,259
4312146,425183007,No one at home to receive patient,Clinical Finding,SNOMED,Valid,Standard,259
2617843,G8443,All prescriptions created during the encounter were generated using a qualified e-prescribing system (Deprecated),HCPCS,HCPCS,Valid,Standard,259
4295015,401119001,Family history of hemochromatosis,Context-dependent,SNOMED,Valid,Standard,256
4281837,67087007,Dry gangrene,Morph Abnormality,SNOMED,Valid,Standard,256
42709968,449840001,Cochlear prosthesis in situ,Clinical Finding,SNOMED,Valid,Non-standard,256
44787424,LP28516-0,amLODIPine,LOINC Component,LOINC,Valid,Non-standard,255
4311442,424423005,Language barrier impedes ability to use community resources,Clinical Finding,SNOMED,Valid,Standard,255
4051256,160433007,Family history with explicit context pertaining to father,Context-dependent,SNOMED,Valid,Standard,255
37397195,717252006,Colostomy care,Procedure,SNOMED,Valid,Standard,255
765265,15929301000119104,Problem related to living in residential institution,Clinical Finding,SNOMED,Valid,Standard,254
4307211,83208000,Exposure to mechanical force,Event,SNOMED,Valid,Standard,254
4290926,70555003,"Endometrial stromal sarcoma, high grade",Morph Abnormality,SNOMED,Valid,Standard,252
4202374,53654007,Fibrosarcoma,Morph Abnormality,SNOMED,Valid,Standard,251
36675021,771258003,Bite of tick,Event,SNOMED,Valid,Standard,251
4324464,429958001,Family history of conduction disorder of the heart,Context-dependent,SNOMED,Valid,Standard,250
4060361,16973004,Limping,Clinical Finding,SNOMED,Valid,Standard,250
4128935,260994008,Bipolar,Qualifier Value,SNOMED,Valid,Standard,247
4079757,182991002,Treatment given,Context-dependent,SNOMED,Valid,Non-standard,247
436868,217905000,Accidentally caught in or between objects,Event,SNOMED,Valid,Standard,246
4262315,397839006,Equipment malfunction,Clinical Finding,SNOMED,Valid,Standard,246
4243486,59091005,Open wound,Morph Abnormality,SNOMED,Valid,Standard,246
40484904,442728009,Non-celiac gluten sensitivity,Clinical Finding,SNOMED,Valid,Standard,246
44782699,131581000119102,Drug coated stent in circumflex branch of left coronary artery,Clinical Finding,SNOMED,Valid,Non-standard,245
4126323,304250009,Immunization status,Clinical Finding,SNOMED,Valid,Standard,245
4053868,242410005,Fall from roof,Event,SNOMED,Valid,Standard,245
444046,40537000,Exposure to cold,Event,SNOMED,Valid,Standard,244
4157460,372158004,"Malignant melanoma, metastatic",Morph Abnormality,SNOMED,Valid,Standard,244
4079835,276445008,Antenatal risk factors,Context-dependent,SNOMED,Valid,Standard,244
45771052,708129006,Transfusion of blood product declined for religious reason,Context-dependent,SNOMED,Valid,Standard,243
4239133,57500000,Giant cell tumor of bone,Morph Abnormality,SNOMED,Valid,Standard,242
436618,218696007,Adverse reaction to central nervous system muscle-tone depressants,Disorder,SNOMED,Valid,Standard,241
4052921,160475008,Family history of consanguinity,Context-dependent,SNOMED,Valid,Standard,241
46271784,710034000,Exposure to Influenzavirus,Event,SNOMED,Valid,Standard,240
442289,53559009,Death in less than 24 hours from onset of symptoms,Event,SNOMED,Valid,Standard,239
4233836,89880005,"Ganglioglioma, no ICD-O subtype",Morph Abnormality,SNOMED,Valid,Non-standard,238
4231842,405651005,Equipment problem,Clinical Finding,SNOMED,Valid,Standard,238
4168026,419271008,Allergy to dog dander,Clinical Finding,SNOMED,Valid,Non-standard,238
4150051,31113003,Diverticulum,Morph Abnormality,SNOMED,Valid,Standard,238
4054081,242374007,Accidental exposure to metallic lead,Event,SNOMED,Valid,Standard,238
927170,96130,"Psychological testing evaluation services by physician or other qualified health care professional, including integration of patient data, interpretation of standardized test results and clinical data, clinical decision making, treatment planning ...",CPT4,CPT4,Valid,Standard,237
435151,371779005,Physical child abuse,Event,SNOMED,Valid,Standard,237
4071864,206568009,Difficulty in feeding at breast,Clinical Finding,SNOMED,Valid,Standard,237
433952,292800009,Antifungal drug adverse reaction,Disorder,SNOMED,Valid,Standard,236
4220022,398033008,Death of relative,Event,SNOMED,Valid,Standard,236
4089050,185389009,Follow-up visit,Procedure,SNOMED,Valid,Standard,236
4047392,133906008,Postpartum care,Procedure,SNOMED,Valid,Standard,236
4024874,10639003,Plasmacytoma,Morph Abnormality,SNOMED,Valid,Non-standard,236
442451,214206004,Motor vehicle on road in collision with pedestrian,Event,SNOMED,Valid,Standard,235
40792490,LP16162-7,HYDROmorphone,LOINC Component,LOINC,Valid,Non-standard,235
434829,218326006,Adverse reaction to antineoplastic antibiotics,Disorder,SNOMED,Valid,Standard,234
4050793,160279000,Family history of infectious disease,Context-dependent,SNOMED,Valid,Standard,234
4230331,88998003,Osteophyte,Morph Abnormality,SNOMED,Valid,Standard,233
4204347,309257005,Excessive weight loss,Clinical Finding,SNOMED,Valid,Standard,232
4167632,293451000,Amiodarone adverse reaction,Disorder,SNOMED,Valid,Standard,232
40772632,LP16090-0,Azithromycin,LOINC Component,LOINC,Valid,Non-standard,232
4050742,23382007,Stress fracture,Morph Abnormality,SNOMED,Valid,Standard,232
37018631,85151000119101,Accident due to mechanical fall without injury,Event,SNOMED,Valid,Standard,232
4311087,85583005,Pheochromocytoma,Morph Abnormality,SNOMED,Valid,Standard,231
4302038,78838008,Pleomorphic xanthoastrocytoma,Morph Abnormality,SNOMED,Valid,Standard,231
4200657,302117003,Finding of musculoskeletal device,Clinical Finding,SNOMED,Valid,Standard,231
4157446,372089002,Unable to comply with treatment,Clinical Finding,SNOMED,Valid,Standard,231
40789151,LP14712-1,Acetaminophen,LOINC Component,LOINC,Valid,Non-standard,230
40484646,444071008,Exposure to organism,Event,SNOMED,Valid,Standard,230
37117779,733842007,Isocitrate dehydrogenase mutant diffuse astrocytoma,Morph Abnormality,SNOMED,Valid,Standard,230
4028246,128306009,Cataract,Morph Abnormality,SNOMED,Valid,Non-standard,229
2106805,3260F,"PT category (primary tumor), pN category (regional lymph nodes), and histologic grade documented in pathology report (PATH)",CPT4,CPT4,Valid,Non-standard,229
4303944,418611001,Exposure to heat,Event,SNOMED,Valid,Standard,228
4019973,105526001,Homeless family,Clinical Finding,SNOMED,Valid,Standard,226
438614,91934008,Allergy to nut,Clinical Finding,SNOMED,Valid,Non-standard,225
4143827,426977000,Recent weight loss,Clinical Finding,SNOMED,Valid,Standard,225
4074313,224994002,Excessive weight gain,Clinical Finding,SNOMED,Valid,Standard,224
4282391,3677008,Academic problem,Clinical Finding,SNOMED,Valid,Standard,222
4315363,218034006,"Accidents caused by knives, swords and daggers",Event,SNOMED,Valid,Standard,221
4111608,181833004,Normal fetal growth,Clinical Finding,SNOMED,Valid,Standard,221
4030752,129674006,Asphyxiation by hanging,Event,SNOMED,Valid,Standard,221
4314991,216339001,"Place of occurrence of accident or poisoning, industrial place and premises",Location,SNOMED,Valid,Non-standard,220
4312979,216445005,"Place of occurrence of accident or poisoning, parking lot",Location,SNOMED,Valid,Non-standard,220
4290983,400168005,Abrasion and/or friction burn,Morph Abnormality,SNOMED,Valid,Standard,220
4198427,314940005,Suspected UTI (urinary tract infection),Context-dependent,SNOMED,Valid,Standard,219
4165000,294532003,Allergy to cephalosporin,Clinical Finding,SNOMED,Valid,Standard,219
4158188,271609003,Prosthetic eye in situ,Clinical Finding,SNOMED,Valid,Non-standard,219
4148626,30699005,Carotid body tumor,Morph Abnormality,SNOMED,Valid,Standard,219
4010980,102622004,Regurgitation of food,Clinical Finding,SNOMED,Valid,Standard,219
4213728,80593000,Ingestion of foreign material,Clinical Finding,SNOMED,Valid,Standard,218
4053383,160347007,FH: Glaucoma,Context-dependent,SNOMED,Valid,Standard,218
4029522,128735004,Desmoplastic small round cell tumor,Morph Abnormality,SNOMED,Valid,Standard,218
4217622,81935006,Family conflict,Clinical Finding,SNOMED,Valid,Standard,217
4211957,416730002,Human metapneumovirus,Organism,SNOMED,Valid,Standard,216
4306168,419406002,Pharmaceutical fluid or solution adverse reaction,Disorder,SNOMED,Valid,Standard,215
4097802,292671009,Drug for the treatment of gout adverse reaction,Disorder,SNOMED,Valid,Non-standard,215
42539768,740604001,Family member deceased,Context-dependent,SNOMED,Valid,Standard,214
4029656,128792003,Atypical teratoid/rhabdoid tumor,Morph Abnormality,SNOMED,Valid,Standard,214
3661841,871702008,Adverse reaction to hydantoin and/or hydantoin derivative,Disorder,SNOMED,Valid,Standard,214
4273171,365565007,Legal affairs and legal constraints - finding,Clinical Finding,SNOMED,Valid,Standard,213
4114936,300648001,Does ride a bicycle,Clinical Finding,SNOMED,Valid,Standard,212
4224505,84999002,Bowen's disease,Morph Abnormality,SNOMED,Valid,Standard,211
4015929,170537006,Requires a tetanus booster,Clinical Finding,SNOMED,Valid,Standard,211
35624562,767376003,Lentigo,Morph Abnormality,SNOMED,Valid,Standard,211
765522,3530001000004109,Family history of allergic rhinitis,Context-dependent,SNOMED,Valid,Standard,210
4265446,397597001,Finding related to care delivery,Clinical Finding,SNOMED,Valid,Standard,210
46272991,711456004,Fetal exposure to drug,Context-dependent,SNOMED,Valid,Standard,209
4353832,251030009,Coronary stent stenosis,Clinical Finding,SNOMED,Valid,Standard,209
4171315,294487000,Allergy to ciprofloxacin,Clinical Finding,SNOMED,Valid,Non-standard,209
44784541,698707001,Adverse reaction to coronary vasodilator,Disorder,SNOMED,Valid,Standard,208
433390,292255000,Immunosuppressant adverse reaction,Disorder,SNOMED,Valid,Standard,208
4150814,31396002,Goblet cell adenocarcinoma,Morph Abnormality,SNOMED,Valid,Standard,206
4060186,161732006,Gravida,Observable Entity,SNOMED,Valid,Standard,206
40479786,444486008,Exposure to Hepatitis B virus,Event,SNOMED,Valid,Standard,206
2108549,4043F,"Documentation that an order was given to discontinue prophylactic antibiotics within 48 hours of surgical end time, cardiac procedures (PERI 2)",CPT4,CPT4,Valid,Non-standard,206
761168,15635611000119108,Suspected glaucoma of right eye,Context-dependent,SNOMED,Valid,Standard,205
44782697,131551000119109,Drug coated stent in branch of right coronary artery,Clinical Finding,SNOMED,Valid,Non-standard,205
4020024,212979001,Suffocation by mechanical cause,Event,SNOMED,Valid,Standard,205
43530677,1441000119105,Exposure to streptococcal pharyngitis,Event,SNOMED,Valid,Standard,204
4326813,430814002,Family history of neuropathy,Context-dependent,SNOMED,Valid,Standard,204
4215906,81201000,Hemangioblastoma,Morph Abnormality,SNOMED,Valid,Standard,204
4021158,225316001,Bedrest,Procedure,SNOMED,Valid,Standard,204
4168722,294475007,Allergy to vancomycin,Clinical Finding,SNOMED,Valid,Non-standard,203
4137049,413298002,Disability affecting daily living,Clinical Finding,SNOMED,Valid,Standard,203
4125384,260152009,Cat dander,Substance,SNOMED,Valid,Standard,406
40785766,LP13936-7,Cat dander,LOINC Component,LOINC,Valid,Non-standard,203
443354,293059009,Antiprotozoal drug adverse reaction,Disorder,SNOMED,Valid,Standard,202
710056,99421,"Online digital evaluation and management service, for an established patient, for up to 7 days, cumulative time during the 7 days; 5-10 minutes",CPT4,CPT4,Valid,Standard,201
4044709,129002005,Bathing,Observable Entity,SNOMED,Valid,Standard,201
4235695,406138006,Domestic abuse of adult,Event,SNOMED,Valid,Standard,200
4059637,160909006,Work environment deleterious,Clinical Finding,SNOMED,Valid,Standard,200
4052460,160592001,Alcohol intake above recommended sensible limits,Clinical Finding,SNOMED,Valid,Standard,200
40482021,445060000,Left against medical advice,Clinical Finding,SNOMED,Valid,Standard,199
761167,15635571000119104,Suspected glaucoma of left eye,Context-dependent,SNOMED,Valid,Standard,198
4253008,409774005,Inflammatory morphology,Morph Abnormality,SNOMED,Valid,Standard,198
4165001,294535001,Allergy to cephalexin,Clinical Finding,SNOMED,Valid,Non-standard,198
4056965,182884001,Drug compliance good,Clinical Finding,SNOMED,Valid,Standard,197
4167767,293515005,Cardiac inotropic agent adverse reaction,Disorder,SNOMED,Valid,Standard,195
40796088,LP30698-2,Egg,LOINC Component,LOINC,Valid,Non-standard,195
1030104,LP7192-0,Egg,LOINC System,LOINC,Valid,Non-standard,195
43533233,G9171,"Voice functional limitation, current status at therapy episode outset and at reporting intervals (Deprecated)",HCPCS,HCPCS,Valid,Standard,193
43533284,G8988,"Self care functional limitation, projected goal status, at therapy episode outset, at reporting intervals, and at discharge or to end reporting (Deprecated)",HCPCS,HCPCS,Valid,Standard,192
4264260,364197005,Pattern of urination,Observable Entity,SNOMED,Valid,Standard,192
4202172,308409008,Child hearing screening failure,Clinical Finding,SNOMED,Valid,Standard,192
4066162,17328006,Flow of urine,Observable Entity,SNOMED,Valid,Standard,192
4170491,294913003,Allergy to iodine compound,Clinical Finding,SNOMED,Valid,Non-standard,191
40483850,445528004,Treatment changed,Context-dependent,SNOMED,Valid,Standard,191
443882,15355001,Unattended death,Event,SNOMED,Valid,Standard,190
4184763,55937004,Neuroendocrine tumor,Morph Abnormality,SNOMED,Valid,Non-standard,190
4097324,25169009,"Neuroma, no ICD-O subtype",Morph Abnormality,SNOMED,Valid,Non-standard,190
441139,50514002,Instantaneous death,Event,SNOMED,Valid,Standard,189
4331440,22725004,High-grade squamous intraepithelial lesion,Morph Abnormality,SNOMED,Valid,Standard,189
4251913,410428008,Very low level of personal hygiene,Clinical Finding,SNOMED,Valid,Standard,189
44787139,LP33332-5,metFORMIN,LOINC Component,LOINC,Valid,Non-standard,188
42538933,762952008,Peanut,Substance,SNOMED,Valid,Standard,188
40795833,LP15998-5,Heparin,LOINC Component,LOINC,Valid,Non-standard,188
40782645,LP16184-1,Meperidine,LOINC Component,LOINC,Valid,Non-standard,188
3285389,372567009,Metformin,Substance,Nebraska Lexicon,Valid,Non-standard,188
439987,218130004,"Accident caused by hot liquid and vapor, including steam",Event,SNOMED,Valid,Standard,187
4240646,91931000,Allergy to erythromycin,Clinical Finding,SNOMED,Valid,Non-standard,187
4312965,216388001,"Place of occurrence of accident or poisoning, highway",Location,SNOMED,Valid,Non-standard,186
4268554,365476009,Type of upbringing - finding,Clinical Finding,SNOMED,Valid,Standard,186
40795844,LP16161-9,HYDROcodone,LOINC Component,LOINC,Valid,Non-standard,186
37206934,787603009,Complete paralysis of left vocal cord,Disorder,SNOMED,Valid,Standard,186
261599,302912005,Vocal cord paralysis,Disorder,SNOMED,Valid,Standard,186
4309352,84427001,Mullerian mixed tumor,Morph Abnormality,SNOMED,Valid,Non-standard,185
42538416,761960006,Orthopedic hardware in situ,Clinical Finding,SNOMED,Valid,Non-standard,185
40789168,LP14992-9,Doxycycline,LOINC Component,LOINC,Valid,Non-standard,185
4031370,129844000,Alteration in nutrition,Clinical Finding,SNOMED,Valid,Standard,184
4010094,112641009,Telangiectasis,Morph Abnormality,SNOMED,Valid,Standard,184
4212379,57596004,Oxyphilic adenocarcinoma,Morph Abnormality,SNOMED,Valid,Standard,183
4148390,35933005,Laceration,Morph Abnormality,SNOMED,Valid,Standard,183
3035013,8826-0,Pulmonary vascular Resistance by Fick method,Clinical Observation,LOINC,Valid,Standard,183
4180595,429637009,Family history of malignant neoplasm of uterus,Context-dependent,SNOMED,Valid,Standard,182
40758873,55752-0,Clinical information,Clinical Observation,LOINC,Valid,Standard,182
4310065,216419001,"Place of occurrence of accident or poisoning, store",Location,SNOMED,Valid,Non-standard,181
4145527,427589004,Complicated grieving,Clinical Finding,SNOMED,Valid,Standard,181
4095977,292675000,Uricosuric agent adverse reaction,Disorder,SNOMED,Valid,Standard,181
4269581,365574009,Life event finding,Clinical Finding,SNOMED,Valid,Standard,180
43533198,G9172,"Voice functional limitation, projected goal status at therapy episode outset, at reporting intervals, and at discharge or to end reporting (Deprecated)",HCPCS,HCPCS,Valid,Standard,179
4292063,400978007,Drug compliance poor,Clinical Finding,SNOMED,Valid,Standard,176
4247921,72495009,Mucinous adenocarcinoma,Morph Abnormality,SNOMED,Valid,Standard,176
4152355,271872005,Old age,Qualifier Value,SNOMED,Valid,Standard,176
4340511,236021006,Right inguinal hernia,Disorder,SNOMED,Valid,Standard,175
4010813,102407002,Tobacco smoke,Substance,SNOMED,Valid,Standard,175
4312846,216355008,"Place of occurrence of accident or poisoning, place for recreation and sport",Location,SNOMED,Valid,Non-standard,174
4307834,422759001,Pre-procedure evaluation check,Procedure,SNOMED,Valid,Standard,174
4166877,417992006,Sebaceous cyst,Morph Abnormality,SNOMED,Valid,Standard,174
40795956,LP18109-6,predniSONE,LOINC Component,LOINC,Valid,Non-standard,174
3518842,116602009,Prednisone,Substance,Nebraska Lexicon,Valid,Non-standard,174
4112479,285592006,Personal care activity,Observable Entity,SNOMED,Valid,Standard,173
4163801,294002003,Allergy to amlodipine,Clinical Finding,SNOMED,Valid,Non-standard,172
4113027,284648005,Dietary intake finding,Clinical Finding,SNOMED,Valid,Standard,172
4060097,169589005,Antenatal care: history of infertility,Context-dependent,SNOMED,Valid,Standard,172
435997,217849004,Accidentally struck by or against person or object in sports,Event,SNOMED,Valid,Standard,171
4270276,36440009,Failure to gain weight,Clinical Finding,SNOMED,Valid,Standard,171
42538717,762491008,Underweight in childhood,Clinical Finding,SNOMED,Valid,Standard,171
4168112,295358007,Callous ulcer,Morph Abnormality,SNOMED,Valid,Standard,171
4106985,25731005,Basketball,Qualifier Value,SNOMED,Valid,Standard,171
4289992,37206003,"Synovial sarcoma, spindle cell",Morph Abnormality,SNOMED,Valid,Standard,170
4237898,58503001,"Mycobacterium, avium-intracellulare group",Organism,SNOMED,Valid,Standard,170
4135215,31470003,Adenosarcoma,Morph Abnormality,SNOMED,Valid,Standard,170
4086392,282016009,2 part fracture,Morph Abnormality,SNOMED,Valid,Standard,170
4306002,418930003,Epidermal inclusion cyst,Morph Abnormality,SNOMED,Valid,Standard,167
4248366,407359000,Norovirus,Organism,SNOMED,Valid,Standard,167
4179235,429011007,Family history of malignant neoplasm of lung,Context-dependent,SNOMED,Valid,Standard,167
4224654,84489001,Mold,Organism,SNOMED,Valid,Standard,332
1618899,LP428280-4,Mold,LOINC Component,LOINC,Valid,Non-standard,166
443448,408672009,Adverse reaction to viral vaccine,Disorder,SNOMED,Valid,Standard,165
4296894,76197007,Hyperplasia,Morph Abnormality,SNOMED,Valid,Standard,165
4053385,160362009,FH: Atherosclerosis,Context-dependent,SNOMED,Valid,Standard,165
40479856,444563003,Exposure to Hepatitis C virus,Event,SNOMED,Valid,Standard,165
40772650,LP16237-7,Penicillin G,LOINC Component,LOINC,Valid,Non-standard,164
436594,292847000,Antimalarial drug adverse reaction,Disorder,SNOMED,Valid,Standard,162
4166675,45361006,Imprisonment,Clinical Finding,SNOMED,Valid,Standard,162
2213598,90989,"Dialysis training, patient, including helper where applicable, any mode, completed course",CPT4,CPT4,Valid,Standard,162
438931,217835008,Foreign body accidentally entering eye and adnexa,Event,SNOMED,Valid,Standard,161
4199851,434462008,Family history of multiple myeloma,Context-dependent,SNOMED,Valid,Standard,161
4151397,269723006,Adverse reaction to antirheumatic,Disorder,SNOMED,Valid,Standard,161
44782797,63761000119101,Family history of autism in sibling,Context-dependent,SNOMED,Valid,Standard,160
4310063,216412005,"Place of occurrence of accident or poisoning, restaurant",Location,SNOMED,Valid,Non-standard,160
4096268,292044008,Aspirin adverse reaction,Disorder,SNOMED,Valid,Standard,160
4248718,72826005,Macrocytosis,Morph Abnormality,SNOMED,Valid,Standard,159
4241977,59529006,Squamous cell carcinoma in situ,Morph Abnormality,SNOMED,Valid,Non-standard,159
4173373,294971007,Allergy to simvastatin,Clinical Finding,SNOMED,Valid,Non-standard,159
4166230,47703008,Lactose,Substance,SNOMED,Valid,Non-standard,159
4139599,32693004,Demyelination,Morph Abnormality,SNOMED,Valid,Standard,159
40779211,LP15269-1,Lactose,LOINC Component,LOINC,Valid,Non-standard,159
4022081,105530003,Living in residential institution,Clinical Finding,SNOMED,Valid,Standard,159
3265630,47703008,Lactose,Substance,Nebraska Lexicon,Valid,Non-standard,159
4171869,419914000,Anesthetics adverse reaction,Disorder,SNOMED,Valid,Standard,158
4304929,386663009,Bicycle accident,Event,SNOMED,Valid,Standard,157
4204207,53099003,Air cyst,Morph Abnormality,SNOMED,Valid,Standard,157
4163635,293861001,Allergy to gabapentin,Clinical Finding,SNOMED,Valid,Non-standard,157
2617877,G8478,"Blood pressure measurement not performed or documented, reason not given",HCPCS,HCPCS,Valid,Standard,157
432808,302980009,Accident caused by powered hand tool,Event,SNOMED,Valid,Standard,156
4280377,66696003,Empyema,Morph Abnormality,SNOMED,Valid,Standard,156
4253608,4079000,Mucoepidermoid carcinoma,Morph Abnormality,SNOMED,Valid,Standard,154
4138073,32048006,Adenoma,Morph Abnormality,SNOMED,Valid,Non-standard,154
4050817,160363004,Family history of transient ischemic attack,Context-dependent,SNOMED,Valid,Standard,154
4015401,11403006,Financially poor,Clinical Finding,SNOMED,Valid,Standard,154
432534,269716005,Accident caused by machinery,Event,SNOMED,Valid,Standard,153
4305515,8228006,Family disruption with separation,Clinical Finding,SNOMED,Valid,Standard,153
4149111,30767006,Gait apraxia,Clinical Finding,SNOMED,Valid,Standard,153
4167411,274424003,Indwelling catheter replaced,Context-dependent,SNOMED,Valid,Non-standard,152
4295069,385858000,Tracheostomy care,Procedure,SNOMED,Valid,Standard,151
4081756,183650005,Radiotherapy follow-up,Clinical Finding,SNOMED,Valid,Standard,151
927171,96131,"Psychological testing evaluation services by physician or other qualified health care professional, including integration of patient data, interpretation of standardized test results and clinical data, clinical decision making, treatment planning ...",CPT4,CPT4,Valid,Standard,150
435172,217084001,Fall on or from escalator,Event,SNOMED,Valid,Standard,150
4286333,68956006,Carcinoma in situ,Morph Abnormality,SNOMED,Valid,Non-standard,150
4148292,30546008,Clear cell adenocarcinoma,Morph Abnormality,SNOMED,Valid,Standard,149
4029830,12856003,Varix,Morph Abnormality,SNOMED,Valid,Standard,149
4029663,128829008,Acute myeloid leukemia with KMT2A rearrangement,Morph Abnormality,SNOMED,Valid,Standard,149
442936,214414008,"Motor vehicle traffic accident due to motor vehicle going out of control due to failure of mechanical part, without collision on the highway, passenger of motor vehicle injured",Event,SNOMED,Valid,Standard,148
434553,293234009,Androgen adverse reaction,Disorder,SNOMED,Valid,Standard,148
4144264,266890009,Family history of alcoholism,Context-dependent,SNOMED,Valid,Standard,148
4135340,3172003,Peripheral T-cell lymphoma,Morph Abnormality,SNOMED,Valid,Non-standard,148
4149022,35601003,Monoclonal gammopathy of undetermined significance,Morph Abnormality,SNOMED,Valid,Standard,147
40779203,LP15167-7,fentaNYL,LOINC Component,LOINC,Valid,Non-standard,147
4050813,160346003,FH: Eye disorder,Context-dependent,SNOMED,Valid,Standard,180
4016922,170578008,Poor hypertension control,Clinical Finding,SNOMED,Valid,Standard,147
36684846,457611000124104,Patient understands importance of medication adherence,Clinical Finding,SNOMED,Valid,Standard,147
4188316,415510005,Sedentary lifestyle,Clinical Finding,SNOMED,Valid,Standard,146
439655,162432007,Symptom: generalized,Clinical Finding,SNOMED,Valid,Standard,145
437742,219019005,Adverse reaction to skeletal muscle relaxants,Disorder,SNOMED,Valid,Standard,145
434237,217975004,Accident caused by woodworking or forming machine,Event,SNOMED,Valid,Standard,145
4304473,103709008,Failed attempted procedure,Context-dependent,SNOMED,Valid,Standard,145
4296312,76312009,Chondroblastic osteosarcoma,Morph Abnormality,SNOMED,Valid,Standard,145
4274273,365346003,Finding related to ability to use transport,Clinical Finding,SNOMED,Valid,Standard,145
4210177,55921005,Multiple myeloma,Morph Abnormality,SNOMED,Valid,Non-standard,145
4189457,373572006,Clinical finding absent,Context-dependent,SNOMED,Valid,Standard,145
433094,216952002,Failure in dosage,Event,SNOMED,Valid,Standard,144
42872393,1181000119106,Inappropriate diet and eating habits,Clinical Finding,SNOMED,Valid,Standard,144
42537735,737286006,Dental prosthetic device in situ,Clinical Finding,SNOMED,Valid,Non-standard,144
4165313,293432006,HMG COA reductase inhibitor adverse reaction,Disorder,SNOMED,Valid,Standard,144
36675048,771313007,Sting by bee,Event,SNOMED,Valid,Standard,144
36713261,48821000119104,Allergy to tree nut,Clinical Finding,SNOMED,Valid,Non-standard,143
443348,292135009,Laxative adverse reaction,Disorder,SNOMED,Valid,Standard,142
4196794,803009,Paraganglioma,Morph Abnormality,SNOMED,Valid,Standard,142
40789139,LP14550-5,Sulfamethoxazole,LOINC Component,LOINC,Valid,Non-standard,142
4070783,21708004,Osteosarcoma,Morph Abnormality,SNOMED,Valid,Non-standard,142
4171457,294585005,Allergy to doxycycline,Clinical Finding,SNOMED,Valid,Non-standard,141
40792070,LP102316-9,Prochlorperazine,LOINC Component,LOINC,Valid,Non-standard,141
40772581,LP15406-9,Clarithromycin,LOINC Component,LOINC,Valid,Non-standard,141
443602,430136001,Adverse reaction to antiparkinsonism drug,Disorder,SNOMED,Valid,Standard,140
4171312,294472005,Allergy to azithromycin,Clinical Finding,SNOMED,Valid,Non-standard,140
4041659,230126006,Finding relating to infant feeding,Clinical Finding,SNOMED,Valid,Standard,140
37017176,713404003,Vaccination given,Context-dependent,SNOMED,Valid,Non-standard,140
2108556,4049F,"Documentation that order was given to discontinue prophylactic antibiotics within 24 hours of surgical end time, non-cardiac procedure (PERI 2)",CPT4,CPT4,Valid,Non-standard,140
4246974,408337004,Suspected chromosome abnormality,Context-dependent,SNOMED,Valid,Standard,139
4311956,85628007,Chronic edema,Morph Abnormality,SNOMED,Valid,Standard,138
4171636,294740006,Allergy to metformin,Clinical Finding,SNOMED,Valid,Non-standard,138
4097202,292218000,Bleomycin adverse reaction,Disorder,SNOMED,Valid,Standard,138
44784322,698449007,Antibiotic therapy indicated,Context-dependent,SNOMED,Valid,Standard,137
440600,242903006,Assault by human bite,Event,SNOMED,Valid,Standard,137
4023158,105481005,Refusing food,Clinical Finding,SNOMED,Valid,Standard,137
2212760,86079,"Blood bank physician services; authorization for deviation from standard blood banking procedures (eg, use of outdated blood, transfusion of Rh incompatible units), with written report",CPT4,CPT4,Valid,Standard,137
4305664,82267002,"Malignant tumor, small cell type",Morph Abnormality,SNOMED,Valid,Standard,136
4145111,34043003,Dental consultation and report,Procedure,SNOMED,Valid,Standard,136
40786049,LP17995-9,Metoclopramide,LOINC Component,LOINC,Valid,Non-standard,136
40481489,443430002,Requires assistance with all daily activities,Clinical Finding,SNOMED,Valid,Standard,136
37109077,16468541000119105,Exposure to Zika virus,Event,SNOMED,Valid,Standard,136
4231692,89811004,Gluten,Substance,SNOMED,Valid,Standard,270
4190809,390800000,Goal achievement finding,Clinical Finding,SNOMED,Valid,Standard,135
4160623,371776003,Neglect or abandonment,Event,SNOMED,Valid,Standard,135
40792553,LP16982-8,Gluten,LOINC Component,LOINC,Valid,Non-standard,135
4017161,170543008,Requires rabies vaccination course,Clinical Finding,SNOMED,Valid,Standard,135
763924,448631000124106,Herniation of intervertebral disc without myelopathy,Context-dependent,SNOMED,Valid,Standard,134
4219876,400048001,Excoriation,Morph Abnormality,SNOMED,Valid,Standard,134
40789257,LP16286-4,Tetracycline,LOINC Component,LOINC,Valid,Non-standard,134
40772644,LP16204-7,Metoprolol,LOINC Component,LOINC,Valid,Non-standard,134
4051565,160309002,Family history of cystic fibrosis,Context-dependent,SNOMED,Valid,Standard,134
4313552,218129009,"Accidents caused by hot substance or object, caustic or corrosive material and steam",Event,SNOMED,Valid,Standard,133
42872775,450767000,Allergy to tramadol,Clinical Finding,SNOMED,Valid,Non-standard,133
4154097,315640000,Influenza vaccination declined,Context-dependent,SNOMED,Valid,Standard,133
438657,293069003,Antimycobacterial agent adverse reaction,Disorder,SNOMED,Valid,Standard,132
4139528,425392003,Active advance directive,Clinical Finding,SNOMED,Valid,Standard,132
4104978,29370006,Malignant pheochromocytoma,Morph Abnormality,SNOMED,Valid,Standard,132
4053945,242535001,Exposure to excess sunlight,Event,SNOMED,Valid,Non-standard,132
4030134,128754004,"Gastrointestinal stromal tumor, benign",Morph Abnormality,SNOMED,Valid,Standard,132
43533317,G8987,"Self care functional limitation, current status, at therapy episode outset and at reporting intervals (Deprecated)",HCPCS,HCPCS,Valid,Standard,131
4169211,294995009,Allergy to hydrochlorothiazide,Clinical Finding,SNOMED,Valid,Non-standard,131
4168510,417943000,Methicillin susceptible Staphylococcus aureus,Organism,SNOMED,Valid,Standard,131
44787277,LP171638-2,Rosuvastatin,LOINC Component,LOINC,Valid,Non-standard,130
4334340,430679000,Family history of diabetes mellitus type 2,Context-dependent,SNOMED,Valid,Standard,130
43021819,61601000119107,Life circumstance problem,Clinical Finding,SNOMED,Valid,Non-standard,130
4181604,428987008,Subcutaneous contraceptive implant present,Clinical Finding,SNOMED,Valid,Non-standard,130
4098981,292229001,Methotrexate adverse reaction,Disorder,SNOMED,Valid,Standard,130
44787279,LP171640-8,Simvastatin,LOINC Component,LOINC,Valid,Non-standard,129
438938,288297000,Accident with controlled fire,Event,SNOMED,Valid,Standard,129
433644,300913006,Allergy to shellfish,Clinical Finding,SNOMED,Valid,Non-standard,129
4323775,429405004,Family history of malignant neoplasm of skin,Context-dependent,SNOMED,Valid,Standard,129
4252223,408359002,Drug monitoring done,Context-dependent,SNOMED,Valid,Non-standard,129
4091035,249486008,Unable to swallow,Clinical Finding,SNOMED,Valid,Standard,129
40775847,LP15003-4,oxyCODONE,LOINC Component,LOINC,Valid,Non-standard,129
45773082,703396000,Combination internal cardiac defibrillator and pacemaker in situ,Clinical Finding,SNOMED,Valid,Non-standard,128
443007,214403005,"Motor vehicle traffic accident due to motor vehicle going out of control due to excessive speed, without collision on the highway, motor cyclist injured",Event,SNOMED,Valid,Standard,128
438638,217779001,Inhalation and ingestion of food causing obstruction of respiratory tract or suffocation,Event,SNOMED,Valid,Standard,128
4310118,85844000,Transmural infarct,Morph Abnormality,SNOMED,Valid,Standard,128
4076659,225053003,Self-asphyxiation,Event,SNOMED,Valid,Standard,128
37395569,13181000122107,Allergy to levofloxacin,Clinical Finding,SNOMED,Valid,Non-standard,128
46272990,711455000,Exposure to drug or medicament,Event,SNOMED,Valid,Standard,127
4191603,39035006,Atypical squamous cells of undetermined significance,Morph Abnormality,SNOMED,Valid,Standard,127
4116980,300928006,Vegetarian,Clinical Finding,SNOMED,Valid,Standard,127
2314313,97762,"Checkout for orthotic/prosthetic use, established patient, each 15 minutes (Deprecated)",CPT4,CPT4,Valid,Standard,127
4267303,62458008,Has religious belief,Clinical Finding,SNOMED,Valid,Standard,126
433949,242605002,Human bite,Event,SNOMED,Valid,Standard,125
4053387,160389004,FH: Polycystic kidney,Context-dependent,SNOMED,Valid,Standard,125
3661819,871566007,Adverse reaction to adrenergic receptor antagonist,Disorder,SNOMED,Valid,Standard,125
437767,293096000,Immunoglobulin products adverse reaction,Disorder,SNOMED,Valid,Standard,124
4207631,311507007,Executive cognitive functions,Observable Entity,SNOMED,Valid,Standard,124
4054152,242494002,Burning due to contact with hot liquid,Event,SNOMED,Valid,Standard,124
4030716,14385002,Enterobacter cloacae,Organism,SNOMED,Valid,Standard,124
4337398,87364003,Neuroblastoma,Morph Abnormality,SNOMED,Valid,Standard,123
4151356,28307001,Germinoma,Morph Abnormality,SNOMED,Valid,Standard,123
4098436,26996000,Hyperkeratosis,Morph Abnormality,SNOMED,Valid,Standard,123
439641,218107005,Accident caused by explosive gases,Event,SNOMED,Valid,Standard,122
4326025,430089002,Family history of hyperthyroidism,Context-dependent,SNOMED,Valid,Standard,122
434556,292479000,Sympathomimetic adverse reaction,Disorder,SNOMED,Valid,Standard,121
4310138,424860001,Low income,Clinical Finding,SNOMED,Valid,Standard,121
4302222,418757007,Accidental ingestion of potentially harmful entity,Event,SNOMED,Valid,Standard,121
4250009,407613009,Born by breech delivery,Context-dependent,SNOMED,Valid,Standard,121
4167568,418098005,Accidental exposure to potentially harmful entity,Event,SNOMED,Valid,Standard,121
4150599,278840001,Shrimp,Substance,SNOMED,Valid,Standard,121
40779294,LP16215-3,Naproxen,LOINC Component,LOINC,Valid,Non-standard,121
3518773,372588000,Naproxen,Substance,Nebraska Lexicon,Valid,Non-standard,121
19474323,D002511,Cephalosporins,Main Heading,MeSH,Valid,Non-standard,121
40774645,LP61621-6,Pregabalin,LOINC Component,LOINC,Valid,Non-standard,120
4054574,242495001,"Burning due to contact with hot drinks, liquid foods, fats and cooking oils",Event,SNOMED,Valid,Standard,120
4050806,160329001,FH: Depression,Context-dependent,SNOMED,Valid,Standard,120
4048671,123737005,"Fracture, closed, comminuted, with displacement",Morph Abnormality,SNOMED,Valid,Standard,120
4048169,232350006,Allergy to dust mite protein,Clinical Finding,SNOMED,Valid,Non-standard,120
437477,41411008,Fall from playground equipment,Event,SNOMED,Valid,Standard,119
4271564,63264007,Carcinosarcoma,Morph Abnormality,SNOMED,Valid,Standard,119
4244886,59238007,Epithelioid sarcoma,Morph Abnormality,SNOMED,Valid,Standard,119
40785911,LP16028-0,Amiodarone,LOINC Component,LOINC,Valid,Non-standard,119
40776032,LP17165-9,Cefepime,LOINC Component,LOINC,Valid,Non-standard,119
40757059,4256F,"Duration of general or neuraxial anesthesia less than 60 minutes, as documented in the anesthesia record (CRIT) (Peri2)",CPT4,CPT4,Valid,Standard,119
439337,214267005,"Motor vehicle traffic accident involving collision, on highway, between motor vehicle and animal, passenger of motor vehicle injured",Event,SNOMED,Valid,Standard,118
43531593,921000119109,Vaccine declined by parent,Context-dependent,SNOMED,Valid,Standard,118
40795843,LP16160-1,hydroCHLOROthiazide,LOINC Component,LOINC,Valid,Non-standard,118
4036629,162358006,Unilateral earache,Context-dependent,SNOMED,Valid,Non-standard,118
4256118,409513009,Event related to biological agent,Event,SNOMED,Valid,Standard,117
4145793,266897007,FH: Myocardial infarction,Context-dependent,SNOMED,Valid,Standard,117
4126324,304252001,For resuscitation,Clinical Finding,SNOMED,Valid,Standard,117
40785834,LP14997-8,metroNIDAZOLE,LOINC Component,LOINC,Valid,Non-standard,117
37116835,733840004,Isocitrate dehydrogenase wild-type anaplastic astrocytoma,Morph Abnormality,SNOMED,Valid,Standard,117
37110752,725118003,Family history of aneurysm of abdominal aorta,Context-dependent,SNOMED,Valid,Standard,117
763366,4391000175105,Left before being seen,Clinical Finding,SNOMED,Valid,Standard,116
443378,293218006,Anabolic steroids adverse reaction,Disorder,SNOMED,Valid,Standard,116
4290437,37304002,Basosquamous carcinoma,Morph Abnormality,SNOMED,Valid,Standard,116
4205700,53339009,Dysfunctional grieving,Clinical Finding,SNOMED,Valid,Standard,116
4169185,294872001,Allergy to heparin,Clinical Finding,SNOMED,Valid,Non-standard,116
40789255,LP16280-7,Spironolactone,LOINC Component,LOINC,Valid,Non-standard,116
4028719,128855009,Glucagonoma of uncertain behavior,Morph Abnormality,SNOMED,Valid,Non-standard,116
4022062,105471006,Bone marrow donor,Social Context,SNOMED,Valid,Non-standard,116
443050,214435005,Noncollision motor vehicle traffic accident while boarding or alighting,Event,SNOMED,Valid,Standard,115
4304110,419474003,Allergy to mold,Clinical Finding,SNOMED,Valid,Non-standard,115
44782674,698460003,Antiviral therapy declined,Context-dependent,SNOMED,Valid,Standard,114
4152252,315584008,Main spoken language Spanish,Clinical Finding,SNOMED,Valid,Standard,114
44787232,LP18986-7,Ketorolac,LOINC Component,LOINC,Valid,Non-standard,113
4307686,82947003,Fall from tree,Event,SNOMED,Valid,Standard,113
4305714,39072000,Marital conflict,Clinical Finding,SNOMED,Valid,Standard,113
4287648,397608007,Finding related to care planning,Clinical Finding,SNOMED,Valid,Standard,113
4271449,63166000,Blue nevus,Morph Abnormality,SNOMED,Valid,Standard,113
4247665,73017001,Lymphangiomyomatosis,Morph Abnormality,SNOMED,Valid,Standard,113
4211332,413492003,American or Canadian football - sport,Qualifier Value,SNOMED,Valid,Standard,113
36674965,770981003,Bite of arthropod,Event,SNOMED,Valid,Standard,113
4206914,56208002,Ulcer,Morph Abnormality,SNOMED,Valid,Standard,112
4204650,308429009,Hypertension screening status,Clinical Finding,SNOMED,Valid,Standard,112
44787261,LP171619-2,Losartan,LOINC Component,LOINC,Valid,Non-standard,111
443704,439591006,Adverse reaction to saluretic agent,Disorder,SNOMED,Valid,Standard,111
4314872,216314005,"Place of occurrence of accident or poisoning, apartment",Location,SNOMED,Valid,Non-standard,111
4294698,75823008,Discharge,Morph Abnormality,SNOMED,Valid,Standard,111
4195380,68130003,Physical activity,Observable Entity,SNOMED,Valid,Standard,111
4150399,310502008,Diet poor,Clinical Finding,SNOMED,Valid,Standard,111
4149742,31131002,"Vipoma, malignant",Morph Abnormality,SNOMED,Valid,Standard,111
4108462,250869005,Equipment finding,Clinical Finding,SNOMED,Valid,Standard,111
4097925,292452004,Calcium-channel blocker adverse reaction,Disorder,SNOMED,Valid,Standard,111
40792423,LP15260-0,cefTRIAXone,LOINC Component,LOINC,Valid,Non-standard,111
35622818,765021002,Vegetarian diet,Procedure,SNOMED,Valid,Standard,111
4085481,185970004,Patient awaiting medical adm,Clinical Finding,SNOMED,Valid,Standard,110
4051240,160364005,FH: Congenital heart disease,Context-dependent,SNOMED,Valid,Standard,110
37117057,90311000119107,Vaccination declined by caregiver,Context-dependent,SNOMED,Valid,Standard,110
4126015,260864003,Frequency,Attribute,SNOMED,Valid,Non-standard,109
4050799,160301004,Family history of endocrine disorders,Context-dependent,SNOMED,Valid,Standard,161
46270587,65021000119105,Family history of neurofibromatosis,Context-dependent,SNOMED,Valid,Standard,108
436874,217935007,Accident caused by agricultural machine,Event,SNOMED,Valid,Standard,108
433939,417928002,Abuse,Event,SNOMED,Valid,Standard,108
4310282,422979000,Medication regimen behavior finding,Clinical Finding,SNOMED,Valid,Standard,108
4149298,310247005,FH: Thrombosis,Context-dependent,SNOMED,Valid,Standard,108
44787149,LP28519-4,Celecoxib,LOINC Component,LOINC,Valid,Non-standard,107
442995,242490006,Burning due to contact with hot substance,Event,SNOMED,Valid,Standard,107
440896,213770003,Railway accident,Event,SNOMED,Valid,Standard,107
4219051,82375006,Adenomatous polyp,Morph Abnormality,SNOMED,Valid,Standard,107
4177710,429069001,Requires Bacillus Calmette-Guerin vaccination,Clinical Finding,SNOMED,Valid,Standard,107
4298084,386152007,Hydrocele,Morph Abnormality,SNOMED,Valid,Standard,106
4178539,297243001,Family history of pernicious anemia,Context-dependent,SNOMED,Valid,Standard,106
40792492,LP16176-7,LORazepam,LOINC Component,LOINC,Valid,Non-standard,106
433374,242397005,Fall due to roller skates or skateboard,Event,SNOMED,Valid,Standard,105
4244400,5933001,Clostridioides difficile,Organism,SNOMED,Valid,Standard,105
4239303,58538004,Bumped into other person,Event,SNOMED,Valid,Standard,105
40775856,LP15169-3,hydrALAZINE,LOINC Component,LOINC,Valid,Non-standard,105
4031491,14345008,Parent/child conflict,Clinical Finding,SNOMED,Valid,Standard,105
443346,292176000,Local anesthetic drug adverse reaction,Disorder,SNOMED,Valid,Standard,104
4328801,430534005,Family history of malignant neoplasm of thyroid,Context-dependent,SNOMED,Valid,Standard,103
4168974,420008001,Travel,Event,SNOMED,Valid,Standard,103
4168712,274810006,Rebound tenderness absent,Context-dependent,SNOMED,Valid,Standard,103
4167480,294561002,Allergy to clindamycin,Clinical Finding,SNOMED,Valid,Non-standard,103
37109309,36811000119108,Tubal ligation done,Context-dependent,SNOMED,Valid,Non-standard,103
2617845,G8446,"SOME OR ALL PRESCRIPTIONS GENERATED DURING THE ENCOUNTER WERE HANDWRITTEN OR PHONED IN DUE TO ONE OF THE FOLLOWING: REQUIRED BY STATE LAW, PATIENT REQUEST, OR QUALIFIED E-PRESCRIBING SYSTEM BEING TEMPORARILY INOPERABLE (Deprecated)",HCPCS,HCPCS,Valid,Standard,103
44791635,293161000000103,Family history of alcohol misuse,Context-dependent,SNOMED,Valid,Standard,102
4311076,216418009,"Place of occurrence of accident or poisoning, railway station",Location,SNOMED,Valid,Non-standard,102
4210893,57028002,Multiple wounds,Morph Abnormality,SNOMED,Valid,Standard,102
4008942,102261002,Strawberry,Substance,SNOMED,Valid,Standard,102
35627045,539e943b-0797-4191-b895-f4e285879d9f,"Retired SNOMED UK Drug extension concept, do not use, use concept indicated by the CONCEPT_RELATIONSHIP table, if any",Qualifier Value,SNOMED,Valid,Non-standard,102
441470,217603005,Accident due to cold weather,Event,SNOMED,Valid,Standard,101
43533368,G9173,"Voice functional limitation, discharge status at discharge from therapy or to end reporting (Deprecated)",HCPCS,HCPCS,Valid,Standard,101
42538171,739684008,Child of patient deceased,Context-dependent,SNOMED,Valid,Standard,101
4247022,61363009,Granulation tissue,Morph Abnormality,SNOMED,Valid,Standard,101
4175371,276074009,Stress at work,Clinical Finding,SNOMED,Valid,Standard,101
40772641,LP16174-2,Lidocaine,LOINC Component,LOINC,Valid,Non-standard,101
4073070,242518000,"Burning due to contact with hot heating appliances, radiators and pipes",Event,SNOMED,Valid,Standard,101
45768510,706957005,"Place of occurrence of accident or poisoning, healthcare facility",Location,SNOMED,Valid,Non-standard,100
4336673,86933000,Heavy drinker,Clinical Finding,SNOMED,Valid,Standard,100
4215151,81134009,"Fracture, closed, spiral",Morph Abnormality,SNOMED,Valid,Standard,100
4128602,260154005,Dog dander,Substance,SNOMED,Valid,Standard,200
40775767,LP13938-3,Dog dander,LOINC Component,LOINC,Valid,Non-standard,100
440607,218099004,Accident caused by explosive material,Event,SNOMED,Valid,Standard,99
4323432,70813002,Milk,Substance,SNOMED,Valid,Standard,198
4204929,309012006,Referral statuses,Clinical Finding,SNOMED,Valid,Standard,99
4129922,261665006,Unknown,Qualifier Value,SNOMED,Valid,Standard,99
4106207,282017000,3 part fracture,Morph Abnormality,SNOMED,Valid,Standard,99
4093906,26036001,Obstruction,Morph Abnormality,SNOMED,Valid,Standard,99
40779125,LP14176-9,Cefaclor,LOINC Component,LOINC,Valid,Non-standard,99
40772883,LP29290-1,Milk,LOINC Component,LOINC,Valid,Non-standard,99
35627124,0565c7d0-1d08-409e-b297-ce72efdcc2fc,"Retired SNOMED UK Drug extension concept, do not use, use concept indicated by the CONCEPT_RELATIONSHIP table, if any",Qualifier Value,SNOMED,Valid,Non-standard,99
1031783,LP7431-2,Milk,LOINC System,LOINC,Valid,Non-standard,99
763007,434861000124105,Family history of endometriosis,Context-dependent,SNOMED,Valid,Standard,98
44782749,134571000119103,Family disruption due to extended absence of family member,Clinical Finding,SNOMED,Valid,Standard,98
443548,419887003,Adverse reaction to blood or blood product,Disorder,SNOMED,Valid,Standard,98
4163066,293610009,Allergy to non-steroidal anti-inflammatory agent,Clinical Finding,SNOMED,Valid,Standard,98
4143036,33396006,Nickel,Substance,SNOMED,Valid,Non-standard,98
40795893,LP16829-1,Nickel,LOINC Component,LOINC,Valid,Non-standard,98
4323118,71440001,Sex cord-stromal tumor,Morph Abnormality,SNOMED,Valid,Non-standard,97
4102695,25322007,Dilatation,Morph Abnormality,SNOMED,Valid,Standard,97
710057,99422,"Online digital evaluation and management service, for an established patient, for up to 7 days, cumulative time during the 7 days; 11-20 minutes",CPT4,CPT4,Valid,Standard,96
45757693,331000124109,Hemodialysis finding,Clinical Finding,SNOMED,Valid,Standard,96
44782750,134591000119102,Family history of substance abuse,Context-dependent,SNOMED,Valid,Standard,96
4334481,430778004,Family history of sarcoidosis,Context-dependent,SNOMED,Valid,Standard,96
4334339,430677003,Family history of malignant neoplasm of thoracic cavity structure,Context-dependent,SNOMED,Valid,Standard,96
4154707,371089000,Serotonin syndrome,Disorder,SNOMED,Valid,Standard,96
4151021,310301000,Advanced directive status,Clinical Finding,SNOMED,Valid,Standard,32603
4144896,427487000,Allergy to spider venom,Clinical Finding,SNOMED,Valid,Non-standard,96
36713624,718537002,Allergy to rosuvastatin,Clinical Finding,SNOMED,Valid,Non-standard,96
608204,1157019008,Benign meningioma,Morph Abnormality,SNOMED,Valid,Standard,95
45765734,702744005,Supervision of high risk pregnancy for primigravida age 15 years or younger,Procedure,SNOMED,Valid,Standard,95
441493,293531002,Vasodilator adverse reaction,Disorder,SNOMED,Valid,Standard,95
433948,218082000,Accident caused by handgun,Event,SNOMED,Valid,Standard,95
4309758,216372001,"Place of occurrence of accident or poisoning, public park",Location,SNOMED,Valid,Non-standard,95
4182993,54734006,Sebaceous adenocarcinoma,Morph Abnormality,SNOMED,Valid,Standard,95
4173347,276717003,Poor feeding of newborn,Clinical Finding,SNOMED,Valid,Standard,95
4100813,2763006,Comedo,Morph Abnormality,SNOMED,Valid,Standard,95
4077906,18861007,"Granulosa cell tumor, malignant",Morph Abnormality,SNOMED,Valid,Standard,95
36713251,442571000124108,Tree nut,Substance,SNOMED,Valid,Standard,190
43531661,69161000119103,Functional gait abnormality,Clinical Finding,SNOMED,Valid,Standard,94
4301892,78629008,Total self-care deficit,Clinical Finding,SNOMED,Valid,Standard,94
4218953,72237000,Septic embolus,Morph Abnormality,SNOMED,Valid,Standard,94
4186106,413558003,Anticoagulation contraindicated,Context-dependent,SNOMED,Valid,Standard,94
4164687,293606006,Allergy to meperidine,Clinical Finding,SNOMED,Valid,Non-standard,94
40795842,LP16140-3,Nitrofurantoin,LOINC Component,LOINC,Valid,Non-standard,94
40792489,LP16158-5,Haloperidol,LOINC Component,LOINC,Valid,Non-standard,94
4267438,62592009,Klebsiella aerogenes,Organism,SNOMED,Valid,Standard,93
40782549,LP14887-1,Niacin,LOINC Component,LOINC,Valid,Non-standard,93
4068353,20255002,Blushing,Observable Entity,SNOMED,Valid,Standard,93
4031375,129880000,Finding related to dependent adult care,Clinical Finding,SNOMED,Valid,Standard,93
37049469,LP128648-5,Chlorhexidine,LOINC Component,LOINC,Valid,Non-standard,93
433934,218047001,Accident caused by needle,Event,SNOMED,Valid,Standard,92
4331069,429962007,Family history of hereditary disease,Context-dependent,SNOMED,Valid,Standard,92
4330994,22495007,Abnormal weight,Clinical Finding,SNOMED,Valid,Standard,92
4209116,313395003,Cardiac rehabilitation,Procedure,SNOMED,Valid,Standard,92
4074758,224101003,Member of single parent family,Clinical Finding,SNOMED,Valid,Standard,92
4048168,232349006,Allergy to house dust,Clinical Finding,SNOMED,Valid,Non-standard,92
4037299,1623000,Myxopapillary ependymoma,Morph Abnormality,SNOMED,Valid,Standard,92
4027003,226077000,Therapeutic diet,Clinical Finding,SNOMED,Valid,Standard,92
4024265,19571008,Multiple open wounds,Morph Abnormality,SNOMED,Valid,Standard,92
4022050,105419003,Academic underachievement,Clinical Finding,SNOMED,Valid,Standard,92
4317099,218791008,Adverse reaction to cannabis,Disorder,SNOMED,Valid,Standard,91
4228482,405748007,Already on aspirin,Clinical Finding,SNOMED,Valid,Standard,91
4078242,19030005,Human immunodeficiency virus,Organism,SNOMED,Valid,Standard,91
43530673,1421000119104,Family history of colorectal cancer,Context-dependent,SNOMED,Valid,Standard,90
4295115,76345009,"Pancreatic endocrine tumor, benign",Morph Abnormality,SNOMED,Valid,Standard,90
4147980,30494009,Junctional nevus,Morph Abnormality,SNOMED,Valid,Standard,90
4101098,27925004,Nodule,Morph Abnormality,SNOMED,Valid,Standard,90
40483083,442326005,Cloudy peritoneal dialysis effluent,Clinical Finding,SNOMED,Valid,Standard,90
4038560,228281002,Problem drinker,Clinical Finding,SNOMED,Valid,Standard,90
4010839,102494001,Decreased body growth,Clinical Finding,SNOMED,Valid,Standard,90
4277113,65413006,Caries,Morph Abnormality,SNOMED,Valid,Standard,89
4219205,81669005,Neurofibromatosis,Morph Abnormality,SNOMED,Valid,Standard,89
4091956,249477003,Increased thirst,Clinical Finding,SNOMED,Valid,Standard,89
434539,218572006,Adverse reaction to anticoagulant antagonists,Disorder,SNOMED,Valid,Standard,88
4220185,40009002,Craniopharyngioma,Morph Abnormality,SNOMED,Valid,Standard,88
4167462,294499007,Allergy to penicillin G,Clinical Finding,SNOMED,Valid,Non-standard,88
4148412,266904009,FH: Genitourinary disease,Context-dependent,SNOMED,Valid,Standard,88
4122575,289136006,Finding of eating pattern,Clinical Finding,SNOMED,Valid,Standard,88
4100028,293056002,Tetracycline adverse reaction,Disorder,SNOMED,Valid,Standard,88
4086754,243871000,Ostomy monitoring status,Clinical Finding,SNOMED,Valid,Standard,88
4078373,19227008,Foreign body,Morph Abnormality,SNOMED,Valid,Standard,88
40479355,444380003,Exposure to Treponema pallidum,Event,SNOMED,Valid,Standard,88
439376,214278002,"Motor vehicle traffic accident involving collision, on highway, between motor vehicle and fallen stone, traffic sign, tree or utility pole, passenger of motor vehicle injured",Event,SNOMED,Valid,Standard,87
4326336,430331003,Family history of cancer of the esophagus,Context-dependent,SNOMED,Valid,Standard,87
4169137,420174000,Allergy to wheat,Clinical Finding,SNOMED,Valid,Non-standard,87
4093456,25910003,Papillary carcinoma,Morph Abnormality,SNOMED,Valid,Standard,87
4037106,162438006,Symptom started weeks ago,Clinical Finding,SNOMED,Valid,Standard,87
4241843,59367005,Adenosquamous carcinoma,Morph Abnormality,SNOMED,Valid,Standard,86
4174813,4830009,Hyperpigmentation,Morph Abnormality,SNOMED,Valid,Standard,86
4100604,299698007,Feeding poor,Clinical Finding,SNOMED,Valid,Standard,86
4058583,161917009,Recurrence of problem,Clinical Finding,SNOMED,Valid,Standard,86
4025670,19685008,Stasis,Morph Abnormality,SNOMED,Valid,Standard,86
37017051,713234005,Supervision of high risk pregnancy with history of previous intrauterine death,Procedure,SNOMED,Valid,Standard,86
4326805,430777009,Family history of rheumatic fever,Context-dependent,SNOMED,Valid,Standard,85
4169372,293940009,Allergy to prochlorperazine,Clinical Finding,SNOMED,Valid,Non-standard,85
4165831,293903001,Allergy to lorazepam,Clinical Finding,SNOMED,Valid,Non-standard,85
4136776,304578009,Supervision while performing activity of daily living,Procedure,SNOMED,Valid,Standard,85
4082393,182877009,Drug dosage altered,Clinical Finding,SNOMED,Valid,Standard,85
762847,432751000124106,Medication dose changed,Context-dependent,SNOMED,Valid,Standard,84
433393,68274007,Fall into hole,Event,SNOMED,Valid,Standard,84
43021338,460617003,Education of caregiver,Context-dependent,SNOMED,Valid,Standard,84
4298197,77284006,Lobular carcinoma in situ,Morph Abnormality,SNOMED,Valid,Standard,84
4195595,7939003,Localized edema,Morph Abnormality,SNOMED,Valid,Standard,84
4099410,292302009,Selective serotonin re-uptake inhibitor adverse reaction,Disorder,SNOMED,Valid,Standard,84
4050948,160496001,Adopted,Clinical Finding,SNOMED,Valid,Standard,84
4025571,226404003,Milk intake,Observable Entity,SNOMED,Valid,Standard,84
36717120,720407008,Mother victim of domestic violence,Context-dependent,SNOMED,Valid,Standard,84
2101941,1123F,"Advance Care Planning discussed and documented advance care plan or surrogate decision maker documented in the medical record (DEM) (GER, Pall Cr)",CPT4,CPT4,Valid,Non-standard,84
606335,1144813009,Excessive intake of vitamin B6 and/or vitamin B6 derivative,Clinical Finding,SNOMED,Valid,Standard,83
603163,1156930004,Benign neurofibroma,Morph Abnormality,SNOMED,Valid,Standard,83
46274063,116101000119100,Colonoscopy declined,Context-dependent,SNOMED,Valid,Standard,83
4295020,401141001,Parental concern about child,Clinical Finding,SNOMED,Valid,Standard,83
4280592,36741007,Seminoma,Morph Abnormality,SNOMED,Valid,Non-standard,83
4182216,54087003,Hairy cell leukemia,Morph Abnormality,SNOMED,Valid,Standard,83
4076209,224229008,Sleeping out,Clinical Finding,SNOMED,Valid,Standard,83
4062745,171278000,Immunization status unknown,Clinical Finding,SNOMED,Valid,Standard,83
37109801,723653009,Adverse reaction caused by decongestant,Disorder,SNOMED,Valid,Standard,83
4247521,61217001,Lentigo maligna,Morph Abnormality,SNOMED,Valid,Standard,82
4227888,87737001,Signet ring cell carcinoma,Morph Abnormality,SNOMED,Valid,Standard,82
4148404,266888008,FH: Anemia,Context-dependent,SNOMED,Valid,Standard,82
4144527,34337008,Prolactinoma,Morph Abnormality,SNOMED,Valid,Standard,82
4116976,300910009,Allergy to pollen,Clinical Finding,SNOMED,Valid,Non-standard,82
4099883,292921008,Aminoglycosides adverse reaction,Disorder,SNOMED,Valid,Standard,82
37311060,840544004,Suspected COVID-19,Context-dependent,SNOMED,Valid,Standard,82
443603,430400006,Adverse reaction to antidiabetic drug,Disorder,SNOMED,Valid,Standard,81
438922,269662007,Accident involving animal being ridden,Event,SNOMED,Valid,Standard,81
435145,218017003,Accident caused by powered lawn mower,Event,SNOMED,Valid,Standard,80
4190403,414450004,Idiopathic hypereosinophilic syndrome,Morph Abnormality,SNOMED,Valid,Standard,80
4168223,274723005,Femoral bruit present,Context-dependent,SNOMED,Valid,Standard,80
4052770,161061004,Aged parents,Clinical Finding,SNOMED,Valid,Non-standard,80
4022136,11674008,Parenteral nutrient,Clinical Finding,SNOMED,Valid,Standard,80
4021165,225360001,Skin care,Procedure,SNOMED,Valid,Standard,80
4314535,87163000,Leukemia,Morph Abnormality,SNOMED,Valid,Non-standard,79
4311728,422577008,Turbulent blood flow,Observable Entity,SNOMED,Valid,Standard,79
4272858,365232000,Finding related to ability to manage personal health care,Clinical Finding,SNOMED,Valid,Standard,79
4121697,257556004,Surgery,Qualifier Value,SNOMED,Valid,Standard,79
40779378,LP17255-8,Zolpidem,LOINC Component,LOINC,Valid,Non-standard,79
4064391,171277005,Sensitivity contraindicated - immunization,Context-dependent,SNOMED,Valid,Standard,79
36715465,721151003,Maternal history of gestational diabetes,Context-dependent,SNOMED,Valid,Standard,79
40775942,LP16155-1,Furosemide,LOINC Component,LOINC,Valid,Non-standard,78
2102873,2029F,Complete physical skin exam performed (ML),CPT4,CPT4,Valid,Standard,78
762851,432811000124101,Medication course changed,Context-dependent,SNOMED,Valid,Standard,77
442212,215189007,Animal-drawn vehicle accident,Event,SNOMED,Valid,Standard,77
437460,95922009,Child sex abuse,Event,SNOMED,Valid,Standard,77
436593,217748000,Accidental drowning and submersion,Event,SNOMED,Valid,Standard,77
4304736,419287006,Para-aminophenol derivative adverse reaction,Disorder,SNOMED,Valid,Standard,77
4234571,360156006,Screening intent,Qualifier Value,SNOMED,Valid,Standard,77
4234101,90121000,"Squamous cell papilloma, inverted",Morph Abnormality,SNOMED,Valid,Standard,77
4029017,128717008,Thymic carcinoma,Morph Abnormality,SNOMED,Valid,Standard,77
4028713,128828000,Acute myeloid leukemia with RUNX1::RUNX1T1 fusion,Morph Abnormality,SNOMED,Valid,Standard,77
4028712,128819001,T-cell large granular lymphocytic leukemia,Morph Abnormality,SNOMED,Valid,Standard,77
46273490,138701000119105,Family history of gene mutation,Context-dependent,SNOMED,Valid,Standard,76
439558,219075006,Adverse reaction to bacterial vaccine,Disorder,SNOMED,Valid,Standard,76
436582,216997006,Contaminated substance injected or used for vaccination,Event,SNOMED,Valid,Standard,76
4300877,7771000,Left,Qualifier Value,SNOMED,Valid,Standard,76
4244882,60594001,Fall while being carried,Event,SNOMED,Valid,Standard,76
4167788,293625009,Allergy to naproxen,Clinical Finding,SNOMED,Valid,Non-standard,76
4134746,397933008,Equipment error/failure,Clinical Finding,SNOMED,Valid,Standard,76
40664885,G8721,"Pt category (primary tumor), pn category (regional lymph nodes), and histologic grade were documented in pathology report",HCPCS,HCPCS,Valid,Standard,76
4051960,23482006,Avulsion fracture,Morph Abnormality,SNOMED,Valid,Standard,76
4050934,160425006,Family history of chromosomal anomaly,Context-dependent,SNOMED,Valid,Standard,76
4024987,19672005,Condyloma,Morph Abnormality,SNOMED,Valid,Standard,76
4012491,162020001,Difficulty chewing,Clinical Finding,SNOMED,Valid,Standard,76
764014,449661000124106,Long-term current use of selective estrogen receptor modulator,Context-dependent,SNOMED,Valid,Standard,75
4334198,430568004,Family history of dissection of aorta,Context-dependent,SNOMED,Valid,Standard,75
4148423,266970001,Family history of chronic medical disorder,Context-dependent,SNOMED,Valid,Standard,75
4095500,292095005,Contrast media adverse reaction,Disorder,SNOMED,Valid,Standard,75
1177048,LP19960-1,Cefdinir,LOINC Component,LOINC,Valid,Non-standard,75
4334194,430552005,Family history of benign prostatic hyperplasia,Context-dependent,SNOMED,Valid,Standard,74
43056004,LP40294-8,DULoxetine,LOINC Component,LOINC,Valid,Non-standard,74
4280654,6574001,Necrosis,Morph Abnormality,SNOMED,Valid,Standard,74
4254680,74848003,Hemostatic function,Observable Entity,SNOMED,Valid,Standard,74
4239908,364099005,Coronary bypass graft feature,Observable Entity,SNOMED,Valid,Standard,74
4231628,439407002,Hot flash caused by medication,Disorder,SNOMED,Valid,Standard,74
4171452,294567003,Allergy to metronidazole,Clinical Finding,SNOMED,Valid,Non-standard,74
4160978,430086009,Family history of cleft palate,Context-dependent,SNOMED,Valid,Standard,74
4086349,248122005,Binging,Clinical Finding,SNOMED,Valid,Non-standard,74
4055737,19633006,Mucous cyst,Morph Abnormality,SNOMED,Valid,Standard,74
4035929,228324005,Drinking session,Clinical Finding,SNOMED,Valid,Standard,74
436605,287186005,Attempted suicide - jumping from a high place,Event,SNOMED,Valid,Standard,73
4230179,406225007,Reproductive technology management,Procedure,SNOMED,Valid,Standard,73
4166788,293924006,Allergy to haloperidol,Clinical Finding,SNOMED,Valid,Non-standard,73
4154726,284176003,Geographical terrestrial feature,Location,SNOMED,Valid,Non-standard,73
4043006,118622000,Fistula,Morph Abnormality,SNOMED,Valid,Standard,73
42872383,1031000119109,Insufficient prenatal care,Clinical Finding,SNOMED,Valid,Standard,72
4218400,82049002,Squamous papillomatosis,Morph Abnormality,SNOMED,Valid,Standard,72
4179332,52184009,Parent-child problem,Clinical Finding,SNOMED,Valid,Standard,72
4168966,419991009,Endotracheal tube present,Clinical Finding,SNOMED,Valid,Non-standard,72
4166475,295009002,Allergy to spironolactone,Clinical Finding,SNOMED,Valid,Non-standard,72
4164387,293295008,Adverse reaction caused by bisphosphonate,Disorder,SNOMED,Valid,Standard,72
4151405,269795008,Foreign body accident - orifice,Event,SNOMED,Valid,Standard,72
4098989,292256004,Cyclosporin adverse reaction,Disorder,SNOMED,Valid,Standard,72
37116581,733341007,Feeding problem in adulthood,Clinical Finding,SNOMED,Valid,Standard,72
42873162,581000119100,Long term methotrexate user,Clinical Finding,SNOMED,Valid,Standard,71
4268603,63234004,Divorce,Clinical Finding,SNOMED,Valid,Standard,71
4250603,408997006,Adolescent care,Procedure,SNOMED,Valid,Standard,71
4175951,49755003,Morphologically abnormal structure,Morph Abnormality,SNOMED,Valid,Standard,71
4168882,294682002,Allergy to prednisone,Clinical Finding,SNOMED,Valid,Non-standard,71
4050586,23321002,Struck by sports equipment,Event,SNOMED,Valid,Standard,71
4021761,10598001,Contact with hand tool,Event,SNOMED,Valid,Standard,71
36683300,781073000,Family history of polycystic ovary syndrome,Context-dependent,SNOMED,Valid,Standard,71
44784299,698378009,Coronary artery bypass graft operation planned,Context-dependent,SNOMED,Valid,Standard,70
442666,214179001,"Motor vehicle traffic accident involving collision between motor vehicle and pedal cycle, pedal cyclist injured",Event,SNOMED,Valid,Standard,70
439406,232347008,Allergy to animal dander,Clinical Finding,SNOMED,Valid,Non-standard,70
438950,292163006,Intravenous anesthetics adverse reaction,Disorder,SNOMED,Valid,Standard,70
4267356,365457007,Foreign travel history finding,Clinical Finding,SNOMED,Valid,Standard,70
4063418,21471008,Baseball,Qualifier Value,SNOMED,Valid,Standard,70
37312607,789026009,Requires vaccination against diphtheria-tetanus-pertussis with poliomyelitis,Clinical Finding,SNOMED,Valid,Standard,70
2617803,G8399,Patient with documented results of a central dual-energy x-ray absorptiometry (dxa) ever being performed,HCPCS,HCPCS,Valid,Standard,70
765130,3570001000004106,Family history of myasthenia gravis,Context-dependent,SNOMED,Valid,Standard,69
4329111,431331006,Family history of breast cancer 2 gene mutation,Context-dependent,SNOMED,Valid,Standard,69
4170510,294973005,Allergy to pravastatin,Clinical Finding,SNOMED,Valid,Non-standard,69
4099820,253079007,Malignant pineal germinoma,Morph Abnormality,SNOMED,Valid,Standard,69
4098402,292853000,Hydroxychloroquine adverse reaction,Disorder,SNOMED,Valid,Standard,69
40772539,LP14732-9,Phenytoin,LOINC Component,LOINC,Valid,Non-standard,69
4353833,251031008,Coronary stent occluded,Clinical Finding,SNOMED,Valid,Standard,68
4327278,429954004,Family history of cleft lip,Context-dependent,SNOMED,Valid,Standard,68
4304355,103688009,Acute myeloid leukemia with CBFB::MYH11 fusion,Morph Abnormality,SNOMED,Valid,Standard,68
42742431,3395F,"Quantitative non-HER2 immunohistochemistry (IHC) evaluation of breast cancer (eg, testing for estrogen or progesterone receptors [ER/PR]) performed (PATH)",CPT4,CPT4,Valid,Standard,68
4116804,301338002,Finding of head circumference,Clinical Finding,SNOMED,Valid,Standard,68
40792478,LP16066-0,ceFAZolin,LOINC Component,LOINC,Valid,Non-standard,68
37117131,16090331000119101,Exposure to mold,Event,SNOMED,Valid,Standard,234
44787269,LP171630-9,Pravastatin,LOINC Component,LOINC,Valid,Non-standard,67
435432,292410009,Central stimulant adverse reaction,Disorder,SNOMED,Valid,Standard,67
434850,219203009,Assault by shotgun,Event,SNOMED,Valid,Standard,67
4316348,9550003,Bronchogenic cyst,Morph Abnormality,SNOMED,Valid,Standard,67
4148832,310417005,Certification procedure,Procedure,SNOMED,Valid,Standard,67
4117479,256277009,Grass pollen,Substance,SNOMED,Valid,Standard,134
4106295,256307007,Banana,Substance,SNOMED,Valid,Standard,134
4096273,292093003,Tuberculin adverse reaction,Disorder,SNOMED,Valid,Standard,67
4086757,243883003,Driving fitness status,Clinical Finding,SNOMED,Valid,Standard,67
40792723,LP28566-5,levETIRAcetam,LOINC Component,LOINC,Valid,Non-standard,67
40792607,LP17988-4,Allopurinol,LOINC Component,LOINC,Valid,Non-standard,67
37109436,53081000119101,Long-term current use of testosterone replacement therapy,Context-dependent,SNOMED,Valid,Standard,67
35626999,2cf7710f-ee5d-466a-8347-158538e9d38c,"Retired SNOMED UK Drug extension concept, do not use, use concept indicated by the CONCEPT_RELATIONSHIP table, if any",Qualifier Value,SNOMED,Valid,Non-standard,67
44787553,LP17866-2,NIFEdipine,LOINC Component,LOINC,Valid,Non-standard,66
44787244,LP171391-8,Clopidogrel,LOINC Component,LOINC,Valid,Non-standard,66
433946,274919008,Fall on same level due to impact against another person,Event,SNOMED,Valid,Standard,66
4303541,419972009,Allergy to shrimp,Clinical Finding,SNOMED,Valid,Non-standard,66
4295146,76464004,"Hospital admission, for observation",Procedure,SNOMED,Valid,Standard,66
4268831,365921005,Weight change finding,Clinical Finding,SNOMED,Valid,Standard,66
4241588,58424009,Overeating,Clinical Finding,SNOMED,Valid,Standard,66
4207827,55331005,Newborn regurgitation of food,Clinical Finding,SNOMED,Valid,Standard,66
4181184,43005009,Shuffling gait,Clinical Finding,SNOMED,Valid,Standard,66
4143858,427572007,Recent weight gain,Clinical Finding,SNOMED,Valid,Standard,66
40786013,LP17172-5,buPROPion,LOINC Component,LOINC,Valid,Non-standard,66
4048473,23233009,Previous known suicide attempt,Event,SNOMED,Valid,Standard,66
40483084,442327001,Twin liveborn born in hospital,Context-dependent,SNOMED,Valid,Standard,66
4013560,103636002,"Atypical squamous cells of uncertain significance, probably benign",Morph Abnormality,SNOMED,Valid,Standard,66
37017058,713242006,Supervision of high risk pregnancy with poor reproductive history,Procedure,SNOMED,Valid,Standard,66
761094,14560001000004102,Family history of Factor V Leiden mutation,Context-dependent,SNOMED,Valid,Standard,65
438668,217631001,Accidents due to travel and motion,Event,SNOMED,Valid,Standard,65
4316727,217147000,Fall from embankment,Event,SNOMED,Valid,Standard,65
4244991,396224008,Endometriosis,Morph Abnormality,SNOMED,Valid,Standard,65
4209441,56381008,Calculus,Morph Abnormality,SNOMED,Valid,Standard,65
4188285,414505004,Inline skating,Qualifier Value,SNOMED,Valid,Standard,65
4179955,50960005,Hemorrhage,Morph Abnormality,SNOMED,Valid,Standard,65
4165006,294551009,Allergy to ceftriaxone,Clinical Finding,SNOMED,Valid,Non-standard,65
4105835,25694009,Papule,Morph Abnormality,SNOMED,Valid,Standard,65
4103468,25622003,Support system deficit,Clinical Finding,SNOMED,Valid,Standard,65
4094043,281036007,Follow-up consultation,Procedure,SNOMED,Valid,Standard,65
4093835,248233002,Mental alertness,Observable Entity,SNOMED,Valid,Standard,65
40792724,LP28720-8,Moxifloxacin,LOINC Component,LOINC,Valid,Non-standard,65
37396891,716872004,Antineoplastic chemotherapy regimen,Procedure,SNOMED,Valid,Standard,65
37108852,151201000119107,Allergy to insect venom,Clinical Finding,SNOMED,Valid,Non-standard,65
35622676,764795004,Transplant recipient EBV (Epstein Barr virus) antibody positive,Context-dependent,SNOMED,Valid,Standard,65
2617822,G8422,"Bmi not documented, documentation the patient is not eligible for bmi calculation (Deprecated)",HCPCS,HCPCS,Valid,Standard,65
44783516,699006006,Ventricular shunt in situ,Clinical Finding,SNOMED,Valid,Non-standard,64
438301,215414001,Water transport accident,Event,SNOMED,Valid,Standard,64
4147964,268562005,Unfit to drive,Clinical Finding,SNOMED,Valid,Standard,64
4146790,307900002,Certification status,Clinical Finding,SNOMED,Valid,Standard,64
4136500,31703004,"Streptococcus, viridans group",Organism,SNOMED,Valid,Standard,64
4124758,260678004,Use of anticoagulation,Attribute,SNOMED,Valid,Non-standard,64
4075418,24551003,Arteriovenous malformation,Morph Abnormality,SNOMED,Valid,Standard,64
4052632,160953001,Family history of acute medical disorder,Context-dependent,SNOMED,Valid,Standard,64
4052486,160734000,Lives in nursing home,Clinical Finding,SNOMED,Valid,Standard,64
4047773,12393003,Purpura,Morph Abnormality,SNOMED,Valid,Standard,64
4030272,128858006,Central neurocytoma,Morph Abnormality,SNOMED,Valid,Standard,64
36715288,720835004,Mammogram declined,Context-dependent,SNOMED,Valid,Standard,64
45769870,81781000119107,Intolerance to infant formula,Clinical Finding,SNOMED,Valid,Standard,63
4317647,217855009,Accidentally struck by thrown ball,Event,SNOMED,Valid,Standard,63
4140205,32913002,Medullary carcinoma,Morph Abnormality,SNOMED,Valid,Standard,63
4080983,182817000,Drug prescription,Context-dependent,SNOMED,Valid,Non-standard,63
40785889,LP15762-5,Ampicillin,LOINC Component,LOINC,Valid,Non-standard,63
4054576,242503001,Burning due to contact with water from hot tap,Event,SNOMED,Valid,Standard,63
40480877,441831003,Gluten sensitivity,Clinical Finding,SNOMED,Valid,Non-standard,63
4029181,128852007,Mucinous cystic tumor of borderline malignancy,Morph Abnormality,SNOMED,Valid,Standard,63
4327587,430711004,Family history of seizure disorder,Context-dependent,SNOMED,Valid,Standard,62
4203148,53041004,Substance with alcohol structure,Substance,SNOMED,Valid,Non-standard,62
4085931,243822005,Depot contraceptive status,Clinical Finding,SNOMED,Valid,Standard,62
4008159,102492002,Failure to maintain weight,Clinical Finding,SNOMED,Valid,Standard,62
36712833,12275351000119103,Breast cancer screening declined,Context-dependent,SNOMED,Valid,Standard,62
44782700,131591000119104,Bare metal stent in circumflex branch of left coronary artery,Clinical Finding,SNOMED,Valid,Non-standard,61
4230706,439154009,Family history of myocarditis,Context-dependent,SNOMED,Valid,Standard,61
4216176,394886001,Suspected heart disease,Context-dependent,SNOMED,Valid,Standard,61
4214593,39471001,Bile duct adenoma,Morph Abnormality,SNOMED,Valid,Standard,61
4207354,54002007,Saccular aneurysm,Morph Abnormality,SNOMED,Valid,Standard,61
4171306,294431008,Allergy to chlorhexidine,Clinical Finding,SNOMED,Valid,Non-standard,61
40779371,LP17189-9,Cyclobenzaprine,LOINC Component,LOINC,Valid,Non-standard,61
4060687,199607009,Intrauterine death - delivered,Event,SNOMED,Valid,Non-standard,61
37109032,16090611000119100,Exposure to lead,Event,SNOMED,Valid,Standard,61
2110380,6030F,"All elements of maximal sterile barrier technique, hand hygiene, skin preparation and, if ultrasound is used, sterile ultrasound techniques followed (CRIT)",CPT4,CPT4,Valid,Standard,61
434555,292386009,Phenothiazine adverse reaction,Disorder,SNOMED,Valid,Standard,60
4216359,80774000,Helicobacter pylori,Organism,SNOMED,Valid,Standard,60
4178598,52097008,Angioimmunoblastic lymphadenopathy,Morph Abnormality,SNOMED,Valid,Standard,60
4169376,293965006,Allergy to atenolol,Clinical Finding,SNOMED,Valid,Non-standard,60
4169208,294988000,Allergy to amiodarone,Clinical Finding,SNOMED,Valid,Non-standard,60
4091196,249197004,Maternal condition during puerperium,Observable Entity,SNOMED,Valid,Standard,60
4069443,17542004,Accident while engaged in work-related activity,Event,SNOMED,Valid,Standard,60
195861,236448000,Small kidney,Clinical Finding,SNOMED,Valid,Standard,60
764562,456641000124103,Family history of amblyopia,Context-dependent,SNOMED,Valid,Standard,59
762886,433231000124100,Non dose-related adverse reaction to medication,Disorder,SNOMED,Valid,Standard,59
44787265,LP171625-9,Ondansetron,LOINC Component,LOINC,Valid,Non-standard,59
440911,292052006,Methadone adverse reaction,Disorder,SNOMED,Valid,Standard,59
4327415,430527008,Family history of malignant neoplasm of testis,Context-dependent,SNOMED,Valid,Standard,59
4309371,84478008,Occupational therapy,Procedure,SNOMED,Valid,Standard,59
4302017,7878000,Accidental death,Event,SNOMED,Valid,Standard,59
42537732,737283003,Dental root implant in situ,Clinical Finding,SNOMED,Valid,Non-standard,59
4243015,3821009,Blunt injury,Morph Abnormality,SNOMED,Valid,Standard,59
4215543,394966004,Suspected respiratory disease,Context-dependent,SNOMED,Valid,Standard,59
4179226,429075005,Dependence on dialysis due to end stage renal disease,Clinical Finding,SNOMED,Valid,Standard,59
4166798,293970004,Allergy to metoprolol,Clinical Finding,SNOMED,Valid,Non-standard,59
4139890,305825006,Seen by rehabilitation service,Clinical Finding,SNOMED,Valid,Standard,59
4054297,242094005,Motor vehicle on road in collision with road-side fixed object,Event,SNOMED,Valid,Standard,59
4051245,160386006,FH: Crohn's disease,Context-dependent,SNOMED,Valid,Standard,59
762843,432701000124107,Medication therapy changed,Context-dependent,SNOMED,Valid,Standard,58
46274036,151181000119106,Family history of chronic respiratory disease,Context-dependent,SNOMED,Valid,Standard,58
45765732,702742009,Supervision of high risk pregnancy for social problem,Procedure,SNOMED,Valid,Standard,58
43533180,G8980,"Mobility: walking & moving around functional limitation, discharge status, at discharge from therapy or to end reporting (Deprecated)",HCPCS,HCPCS,Valid,Standard,58
432804,2617007,Fall from scaffold,Event,SNOMED,Valid,Standard,58
4302207,418689008,Allergy to grass pollen,Clinical Finding,SNOMED,Valid,Non-standard,58
4235672,439570003,Fall in nursing home,Event,SNOMED,Valid,Standard,58
4225205,421493004,Heart murmur,Observable Entity,SNOMED,Valid,Standard,58
4184121,298303005,Finding of measures of gait,Clinical Finding,SNOMED,Valid,Standard,58
4059477,161712005,Menopause,Observable Entity,SNOMED,Valid,Standard,58
4054182,125245002,Retained foreign body,Morph Abnormality,SNOMED,Valid,Standard,58
4012790,112639008,Protrusion,Morph Abnormality,SNOMED,Valid,Standard,58
436589,217115005,Accident caused by diving or jumping into water,Event,SNOMED,Valid,Standard,57
4190388,414403008,Hernia,Morph Abnormality,SNOMED,Valid,Standard,57
4059487,160721001,Housing unsuited to needs,Clinical Finding,SNOMED,Valid,Standard,57
4037483,162467007,Free of symptoms,Context-dependent,SNOMED,Valid,Standard,57
44787288,LP171650-7,Carvedilol,LOINC Component,LOINC,Valid,Non-standard,56
44782696,131521000119101,Bare metal stent in anterior descending branch of left coronary artery,Clinical Finding,SNOMED,Valid,Non-standard,56
438052,217602000,Accident due to excessive cold,Event,SNOMED,Valid,Standard,56
434543,218196008,Overexposure to visual and ultraviolet light sources,Event,SNOMED,Valid,Standard,56
4328896,22090007,Scissoring gait,Clinical Finding,SNOMED,Valid,Standard,56
432509,242116005,"Accident to motor vehicle on road, not involving collision",Event,SNOMED,Valid,Standard,56
4315088,216395005,"Place of occurrence of accident or poisoning, church",Location,SNOMED,Valid,Non-standard,56
4301009,77986002,Melanoma in situ,Morph Abnormality,SNOMED,Valid,Standard,56
4163633,293855004,Allergy to trazodone,Clinical Finding,SNOMED,Valid,Non-standard,56
40795976,LP18584-0,Methylprednisolone,LOINC Component,LOINC,Valid,Non-standard,56
40789171,LP15027-3,EPINEPHrine,LOINC Component,LOINC,Valid,Non-standard,56
40772658,LP16309-4,Warfarin,LOINC Component,LOINC,Valid,Non-standard,56
40772633,LP16108-0,diazePAM,LOINC Component,LOINC,Valid,Non-standard,56
4061532,169667002,Antenatal ultrasound scan for slow growth,Clinical Finding,SNOMED,Valid,Standard,56
4053867,242402009,Fall on same level due to accidental impact with another person,Event,SNOMED,Valid,Standard,56
4027637,228315001,Binge drinker,Clinical Finding,SNOMED,Valid,Standard,56
3519003,116593003,Methylprednisolone,Substance,Nebraska Lexicon,Valid,Non-standard,56
1340207,OMOP5165862,History of event longer than 1 year ago,Context-dependent,OMOP Extension,Valid,Standard,56
762409,3490001000004106,Family history of polycythemia,Context-dependent,SNOMED,Valid,Standard,55
443065,242373001,Accidental exposure to metal and/or metal compound,Event,SNOMED,Valid,Standard,55
4334466,430726002,Family history of tremor,Context-dependent,SNOMED,Valid,Standard,55
4276348,65329004,Barber's chair sign positive,Context-dependent,SNOMED,Valid,Standard,55
4147954,268514004,On lithium,Clinical Finding,SNOMED,Valid,Standard,55
4145860,427013000,Alcohol consumption during pregnancy,Clinical Finding,SNOMED,Valid,Standard,55
4082628,277658006,Poor clinical fetal growth,Clinical Finding,SNOMED,Valid,Standard,55
40795755,LP14906-9,Bacitracin,LOINC Component,LOINC,Valid,Non-standard,55
40775966,LP16297-1,traZODone,LOINC Component,LOINC,Valid,Non-standard,55
4052186,160871009,Child in foster care,Clinical Finding,SNOMED,Valid,Standard,55
4014153,169741004,Breastfed,Clinical Finding,SNOMED,Valid,Standard,55
19464214,C514822,oxycodone-acetaminophen,Suppl Concept,MeSH,Valid,Non-standard,55
4269785,6250003,Fibromyxosarcoma,Morph Abnormality,SNOMED,Valid,Non-standard,54
4182039,298310004,Romberg's sign positive,Context-dependent,SNOMED,Valid,Standard,54
4071457,219236005,Assault by striking with blunt object,Event,SNOMED,Valid,Standard,54
4069513,215165000,Pedal cycle accident involving fall from pedal cycle,Event,SNOMED,Valid,Standard,54
4050802,160319008,FH: Thalassemia,Context-dependent,SNOMED,Valid,Standard,54
40492989,449038007,Uses hormone releasing intrauterine device contraception,Clinical Finding,SNOMED,Valid,Standard,54
46269913,108801000119109,Family history of blood coagulation disorder,Context-dependent,SNOMED,Valid,Standard,53
45757483,150871000119109,Insertion of intrauterine contraceptive device done,Context-dependent,SNOMED,Valid,Non-standard,53
44787712,LP18088-2,sulfaSALAzine,LOINC Component,LOINC,Valid,Non-standard,53
437741,218147003,Accidental burning caused by caustic and corrosive substance,Event,SNOMED,Valid,Standard,53
43533253,G8986,"Carrying, moving & handling objects functional limitation, discharge status, at discharge from therapy or to end reporting (Deprecated)",HCPCS,HCPCS,Valid,Standard,53
4316719,217103006,Fall from balcony,Event,SNOMED,Valid,Standard,53
42535500,31881000119108,Family history of breast cancer gene BRCA mutation,Context-dependent,SNOMED,Valid,Standard,53
4243645,5980009,Wrestling,Qualifier Value,SNOMED,Valid,Standard,53
4228311,405615003,Notable event,Event,SNOMED,Valid,Standard,53
4227394,406192005,Caregiver behavior,Observable Entity,SNOMED,Valid,Standard,53
4207306,312213004,Surgical arteriovenous fistula,Morph Abnormality,SNOMED,Valid,Standard,53
4206785,5600009,Schneiderian carcinoma,Morph Abnormality,SNOMED,Valid,Standard,53
4168340,419788000,Allergy to nickel,Clinical Finding,SNOMED,Valid,Non-standard,53
4106297,256313003,Pineapple,Substance,SNOMED,Valid,Standard,106
4053380,160331005,FH: Manic-depressive state,Context-dependent,SNOMED,Valid,Standard,53
4035931,228326007,Drinking binge,Clinical Finding,SNOMED,Valid,Standard,53
35627038,1cdb221c-d1df-42ea-a87e-fafbca9cc582,"Retired SNOMED UK Drug extension concept, do not use, use concept indicated by the CONCEPT_RELATIONSHIP table, if any",Qualifier Value,SNOMED,Valid,Non-standard,53
763986,449371000124105,Long-term current use of hormonal contraceptive,Context-dependent,SNOMED,Valid,Standard,52
436619,219329006,Hanging of unknown intent,Event,SNOMED,Valid,Standard,52
435992,217952006,Accident caused by lifting machines and appliances,Event,SNOMED,Valid,Standard,52
4339223,88289009,Soccer,Qualifier Value,SNOMED,Valid,Standard,52
4226111,422003001,Cachexia associated with AIDS,Clinical Finding,SNOMED,Valid,Standard,52
4168751,294592000,Allergy to tetracycline,Clinical Finding,SNOMED,Valid,Non-standard,52
4148406,266893006,FH: Blindness/low vision,Context-dependent,SNOMED,Valid,Standard,52
4063049,19929002,Angiomyolipoma,Morph Abnormality,SNOMED,Valid,Standard,52
4060212,161840007,Feeding problem due to illness,Clinical Finding,SNOMED,Valid,Standard,52
4005645,110264005,Effects of chemotherapy,Clinical Finding,SNOMED,Valid,Standard,52
46270581,64501000119109,Family history of hemoglobinopathy,Context-dependent,SNOMED,Valid,Standard,51
440071,170737008,Gout associated problem,Clinical Finding,SNOMED,Valid,Standard,51
438058,248111006,Rape - assault,Event,SNOMED,Valid,Standard,51
4300859,77643000,Ecchymosis,Morph Abnormality,SNOMED,Valid,Standard,51
42872382,1011000119104,Vaginal pessary in situ,Clinical Finding,SNOMED,Valid,Non-standard,51
42627998,97168,"Re-evaluation of occupational therapy established plan of care, requiring these components: An assessment of changes in patient functional or medical status with revised plan of care; An update to the initial occupational profile to reflect change...",CPT4,CPT4,Valid,Standard,51
4228617,422106007,Add,Qualifier Value,SNOMED,Valid,Standard,51
4164550,293517002,Digoxin adverse reaction,Disorder,SNOMED,Valid,Standard,51
4095830,292483000,Alpha-adrenoceptor agonist adverse reaction,Disorder,SNOMED,Valid,Standard,51
4088483,280415008,Abnormal result,Qualifier Value,SNOMED,Valid,Standard,51
40789320,LP16999-2,House dust,LOINC Component,LOINC,Valid,Non-standard,51
40776164,LP21161-2,QUEtiapine,LOINC Component,LOINC,Valid,Non-standard,51
4060133,169490003,IUD threads lost,Clinical Finding,SNOMED,Valid,Non-standard,51
4055389,242649000,Bite of bed bug,Event,SNOMED,Valid,Standard,51
4053574,242145007,Accident to unpowered road vehicle or conveyance,Event,SNOMED,Valid,Standard,51
4044812,12222001,Abnormality of red blood cells,Morph Abnormality,SNOMED,Valid,Standard,51
4037849,162655003,Full examination performed,Context-dependent,SNOMED,Valid,Standard,51
4027234,128488006,House dust,Substance,SNOMED,Valid,Standard,102
37108956,15929341000119102,Long-term current use of antipsychotic medication,Context-dependent,SNOMED,Valid,Standard,51
3518850,386850001,Quetiapine,Substance,Nebraska Lexicon,Valid,Non-standard,51
4334183,432805000,Suspected deep vein thrombosis,Context-dependent,SNOMED,Valid,Standard,50
4303202,78691002,Staggering gait,Clinical Finding,SNOMED,Valid,Standard,50
4302072,418519005,Height below average,Clinical Finding,SNOMED,Valid,Standard,50
4298337,77588008,Exposure to animate mechanical force,Event,SNOMED,Valid,Standard,50
4278980,65118005,Marital problems,Clinical Finding,SNOMED,Valid,Standard,50
4180707,53281000,Annual,Qualifier Value,SNOMED,Valid,Standard,50
4179640,5244003,Intraductal papilloma,Morph Abnormality,SNOMED,Valid,Standard,50
4144955,339008,Blister,Morph Abnormality,SNOMED,Valid,Standard,50
40782554,LP15017-4,Propoxyphene,LOINC Component,LOINC,Valid,Non-standard,50
40772771,LP18092-4,Nitroglycerin,LOINC Component,LOINC,Valid,Non-standard,50
4048064,123629008,Hemorrhagic diverticulitis,Morph Abnormality,SNOMED,Valid,Standard,50
46270577,64181000119106,Family history of Marfan syndrome,Context-dependent,SNOMED,Valid,Standard,49
44787250,LP171397-5,Ezetimibe,LOINC Component,LOINC,Valid,Non-standard,49
435146,218164000,Accident caused by electric current,Event,SNOMED,Valid,Standard,49
4215667,416855002,Family history of diabetes mellitus in first degree relative,Context-dependent,SNOMED,Valid,Standard,49
4162129,372060004,"Fracture, extra-articular",Morph Abnormality,SNOMED,Valid,Standard,49
4140691,33522002,Serratia marcescens,Organism,SNOMED,Valid,Standard,49
4052804,160469004,FH: Allergy,Context-dependent,SNOMED,Valid,Standard,49
36675020,771257008,Bite of spider,Event,SNOMED,Valid,Standard,49
35615059,15971181000119105,Right femoral hernia,Disorder,SNOMED,Valid,Standard,49
440292,417895009,Topical agent adverse reaction,Disorder,SNOMED,Valid,Standard,48
4312098,85804007,Congestion,Morph Abnormality,SNOMED,Valid,Standard,48
4301743,78361000,Engaged in falling,Event,SNOMED,Valid,Standard,48
4167539,417981005,Exposure to blood and/or body fluid,Event,SNOMED,Valid,Standard,48
4151406,269796009,Shotgun accident,Event,SNOMED,Valid,Standard,48
4134776,262256007,Video-assisted thoracoscopic surgery,Qualifier Value,SNOMED,Valid,Standard,48
4104542,29185008,Fatty degeneration,Morph Abnormality,SNOMED,Valid,Standard,48
40795921,LP17167-5,Meropenem,LOINC Component,LOINC,Valid,Non-standard,48
40772786,LP18544-4,Cortisone,LOINC Component,LOINC,Valid,Non-standard,48
40479376,444400000,Exposure to Streptococcus,Event,SNOMED,Valid,Standard,48
4047566,134439009,FH: premature coronary heart disease,Context-dependent,SNOMED,Valid,Standard,48
4030637,107669003,Degenerative abnormality,Morph Abnormality,SNOMED,Valid,Standard,48
4012171,112674009,Fibrosis,Morph Abnormality,SNOMED,Valid,Standard,48
37312222,789537001,Oral contraceptive prescribed,Context-dependent,SNOMED,Valid,Non-standard,48
36684378,782594005,Allergy to soy protein,Clinical Finding,SNOMED,Valid,Non-standard,48
2101942,1124F,"Advance Care Planning discussed and documented in the medical record, patient did not wish or was not able to name a surrogate decision maker or provide an advance care plan (DEM) (GER, Pall Cr)",CPT4,CPT4,Valid,Non-standard,48
45773566,707738004,Lower limb length discrepancy,Observable Entity,SNOMED,Valid,Standard,47
4313252,217785008,Choked on food,Event,SNOMED,Valid,Standard,47
4294884,401052005,Family history of malignant hyperthermia,Context-dependent,SNOMED,Valid,Standard,47
4172326,420239005,Exposure to toxin,Event,SNOMED,Valid,Standard,47
4168964,419989001,Propionic acid derivative adverse reaction,Disorder,SNOMED,Valid,Standard,47
4167456,294471003,Allergy to clarithromycin,Clinical Finding,SNOMED,Valid,Non-standard,47
4149376,268512000,Home oxygen supply,Clinical Finding,SNOMED,Valid,Standard,47
40789365,LP17843-1,Albuterol,LOINC Component,LOINC,Valid,Non-standard,47
4062333,170935008,Full care by hospice,Clinical Finding,SNOMED,Valid,Standard,47
4037679,162690006,O/E - obese,Clinical Finding,SNOMED,Valid,Non-standard,47
37109257,289371000119100,Family disruption due to child under care of non-parental relative,Clinical Finding,SNOMED,Valid,Standard,47
36716979,73701000119109,Influenza vaccination given,Context-dependent,SNOMED,Valid,Non-standard,47
2617827,G8427,"Eligible clinician attests to documenting in the medical record they obtained, updated, or reviewed the patient's current medications",HCPCS,HCPCS,Valid,Standard,47
44787229,LP18586-5,Omeprazole,LOINC Component,LOINC,Valid,Non-standard,46
4274417,365469004,"Household, family and support network finding",Clinical Finding,SNOMED,Valid,Standard,46
4241582,58405006,Keloid,Morph Abnormality,SNOMED,Valid,Standard,46
4175586,297249002,Family history of procedure,Context-dependent,SNOMED,Valid,Non-standard,46
4165820,293867002,Allergy to carbamazepine,Clinical Finding,SNOMED,Valid,Non-standard,46
4152175,271579008,Motor vehicle on road in collision with nonmotor vehicle,Event,SNOMED,Valid,Standard,46
4138045,305381007,Admission to palliative care department,Procedure,SNOMED,Valid,Standard,46
4093699,248110007,Sexual assault,Event,SNOMED,Valid,Standard,46
40782649,LP16207-0,Midazolam,LOINC Component,LOINC,Valid,Non-standard,46
40772727,LP17242-6,Sertraline,LOINC Component,LOINC,Valid,Non-standard,46
4059498,160770002,Social worker involved,Clinical Finding,SNOMED,Valid,Standard,46
765839,432761000124108,Medication dose increased,Context-dependent,SNOMED,Valid,Standard,45
618895,878899005,Inadequate intake of plant fiber,Clinical Finding,SNOMED,Valid,Standard,45
601856,471811000124106,Allergy to empagliflozin,Clinical Finding,SNOMED,Valid,Non-standard,45
440623,292377004,Butyrophenone adverse reaction,Disorder,SNOMED,Valid,Standard,45
439615,217150002,Fall from stationary vehicle,Event,SNOMED,Valid,Standard,45
438320,216949005,Failure of sterile precautions during heart catheterization,Event,SNOMED,Valid,Standard,45
432512,216897005,Foreign object left in body during procedure,Event,SNOMED,Valid,Standard,45
4323762,429251000,Family history of malignant neoplasm of brain,Context-dependent,SNOMED,Valid,Standard,45
4323567,71244007,Syringoma,Morph Abnormality,SNOMED,Valid,Standard,45
4303528,418908004,Exposure to electric current,Event,SNOMED,Valid,Standard,45
4269440,364671000,Dialysis observable,Observable Entity,SNOMED,Valid,Standard,45
4236883,405751000,Diabetes type,Observable Entity,SNOMED,Valid,Standard,45
4202344,308817005,Appointment status,Clinical Finding,SNOMED,Valid,Standard,45
4173380,295000003,Allergy to furosemide,Clinical Finding,SNOMED,Valid,Non-standard,45
4165492,293722000,Allergy to lidocaine,Clinical Finding,SNOMED,Valid,Non-standard,45
4131045,264536006,Interstitial nephritis,Qualifier Value,SNOMED,Valid,Standard,45
4097489,292319006,Sodium valproate adverse reaction,Disorder,SNOMED,Valid,Standard,45
4029971,128628002,Large cell neuroendocrine carcinoma,Morph Abnormality,SNOMED,Valid,Standard,45
4012071,162025006,Difficulty swallowing fluid,Clinical Finding,SNOMED,Valid,Standard,45
2212759,86078,"Blood bank physician services; investigation of transfusion reaction including suspicion of transmissible disease, interpretation and written report",CPT4,CPT4,Valid,Standard,45
764551,456511000124103,Family history of vitamin D deficiency,Context-dependent,SNOMED,Valid,Standard,44
762366,3350001000004106,Family history of viral hepatitis type C,Context-dependent,SNOMED,Valid,Standard,44
44787273,LP171634-1,Ramipril,LOINC Component,LOINC,Valid,Non-standard,44
438947,274924006,Burning due to contact with hot water,Event,SNOMED,Valid,Standard,44
4327709,430753003,Family history of aneurysm of thoracic aorta,Context-dependent,SNOMED,Valid,Standard,44
4327590,430716009,Family history of osteopenia,Context-dependent,SNOMED,Valid,Standard,44
4282747,67409000,Fecal impaction,Morph Abnormality,SNOMED,Valid,Standard,44
4187630,413350009,Finding with explicit context,Context-dependent,SNOMED,Valid,Standard,44
4169197,294929006,Allergy to niacin,Clinical Finding,SNOMED,Valid,Non-standard,44
4141776,266887003,FH: Raised blood lipids,Context-dependent,SNOMED,Valid,Standard,44
4023166,105523009,Gambling,Clinical Finding,SNOMED,Valid,Standard,44
4019964,105488004,Difficulty with parents,Clinical Finding,SNOMED,Valid,Standard,44
37017954,714332003,Allergy to banana,Clinical Finding,SNOMED,Valid,Non-standard,44
2101832,0503F,Postpartum care visit (Prenatal),CPT4,CPT4,Valid,Non-standard,44
44787281,LP171642-4,Tamsulosin,LOINC Component,LOINC,Valid,Non-standard,43
42536194,734881000,Tomato,Substance,SNOMED,Valid,Standard,86
4240904,91940001,Allergy to walnut,Clinical Finding,SNOMED,Valid,Non-standard,43
4204177,309042009,Medicolegal procedure status,Clinical Finding,SNOMED,Valid,Standard,43
4166010,293996002,Allergy to nifedipine,Clinical Finding,SNOMED,Valid,Non-standard,43
4141769,266758009,Immunization contraindicated,Context-dependent,SNOMED,Valid,Standard,43
40772631,LP16061-1,carBAMazepine,LOINC Component,LOINC,Valid,Non-standard,43
4072660,242080009,Hit by railway vehicle,Event,SNOMED,Valid,Standard,43
4046988,135840009,Blood pressure monitoring,Procedure,SNOMED,Valid,Standard,43
4022061,105470007,Blood donor,Social Context,SNOMED,Valid,Non-standard,43
35627056,763eb037-c621-4e17-bbb6-cec82fe7e39f,"Retired SNOMED UK Drug extension concept, do not use, use concept indicated by the CONCEPT_RELATIONSHIP table, if any",Qualifier Value,SNOMED,Valid,Non-standard,43
3518916,42692007,Naproxen sodium,Substance,Nebraska Lexicon,Valid,Non-standard,43
45757816,46131000119108,Counseling for infertility done,Context-dependent,SNOMED,Valid,Non-standard,42
44787432,LP157546-5,Apixaban,LOINC Component,LOINC,Valid,Non-standard,42
44787267,LP171628-3,Pantoprazole,LOINC Component,LOINC,Valid,Non-standard,42
437761,218100007,Accident caused by fireworks,Event,SNOMED,Valid,Standard,42
437177,218568007,Adverse reaction to fibrinolytic drugs,Disorder,SNOMED,Valid,Standard,42
4315368,218051004,Accident caused by scissors,Event,SNOMED,Valid,Standard,42
42536405,735211005,Coconut,Substance,SNOMED,Valid,Standard,84
42536301,735045008,Mushroom,Substance,SNOMED,Valid,Standard,84
4224851,422352008,Obstruction of urinary catheter,Clinical Finding,SNOMED,Valid,Standard,42
4202605,309039003,Discharge status,Clinical Finding,SNOMED,Valid,Standard,42
4169921,48015001,Fall through window,Event,SNOMED,Valid,Standard,42
4169278,418189009,Child abuse,Event,SNOMED,Valid,Standard,42
4167464,294506009,Allergy to ampicillin,Clinical Finding,SNOMED,Valid,Non-standard,42
4164700,293655002,Allergy to omeprazole,Clinical Finding,SNOMED,Valid,Non-standard,42
4164686,293605005,Allergy to fentanyl,Clinical Finding,SNOMED,Valid,Non-standard,42
4155001,371757000,Lysis,Morph Abnormality,SNOMED,Valid,Standard,42
4095910,190280006,Phlegmon,Morph Abnormality,SNOMED,Valid,Standard,42
40772874,LP28864-4,Mushroom,LOINC Component,LOINC,Valid,Non-standard,42
4062643,171154002,Cancer cervix screening - not needed,Clinical Finding,SNOMED,Valid,Standard,42
4050803,160320002,Family history of sickle cell anemia,Context-dependent,SNOMED,Valid,Standard,42
35627028,274d6328-bff3-4363-ba09-b0d1cdf63606,"Retired SNOMED UK Drug extension concept, do not use, use concept indicated by the CONCEPT_RELATIONSHIP table, if any",Qualifier Value,SNOMED,Valid,Non-standard,42
35613628,8b998a8d-bf68-4c63-b507-f667334c3a66,"Retired SNOMED UK Drug extension concept, do not use, use concept indicated by the CONCEPT_RELATIONSHIP table, if any",Qualifier Value,SNOMED,Valid,Non-standard,42
602208,1326121000000101,Allergy to ezetimibe,Clinical Finding,SNOMED,Valid,Non-standard,41
443256,276849007,Psychological abuse of adult,Event,SNOMED,Valid,Standard,41
442329,40947009,Drowning,Event,SNOMED,Valid,Standard,41
435137,216912004,"Foreign object left in body during aspiration of fluid or tissue, puncture and catheterization",Event,SNOMED,Valid,Standard,41
433389,293047005,Tetracyclines group adverse reaction,Disorder,SNOMED,Valid,Standard,41
4307371,83343001,Capillary hemangioma,Morph Abnormality,SNOMED,Valid,Standard,41
4295151,401211005,Tandem gait test - abnormal,Clinical Finding,SNOMED,Valid,Standard,41
4267876,61722000,Tubulovillous adenoma,Morph Abnormality,SNOMED,Valid,Standard,41
4267503,365580001,Finding of personal status,Clinical Finding,SNOMED,Valid,Standard,41
4261709,412071004,Wheat,Substance,SNOMED,Valid,Standard,123
42537957,738069006,Intolerance to cow milk,Clinical Finding,SNOMED,Valid,Standard,41
4244742,60346004,Non-functioning pancreatic neuroendocrine tumor,Morph Abnormality,SNOMED,Valid,Standard,41
4165468,293622007,Allergy to ketorolac,Clinical Finding,SNOMED,Valid,Non-standard,41
4162376,398240004,Medication error,Event,SNOMED,Valid,Standard,41
4158467,271907004,General examination finding,Observable Entity,SNOMED,Valid,Standard,41
4084784,2424003,Sarcoma,Morph Abnormality,SNOMED,Valid,Non-standard,41
4028716,128844009,Essential thrombocythemia,Morph Abnormality,SNOMED,Valid,Standard,41
4010818,102424008,Exposure to polluted air,Event,SNOMED,Valid,Standard,41
37063553,LP207986-3,Lactase,LOINC Component,LOINC,Valid,Non-standard,41
2108254,36592,"Collection of blood specimen using established central or peripheral catheter, venous, not otherwise specified",CPT4,CPT4,Valid,Standard,41
762815,432321000124101,Taking medication for chronic disease,Clinical Finding,SNOMED,Valid,Standard,40
607211,1149345007,Excessive weight gain during pregnancy,Clinical Finding,SNOMED,Valid,Standard,40
441750,217814006,Accidental mechanical suffocation,Event,SNOMED,Valid,Standard,40
43533210,G8989,"Self care functional limitation, discharge status, at discharge from therapy or to end reporting (Deprecated)",HCPCS,HCPCS,Valid,Standard,40
4327746,430882007,Egg donor,Social Context,SNOMED,Valid,Non-standard,40
4240647,91938006,Allergy to strawberry,Clinical Finding,SNOMED,Valid,Non-standard,40
4168818,419048002,Event of undetermined intent,Event,SNOMED,Valid,Standard,40
4168723,294477004,Allergy to trimethoprim,Clinical Finding,SNOMED,Valid,Non-standard,40
4167968,293859005,Allergy to lamotrigine,Clinical Finding,SNOMED,Valid,Non-standard,40
4145768,34360000,"Fibrous histiocytoma, malignant",Morph Abnormality,SNOMED,Valid,Standard,40
40782648,LP16198-1,Methotrexate,LOINC Component,LOINC,Valid,Non-standard,40
4051564,160305008,Family history of metabolic disorder,Context-dependent,SNOMED,Valid,Standard,40
4049041,206567004,Overfeeding in newborn,Clinical Finding,SNOMED,Valid,Standard,40
4034133,113727004,Vancomycin resistant Enterococcus,Organism,SNOMED,Valid,Standard,40
3667030,860604008,Allergy to apple,Clinical Finding,SNOMED,Valid,Non-standard,40
443375,293383005,Vitamin products adverse reaction,Disorder,SNOMED,Valid,Standard,39
437740,218069008,Accident caused by explosion of pressure vessel,Event,SNOMED,Valid,Standard,39
436591,217543007,Accident caused directly by controlled fire in private dwelling,Event,SNOMED,Valid,Standard,39
434236,39109007,Fall involving sports equipment,Event,SNOMED,Valid,Standard,39
42742428,3125F,"Esophageal biopsy report with statement about dysplasia (present, absent, or indefinite) (PATH) (Deprecated)",CPT4,CPT4,Valid,Standard,39
42739582,53,Discontinued Procedure,CPT4 Modifier,CPT4,Valid,Standard,39
4233949,89906000,Verrucous carcinoma,Morph Abnormality,SNOMED,Valid,Standard,39
4187053,413967009,Dendritic cell neoplasm,Morph Abnormality,SNOMED,Valid,Standard,39
4131023,264522001,Extravasation of drug,Morph Abnormality,SNOMED,Valid,Standard,39
4096896,293146004,Prednisone adverse reaction,Disorder,SNOMED,Valid,Standard,39
40785923,LP16116-3,diphenhydrAMINE,LOINC Component,LOINC,Valid,Non-standard,39
3046853,32624-9,Race,Clinical Observation,LOINC,Valid,Standard,39
443623,430398007,Adverse reaction to barbiturate,Disorder,SNOMED,Valid,Standard,38
43530886,609420007,Suspected fetal damage from disease in the mother,Context-dependent,SNOMED,Valid,Standard,38
4306665,419670003,Epidermoid cyst,Morph Abnormality,SNOMED,Valid,Standard,38
4172372,277022003,Remission phase,Qualifier Value,SNOMED,Valid,Standard,38
4171355,49409001,Compound nevus,Morph Abnormality,SNOMED,Valid,Standard,38
4171313,294478009,Allergy to nitrofurantoin,Clinical Finding,SNOMED,Valid,Non-standard,38
4168134,48391002,Calcified granuloma,Morph Abnormality,SNOMED,Valid,Standard,38
4166659,293875008,Allergy to zolpidem,Clinical Finding,SNOMED,Valid,Non-standard,38
4145781,266756008,Medical care unavailable,Context-dependent,SNOMED,Valid,Standard,38
4127485,261534008,Functional endoscopic sinus surgery,Qualifier Value,SNOMED,Valid,Standard,38
4083520,281667005,Maternal history of disorder,Context-dependent,SNOMED,Valid,Standard,38
4060282,214218008,Pedestrian hit by motor vehicle,Event,SNOMED,Valid,Standard,38
4029800,128923008,Prolymphocytic leukemia,Morph Abnormality,SNOMED,Valid,Standard,38
433664,217593006,Accident due to hot weather,Event,SNOMED,Valid,Standard,37
4329937,430722000,Family history of operative procedure,Context-dependent,SNOMED,Valid,Non-standard,37
432806,4521008,Fall from cliff,Event,SNOMED,Valid,Standard,37
4294325,37719003,Milium,Morph Abnormality,SNOMED,Valid,Standard,37
4275876,65278006,"Epithelioid mesothelioma, malignant",Morph Abnormality,SNOMED,Valid,Standard,37
4267888,61789006,Dye,Substance,SNOMED,Valid,Standard,37
4233476,405719001,Chronic ulcer,Morph Abnormality,SNOMED,Valid,Standard,37
4224820,84698008,Cholesterol,Substance,SNOMED,Valid,Non-standard,37
4217586,395681004,Born by forceps delivery,Context-dependent,SNOMED,Valid,Standard,37
4198096,51998003,Therapeutic exercise,Procedure,SNOMED,Valid,Standard,37
4099186,27253007,Foot-drop gait,Clinical Finding,SNOMED,Valid,Standard,37
37312397,788388009,Benign insulinoma,Morph Abnormality,SNOMED,Valid,Standard,37
37116869,733889009,Glioblastoma isocitrate dehydrogenase wildtype,Morph Abnormality,SNOMED,Valid,Standard,37
37109943,723914003,Prolonged grief disorder,Disorder,SNOMED,Valid,Standard,37
3661501,840300001,Adverse reaction caused by human insulin,Disorder,SNOMED,Valid,Standard,37
44787247,LP171394-2,Enalapril,LOINC Component,LOINC,Valid,Non-standard,36
443532,406445001,Accident due to extremes of atmospheric pressure and to sudden changes in atmospheric pressure,Event,SNOMED,Valid,Standard,36
436319,217485009,Conflagration not in building or structure,Event,SNOMED,Valid,Standard,36
432506,292122000,Antacid adverse reaction,Disorder,SNOMED,Valid,Standard,36
4315095,216416008,"Place of occurrence of accident or poisoning, shop, commercial",Location,SNOMED,Valid,Non-standard,36
4271918,364811008,Feeding ability finding,Clinical Finding,SNOMED,Valid,Standard,36
4216175,394877006,FH: Alzheimer's disease,Context-dependent,SNOMED,Valid,Standard,36
4180028,297187004,Bus accident,Event,SNOMED,Valid,Standard,36
4172953,4797003,Papillary adenocarcinoma,Morph Abnormality,SNOMED,Valid,Standard,36
4170576,420226006,Pressure ulcer,Morph Abnormality,SNOMED,Valid,Non-standard,36
4165816,293845003,Allergy to sertraline,Clinical Finding,SNOMED,Valid,Non-standard,36
4095841,292523004,Antimuscarinic adverse reaction,Disorder,SNOMED,Valid,Standard,36
40792402,LP14987-9,cloNIDine,LOINC Component,LOINC,Valid,Non-standard,36
40789335,LP17251-7,lamoTRIgine,LOINC Component,LOINC,Valid,Non-standard,36
40786048,LP17981-9,Procaine,LOINC Component,LOINC,Valid,Non-standard,36
40772808,LP19239-0,Topiramate,LOINC Component,LOINC,Valid,Non-standard,36
4065060,171408004,Medicolegal examination,Procedure,SNOMED,Valid,Standard,36
37016732,712838009,Allergy to cashew nut,Clinical Finding,SNOMED,Valid,Non-standard,36
3519001,372805007,Clonidine,Substance,Nebraska Lexicon,Valid,Non-standard,36
2108631,4110F,"Internal mammary artery graft performed for primary, isolated coronary artery bypass graft procedure (CABG)",CPT4,CPT4,Valid,Non-standard,36
765879,449681000124101,Long-term current use of antiplatelet drug,Context-dependent,SNOMED,Valid,Standard,35
441205,216898000,Foreign object left in body during surgical operation,Event,SNOMED,Valid,Standard,35
4327724,430808009,Family history of nephrotic syndrome,Context-dependent,SNOMED,Valid,Standard,35
4318126,95921002,Elderly person maltreatment,Event,SNOMED,Valid,Standard,35
4239028,680007,Radiation physics consultation,Procedure,SNOMED,Valid,Standard,35
4227806,422349000,Cataract surgery,Qualifier Value,SNOMED,Valid,Standard,35
4166164,293206002,Sex hormones adverse reaction,Disorder,SNOMED,Valid,Standard,35
4165817,293850009,Allergy to fluoxetine,Clinical Finding,SNOMED,Valid,Non-standard,35
4145062,426403007,Late entry into prenatal care,Clinical Finding,SNOMED,Valid,Standard,35
4097626,292414000,Amphetamine group adverse reaction,Disorder,SNOMED,Valid,Standard,35
4087722,24327009,Struma ovarii,Morph Abnormality,SNOMED,Valid,Standard,35
4086788,183996000,Sterilization requested,Context-dependent,SNOMED,Valid,Standard,35
40779602,LP31828-4,Propofol,LOINC Component,LOINC,Valid,Non-standard,35
40779363,LP17101-4,Cefadroxil,LOINC Component,LOINC,Valid,Non-standard,35
4069419,20461001,Swimming,Qualifier Value,SNOMED,Valid,Standard,35
4031374,129866007,Deficient knowledge of medication regimen,Clinical Finding,SNOMED,Valid,Standard,35
4022064,105479008,Truancy,Clinical Finding,SNOMED,Valid,Standard,35
37018474,715034003,Unable to take medication,Clinical Finding,SNOMED,Valid,Standard,35
45769827,71271000119107,Family history of retinitis pigmentosa,Context-dependent,SNOMED,Valid,Standard,34
44787287,LP171649-9,Valsartan,LOINC Component,LOINC,Valid,Non-standard,34
4302940,418589001,Accidental physical contact with animal,Event,SNOMED,Valid,Standard,34
4202273,432807008,Pollen-food allergy,Clinical Finding,SNOMED,Valid,Standard,34
4169696,294234003,Allergy to baclofen,Clinical Finding,SNOMED,Valid,Non-standard,34
4163218,293829000,Allergy to amitriptyline,Clinical Finding,SNOMED,Valid,Non-standard,34
4089039,185335007,Appointment canceled by hospital,Clinical Finding,SNOMED,Valid,Standard,34
40789125,LP14381-5,FLUoxetine,LOINC Component,LOINC,Valid,Non-standard,34
40786017,LP17238-4,dilTIAZem,LOINC Component,LOINC,Valid,Non-standard,34
40664621,G8853,Positive airway pressure therapy not prescribed (Deprecated),HCPCS,HCPCS,Valid,Standard,34
4050807,160332003,FH: Anxiety state,Context-dependent,SNOMED,Valid,Standard,34
4034538,11385001,Assault and battery,Event,SNOMED,Valid,Standard,34
4031667,14537002,Hodgkin lymphoma,Morph Abnormality,SNOMED,Valid,Non-standard,34
36717637,717806005,Twin liveborn born outside hospital,Context-dependent,SNOMED,Valid,Standard,34
2514503,99364,"Anticoagulant management for an outpatient taking warfarin, physician review and interpretation of International Normalized Ratio (INR) testing, patient instructions, dosage adjustment (as needed), and ordering of additional tests; each su... (Dep...",CPT4,CPT4,Valid,Standard,34
2313972,93798,Physician or other qualified health care professional services for outpatient cardiac rehabilitation; with continuous ECG monitoring (per session),CPT4,CPT4,Valid,Standard,34
765524,440321000124101,Inadequate oral intake,Clinical Finding,SNOMED,Valid,Standard,33
44787131,LP31801-1,Escitalopram,LOINC Component,LOINC,Valid,Non-standard,33
44786552,G9357,"Post-partum screenings, evaluations and education performed",HCPCS,HCPCS,Valid,Standard,33
4321680,70179006,Cholangiocarcinoma,Morph Abnormality,SNOMED,Valid,Standard,33
4271126,36504009,Ankylosis,Morph Abnormality,SNOMED,Valid,Standard,33
42539267,16089691000119102,Multiple liveborn in hospital by vaginal delivery,Context-dependent,SNOMED,Valid,Standard,33
4210033,55554002,Suicide attempt by inadequate means,Event,SNOMED,Valid,Standard,33
4171321,294537009,Allergy to cefazolin,Clinical Finding,SNOMED,Valid,Non-standard,33
4163646,293902006,Allergy to diazepam,Clinical Finding,SNOMED,Valid,Non-standard,33
4106208,282018005,4 part fracture,Morph Abnormality,SNOMED,Valid,Standard,33
4097541,26696002,Chemical burn,Morph Abnormality,SNOMED,Valid,Standard,33
4097388,26713004,Non-occlusive thrombus,Morph Abnormality,SNOMED,Valid,Standard,33
4095534,292257008,Azathioprine adverse reaction,Disorder,SNOMED,Valid,Standard,33
4095378,292041000,Non-opioid analgesic adverse reaction,Disorder,SNOMED,Valid,Standard,33
40795759,LP14981-2,ALPRAZolam,LOINC Component,LOINC,Valid,Non-standard,33
4063014,215295004,Fall from animal being ridden,Event,SNOMED,Valid,Standard,33
4052791,161156004,Language difficulty,Clinical Finding,SNOMED,Valid,Standard,33
4022929,116329008,Finding of walking,Clinical Finding,SNOMED,Valid,Standard,33
36713466,717804008,Singleton liveborn born outside hospital,Context-dependent,SNOMED,Valid,Standard,33
36306279,LP18968-5,guaiFENesin,LOINC Component,LOINC,Valid,Non-standard,33
44787539,LP17857-1,Baclofen,LOINC Component,LOINC,Valid,Non-standard,32
4313249,217780003,Asphyxia by inhalation of food,Event,SNOMED,Valid,Standard,32
43020486,288541000119107,Problem related to upbringing,Clinical Finding,SNOMED,Valid,Standard,32
4194402,395089003,Family history of neoplasm of central nervous system,Context-dependent,SNOMED,Valid,Standard,32
4162163,293315006,Blood derivative adverse reaction,Disorder,SNOMED,Valid,Standard,32
4148826,310367004,Child examination/reports/meeting status,Clinical Finding,SNOMED,Valid,Standard,32
4095518,292181009,Cocaine adverse reaction,Disorder,SNOMED,Valid,Standard,32
40782440,LP135650-2,Rivaroxaban,LOINC Component,LOINC,Valid,Non-standard,32
40776062,LP17950-4,Venlafaxine,LOINC Component,LOINC,Valid,Non-standard,32
40772868,LP28529-3,SUMAtriptan,LOINC Component,LOINC,Valid,Non-standard,32
4073196,24441001,Health maintenance alteration,Clinical Finding,SNOMED,Valid,Standard,32
4051699,160407004,FH: Eczema,Context-dependent,SNOMED,Valid,Standard,32
4046874,134328007,Lipoma,Morph Abnormality,SNOMED,Valid,Standard,32
40335666,170337005,Pneumococcal vaccination given,Context-dependent,SNOMED,Valid,Non-standard,32
37061621,LP19208-5,Red dye,LOINC Component,LOINC,Valid,Non-standard,32
1340220,OMOP5165875,History of event within 2 months,Context-dependent,OMOP Extension,Valid,Standard,32
764032,449891000124104,No advance directive,Clinical Finding,SNOMED,Valid,Standard,31
763480,441361000124104,Unintentional weight gain,Clinical Finding,SNOMED,Valid,Standard,31
46270582,64521000119100,Family history of Von Willebrand disease,Context-dependent,SNOMED,Valid,Standard,31
438939,242686004,Accidental strangulation,Event,SNOMED,Valid,Standard,31
437469,292565005,Antiallergenic drug adverse reaction,Disorder,SNOMED,Valid,Non-standard,31
433682,292930000,Macrolide adverse reaction,Disorder,SNOMED,Valid,Standard,31
4325877,429950008,Family history of attention deficit hyperactivity disorder,Context-dependent,SNOMED,Valid,Standard,31
4318114,95875007,Exposure to carbon monoxide,Event,SNOMED,Valid,Standard,31
4310769,217094006,Fall from steps,Event,SNOMED,Valid,Standard,31
4304917,386619000,Low sodium diet,Clinical Finding,SNOMED,Valid,Standard,31
4259218,412357001,Corn,Substance,SNOMED,Valid,Standard,31
4246287,397023003,Operation not completed,Context-dependent,SNOMED,Valid,Standard,31
4230337,89010004,Rhabdomyolysis,Morph Abnormality,SNOMED,Valid,Standard,31
4197738,315363002,Statins contraindicated,Context-dependent,SNOMED,Valid,Standard,31
4178540,297244007,Family history of urological disorder,Context-dependent,SNOMED,Valid,Standard,31
4173386,295023000,Allergy to chlorthalidone,Clinical Finding,SNOMED,Valid,Non-standard,31
4167965,293849009,Allergy to citalopram,Clinical Finding,SNOMED,Valid,Non-standard,31
4097047,292061006,Meperidine analog adverse reaction,Disorder,SNOMED,Valid,Standard,31
40775943,LP16163-5,Hydroxychloroquine,LOINC Component,LOINC,Valid,Non-standard,31
40775846,LP15001-8,Neomycin,LOINC Component,LOINC,Valid,Non-standard,31
4054573,242489002,Accident due to contact with hot or corrosive substance,Event,SNOMED,Valid,Standard,31
40482399,443633009,Conceived by in vitro fertilization,Clinical Finding,SNOMED,Valid,Standard,31
4038064,162477009,Movement aggravates symptom,Clinical Finding,SNOMED,Valid,Standard,31
37018983,712828004,Continuous positive airway pressure ventilation treatment not tolerated,Context-dependent,SNOMED,Valid,Standard,31
36717003,11861000122107,Allergy to pantoprazole,Clinical Finding,SNOMED,Valid,Non-standard,31
36674376,773569005,Sting by wasp,Event,SNOMED,Valid,Standard,31
1177008,LP33354-9,DAPTOmycin,LOINC Component,LOINC,Valid,Non-standard,31
45763675,700132008,Ventriculoperitoneal shunt in situ,Clinical Finding,SNOMED,Valid,Non-standard,30
443349,292130004,Antiemetic adverse reaction,Disorder,SNOMED,Valid,Standard,30
443063,242430009,Accident caused by smoke from conflagration in private dwelling,Event,SNOMED,Valid,Standard,30
439441,219333004,Drowning or immersion of unknown intent,Event,SNOMED,Valid,Standard,30
4324202,429236009,Family history of malignant neoplasm of liver,Context-dependent,SNOMED,Valid,Standard,30
42709972,449844005,Breast prosthesis in situ,Clinical Finding,SNOMED,Valid,Non-standard,30
42539479,735047000,Onion,Substance,SNOMED,Valid,Standard,60
4228357,89096009,Pineocytoma,Morph Abnormality,SNOMED,Valid,Standard,30
4213331,80061003,Oligodendroblastoma,Morph Abnormality,SNOMED,Valid,Standard,30
4186396,414794006,Myeloid proliferation,Morph Abnormality,SNOMED,Valid,Standard,30
4169351,295079003,Allergy to nitroglycerin,Clinical Finding,SNOMED,Valid,Non-standard,30
4163919,294133003,Allergy to diphenhydramine,Clinical Finding,SNOMED,Valid,Non-standard,30
4152283,370157003,Main spoken language,Clinical Finding,SNOMED,Valid,Standard,30
4140097,32844007,Mixed germ cell tumor,Morph Abnormality,SNOMED,Valid,Standard,30
4135811,31653004,Fibromuscular dysplasia,Morph Abnormality,SNOMED,Valid,Standard,30
4128820,289156007,Feeding finding,Clinical Finding,SNOMED,Valid,Standard,30
40775845,LP14993-7,Fluconazole,LOINC Component,LOINC,Valid,Non-standard,30
40775843,LP14983-8,Amitriptyline,LOINC Component,LOINC,Valid,Non-standard,30
4074926,224372004,Does voluntary work,Clinical Finding,SNOMED,Valid,Standard,30
4052041,160670007,Diabetic diet,Clinical Finding,SNOMED,Valid,Standard,30
40483677,443859009,Possible clinical finding,Context-dependent,SNOMED,Valid,Standard,30
36712774,113521000119108,Long term current use of adalimumab therapy,Context-dependent,SNOMED,Valid,Standard,30
3661839,871684001,Adverse reaction to thyroid hormone,Disorder,SNOMED,Valid,Standard,30
35611146,61ea37e8-0db4-4e4f-8f84-1751489e370d,"Retired SNOMED UK Drug extension concept, do not use, use concept indicated by the CONCEPT_RELATIONSHIP table, if any",Qualifier Value,SNOMED,Valid,Non-standard,30
3266192,412357001,Corn,Substance,Nebraska Lexicon,Valid,Non-standard,30
45934658,160557,No known allergies,Question,CIEL,Valid,Non-standard,29
440795,199745000,Complication occurring during labor and delivery,Disorder,SNOMED,Valid,Standard,29
435439,216278000,Accidents involving powered vehicles used solely within the buildings and premises of an industrial or commercial establishment,Event,SNOMED,Valid,Standard,29
433947,217732001,Accident caused by tornado,Event,SNOMED,Valid,Standard,29
4331315,22687000,Large cell carcinoma,Morph Abnormality,SNOMED,Valid,Standard,29
4324905,429736008,Date of last mammogram,Observable Entity,SNOMED,Valid,Standard,29
4275899,64305001,Urticaria,Morph Abnormality,SNOMED,Valid,Standard,29
4256762,408583009,Record sharing status,Clinical Finding,SNOMED,Valid,Standard,29
4239134,575006,Cholesteatoma,Morph Abnormality,SNOMED,Valid,Standard,29
4217949,81415000,Gliosis,Morph Abnormality,SNOMED,Valid,Standard,29
4210462,56242006,Light,Physical Force,SNOMED,Valid,Non-standard,29
4204176,309037001,Transfer status,Clinical Finding,SNOMED,Valid,Standard,29
4198772,433164007,Family history of lupus erythematosus,Context-dependent,SNOMED,Valid,Standard,29
4191842,395085009,Discussed with patient,Context-dependent,SNOMED,Valid,Non-standard,29
4168032,418111002,Fall on watercraft due to accident involving craft,Event,SNOMED,Valid,Standard,29
4165004,294541008,Allergy to cefaclor,Clinical Finding,SNOMED,Valid,Non-standard,29
4160695,431330007,Family history of breast cancer 1 gene mutation,Context-dependent,SNOMED,Valid,Standard,29
4144388,33929001,Epithelioid hemangioma,Morph Abnormality,SNOMED,Valid,Standard,29
4144262,266883004,Family history of neoplasm,Context-dependent,SNOMED,Valid,Standard,568
4138133,264287008,Animal dander,Substance,SNOMED,Valid,Standard,58
4125382,260147004,House dust mite,Organism,SNOMED,Valid,Standard,58
4105509,256440004,Wasp venom,Substance,SNOMED,Valid,Standard,29
4082225,183987000,Vasectomy planned,Context-dependent,SNOMED,Valid,Standard,29
40792405,LP15006-7,Promethazine,LOINC Component,LOINC,Valid,Non-standard,29
40776085,LP18290-4,Wasp venom,LOINC Component,LOINC,Valid,Non-standard,29
40775896,LP15677-5,Iron,LOINC Component,LOINC,Valid,Non-standard,29
4052775,161088009,Previous foreign travel ++,Clinical Finding,SNOMED,Valid,Standard,29
4046647,134296002,Paradoxical embolism,Morph Abnormality,SNOMED,Valid,Standard,29
4037139,162596006,Suspected victim of child abuse,Context-dependent,SNOMED,Valid,Standard,29
4012070,162024005,Difficulty swallowing solids,Clinical Finding,SNOMED,Valid,Standard,29
37117111,289361000119106,Family disruption due to child returning to or placed in foster care,Clinical Finding,SNOMED,Valid,Standard,29
3318983,372871004,Promethazine,Substance,Nebraska Lexicon,Valid,Non-standard,29
763705,445001000124104,Vaccination delayed,Clinical Finding,SNOMED,Valid,Standard,28
763397,440301000124106,Below expected growth rate,Clinical Finding,SNOMED,Valid,Standard,28
46270580,64431000119101,Family history of alpha thalassemia,Context-dependent,SNOMED,Valid,Standard,28
46270006,117351000119101,Family history of multiple endocrine neoplasia,Context-dependent,SNOMED,Valid,Standard,28
44787239,LP171384-3,Alendronate,LOINC Component,LOINC,Valid,Non-standard,28
438322,242807008,Exposure to medical diagnostic X-ray,Event,SNOMED,Valid,Standard,28
438304,217698005,Rat bite,Event,SNOMED,Valid,Standard,28
435730,438784000,Adverse reaction to pharmaceutical excipient,Disorder,SNOMED,Valid,Standard,28
4324467,429965009,Family history of malignant lymphoma,Context-dependent,SNOMED,Valid,Standard,28
4302227,418779002,Allergy to tomato,Clinical Finding,SNOMED,Valid,Non-standard,28
4289331,69129000,Struck by sharp object,Event,SNOMED,Valid,Standard,28
4216834,8145008,"Mixed tumor, malignant",Morph Abnormality,SNOMED,Valid,Standard,28
4201412,5154007,Speech therapy,Procedure,SNOMED,Valid,Standard,28
4196193,79519003,Drowsiness,Observable Entity,SNOMED,Valid,Standard,28
4190235,414190009,Fall on stairs,Event,SNOMED,Valid,Standard,28
4188603,47212006,Linear atrophy,Morph Abnormality,SNOMED,Valid,Standard,28
4148586,269800003,Radioactive isotope accident,Event,SNOMED,Valid,Standard,28
4147938,268464009,Uses depot contraception,Clinical Finding,SNOMED,Valid,Standard,28
4082087,183930009,Awaiting admission elsewhere,Context-dependent,SNOMED,Valid,Standard,28
40792797,LP32648-5,Cefuroxime,LOINC Component,LOINC,Valid,Non-standard,28
40789234,LP16037-1,Atenolol,LOINC Component,LOINC,Valid,Non-standard,28
40782745,LP17872-0,risperiDONE,LOINC Component,LOINC,Valid,Non-standard,28
40779302,LP16307-8,Verapamil,LOINC Component,LOINC,Valid,Non-standard,28
4059718,21181001,"Thymoma, benign",Morph Abnormality,SNOMED,Valid,Standard,28
4054296,242090001,Motor vehicle on road in collision with vehicle running on rails,Event,SNOMED,Valid,Standard,28
4054011,242278007,Accidental exposure to phenoxyacid derivative herbicide,Event,SNOMED,Valid,Standard,28
3518883,386840002,Risperidone,Substance,Nebraska Lexicon,Valid,Non-standard,28
442605,6476001,Death by electrocution,Event,SNOMED,Valid,Standard,27
438952,242923007,Assault by striking with motor vehicle,Event,SNOMED,Valid,Standard,27
435144,271332009,Conflagration in private dwelling,Event,SNOMED,Valid,Standard,27
4338966,88202002,Alteration in nutrition: less than body requirements,Clinical Finding,SNOMED,Valid,Standard,27
432811,218718001,Adverse reaction to surface and infiltration anesthetic,Disorder,SNOMED,Valid,Standard,27
4326759,74947009,Gaseous substance,Substance,SNOMED,Valid,Standard,27
4323562,71232009,Borderline phyllodes tumor,Morph Abnormality,SNOMED,Valid,Standard,27
4316838,217157004,Fall on same level from stumbling,Event,SNOMED,Valid,Standard,27
4311243,86025003,Ice skating,Qualifier Value,SNOMED,Valid,Standard,27
4234677,405241002,Dietary indiscretion,Clinical Finding,SNOMED,Valid,Standard,27
4231384,407480007,Influenza B virus,Organism,SNOMED,Valid,Standard,27
4225039,420849000,Date of last PAP smear,Observable Entity,SNOMED,Valid,Standard,27
4201880,53788007,Vesicular rash,Morph Abnormality,SNOMED,Valid,Standard,27
4096739,292937002,Vancomycin adverse reaction,Disorder,SNOMED,Valid,Standard,27
4095811,292419005,Beta-adrenoceptor blocking drug adverse reaction,Disorder,SNOMED,Valid,Standard,27
4089732,251568004,Nerve conduction velocity,Observable Entity,SNOMED,Valid,Standard,27
40789169,LP15010-9,Trimethoprim,LOINC Component,LOINC,Valid,Non-standard,27
40771522,68997-6,City,Survey,LOINC,Valid,Standard,27
4050930,160413008,FH: Rheumatoid arthritis,Context-dependent,SNOMED,Valid,Standard,27
4027639,228319007,Daily drinker,Clinical Finding,SNOMED,Valid,Standard,27
37395571,13511000122108,Allergy to pineapple,Clinical Finding,SNOMED,Valid,Non-standard,27
37051570,LP250915-8,Sulfur,LOINC Component,LOINC,Valid,Non-standard,27
37018867,87691000119105,Comfort care only status,Clinical Finding,SNOMED,Valid,Standard,27
36676636,773580005,Sting by insect,Event,SNOMED,Valid,Standard,27
36305281,87721-7,County of residence [Location],Clinical Observation,LOINC,Valid,Standard,27
3052558,46499-0,State of residence,Clinical Observation,LOINC,Valid,Standard,27
608135,1156904003,Benign pituitary adenoma,Morph Abnormality,SNOMED,Valid,Standard,26
45763712,700192006,Family history of long QT syndrome,Context-dependent,SNOMED,Valid,Standard,26
44787264,LP171622-6,Montelukast,LOINC Component,LOINC,Valid,Non-standard,26
44783765,697949003,Suspected victim of physical abuse,Context-dependent,SNOMED,Valid,Standard,26
435163,292465008,Parasympathomimetic adverse reaction,Disorder,SNOMED,Valid,Standard,26
433399,292736001,Opioid antagonist adverse reaction,Disorder,SNOMED,Valid,Standard,26
4287024,396782006,Medical history unknown,Context-dependent,SNOMED,Valid,Standard,26
4284701,67141003,Antalgic gait,Clinical Finding,SNOMED,Valid,Standard,26
4260615,412583005,Bee pollen,Substance,SNOMED,Valid,Non-standard,26
4218742,81706006,"Ashkenazi Jew, follower of religion",Social Context,SNOMED,Valid,Standard,26
4205690,309021007,Driver license fitness report status,Clinical Finding,SNOMED,Valid,Standard,26
4166814,294058006,Allergy to clonidine,Clinical Finding,SNOMED,Valid,Non-standard,26
4165821,293869004,Allergy to phenytoin,Clinical Finding,SNOMED,Valid,Non-standard,26
4165662,293727006,Allergy to procaine,Clinical Finding,SNOMED,Valid,Non-standard,26
4165480,293675006,Allergy to metoclopramide,Clinical Finding,SNOMED,Valid,Non-standard,26
4164401,293347001,Hemostatic adverse reaction,Disorder,SNOMED,Valid,Standard,26
4147743,35813005,"Fibrocystic change, proliferative type with atypia",Morph Abnormality,SNOMED,Valid,Standard,26
4101758,25370001,Hepatocellular carcinoma,Morph Abnormality,SNOMED,Valid,Standard,26
4098471,190671002,Imbalance of constituents of food intake,Clinical Finding,SNOMED,Valid,Standard,26
4094107,189411005,Antemortem thrombus,Morph Abnormality,SNOMED,Valid,Standard,26
4084661,183431002,Foster care,Procedure,SNOMED,Valid,Standard,26
40782808,LP19150-9,Mirtazapine,LOINC Component,LOINC,Valid,Non-standard,26
40782627,LP16031-4,Minocycline,LOINC Component,LOINC,Valid,Non-standard,26
40772538,LP14729-5,PHENobarbital,LOINC Component,LOINC,Valid,Non-standard,26
4054233,242635009,Bite of mosquito,Event,SNOMED,Valid,Standard,26
4053290,23620008,Acanthosis,Morph Abnormality,SNOMED,Valid,Standard,26
4021231,115964003,Exposure to non-mechanical force,Event,SNOMED,Valid,Standard,26
37116848,733862004,"Diffuse midline glioma, point mutation K27M in histone H3",Morph Abnormality,SNOMED,Valid,Standard,26
36715429,721103006,Diabetic retinopathy of eye not detected,Context-dependent,SNOMED,Valid,Standard,26
3381697,412583005,Bee pollen,Substance,Nebraska Lexicon,Valid,Non-standard,26
765467,428191000124101,Documentation of current medications,Procedure,SNOMED,Valid,Standard,25
44787241,LP171387-6,Benazepril,LOINC Component,LOINC,Valid,Non-standard,25
443595,419056004,Erythromycin adverse reaction,Disorder,SNOMED,Valid,Standard,25
440599,219186006,Assault by poisoning,Event,SNOMED,Valid,Standard,25
435423,218533007,Adverse reaction to acidifying agent,Disorder,SNOMED,Valid,Non-standard,25
4354080,251029004,Coronary stent patent,Clinical Finding,SNOMED,Valid,Standard,25
43530884,609418009,Suspected fetal damage from maternal alcohol,Context-dependent,SNOMED,Valid,Standard,25
4334197,430565001,Family history of restless legs syndrome,Context-dependent,SNOMED,Valid,Standard,25
4325353,430237002,Abnormal intentional weight loss,Clinical Finding,SNOMED,Valid,Standard,25
4316188,217750008,Accidental drowning and submersion while engaged in sport or recreational activity with diving equipment,Event,SNOMED,Valid,Standard,25
4231195,438833006,Administration of medication contraindicated,Context-dependent,SNOMED,Valid,Standard,25
4231144,891003,Suicide by self-administered drug,Event,SNOMED,Valid,Standard,25
4172624,50084004,Battery,Event,SNOMED,Valid,Standard,25
4171023,47517001,Horseback riding,Qualifier Value,SNOMED,Valid,Standard,25
4167146,294220003,Allergy to allopurinol,Clinical Finding,SNOMED,Valid,Non-standard,25
4164692,293620004,Allergy to indomethacin,Clinical Finding,SNOMED,Valid,Non-standard,25
4164155,45169001,Without,Attribute,SNOMED,Valid,Non-standard,25
4163195,293708000,Allergy to propofol,Clinical Finding,SNOMED,Valid,Non-standard,25
4160036,398185008,Problem with drug delivery system,Event,SNOMED,Valid,Standard,25
4137690,425393008,Active Durable Power of Attorney for Healthcare,Clinical Finding,SNOMED,Valid,Standard,25
4127225,288446006,Difficulty performing writing activities,Clinical Finding,SNOMED,Valid,Standard,25
4114014,300934004,FH: Hypothyroidism,Context-dependent,SNOMED,Valid,Standard,25
4096271,292048006,Methadone analog adverse reaction,Disorder,SNOMED,Valid,Standard,25
4095714,26242008,Mixed,Qualifier Value,SNOMED,Valid,Standard,25
4079844,276507005,Fetal death,Event,SNOMED,Valid,Standard,25
40792603,LP17915-7,Diclofenac,LOINC Component,LOINC,Valid,Non-standard,25
4054584,242537009,Exposure to man-made ultraviolet light,Event,SNOMED,Valid,Standard,25
4054165,242534002,Exposure to heat and light,Event,SNOMED,Valid,Standard,25
4053935,242502006,Burning due to contact with hot water in bath,Event,SNOMED,Valid,Standard,25
4053389,160408009,FH: Psoriasis,Context-dependent,SNOMED,Valid,Standard,25
4051572,160341008,FH: Epilepsy,Context-dependent,SNOMED,Valid,Standard,25
4051235,160337009,FH: Multiple sclerosis,Context-dependent,SNOMED,Valid,Standard,25
40481805,442063008,Presence of cardiac pacemaker not known,Context-dependent,SNOMED,Valid,Standard,25
40479362,444387000,Exposure to Bordetella pertussis,Event,SNOMED,Valid,Standard,25
4047328,12239004,Throat clearing,Observable Entity,SNOMED,Valid,Standard,25
4017281,11526002,Aspartame,Substance,SNOMED,Valid,Non-standard,25
37059454,LP18904-0,Benzonatate,LOINC Component,LOINC,Valid,Non-standard,25
36306828,LP61793-3,tiZANidine,LOINC Component,LOINC,Valid,Non-standard,25
1619605,LP419914-9,Aspartame,LOINC Component,LOINC,Valid,Non-standard,25
764374,454161000124103,Medication non-compliance due to cognitive impairment,Clinical Finding,SNOMED,Valid,Standard,24
761104,14830001000004107,Family history of hyperparathyroidism,Context-dependent,SNOMED,Valid,Standard,24
438303,217161005,Fall on same level from sports contact,Event,SNOMED,Valid,Standard,24
43020420,119551000119102,Permanent cardiac pacemaker,Clinical Finding,SNOMED,Valid,Non-standard,24
4256917,408773008,Reasons for treatment,Clinical Finding,SNOMED,Valid,Standard,24
42536428,735249009,Avocado,Substance,SNOMED,Valid,Standard,48
4245878,59843005,Furuncle,Morph Abnormality,SNOMED,Valid,Standard,24
4238643,363896009,Behavior observable,Observable Entity,SNOMED,Valid,Standard,24
4192848,75665004,Monosodium glutamate,Substance,SNOMED,Valid,Standard,48
4183317,43233001,Adenocarcinoma in adenomatous polyp,Morph Abnormality,SNOMED,Valid,Standard,24
4170664,295075009,Allergy to hydralazine,Clinical Finding,SNOMED,Valid,Non-standard,24
4166004,293974008,Allergy to carvedilol,Clinical Finding,SNOMED,Valid,Non-standard,24
4116981,300933005,FH: Autoimmune disease,Context-dependent,SNOMED,Valid,Standard,24
40795857,LP16266-6,Propranolol,LOINC Component,LOINC,Valid,Non-standard,24
40792414,LP15143-8,Succinylcholine,LOINC Component,LOINC,Valid,Non-standard,24
40782556,LP15032-3,Ketamine,LOINC Component,LOINC,Valid,Non-standard,24
40772861,LP21256-0,Linezolid,LOINC Component,LOINC,Valid,Non-standard,24
4054228,242606001,Bite of mammal,Event,SNOMED,Valid,Standard,24
4053392,160419007,Family history of Spina bifida,Context-dependent,SNOMED,Valid,Standard,24
4048266,15530008,Golfing,Qualifier Value,SNOMED,Valid,Standard,24
4043670,129125009,Procedure with explicit context,Context-dependent,SNOMED,Valid,Standard,24
4005360,12169001,Granular cell tumor,Morph Abnormality,SNOMED,Valid,Non-standard,24
37397180,717234006,Allergy to animal protein,Clinical Finding,SNOMED,Valid,Non-standard,24
37109051,16261011000119109,Exposure to scabies,Event,SNOMED,Valid,Standard,24
37076950,LP16333-4,Penicillin G potassium,LOINC Component,LOINC,Valid,Non-standard,24
37016251,2641000119104,Exposure to chlamydia,Event,SNOMED,Valid,Standard,24
36674615,459131000124108,Muscle spasticity present,Context-dependent,SNOMED,Valid,Standard,24
2102854,2022F,Dilated retinal eye exam with interpretation by an ophthalmologist or optometrist documented and reviewed; with evidence of retinopathy (DM),CPT4,CPT4,Valid,Standard,24
1177177,LP33356-4,Ertapenem,LOINC Component,LOINC,Valid,Non-standard,24
764552,456521000124106,Family history of basal cell carcinoma of skin,Context-dependent,SNOMED,Valid,Standard,23
45766934,704202004,Lung transplant planned,Context-dependent,SNOMED,Valid,Standard,23
441767,218175001,Accident caused by industrial electrical equipment and machines,Event,SNOMED,Valid,Standard,23
438051,219231000,Assault by fire and burning,Event,SNOMED,Valid,Standard,23
437463,219234008,Assault by pushing from high place,Event,SNOMED,Valid,Standard,23
436608,217244002,Burning caused by conflagration in private dwelling,Event,SNOMED,Valid,Standard,23
4333596,431812006,Family history of degenerative disorder of macula,Context-dependent,SNOMED,Valid,Standard,23
4328501,7529004,Skating,Qualifier Value,SNOMED,Valid,Standard,23
4321605,9903002,"Paraganglioma, malignant",Morph Abnormality,SNOMED,Valid,Standard,23
4307974,8331005,Clostridium perfringens,Organism,SNOMED,Valid,Standard,23
4303423,386341005,Invasive hemodynamic monitoring,Procedure,SNOMED,Valid,Standard,23
4302932,418561004,Allergy to ragweed pollen,Clinical Finding,SNOMED,Valid,Non-standard,23
4269224,63148005,Murder,Event,SNOMED,Valid,Standard,23
42536304,735049002,Peach,Substance,SNOMED,Valid,Standard,46
4228759,422191005,Ophthalmic surgery,Qualifier Value,SNOMED,Valid,Standard,23
4182154,366357001,Drink intake - finding,Clinical Finding,SNOMED,Valid,Standard,23
4171903,274644002,"Sudden death, cause unknown",Event,SNOMED,Valid,Standard,23
4165633,293799001,Allergy to azathioprine,Clinical Finding,SNOMED,Valid,Non-standard,23
4164507,274392008,Examination under anesthesia,Qualifier Value,SNOMED,Valid,Standard,23
4163814,294037000,Allergy to albuterol,Clinical Finding,SNOMED,Valid,Non-standard,23
4163637,293865005,Allergy to phenobarbital,Clinical Finding,SNOMED,Valid,Non-standard,23
4086989,248328003,Tall stature,Clinical Finding,SNOMED,Valid,Standard,23
4085365,248124006,Eating problem,Clinical Finding,SNOMED,Valid,Standard,23
4084839,183654001,Follow-up in outpatient clinic,Clinical Finding,SNOMED,Valid,Standard,23
40795975,LP18549-3,Dexamethasone,LOINC Component,LOINC,Valid,Non-standard,23
40775828,LP14719-6,glipiZIDE,LOINC Component,LOINC,Valid,Non-standard,23
4055048,242766009,Accident caused by horticultural tool,Event,SNOMED,Valid,Standard,23
4036771,162470006,Symptom severe,Clinical Finding,SNOMED,Valid,Standard,23
4030015,107647005,Weight finding,Clinical Finding,SNOMED,Valid,Standard,23
37117066,113481000119108,Long-term current use of tamoxifen,Context-dependent,SNOMED,Valid,Standard,23
37108579,106581000119100,Long-term current use of cyclosporine,Context-dependent,SNOMED,Valid,Standard,23
36675595,772006002,Failed instrumental delivery,Context-dependent,SNOMED,Valid,Standard,23
35627035,35c70c9b-2996-4114-ae32-72e691ff96d0,"Retired SNOMED UK Drug extension concept, do not use, use concept indicated by the CONCEPT_RELATIONSHIP table, if any",Qualifier Value,SNOMED,Valid,Non-standard,23
3518464,372584003,Dexamethasone,Substance,Nebraska Lexicon,Valid,Non-standard,23
1619649,LP422109-1,Levothyroxine,LOINC Component,LOINC,Valid,Non-standard,23
764550,456501000124101,Family history of acne,Context-dependent,SNOMED,Valid,Standard,22
710058,99423,"Online digital evaluation and management service, for an established patient, for up to 7 days, cumulative time during the 7 days; 21 or more minutes",CPT4,CPT4,Valid,Standard,22
45765733,702743004,Supervision of high risk pregnancy for multigravida age 15 years or younger,Procedure,SNOMED,Valid,Standard,22
44787728,LP66954-6,Donepezil,LOINC Component,LOINC,Valid,Non-standard,22
44787257,LP171614-3,Lansoprazole,LOINC Component,LOINC,Valid,Non-standard,22
44787251,LP171398-3,Fenofibrate,LOINC Component,LOINC,Valid,Non-standard,22
44782688,128391000119101,Family disruption due to legal separation,Clinical Finding,SNOMED,Valid,Standard,22
4314558,87241003,Gas retention,Morph Abnormality,SNOMED,Valid,Standard,22
4307293,391132008,Nutritional assessment completed,Context-dependent,SNOMED,Valid,Non-standard,22
4305451,133931009,Infant,Social Context,SNOMED,Valid,Standard,22
4297533,386879008,Fenofibrate,Substance,SNOMED,Valid,Non-standard,44
4203277,308486004,Breast screening call,Procedure,SNOMED,Valid,Non-standard,22
4196500,79899007,Medication interaction,Clinical Finding,SNOMED,Valid,Standard,22
4176765,428748002,Family history of malignant neoplasm of male breast,Context-dependent,SNOMED,Valid,Non-standard,22
4169690,294215003,Allergy to colchicine,Clinical Finding,SNOMED,Valid,Non-standard,22
4168143,48434008,Atheroma,Morph Abnormality,SNOMED,Valid,Standard,22
4166895,418051002,Allergy to cherry,Clinical Finding,SNOMED,Valid,Non-standard,22
4163204,293771005,Allergy to methotrexate,Clinical Finding,SNOMED,Valid,Non-standard,22
4163062,293592007,Allergy to propoxyphene,Clinical Finding,SNOMED,Valid,Non-standard,22
4158345,271817008,Has not grown in height,Clinical Finding,SNOMED,Valid,Standard,22
4110754,285043008,Does use spectacles,Clinical Finding,SNOMED,Valid,Standard,22
4104630,256350002,Almond,Substance,SNOMED,Valid,Standard,22
4094384,26138003,Gliomatosis cerebri,Morph Abnormality,SNOMED,Valid,Standard,22
4053537,125526005,Partial hyperplasia,Morph Abnormality,SNOMED,Valid,Standard,22
40492245,445717001,Ingestion of corrosive chemical,Event,SNOMED,Valid,Standard,22
40479343,444370002,Exposure to Human poliovirus,Event,SNOMED,Valid,Standard,22
37109458,61251000119108,Long-term current use of tacrolimus,Context-dependent,SNOMED,Valid,Standard,22
36713092,31001000119109,Colon cancer screening declined,Context-dependent,SNOMED,Valid,Standard,22
35626994,506f988d-a385-4383-9268-a6f974252c52,"Retired SNOMED UK Drug extension concept, do not use, use concept indicated by the CONCEPT_RELATIONSHIP table, if any",Qualifier Value,SNOMED,Valid,Non-standard,22
35622821,765024005,Atkins diet,Procedure,SNOMED,Valid,Standard,22
35611441,eae138a3-e15f-4acf-b755-35bed42c62f9,"Retired SNOMED UK Drug extension concept, do not use, use concept indicated by the CONCEPT_RELATIONSHIP table, if any",Qualifier Value,SNOMED,Valid,Non-standard,22
2108686,4175F,Best-corrected visual acuity of 20/40 or better (distance or near) achieved within the 90 days following cataract surgery (EC),CPT4,CPT4,Valid,Standard,22
762817,432341000124108,Taking multiple medications for chronic disease,Clinical Finding,SNOMED,Valid,Standard,21
761881,16520001000004100,Family history of narcolepsy,Context-dependent,SNOMED,Valid,Standard,21
44782642,698248002,Family history of cardiac arrhythmia,Context-dependent,SNOMED,Valid,Standard,21
439614,217495002,Accident caused by clothes on fire,Event,SNOMED,Valid,Standard,21
439395,371775004,Emotional abuse of child,Event,SNOMED,Valid,Standard,21
438631,293136001,Antithyroid drug adverse reaction,Disorder,SNOMED,Valid,Standard,21
432538,219239003,Assault by hot liquid,Event,SNOMED,Valid,Standard,21
4305025,419511003,Propensity to adverse reactions to drug,Clinical Finding,SNOMED,Valid,Standard,21
4303397,418785009,Perfume,Substance,SNOMED,Valid,Standard,42
4295008,401086001,Pneumococcal vaccination declined,Context-dependent,SNOMED,Valid,Standard,21
4266975,61686008,Physical exercise,Observable Entity,SNOMED,Valid,Standard,21
42536904,735930004,Low-level literacy,Clinical Finding,SNOMED,Valid,Standard,21
4246074,60689008,Home care of patient,Procedure,SNOMED,Valid,Standard,21
4245400,60392001,Angiofibroma,Morph Abnormality,SNOMED,Valid,Non-standard,21
4166785,293917005,Allergy to risperidone,Clinical Finding,SNOMED,Valid,Non-standard,21
4166014,294005001,Allergy to verapamil,Clinical Finding,SNOMED,Valid,Non-standard,21
4158557,373062004,Device used,Clinical Finding,SNOMED,Valid,Non-standard,21
4150253,310376006,Immunization consent not given,Clinical Finding,SNOMED,Valid,Standard,21
4122673,259268001,Isopropyl alcohol,Substance,SNOMED,Valid,Non-standard,21
40789244,LP16130-4,Pseudoephedrine,LOINC Component,LOINC,Valid,Non-standard,21
40775935,LP16086-8,clonazePAM,LOINC Component,LOINC,Valid,Non-standard,21
4073204,242625003,Bite of rodent,Event,SNOMED,Valid,Standard,21
4068836,20464009,Perforated diverticulum,Morph Abnormality,SNOMED,Valid,Standard,21
4053939,242509002,Burning due to contact with hot household appliances,Event,SNOMED,Valid,Standard,21
4045718,133893008,Care of neurological patient,Procedure,SNOMED,Valid,Standard,21
4036783,162512009,Dietary history,Clinical Finding,SNOMED,Valid,Standard,21
4033946,238996003,Drug-induced toxic pustuloderma,Disorder,SNOMED,Valid,Standard,21
37063131,LP18898-4,azaTHIOprine,LOINC Component,LOINC,Valid,Non-standard,21
36684076,782161000,Bite,Event,SNOMED,Valid,Standard,21
35627032,6f183ba1-a7d3-4fd0-a598-04688d26cc5c,"Retired SNOMED UK Drug extension concept, do not use, use concept indicated by the CONCEPT_RELATIONSHIP table, if any",Qualifier Value,SNOMED,Valid,Non-standard,21
607782,1155942004,Allergy to metal and/or metal compound,Clinical Finding,SNOMED,Valid,Standard,20
45942438,83916,SILVER,Misc,CIEL,Valid,Non-standard,20
44787428,LP14346-8,Famotidine,LOINC Component,LOINC,Valid,Non-standard,20
44787275,LP171636-6,Rofecoxib,LOINC Component,LOINC,Valid,Non-standard,20
44787231,LP18946-1,Dicyclomine,LOINC Component,LOINC,Valid,Non-standard,20
436890,218071008,Accident caused by explosion of gas cylinder,Event,SNOMED,Valid,Standard,20
4297089,38605008,Natural death,Event,SNOMED,Valid,Standard,20
4277415,65692009,Spindle cell carcinoma,Morph Abnormality,SNOMED,Valid,Standard,20
4271714,64204000,"Squamous cell carcinoma, metastatic",Morph Abnormality,SNOMED,Valid,Standard,20
4248041,72717003,Magnesium,Substance,SNOMED,Valid,Non-standard,40
4223018,41967008,Silver,Substance,SNOMED,Valid,Non-standard,20
4198920,433305001,Family history of congestive heart failure,Context-dependent,SNOMED,Valid,Standard,20
4183468,43492007,Group B streptococcus,Organism,SNOMED,Valid,Standard,20
4169378,293977001,Allergy to labetalol,Clinical Finding,SNOMED,Valid,Non-standard,20
4164352,274222001,Accidental asphyxia,Event,SNOMED,Valid,Standard,20
4155223,269711000,Nonvenomous snake bite,Event,SNOMED,Valid,Standard,20
4152364,271906008,Examination finding,Observable Entity,SNOMED,Valid,Standard,20
4114081,256260009,Tree and shrub pollen,Substance,SNOMED,Valid,Standard,40
4102790,28655007,"Liposarcoma, well differentiated",Morph Abnormality,SNOMED,Valid,Standard,20
4085138,2429008,Aspergillus,Organism,SNOMED,Valid,Standard,20
40795717,LP14343-5,Magnesium,LOINC Component,LOINC,Valid,Non-standard,20
40789387,LP18087-4,OLANZapine,LOINC Component,LOINC,Valid,Non-standard,20
40779408,LP17954-6,metOLazone,LOINC Component,LOINC,Valid,Non-standard,20
40779198,LP15141-2,Silver,LOINC Component,LOINC,Valid,Non-standard,20
40775944,LP16167-6,Indomethacin,LOINC Component,LOINC,Valid,Non-standard,20
4063105,170932006,Chronic disease - care arrangement,Clinical Finding,SNOMED,Valid,Standard,20
4027856,13278006,Fall from swing,Event,SNOMED,Valid,Standard,20
4022058,105461009,Organ donor,Social Context,SNOMED,Valid,Non-standard,20
4010022,102610002,Inadequate food diet,Clinical Finding,SNOMED,Valid,Standard,20
37397394,718016003,Exposure to Agent Orange,Event,SNOMED,Valid,Standard,20
37018984,712839001,Allergy to almond,Clinical Finding,SNOMED,Valid,Non-standard,20
36716245,722187008,Under immunized,Clinical Finding,SNOMED,Valid,Standard,20
36713623,718536006,Allergy to lovastatin,Clinical Finding,SNOMED,Valid,Non-standard,20
36205760,LP35095-6,inFLIXimab,LOINC Component,LOINC,Valid,Non-standard,20
35809418,c100051,Alcohol,Category,UK Biobank,Valid,Non-standard,20
3518608,386849001,Olanzapine,Substance,Nebraska Lexicon,Valid,Non-standard,20
3345850,53041004,Alcohol,Substance,Nebraska Lexicon,Valid,Non-standard,20
3266729,41967008,Silver,Substance,Nebraska Lexicon,Valid,Non-standard,20
1619633,LP419906-5,Benzocaine,LOINC Component,LOINC,Valid,Non-standard,20
763047,435451000124109,Preventive medication therapy needed,Context-dependent,SNOMED,Valid,Standard,19
762448,3710001000004103,Family history of lactose intolerance,Context-dependent,SNOMED,Valid,Standard,19
709960,3052F,Most recent hemoglobin A1c (HbA1c) level greater than or equal to 8.0% and less than or equal to 9.0% (DM),CPT4,CPT4,Valid,Standard,19
46271351,709457002,Uses progestogen only depot contraception,Clinical Finding,SNOMED,Valid,Standard,19
46270155,154141000119104,Family history of malignant neoplasm of breast diagnosed before 45 years of age,Context-dependent,SNOMED,Valid,Standard,19
44787262,LP171620-0,Lovastatin,LOINC Component,LOINC,Valid,Non-standard,19
442247,215142005,"Pedal cycle accident involving collision between pedal cycle and pedestrian, pedestrian injured",Event,SNOMED,Valid,Standard,19
441187,214032003,Motor vehicle on road in collision with train,Event,SNOMED,Valid,Standard,19
439227,217964003,Accident caused by metalworking machine,Event,SNOMED,Valid,Standard,19
4326026,430090006,Family history of neoplasm of brain,Context-dependent,SNOMED,Valid,Standard,19
4321594,988002,Wet gangrene,Morph Abnormality,SNOMED,Valid,Standard,19
4308324,422896003,Environment contains mold,Clinical Finding,SNOMED,Valid,Standard,19
42872395,1411000119106,Influenza vaccine needed,Context-dependent,SNOMED,Valid,Standard,19
42742434,4010F,"Angiotensin Converting Enzyme (ACE) Inhibitor or Angiotensin Receptor Blocker (ARB) therapy prescribed or currently being taken (CAD, CKD, HF) (DM)",CPT4,CPT4,Valid,Non-standard,19
4264478,60657004,Histiocytosis,Morph Abnormality,SNOMED,Valid,Standard,19
4256638,408508002,Has shown no side effects from medication,Clinical Finding,SNOMED,Valid,Standard,19
42536408,735215001,Apple,Substance,SNOMED,Valid,Standard,38
4247544,61302002,Candida parapsilosis,Organism,SNOMED,Valid,Standard,19
4235243,408345009,Unmet drug need identified,Clinical Finding,SNOMED,Valid,Standard,19
4232172,89439007,Oxyphilic adenoma,Morph Abnormality,SNOMED,Valid,Standard,19
4219399,417532002,Allergy to fish,Clinical Finding,SNOMED,Valid,Non-standard,19
4215565,395073001,Cancer treatment started,Context-dependent,SNOMED,Valid,Standard,19
4209580,56565002,Mesenchymal chondrosarcoma,Morph Abnormality,SNOMED,Valid,Standard,19
4187179,414059009,Drug therapy compliance finding,Clinical Finding,SNOMED,Valid,Standard,19
4182155,366358006,Nutrient intake - finding,Clinical Finding,SNOMED,Valid,Standard,19
4171459,294587002,Allergy to minocycline,Clinical Finding,SNOMED,Valid,Non-standard,19
4171296,294393009,Allergy to hydroxychloroquine,Clinical Finding,SNOMED,Valid,Non-standard,19
4166654,293843005,Allergy to venlafaxine,Clinical Finding,SNOMED,Valid,Non-standard,19
4165811,293826007,Allergy to nortriptyline,Clinical Finding,SNOMED,Valid,Non-standard,19
4164682,293594008,Allergy to methadone,Clinical Finding,SNOMED,Valid,Non-standard,19
4097437,250019003,In-toeing gait,Clinical Finding,SNOMED,Valid,Standard,19
4095817,292441005,Sotalol adverse reaction,Disorder,SNOMED,Valid,Standard,19
40792598,LP17859-7,busPIRone,LOINC Component,LOINC,Valid,Non-standard,19
40782858,LP20805-5,OXcarbazepine,LOINC Component,LOINC,Valid,Non-standard,19
40782629,LP16057-9,Caffeine,LOINC Component,LOINC,Valid,Non-standard,19
40775971,LP16332-6,Penicillin G benzathine,LOINC Component,LOINC,Valid,Non-standard,19
4063309,199608004,Intrauterine death with antenatal problem,Event,SNOMED,Valid,Non-standard,19
4061689,214287006,Motor vehicle on road in collision with thrown object,Event,SNOMED,Valid,Standard,19
4059164,161112004,Illiteracy,Clinical Finding,SNOMED,Valid,Standard,19
4055779,242990004,Drug not available for administration,Event,SNOMED,Valid,Standard,19
4052497,160777004,Home help needed,Clinical Finding,SNOMED,Valid,Standard,19
4050804,160321003,FH: Sickle cell trait,Context-dependent,SNOMED,Valid,Standard,19
4033670,23852006,Cardiac monitoring,Procedure,SNOMED,Valid,Standard,19
4030270,128841001,Polycythemia vera,Morph Abnormality,SNOMED,Valid,Standard,19
4017162,170544002,Requires a meningitis vaccination,Clinical Finding,SNOMED,Valid,Standard,19
37396527,716366009,Requires continuous home oxygen supply,Clinical Finding,SNOMED,Valid,Standard,19
37108737,118921000119106,Long-term current use of clozapine,Context-dependent,SNOMED,Valid,Standard,19
36716419,722417007,Paternal alcohol abuse,Context-dependent,SNOMED,Valid,Standard,19
36676575,773485002,Allergy to valproic acid,Clinical Finding,SNOMED,Valid,Non-standard,19
36209862,LP220253-1,riTUXimab,LOINC Component,LOINC,Valid,Non-standard,19
35608199,4da98071-3884-4e30-a33c-56f2122499b1,"Retired SNOMED UK Drug extension concept, do not use, use concept indicated by the CONCEPT_RELATIONSHIP table, if any",Qualifier Value,SNOMED,Valid,Non-standard,19
3518913,406784005,Aripiprazole,Substance,Nebraska Lexicon,Valid,Non-standard,19
3518422,255641001,Caffeine,Substance,Nebraska Lexicon,Valid,Non-standard,19
21497801,LP34967-7,ARIPiprazole,LOINC Component,LOINC,Valid,Non-standard,19
762949,434111000124102,Suspected cerebrovascular accident,Context-dependent,SNOMED,Valid,Standard,18
45763889,700419006,Requires rubella vaccination,Clinical Finding,SNOMED,Valid,Standard,18
44787266,LP171626-7,Oxaliplatin,LOINC Component,LOINC,Valid,Non-standard,18
436316,302986003,Assault by poisoning by non-pharmaceutical substances,Event,SNOMED,Valid,Standard,18
4328092,75622000,Myxoid chondrosarcoma,Morph Abnormality,SNOMED,Valid,Standard,18
4314999,216358005,"Place of occurrence of accident or poisoning, basketball court",Location,SNOMED,Valid,Non-standard,18
4305902,387413002,Colchicine,Substance,SNOMED,Valid,Non-standard,36
4288742,68944005,Meningothelial meningioma,Morph Abnormality,SNOMED,Valid,Standard,18
4281855,67182003,Mucinous cystadenoma,Morph Abnormality,SNOMED,Valid,Standard,18
42539369,762492001,Underweight in adolescence,Clinical Finding,SNOMED,Valid,Standard,18
42539211,16090691000119109,Occupational exposure to dust,Event,SNOMED,Valid,Standard,18
42537733,737284009,Mandibular implant in situ,Clinical Finding,SNOMED,Valid,Non-standard,18
42536289,735030001,Garlic,Substance,SNOMED,Valid,Standard,72
4253174,407564000,Angiotensin converting enzyme inhibitor not tolerated,Context-dependent,SNOMED,Valid,Standard,18
4212601,57741007,Fall from bridge,Event,SNOMED,Valid,Standard,18
4188173,414446006,Ice hockey,Qualifier Value,SNOMED,Valid,Standard,18
4170418,420113004,Adverse reaction to influenza virus vaccine,Disorder,SNOMED,Valid,Standard,18
4169187,294881007,Allergy to warfarin,Clinical Finding,SNOMED,Valid,Non-standard,18
4167623,293433001,Adverse reaction caused by simvastatin,Disorder,SNOMED,Valid,Standard,18
4167338,48055004,Pustular rash,Morph Abnormality,SNOMED,Valid,Standard,18
4166802,294003008,Allergy to diltiazem,Clinical Finding,SNOMED,Valid,Non-standard,18
4166782,293901004,Allergy to midazolam,Clinical Finding,SNOMED,Valid,Non-standard,18
4164740,45410002,Acinar cell carcinoma,Morph Abnormality,SNOMED,Valid,Standard,18
4163657,293935001,Allergy to chlorpromazine,Clinical Finding,SNOMED,Valid,Non-standard,18
4144266,266902008,FH: Liver disease,Context-dependent,SNOMED,Valid,Standard,18
4141780,266908007,Family history of congenital anomaly of cardiovascular system,Context-dependent,SNOMED,Valid,Standard,18
4131382,413094005,Clinical management plan agreed,Clinical Finding,SNOMED,Valid,Standard,18
4125392,260177005,Melon,Substance,SNOMED,Valid,Standard,36
4099601,27367001,Wrinkle,Morph Abnormality,SNOMED,Valid,Standard,18
4097479,292279003,Tricyclic antidepressant drug adverse reaction,Disorder,SNOMED,Valid,Standard,18
4092491,251804006,Puberty stage,Observable Entity,SNOMED,Valid,Standard,18
4082086,183929004,No home medical services,Context-dependent,SNOMED,Valid,Standard,18
4079612,183419004,Medical social worker involved,Clinical Finding,SNOMED,Valid,Standard,18
4079310,277261002,Excision biopsy,Qualifier Value,SNOMED,Valid,Standard,18
40789388,LP18089-0,Colchicine,LOINC Component,LOINC,Valid,Non-standard,18
40786150,LP20806-3,Citalopram,LOINC Component,LOINC,Valid,Non-standard,18
40772629,LP16052-0,Bumetanide,LOINC Component,LOINC,Valid,Non-standard,18
4063017,215307004,Thrown from animal being ridden,Event,SNOMED,Valid,Standard,18
4061433,169605007,"Antenatal care: multiparous, older than 35 years",Context-dependent,SNOMED,Valid,Standard,18
4055548,242922002,Assault involving moving vehicles,Event,SNOMED,Valid,Standard,18
4054690,242749007,Accident caused by nail gun,Event,SNOMED,Valid,Standard,18
4052051,160700001,Homeless single person,Clinical Finding,SNOMED,Valid,Standard,18
4026477,227493005,Cashew nut,Substance,SNOMED,Valid,Standard,18
37396388,716187007,Allergy to insect protein,Clinical Finding,SNOMED,Valid,Non-standard,18
36713460,717794008,Supervision of pregnancy with history of infertility,Procedure,SNOMED,Valid,Standard,18
35627024,b04d3158-8b30-4465-a772-978b877d88b0,"Retired SNOMED UK Drug extension concept, do not use, use concept indicated by the CONCEPT_RELATIONSHIP table, if any",Qualifier Value,SNOMED,Valid,Non-standard,18
3518949,395814003,Oxaliplatin,Substance,Nebraska Lexicon,Valid,Non-standard,18
3053809,387413002,Colchicine,Substance,Nebraska Lexicon,Valid,Non-standard,18
46273759,709462001,Fetal exposure to alcohol,Context-dependent,SNOMED,Valid,Standard,17
44809930,876521000000105,Requires course of tick-borne encephalitis vaccination,Clinical Finding,SNOMED,Valid,Standard,17
44782770,286261000119105,Bypass stent graft present,Clinical Finding,SNOMED,Valid,Non-standard,17
442504,213911003,"Fall in, on, or from train",Event,SNOMED,Valid,Standard,17
435724,218727000,Adverse reaction to spinal anesthetic,Disorder,SNOMED,Valid,Standard,17
43530893,609427005,Suspected fetal damage from viral disease in mother,Context-dependent,SNOMED,Valid,Standard,17
434844,216971000,Mechanical failure of instrument or apparatus during procedure,Event,SNOMED,Valid,Standard,17
434548,216920002,Foreign object left in body during removal of catheter or packing,Event,SNOMED,Valid,Standard,17
4332528,430298005,Family history of malignant neoplasm of pharynx,Context-dependent,SNOMED,Valid,Standard,17
4323699,71447003,"Paget's disease, extramammary (except Paget's disease of bone)",Morph Abnormality,SNOMED,Valid,Standard,17
4315647,217155007,Fall on same level from slipping,Event,SNOMED,Valid,Standard,17
4315006,216378002,"Place of occurrence of accident or poisoning, skating rink",Location,SNOMED,Valid,Non-standard,17
4311062,216362004,"Place of occurrence of accident or poisoning, football field",Location,SNOMED,Valid,Non-standard,17
4304240,419546006,Accidental physical contact with unridden animal,Event,SNOMED,Valid,Standard,17
4274420,365474007,Details of family - finding,Clinical Finding,SNOMED,Valid,Standard,17
4274000,6415009,Human respiratory syncytial virus,Organism,SNOMED,Valid,Standard,17
4269582,365575005,Personal milestones - finding,Clinical Finding,SNOMED,Valid,Standard,17
42537345,736699009,Requires hepatitis B booster,Clinical Finding,SNOMED,Valid,Standard,17
4197571,51608009,Serous cystadenoma,Morph Abnormality,SNOMED,Valid,Standard,17
4183217,370079006,"Choriocarcinoma, metastatic",Morph Abnormality,SNOMED,Valid,Standard,17
4171288,294365005,Allergy to fluconazole,Clinical Finding,SNOMED,Valid,Non-standard,17
4170641,274216005,Horse rider accident,Event,SNOMED,Valid,Standard,17
4099952,192019001,Craving for particular food,Clinical Finding,SNOMED,Valid,Standard,17
40785936,LP16238-5,Penicillin V,LOINC Component,LOINC,Valid,Non-standard,17
40782553,LP15014-1,Benzodiazepines,LOINC Component,LOINC,Valid,Non-standard,17
40664843,G8724,"Pt category, pn category and histologic grade were not documented in the pathology report, reason not given",HCPCS,HCPCS,Valid,Standard,17
4060101,169603000,"Antenatal care: primiparous, under 17 years",Procedure,SNOMED,Valid,Standard,17
4058570,161832001,Weight decreasing,Clinical Finding,SNOMED,Valid,Standard,17
4054153,242496000,Burning due to contact with hot drinks,Event,SNOMED,Valid,Standard,17
4051262,160444004,FH: Brother,Context-dependent,SNOMED,Valid,Standard,17
40488462,448178009,Adverse medication interaction with medication,Disorder,SNOMED,Valid,Standard,17
40479413,444435003,Exposure to Measles virus,Event,SNOMED,Valid,Standard,17
40479350,444376008,Exposure to Neisseria gonorrhoeae,Event,SNOMED,Valid,Standard,17
4046664,134420004,No suicidal thoughts,Context-dependent,SNOMED,Valid,Standard,17
4025840,19551004,Varicellovirus humanalpha3,Organism,SNOMED,Valid,Standard,17
37108791,126951000119109,Long-term current use of lithium,Context-dependent,SNOMED,Valid,Standard,17
2102836,2019F,"Dilated macular exam performed, including documentation of the presence or absence of macular thickening or hemorrhage and the level of macular degeneration severity (EC)",CPT4,CPT4,Valid,Standard,17
19474248,D001569,Benzodiazepines,Main Heading,MeSH,Valid,Non-standard,17
608153,1156923005,Medulloblastoma,Morph Abnormality,SNOMED,Valid,Standard,16
433400,275813002,Emergency contraception,Clinical Finding,SNOMED,Valid,Non-standard,16
433109,217640002,Accident due to lack of food,Event,SNOMED,Valid,Standard,16
4321755,985004,Schwannoma,Morph Abnormality,SNOMED,Valid,Standard,16
4320825,95871003,Exposure to mercury,Event,SNOMED,Valid,Standard,16
4319573,217793008,Suffocation by regurgitated food,Event,SNOMED,Valid,Standard,16
4314998,216357000,"Place of occurrence of accident or poisoning, baseball field",Location,SNOMED,Valid,Non-standard,16
4310064,216417004,"Place of occurrence of accident or poisoning, bus station",Location,SNOMED,Valid,Non-standard,16
4309760,216382000,"Place of occurrence of accident or poisoning, public swimming pool",Location,SNOMED,Valid,Non-standard,16
43021387,473144009,Chronic disease present,Context-dependent,SNOMED,Valid,Standard,16
4300039,385297003,Congenital deformity,Morph Abnormality,SNOMED,Valid,Non-standard,16
4261967,35701008,Hemangioblastic meningioma,Morph Abnormality,SNOMED,Valid,Standard,16
42536455,735341005,Fish oil,Substance,SNOMED,Valid,Non-standard,32
4236629,90639005,Fall from window,Event,SNOMED,Valid,Standard,16
4232885,404974001,Impaired mobility: physiological status,Observable Entity,SNOMED,Valid,Standard,16
4232456,89740008,Lobular carcinoma,Morph Abnormality,SNOMED,Valid,Standard,16
4228988,88644004,Tornado,Event,SNOMED,Valid,Standard,16
4208525,55247009,Bacteroides fragilis,Organism,SNOMED,Valid,Standard,16
4168880,294679007,Allergy to hydrocortisone,Clinical Finding,SNOMED,Valid,Non-standard,16
4165654,293707005,Allergy to ketamine,Clinical Finding,SNOMED,Valid,Non-standard,16
4164082,293191008,Sulfonylurea adverse reaction,Disorder,SNOMED,Valid,Standard,16
4163180,293663001,Allergy to sulfasalazine,Clinical Finding,SNOMED,Valid,Non-standard,16
4133300,127578009,Odontogenic neoplasm (morphology),Morph Abnormality,SNOMED,Valid,Standard,16
4131142,264594007,Laser - action,Qualifier Value,SNOMED,Valid,Standard,16
4121604,288252009,Maternal infection,Context-dependent,SNOMED,Valid,Standard,16
4119154,302977008,Accident to specialized powered vehicle not for use on public roadway,Event,SNOMED,Valid,Standard,16
4118025,287164009,Postoperative foreign body,Event,SNOMED,Valid,Standard,16
4089542,248913008,Uterine cervix size,Observable Entity,SNOMED,Valid,Standard,16
4086787,183995001,Patient requested procedure,Context-dependent,SNOMED,Valid,Standard,16
40782567,LP15171-9,hydrOXYzine,LOINC Component,LOINC,Valid,Non-standard,16
4067795,174637007,Angiectasia,Morph Abnormality,SNOMED,Valid,Standard,16
4055054,242789001,"Exposure to current from electric transmission lines, with passage of current through tissue",Event,SNOMED,Valid,Standard,16
4053384,160352002,FH: Ear disorder,Context-dependent,SNOMED,Valid,Standard,16
4052945,160579004,Stopped drinking alcohol,Clinical Finding,SNOMED,Valid,Standard,16
40479427,444452004,Exposure to genital trichomoniasis,Event,SNOMED,Valid,Standard,16
4029176,128825002,"Chronic myelogenous leukemia, BCR/ABL positive",Morph Abnormality,SNOMED,Valid,Non-standard,16
4015932,170550007,Chronic disease - general,Clinical Finding,SNOMED,Valid,Standard,16
4001325,109955005,Effects of immunosuppressant therapy,Clinical Finding,SNOMED,Valid,Standard,16
37204873,783806000,Vascular malformation,Morph Abnormality,SNOMED,Valid,Standard,16
3661789,870715006,Adverse reaction to biguanide oral hypoglycemic agent,Disorder,SNOMED,Valid,Standard,16
3655578,866041003,Mother currently breastfeeding,Context-dependent,SNOMED,Valid,Standard,16
3358824,372523007,Cetirizine,Substance,Nebraska Lexicon,Valid,Non-standard,16
3240793,735341005,Fish oil,Substance,Nebraska Lexicon,Valid,Non-standard,16
763043,435401000124105,Suspected soft tissue infection,Context-dependent,SNOMED,Valid,Standard,15
709959,3051F,Most recent hemoglobin A1c (HbA1c) level greater than or equal to 7.0% and less than 8.0% (DM),CPT4,CPT4,Valid,Standard,15
45770916,341000124104,Peritoneal dialysis finding,Clinical Finding,SNOMED,Valid,Standard,15
44787715,LP62278-4,Rocuronium,LOINC Component,LOINC,Valid,Non-standard,15
438321,242575009,Accident due to exposure to weather conditions,Event,SNOMED,Valid,Standard,15
438041,292169005,Inhalational anesthetics adverse reaction,Disorder,SNOMED,Valid,Standard,15
437192,292125003,Antidiarrheal drug adverse reaction,Disorder,SNOMED,Valid,Standard,15
4329318,218799005,Adverse reaction to caffeine,Disorder,SNOMED,Valid,Standard,15
4324469,429970002,Family history of Charcot-Marie-Tooth disease,Context-dependent,SNOMED,Valid,Standard,15
4313969,86616005,"Intraductal carcinoma, noninfiltrating",Morph Abnormality,SNOMED,Valid,Non-standard,15
4309757,216359002,"Place of occurrence of accident or poisoning, beach resort",Location,SNOMED,Valid,Non-standard,15
4305333,81765008,No pain,Context-dependent,SNOMED,Valid,Standard,15
4244728,60286009,Adenocarcinoma in situ in adenomatous polyp,Morph Abnormality,SNOMED,Valid,Standard,15
4235694,406136005,Suspected poisoning,Context-dependent,SNOMED,Valid,Standard,15
4226529,40376000,Bowling,Qualifier Value,SNOMED,Valid,Standard,15
4204691,55045006,Neuroepithelioma,Morph Abnormality,SNOMED,Valid,Standard,15
4185750,414251002,Field hockey,Qualifier Value,SNOMED,Valid,Standard,15
4176406,50978000,Leukoplakia,Morph Abnormality,SNOMED,Valid,Standard,15
4170355,294873006,Allergy to enoxaparin,Clinical Finding,SNOMED,Valid,Non-standard,15
4166800,293987002,Allergy to doxazosin,Clinical Finding,SNOMED,Valid,Non-standard,15
4166466,294956008,Allergy to gemfibrozil,Clinical Finding,SNOMED,Valid,Non-standard,15
4134295,128490007,Heterotopia,Morph Abnormality,SNOMED,Valid,Standard,15
4095506,292144005,Senna adverse reaction,Disorder,SNOMED,Valid,Standard,15
4092504,251869004,Adequacy of hemodialysis,Clinical Finding,SNOMED,Valid,Standard,15
40786025,LP17464-6,Honey,LOINC Component,LOINC,Valid,Non-standard,15
40785839,LP15036-4,Melatonin,LOINC Component,LOINC,Valid,Non-standard,15
40785393,LP97871-5,Hydrocortisone,LOINC Component,LOINC,Valid,Non-standard,15
40782956,LP32526-3,Cheese,LOINC Component,LOINC,Valid,Non-standard,15
40779183,LP15008-3,Scopolamine,LOINC Component,LOINC,Valid,Non-standard,15
40775844,LP14984-6,Nortriptyline,LOINC Component,LOINC,Valid,Non-standard,15
40772603,LP15747-6,Gentamicin,LOINC Component,LOINC,Valid,Non-standard,15
4056969,182897004,Drug declined by patient - side effects,Context-dependent,SNOMED,Valid,Standard,15
4055254,243114000,Support,Procedure,SNOMED,Valid,Standard,15
4054442,160497005,Fostered,Clinical Finding,SNOMED,Valid,Standard,15
4051566,160311006,FH: Obesity,Context-dependent,SNOMED,Valid,Standard,15
4029665,128834007,Chronic neutrophilic leukemia,Morph Abnormality,SNOMED,Valid,Standard,15
4028010,227598003,Honey,Substance,SNOMED,Valid,Standard,45
4008485,102264005,Cheese,Substance,SNOMED,Valid,Standard,45
37068695,LP101036-4,PACLitaxel,LOINC Component,LOINC,Valid,Non-standard,15
36713114,32941000119104,Ingestion of toxic substance,Disorder,SNOMED,Valid,Standard,15
35627108,f021d26f-5288-4b6d-9528-9a45dbe863a6,"Retired SNOMED UK Drug extension concept, do not use, use concept indicated by the CONCEPT_RELATIONSHIP table, if any",Qualifier Value,SNOMED,Valid,Non-standard,15
35611148,8b706065-1d29-48be-ae29-283399fe2435,"Retired SNOMED UK Drug extension concept, do not use, use concept indicated by the CONCEPT_RELATIONSHIP table, if any",Qualifier Value,SNOMED,Valid,Non-standard,15
2106771,3250F,Specimen site other than anatomic location of primary tumor (PATH),CPT4,CPT4,Valid,Standard,15
1030047,LP7137-5,Cheese,LOINC System,LOINC,Valid,Non-standard,15
764771,6071000124102,Medication overuse,Clinical Finding,SNOMED,Valid,Standard,14
764545,456441000124100,Family history of malignant tumor of rectum,Context-dependent,SNOMED,Valid,Standard,14
608265,1157139005,Malignant carcinoid tumor,Morph Abnormality,SNOMED,Valid,Non-standard,14
46274022,138081000119104,Family history of hematuria,Context-dependent,SNOMED,Valid,Standard,14
45769237,707843000,Illiterate literacy level,Clinical Finding,SNOMED,Valid,Standard,14
438636,216982008,"Mechanical failure of instrument or apparatus during aspiration of fluid or tissue, puncture and catheterization",Event,SNOMED,Valid,Standard,14
435707,218481003,Adverse reaction to parathyroid hormone and/or parathyroid hormone derivative,Disorder,SNOMED,Valid,Standard,14
435445,218087006,Accident caused by hunting rifle,Event,SNOMED,Valid,Standard,14
4329261,429482004,Fall from high place,Event,SNOMED,Valid,Standard,14
4327877,428954009,Low grade glioma,Morph Abnormality,SNOMED,Valid,Standard,14
4307811,83025009,Bile duct cystadenoma,Morph Abnormality,SNOMED,Valid,Standard,14
4302320,78325005,Halo nevus,Morph Abnormality,SNOMED,Valid,Standard,14
42742429,3267F,"Pathology report includes pT category, pN category, Gleason score, and statement about margin status (PATH)",CPT4,CPT4,Valid,Standard,14
4272024,63451008,Squamous cell papilloma,Morph Abnormality,SNOMED,Valid,Standard,14
4242267,5843004,Basaloid carcinoma,Morph Abnormality,SNOMED,Valid,Standard,14
4230162,406149000,Medication declined,Context-dependent,SNOMED,Valid,Standard,14
4224284,404189009,Domestic violence,Event,SNOMED,Valid,Standard,14
4220084,82107009,Radiation,Physical Force,SNOMED,Valid,Non-standard,14
4199872,301705009,Occupation and employment activity,Observable Entity,SNOMED,Valid,Standard,14
4183729,43783005,Moderate drinker,Clinical Finding,SNOMED,Valid,Standard,14
4171634,294734004,Allergy to glipizide,Clinical Finding,SNOMED,Valid,Non-standard,14
4169383,293993005,Allergy to nicotine,Clinical Finding,SNOMED,Valid,Non-standard,14
4168887,294695007,Allergy to cortisone,Clinical Finding,SNOMED,Valid,Non-standard,14
4168720,294469003,Allergy to gentamicin,Clinical Finding,SNOMED,Valid,Non-standard,14
4166469,294966000,Allergy to fenofibrate,Clinical Finding,SNOMED,Valid,Non-standard,14
4164699,293653009,Allergy to ranitidine,Clinical Finding,SNOMED,Valid,Non-standard,14
4164690,293613006,Allergy to diclofenac,Clinical Finding,SNOMED,Valid,Non-standard,14
4148418,266938001,Hospital patient,Clinical Finding,SNOMED,Valid,Standard,14
4139705,305599003,Under care of podiatrist,Clinical Finding,SNOMED,Valid,Standard,14
4117507,257729003,Ablation - action,Qualifier Value,SNOMED,Valid,Standard,14
4113964,285895001,Does use cooking utensils,Clinical Finding,SNOMED,Valid,Standard,14
4103592,256303006,Ragweed pollen,Substance,SNOMED,Valid,Standard,42
4101557,28054005,Cutaneous T-cell lymphoma,Morph Abnormality,SNOMED,Valid,Non-standard,14
4096879,293075007,Rifampicin adverse reaction,Disorder,SNOMED,Valid,Standard,14
4086519,248330001,General growth finding,Clinical Finding,SNOMED,Valid,Standard,14
4083436,185303007,Seen by podiatrist,Clinical Finding,SNOMED,Valid,Standard,14
40795859,LP16279-9,Sotalol,LOINC Component,LOINC,Valid,Non-standard,14
40789237,LP16077-7,Chlorthalidone,LOINC Component,LOINC,Valid,Non-standard,14
40789181,LP15182-6,Tacrolimus,LOINC Component,LOINC,Valid,Non-standard,14
40785913,LP16041-3,Aztreonam,LOINC Component,LOINC,Valid,Non-standard,14
40782112,LP100043-1,Memantine,LOINC Component,LOINC,Valid,Non-standard,14
4059787,161140009,English as a second language,Clinical Finding,SNOMED,Valid,Standard,14
4054362,242175002,Accident to watercraft causing mechanical injury,Event,SNOMED,Valid,Standard,14
4051573,160343006,FH: Muscular dystrophy,Context-dependent,SNOMED,Valid,Standard,14
4051266,160471004,FH: Sudden infant death,Context-dependent,SNOMED,Valid,Standard,14
4046554,133918004,Comfort measures,Procedure,SNOMED,Valid,Standard,14
4033552,14736009,Patient evaluation and management,Procedure,SNOMED,Valid,Standard,14
4027831,227388008,Cinnamon,Substance,SNOMED,Valid,Standard,28
4026524,227512001,Pistachio nut,Substance,SNOMED,Valid,Standard,14
4015725,170547009,Requires a course of cholera vaccination,Clinical Finding,SNOMED,Valid,Standard,14
4004997,110292000,Difficulty eating,Clinical Finding,SNOMED,Valid,Standard,14
37208141,460991000124106,Suicide attempt by drug overdose,Event,SNOMED,Valid,Standard,14
37053671,LP19249-9,Yellow dye,LOINC Component,LOINC,Valid,Non-standard,14
37016733,712840004,Allergy to hazelnut,Clinical Finding,SNOMED,Valid,Non-standard,14
36714502,719763000,Maternal history of diabetes mellitus type 2,Context-dependent,SNOMED,Valid,Standard,14
35627059,5c93ff3b-d29d-4e2f-9e93-02501eba0223,"Retired SNOMED UK Drug extension concept, do not use, use concept indicated by the CONCEPT_RELATIONSHIP table, if any",Qualifier Value,SNOMED,Valid,Non-standard,14
3518906,386905002,Carboplatin,Substance,Nebraska Lexicon,Valid,Non-standard,14
3518492,406458000,Memantine,Substance,Nebraska Lexicon,Valid,Non-standard,14
2618135,H0036,"Community psychiatric supportive treatment, face-to-face, per 15 minutes",HCPCS,HCPCS,Valid,Standard,14
46274090,64121000119107,Family history of achondroplasia,Context-dependent,SNOMED,Valid,Standard,13
46273439,94721000119105,Family history of craniosynostosis,Context-dependent,SNOMED,Valid,Standard,13
45766885,704144000,Maternal history of diabetes mellitus,Context-dependent,SNOMED,Valid,Standard,13
44787270,LP171631-7,Quinapril,LOINC Component,LOINC,Valid,Non-standard,13
44787268,LP171629-1,Pioglitazone,LOINC Component,LOINC,Valid,Non-standard,13
44787256,LP171613-5,Isosorbide,LOINC Component,LOINC,Valid,Non-standard,13
44783020,699054003,Administration of blood product declined,Context-dependent,SNOMED,Valid,Standard,13
440014,218534001,Adverse reaction to alkalizing agents,Disorder,SNOMED,Valid,Non-standard,13
438921,242146008,Collision between pedal cycle and fixed object,Event,SNOMED,Valid,Standard,13
438311,216932003,Failure of sterile precautions during perfusion,Event,SNOMED,Valid,Standard,13
435437,219187002,Assault by poisoning by drugs or medicines,Event,SNOMED,Valid,Standard,13
434238,6300007,Exposed to noise,Event,SNOMED,Valid,Standard,13
4327586,430710003,Family history of thromboembolic disorder,Context-dependent,SNOMED,Valid,Standard,13
4326671,430678008,Family history of diabetes mellitus type 1,Context-dependent,SNOMED,Valid,Standard,13
432540,218086002,Accident caused by automatic shotgun,Event,SNOMED,Valid,Standard,13
4311213,216450004,"Place of occurrence of accident or poisoning, railway line",Location,SNOMED,Valid,Non-standard,13
4307938,83118000,Malignant rhabdoid tumor,Morph Abnormality,SNOMED,Valid,Standard,13
4307654,8360001,Pleomorphic adenoma,Morph Abnormality,SNOMED,Valid,Standard,13
4304100,419420009,Watermelon,Substance,SNOMED,Valid,Standard,26
42538268,74811000119102,Needs assistance with community resources,Clinical Finding,SNOMED,Valid,Standard,13
4253777,410723003,Wound dehiscence,Morph Abnormality,SNOMED,Valid,Standard,13
4250780,73918009,Angiomatous meningioma,Morph Abnormality,SNOMED,Valid,Standard,13
4228373,89158005,Fecalith,Morph Abnormality,SNOMED,Valid,Standard,13
4212700,41570003,Carbuncle,Morph Abnormality,SNOMED,Valid,Standard,13
4180407,52178006,Combined hepatocellular carcinoma and cholangiocarcinoma,Morph Abnormality,SNOMED,Valid,Standard,13
4173501,275129008,FH: Ulcerative colitis,Context-dependent,SNOMED,Valid,Standard,13
4169718,294291008,Allergy to penicillamine,Clinical Finding,SNOMED,Valid,Non-standard,13
4167237,274228002,Drug overdose - suicide,Event,SNOMED,Valid,Standard,13
4167149,294224007,Allergy to succinylcholine,Clinical Finding,SNOMED,Valid,Non-standard,13
4166799,293983003,Allergy to sotalol,Clinical Finding,SNOMED,Valid,Non-standard,13
4165822,293871004,Allergy to clonazepam,Clinical Finding,SNOMED,Valid,Non-standard,13
4151575,270445003,Diabetes monitoring check done,Clinical Finding,SNOMED,Valid,Standard,13
4147169,266959008,Problems at work,Clinical Finding,SNOMED,Valid,Standard,13
4146684,34603009,Basal cell adenocarcinoma,Morph Abnormality,SNOMED,Valid,Standard,13
4086987,248325000,Undernourished,Clinical Finding,SNOMED,Valid,Standard,13
4086783,183964008,Treatment not indicated,Context-dependent,SNOMED,Valid,Standard,13
40795961,LP18169-0,prednisoLONE,LOINC Component,LOINC,Valid,Non-standard,13
40792422,LP15242-8,cefTAZidime,LOINC Component,LOINC,Valid,Non-standard,13
40779658,LP34970-1,Leflunomide,LOINC Component,LOINC,Valid,Non-standard,13
40779284,LP16182-5,Ofloxacin,LOINC Component,LOINC,Valid,Non-standard,13
40779283,LP16170-0,Labetalol,LOINC Component,LOINC,Valid,Non-standard,13
4077888,18854008,"Struma ovarii, malignant",Morph Abnormality,SNOMED,Valid,Standard,13
4060242,169583006,Antenatal care: history of perinatal death,Context-dependent,SNOMED,Valid,Standard,13
4054162,242524006,Burning due to contact with hot machinery and tools,Event,SNOMED,Valid,Standard,13
4053565,242099000,Accident due to loss of control of motor vehicle on road,Event,SNOMED,Valid,Standard,13
4053088,160729004,Lives in sheltered housing,Clinical Finding,SNOMED,Valid,Standard,13
40481925,443508001,No history of clinical finding in subject,Context-dependent,SNOMED,Valid,Standard,13
40288199,123250005,Synovial cyst,Morph Abnormality,SNOMED,Valid,Standard,13
4022070,105497000,Threat of dismissal,Clinical Finding,SNOMED,Valid,Standard,13
37117078,15929381000119107,Long-term current use of anxiolytic medication,Context-dependent,SNOMED,Valid,Standard,13
37116837,733843002,Anaplastic oligodendroglioma with isocitrate dehydrogenase mutant and 1p/19q-codeleted,Morph Abnormality,SNOMED,Valid,Standard,13
37051708,LP19504-7,Trimethobenzamide,LOINC Component,LOINC,Valid,Non-standard,13
37024481,LP18114-6,Tolmetin,LOINC Component,LOINC,Valid,Non-standard,13
36676525,773428003,Allergy to isosorbide,Clinical Finding,SNOMED,Valid,Non-standard,13
36675674,772139001,Obstructed left femoral hernia,Disorder,SNOMED,Valid,Standard,13
3661639,866260004,Adverse reaction to oral contraceptive,Disorder,SNOMED,Valid,Standard,13
3518835,116601002,Prednisolone,Substance,Nebraska Lexicon,Valid,Non-standard,13
3393958,372657005,Trimethobenzamide,Substance,Nebraska Lexicon,Valid,Non-standard,13
2106869,3284F,Intraocular pressure (IOP) reduced by a value of greater than or equal to 15% from the pre-intervention level (EC),CPT4,CPT4,Valid,Standard,13
765812,7310001000004107,Family history of Graves disease,Context-dependent,SNOMED,Valid,Standard,12
763509,441901000124101,Inadequate vitamin intake,Clinical Finding,SNOMED,Valid,Standard,12
763412,440491000124109,Excessive caffeine intake,Clinical Finding,SNOMED,Valid,Standard,12
710054,98971,"Nonphysician qualified health care professional online digital assessment and management, for an established patient, for up to 7 days, cumulative time during the 7 days; 11-20 minutes",CPT4,CPT4,Valid,Standard,12
46270130,143461000119107,Family history of malignant neoplasm of breast in first degree relative less than 50 years of age,Context-dependent,SNOMED,Valid,Standard,12
44787714,LP14829-3,Nystatin,LOINC Component,LOINC,Valid,Non-standard,12
44787285,LP171646-5,valACYclovir,LOINC Component,LOINC,Valid,Non-standard,12
44787280,LP171641-6,Sucralfate,LOINC Component,LOINC,Valid,Non-standard,12
44786637,LP101133-9,Terazosin,LOINC Component,LOINC,Valid,Non-standard,12
443451,408673004,Adverse reaction to anterior pituitary hormone,Disorder,SNOMED,Valid,Standard,12
443278,287181000,Attempted suicide - hanging,Event,SNOMED,Valid,Standard,12
441189,293115003,Adverse reaction to pertussis vaccine,Disorder,SNOMED,Valid,Standard,12
435160,216959006,Inadvertent exposure of patient to radiation during medical care,Event,SNOMED,Valid,Standard,12
4339405,88334008,Teratoma with malignant transformation,Morph Abnormality,SNOMED,Valid,Standard,12
4334947,433381008,Family history of renal cell carcinoma,Context-dependent,SNOMED,Valid,Standard,12
433375,217516002,"Accident caused by clothes on fire from controlled fire, not in building or structure",Event,SNOMED,Valid,Standard,12
433115,217496001,Accident caused by clothes on fire from controlled fire in private dwelling,Event,SNOMED,Valid,Standard,12
4318508,217704005,Shark bite,Event,SNOMED,Valid,Standard,12
4316720,217120005,Accident caused by hitting water surface,Event,SNOMED,Valid,Standard,12
4314102,217755003,Accidental drowning and submersion while engaged in sport or recreational activity without diving equipment,Event,SNOMED,Valid,Standard,12
4305901,387402000,Ferrous sulfate,Substance,SNOMED,Valid,Non-standard,12
4305041,419573007,Allergy to corn,Clinical Finding,SNOMED,Valid,Non-standard,12
4304558,419604006,Weed pollen,Substance,SNOMED,Valid,Standard,24
4303802,418471000,Propensity to adverse reactions to food,Clinical Finding,SNOMED,Valid,Standard,12
4303422,386340006,Intravenous therapy,Procedure,SNOMED,Valid,Standard,12
4298677,77027006,Hibernoma,Morph Abnormality,SNOMED,Valid,Standard,12
4270213,6379007,Multiple adenomatous polyps,Morph Abnormality,SNOMED,Valid,Standard,12
4267373,365508006,Residence and accommodation circumstances - finding,Clinical Finding,SNOMED,Valid,Standard,12
4256920,408778004,Hepatitis B immunization declined,Context-dependent,SNOMED,Valid,Standard,12
42537048,736159005,Crab,Substance,SNOMED,Valid,Standard,24
4214694,394776006,Unspecified problem,Qualifier Value,SNOMED,Valid,Standard,12
4214302,416528001,Intentional weight loss,Clinical Finding,SNOMED,Valid,Standard,12
4212931,391828004,Benzoin,Substance,SNOMED,Valid,Non-standard,12
4203521,433450000,Family history of non-Hodgkin's lymphoma,Context-dependent,SNOMED,Valid,Standard,12
4203308,53348004,Accidental,Qualifier Value,SNOMED,Valid,Standard,12
4197258,51440002,Right and left,Qualifier Value,SNOMED,Valid,Standard,12
4194133,312317000,Arteriovenous graft,Morph Abnormality,SNOMED,Valid,Standard,12
4175994,428047000,Family history of malignant neoplasm of cervix uteri,Context-dependent,SNOMED,Valid,Standard,12
4169542,294135005,Allergy to hydroxyzine,Clinical Finding,SNOMED,Valid,Non-standard,12
4168507,417930000,Allergy to adhesive agent,Clinical Finding,SNOMED,Valid,Non-standard,12
4166477,295030006,Allergy to acetazolamide,Clinical Finding,SNOMED,Valid,Non-standard,12
4166036,294114008,Allergy to loratadine,Clinical Finding,SNOMED,Valid,Non-standard,12
4165477,293660003,Allergy to mesalamine,Clinical Finding,SNOMED,Valid,Non-standard,12
4145272,34170007,Adult diabetes diet,Clinical Finding,SNOMED,Valid,Standard,12
4136190,413311005,Patient non-compliant - declined intervention / support,Context-dependent,SNOMED,Valid,Standard,12
4124081,305500009,Under care of pediatrician,Clinical Finding,SNOMED,Valid,Standard,12
4114006,300894000,Parental anxiety,Clinical Finding,SNOMED,Valid,Standard,12
4103783,256353000,Hazelnut,Substance,SNOMED,Valid,Standard,12
4099412,292309000,Tetracyclic antidepressant drug adverse reaction,Disorder,SNOMED,Valid,Standard,12
4086793,184001008,Cosmetic surgery requested,Context-dependent,SNOMED,Valid,Standard,12
4084058,185201007,Site of encounter,Clinical Finding,SNOMED,Valid,Standard,12
4080326,24045002,Intramuscular lipoma,Morph Abnormality,SNOMED,Valid,Standard,12
4079843,276506001,Neonatal death,Event,SNOMED,Valid,Standard,12
40792575,LP17279-8,Mupirocin,LOINC Component,LOINC,Valid,Non-standard,12
40789303,LP16819-2,Formaldehyde,LOINC Component,LOINC,Valid,Non-standard,12
40782538,LP14714-7,Digoxin,LOINC Component,LOINC,Valid,Non-standard,12
40778736,LP100041-5,Lacosamide,LOINC Component,LOINC,Valid,Non-standard,12
40757066,3324F,"MRI or CT scan ordered, reviewed or requested (EPI)",CPT4,CPT4,Valid,Standard,12
4071863,206566008,Underfeeding in newborn,Clinical Finding,SNOMED,Valid,Standard,12
4061938,170877009,Urinary symptom change,Clinical Finding,SNOMED,Valid,Standard,12
4059989,169585004,Antenatal care: history of trophoblastic disease,Context-dependent,SNOMED,Valid,Standard,12
4055383,242617000,Bite of wild animal,Event,SNOMED,Valid,Standard,12
40481829,442085002,Greenstick fracture,Morph Abnormality,SNOMED,Valid,Standard,12
4044907,129260006,Ectopic bone tissue,Morph Abnormality,SNOMED,Valid,Standard,12
37116836,733841000,Isocitrate dehydrogenase wild-type diffuse astrocytoma,Morph Abnormality,SNOMED,Valid,Standard,12
37045810,LP19197-0,Phenazopyridine,LOINC Component,LOINC,Valid,Non-standard,12
37016178,137471000119107,Programmable ventricular shunt valve in situ,Clinical Finding,SNOMED,Valid,Non-standard,12
36712761,10939881000119105,Unhealthy alcohol drinking behavior,Clinical Finding,SNOMED,Valid,Standard,12
35627062,1a8a583e-3dc7-4a83-8613-78932e7c29ae,"Retired SNOMED UK Drug extension concept, do not use, use concept indicated by the CONCEPT_RELATIONSHIP table, if any",Qualifier Value,SNOMED,Valid,Non-standard,12
3518638,395939008,Clavulanic acid,Substance,Nebraska Lexicon,Valid,Non-standard,12
3302006,391828004,Benzoin,Substance,Nebraska Lexicon,Valid,Non-standard,12
2313971,93797,Physician or other qualified health care professional services for outpatient cardiac rehabilitation; without continuous ECG monitoring (per session),CPT4,CPT4,Valid,Standard,12
2109560,5010F,Findings of dilated macular or fundus exam communicated to the physician or other qualified health care professional managing the diabetes care (EC),CPT4,CPT4,Valid,Standard,12
2106467,3142F,Barium swallow test ordered (GERD),CPT4,CPT4,Valid,Non-standard,12
1620133,LP427112-0,Penicillamine,LOINC Component,LOINC,Valid,Non-standard,12
9177,74964007,Other,Qualifier Value,SNOMED,Valid,Standard,11
762564,428961000124106,Medication therapy continued,Context-dependent,SNOMED,Valid,Standard,11
442774,63491006,Intermittent claudication,Clinical Finding,SNOMED,Valid,Standard,11
441467,292945007,4-quinolones adverse reaction,Disorder,SNOMED,Valid,Standard,11
439597,217574009,Burning bedclothes,Event,SNOMED,Valid,Standard,11
439242,219084006,Adverse reaction to tetanus vaccine,Disorder,SNOMED,Valid,Standard,11
438656,216964005,Inappropriate temperature in local application / packing,Event,SNOMED,Valid,Standard,11
437172,216989004,Mechanical failure of instrument or apparatus during heart catheterization,Event,SNOMED,Valid,Standard,11
436308,217903007,Accident caused by air rifle,Event,SNOMED,Valid,Standard,11
435431,217633003,Accident due to abandonment or neglect of helpless person,Event,SNOMED,Valid,Standard,11
435161,217016009,Performance of inappropriate operation,Event,SNOMED,Valid,Standard,11
434845,217592001,Accidents due to excessive heat,Event,SNOMED,Valid,Standard,11
433106,302982001,Adverse reaction to enzymes,Disorder,SNOMED,Valid,Standard,11
4314873,216315006,"Place of occurrence of accident or poisoning, boarding house",Location,SNOMED,Valid,Non-standard,11
4312966,216391001,"Place of occurrence of accident or poisoning, airport",Location,SNOMED,Valid,Non-standard,11
4310930,216329007,"Place of occurrence of accident or poisoning, farm",Location,SNOMED,Valid,Non-standard,11
4309417,422923002,Inadequate community resources,Clinical Finding,SNOMED,Valid,Standard,11
4258933,412062008,Cantaloupe,Substance,SNOMED,Valid,Standard,22
4255407,408466002,Cardiac surgery,Qualifier Value,SNOMED,Valid,Standard,11
4213715,80549000,Hidrocystoma,Morph Abnormality,SNOMED,Valid,Standard,11
4198921,433306000,Family history of anorexia nervosa,Context-dependent,SNOMED,Valid,Standard,11
4171629,294700000,Allergy to fluticasone,Clinical Finding,SNOMED,Valid,Non-standard,11
4171482,294652008,Allergy to pneumococcal vaccine,Clinical Finding,SNOMED,Valid,Non-standard,11
4168004,48333001,Burn injury,Morph Abnormality,SNOMED,Valid,Standard,11
4167787,293624008,Allergy to nabumetone,Clinical Finding,SNOMED,Valid,Non-standard,11
4167455,294468006,Allergy to neomycin,Clinical Finding,SNOMED,Valid,Non-standard,11
4167049,418344001,Allergy to caffeine,Clinical Finding,SNOMED,Valid,Non-standard,11
4166210,47620003,Cystadenoma,Morph Abnormality,SNOMED,Valid,Standard,11
4165672,293772003,Allergy to mercaptopurine,Clinical Finding,SNOMED,Valid,Non-standard,11
4165035,294706006,Allergy to methylprednisolone,Clinical Finding,SNOMED,Valid,Non-standard,11
4163820,294074001,Allergy to scopolamine,Clinical Finding,SNOMED,Valid,Non-standard,11
4163798,293992000,Allergy to terazosin,Clinical Finding,SNOMED,Valid,Non-standard,11
4163244,45145000,Unilateral emphysema,Context-dependent,SNOMED,Valid,Non-standard,11
4145979,427090001,Body mass index less than 16.5,Clinical Finding,SNOMED,Valid,Standard,11
4145433,34310006,Waterskiing,Qualifier Value,SNOMED,Valid,Standard,11
4117981,257903006,Repair - action,Qualifier Value,SNOMED,Valid,Standard,11
4103922,256443002,Egg white,Substance,SNOMED,Valid,Standard,33
4103794,256417003,Horse dander,Substance,SNOMED,Valid,Standard,22
4096931,26496005,Atypical fibrous histiocytoma,Morph Abnormality,SNOMED,Valid,Standard,11
40795858,LP16276-5,Salicylates,LOINC Component,LOINC,Valid,Non-standard,11
40795836,LP16072-8,Chlorpheniramine,LOINC Component,LOINC,Valid,Non-standard,11
40795689,LP13941-7,Egg white,LOINC Component,LOINC,Valid,Non-standard,11
40789375,LP17991-8,Dapsone,LOINC Component,LOINC,Valid,Non-standard,11
40786158,LP21145-5,Loratadine,LOINC Component,LOINC,Valid,Non-standard,11
40779272,LP16074-4,chlorproMAZINE,LOINC Component,LOINC,Valid,Non-standard,11
40772563,LP15219-6,Cefprozil,LOINC Component,LOINC,Valid,Non-standard,11
4072952,242380004,Accidental exposure to arsenic compounds,Event,SNOMED,Valid,Standard,11
4072320,21968007,"Papillary carcinoma, follicular variant",Morph Abnormality,SNOMED,Valid,Standard,11
4059966,169484002,IUD removal awaited,Clinical Finding,SNOMED,Valid,Non-standard,11
4050811,160342001,FH: Migraine,Context-dependent,SNOMED,Valid,Standard,11
4050800,160308005,FH: Gout,Context-dependent,SNOMED,Valid,Standard,11
40486992,446275006,Laundry detergent,Substance,SNOMED,Valid,Standard,22
4046549,133898004,Preoperative care,Procedure,SNOMED,Valid,Standard,11
4035493,15185003,Contact with machinery,Event,SNOMED,Valid,Standard,11
4030273,128859003,Villous adenoma,Morph Abnormality,SNOMED,Valid,Standard,11
4029967,128617001,Arteriovenous fistula,Morph Abnormality,SNOMED,Valid,Standard,11
4029672,128853002,"Papillary mucinous cystadenoma, borderline malignancy",Morph Abnormality,SNOMED,Valid,Standard,11
4014317,169696001,Rubella status not known,Clinical Finding,SNOMED,Valid,Standard,11
4008739,111951006,Longevity,Observable Entity,SNOMED,Valid,Standard,11
37312604,789029002,Requires vaccination against measles,Clinical Finding,SNOMED,Valid,Standard,11
37312602,789031006,Requires vaccination against pertussis,Clinical Finding,SNOMED,Valid,Standard,11
37108738,118931000119109,Long-term current use of intravenous immune globulin,Context-dependent,SNOMED,Valid,Standard,11
37069241,LP18959-4,Etodolac,LOINC Component,LOINC,Valid,Non-standard,11
37063583,LP18095-7,Oxybutynin,LOINC Component,LOINC,Valid,Non-standard,11
37060048,LP18093-2,Nabumetone,LOINC Component,LOINC,Valid,Non-standard,11
37057980,LP13939-1,Horse dander,LOINC Component,LOINC,Valid,Non-standard,11
37017402,713670002,Entered into drug clinical trial,Clinical Finding,SNOMED,Valid,Standard,11
36205394,LP173592-9,Adalimumab,LOINC Component,LOINC,Valid,Non-standard,11
35630655,35d64233-f361-48ae-a60a-d510a7fe0b48,"Retired SNOMED UK Drug extension concept, do not use, use concept indicated by the CONCEPT_RELATIONSHIP table, if any",Qualifier Value,SNOMED,Valid,Non-standard,11
3409538,25780000,Soap,Substance,Nebraska Lexicon,Valid,Non-standard,11
3344981,386884002,Loratadine,Substance,Nebraska Lexicon,Valid,Non-standard,11
2617333,G0248,"Demonstration, prior to initiation of home inr monitoring, for patient with either mechanical heart valve(s), chronic atrial fibrillation, or venous thromboembolism who meets medicare coverage criteria, under the direction of a physician; includes: fac...",HCPCS,HCPCS,Valid,Standard,11
2108688,4177F,Counseling about the benefits and/or risks of the Age-Related Eye Disease Study (AREDS) formulation for preventing progression of age-related macular degeneration (AMD) provided to patient and/or caregiver(s) (EC),CPT4,CPT4,Valid,Standard,11
201449,91559009,Unilateral traumatic amputation of leg below knee without complication,Context-dependent,SNOMED,Valid,Non-standard,11
19475026,D012459,Salicylates,Main Heading,MeSH,Valid,Non-standard,11
1176519,LP101308-7,Oseltamivir,LOINC Component,LOINC,Valid,Non-standard,11
1032917,LP75394-4,Pneumococcal vaccine,LOINC Component,LOINC,Valid,Non-standard,11
764318,453421000124103,Adverse drug interaction with prescription medication,Disorder,SNOMED,Valid,Standard,10
764192,451851000124109,Health supervision of foundling,Procedure,SNOMED,Valid,Standard,10
763387,440071000124103,Death in hospice,Event,SNOMED,Valid,Standard,10
604226,1156270003,SARS-CoV-2 vaccination declined,Context-dependent,SNOMED,Valid,Standard,10
44787249,LP171396-7,Esomeprazole,LOINC Component,LOINC,Valid,Non-standard,10
44787246,LP171393-4,Doxazosin,LOINC Component,LOINC,Valid,Non-standard,10
441494,218726009,Adverse reaction to peripheral nerve and plexus blocking anesthetic,Disorder,SNOMED,Valid,Standard,10
439452,219191007,Assault by hanging and strangulation,Event,SNOMED,Valid,Standard,10
434257,217604004,Accident due to cold of man-made origin,Event,SNOMED,Valid,Standard,10
4330072,430805007,Family history of uveitis,Context-dependent,SNOMED,Valid,Standard,10
4326516,428498002,Assault by stranger,Event,SNOMED,Valid,Standard,10
4319886,9661000,"Fracture, healed",Morph Abnormality,SNOMED,Valid,Standard,10
4315100,216440000,"Place of occurrence of accident or poisoning, forest",Location,SNOMED,Valid,Non-standard,10
4314871,216313004,"Place of occurrence of accident or poisoning, home",Location,SNOMED,Valid,Non-standard,10
4314097,217716004,Peck by bird,Event,SNOMED,Valid,Standard,10
4311843,422693009,Language barrier,Observable Entity,SNOMED,Valid,Standard,10
4303976,419351001,Sinus,Morph Abnormality,SNOMED,Valid,Standard,10
4303295,386229000,Caregiver support,Procedure,SNOMED,Valid,Standard,10
4282771,66515009,"Glucagonoma, malignant",Morph Abnormality,SNOMED,Valid,Standard,10
4268323,62944002,Hepatitis C virus,Organism,SNOMED,Valid,Standard,10
4266984,61712006,Transient gluten intolerance,Clinical Finding,SNOMED,Valid,Standard,10
42539523,735248001,Cherry,Substance,SNOMED,Valid,Standard,10
42537279,736595007,Screening for malignant neoplasm of cervix declined,Context-dependent,SNOMED,Valid,Standard,10
4239072,91598004,Benzoyl peroxide,Substance,SNOMED,Valid,Non-standard,10
4235809,439724007,Family history of cardiovascular disease in first degree male relative less than 55 years of age,Context-dependent,SNOMED,Valid,Standard,10
4229130,88480006,Potassium,Substance,SNOMED,Valid,Non-standard,10
4208270,55075001,Bleeding ulcer,Morph Abnormality,SNOMED,Valid,Standard,10
4201549,301887005,Needs assistance at home,Clinical Finding,SNOMED,Valid,Standard,10
4199498,314194001,Diabetic on insulin and oral treatment,Clinical Finding,SNOMED,Valid,Standard,10
4187387,47235009,Contact with power tool,Event,SNOMED,Valid,Standard,10
4185535,55883006,Non-contact sport,Qualifier Value,SNOMED,Valid,Standard,10
4182334,297240003,Family history of Parkinson's disease,Context-dependent,SNOMED,Valid,Standard,10
4169828,275130003,FH: Hepatitis,Context-dependent,SNOMED,Valid,Standard,10
4169531,294088002,Allergy to oxybutynin,Clinical Finding,SNOMED,Valid,Non-standard,10
4169513,294023009,Allergy to pseudoephedrine,Clinical Finding,SNOMED,Valid,Non-standard,10
4169381,293982008,Allergy to propranolol,Clinical Finding,SNOMED,Valid,Non-standard,10
4168899,294731007,Allergy to glyburide,Clinical Finding,SNOMED,Valid,Non-standard,10
4167461,294497009,Allergy to penicillin V,Clinical Finding,SNOMED,Valid,Non-standard,10
4163631,293847006,Allergy to paroxetine,Clinical Finding,SNOMED,Valid,Non-standard,10
4160622,371772001,Domestic abuse,Event,SNOMED,Valid,Standard,10
4153199,370899004,Retention of foreign object in a patient after surgery or other procedure,Event,SNOMED,Valid,Standard,10
4131389,413117001,Varicella status,Clinical Finding,SNOMED,Valid,Standard,10
4113665,198435007,Female climacteric state,Observable Entity,SNOMED,Valid,Standard,10
4106300,256319004,Carrot,Substance,SNOMED,Valid,Standard,20
4101415,27935005,Homicide,Event,SNOMED,Valid,Standard,10
4087087,24226003,Moraxella catarrhalis,Organism,SNOMED,Valid,Standard,10
4084369,183624006,Follow-up 2-3 months,Clinical Finding,SNOMED,Valid,Standard,10
40792413,LP15098-4,Potassium,LOINC Component,LOINC,Valid,Non-standard,10
4077649,275917000,Lithium monitoring,Clinical Finding,SNOMED,Valid,Non-standard,10
40772751,LP17701-1,Cefixime,LOINC Component,LOINC,Valid,Non-standard,10
40772643,LP16202-1,Methylphenidate,LOINC Component,LOINC,Valid,Non-standard,10
4054160,242520002,Burning due to contact with hot heating stove,Event,SNOMED,Valid,Standard,10
4053087,160726006,Lives alone no help available,Clinical Finding,SNOMED,Valid,Standard,10
4051107,160280002,FH: Tuberculosis,Context-dependent,SNOMED,Valid,Standard,10
40481444,443390004,Refused,Qualifier Value,SNOMED,Valid,Standard,10
4046556,133921002,Emotional support,Procedure,SNOMED,Valid,Standard,10
4032210,129497004,Iron sucrose,Substance,SNOMED,Valid,Non-standard,10
4019491,115240006,Glioma,Morph Abnormality,SNOMED,Valid,Standard,10
4013412,103442008,Haemophilus influenzae type b,Organism,SNOMED,Valid,Standard,20
4012971,165342003,Patient declined laboratory test,Context-dependent,SNOMED,Valid,Standard,10
4012662,165222009,Dependent for feeding,Clinical Finding,SNOMED,Valid,Standard,10
37312606,789027000,Requires vaccination against diphtheria-tetanus-pertussis with typhoid-paratyphoid,Clinical Finding,SNOMED,Valid,Standard,10
37312603,789030007,Requires vaccination against mumps,Clinical Finding,SNOMED,Valid,Standard,10
37075693,LP101888-8,Sevoflurane,LOINC Component,LOINC,Valid,Non-standard,10
37061323,LP263196-0,Oxaprozin,LOINC Component,LOINC,Valid,Non-standard,10
37018475,715037005,Difficulty taking medication,Clinical Finding,SNOMED,Valid,Standard,10
36717118,720400005,Family distress,Context-dependent,SNOMED,Valid,Standard,10
35627005,485afe5c-b059-47b4-a88d-688d5cf0da46,"Retired SNOMED UK Drug extension concept, do not use, use concept indicated by the CONCEPT_RELATIONSHIP table, if any",Qualifier Value,SNOMED,Valid,Non-standard,10
3518543,108518005,Oxaprozin,Substance,Nebraska Lexicon,Valid,Non-standard,10
3365320,386842005,Sevoflurane,Substance,Nebraska Lexicon,Valid,Non-standard,10
3327901,88480006,Potassium,Substance,Nebraska Lexicon,Valid,Non-standard,10
3283295,67079006,Dextrose,Substance,Nebraska Lexicon,Valid,Non-standard,10
3229455,129497004,Iron sucrose,Substance,Nebraska Lexicon,Valid,Non-standard,10
3221303,91598004,Benzoyl peroxide,Substance,Nebraska Lexicon,Valid,Non-standard,10
765534,27390001000004106,Family history of malignant tumor of hypopharynx,Context-dependent,SNOMED,Valid,Standard,9
763736,445381000124106,Nutrition impaired due to imbalance of nutrients,Clinical Finding,SNOMED,Valid,Standard,9
608189,1156975001,Rhabdomyoma,Morph Abnormality,SNOMED,Valid,Standard,9
46270615,69731000119107,Family history of short stature,Context-dependent,SNOMED,Valid,Standard,9
46270012,118651000119105,Family history of Hashimoto thyroiditis,Context-dependent,SNOMED,Valid,Standard,9
45773199,700254002,Suspected victim of child sexual abuse,Context-dependent,SNOMED,Valid,Standard,9
45767300,704662005,Noncompliance with exercise regimen,Clinical Finding,SNOMED,Valid,Standard,9
45766933,704201006,Liver transplant planned,Context-dependent,SNOMED,Valid,Standard,9
45757485,151401000119108,Surveillance of oral contraception done,Context-dependent,SNOMED,Valid,Non-standard,9
44805379,763241000000104,Family history of thrombophilia,Context-dependent,SNOMED,Valid,Standard,9
44787252,LP171399-1,Fluvastatin,LOINC Component,LOINC,Valid,Non-standard,9
44787233,LP19149-1,Minoxidil,LOINC Component,LOINC,Valid,Non-standard,9
443940,45477008,Exposed to vibration,Event,SNOMED,Valid,Standard,9
442492,213941001,Crushed by rolling stock - pedestrian,Event,SNOMED,Valid,Standard,9
442483,213962000,Killed by rolling stock - pedestrian,Event,SNOMED,Valid,Standard,9
440597,216911006,Foreign object left in body during endoscopic examination,Event,SNOMED,Valid,Standard,9
438042,219031007,Adverse reaction to expectorant,Disorder,SNOMED,Valid,Standard,9
437768,219076007,Adverse reaction to tuberculosis vaccine,Disorder,SNOMED,Valid,Standard,9
435704,213948007,Knocked down by rolling stock - pedestrian,Event,SNOMED,Valid,Standard,9
43530888,609422004,Suspected fetal damage from radiation,Context-dependent,SNOMED,Valid,Standard,9
434546,218475006,Adverse reaction to posterior pituitary hormones,Disorder,SNOMED,Valid,Standard,9
432505,242681009,Accidental mechanical suffocation by falling earth,Event,SNOMED,Valid,Standard,9
4316723,217130001,Fall into dock,Event,SNOMED,Valid,Standard,9
4314989,216333000,"Place of occurrence of accident or poisoning, mine or quarry",Location,SNOMED,Valid,Non-standard,9
4313961,217623006,Accident due to pressure changes in diving,Event,SNOMED,Valid,Standard,9
4312840,216330002,"Place of occurrence of accident or poisoning, farm building",Location,SNOMED,Valid,Non-standard,9
4310061,216403008,"Place of occurrence of accident or poisoning, movie house",Location,SNOMED,Valid,Non-standard,9
4309680,423687009,Peripheral intravenous catheter care,Procedure,SNOMED,Valid,Standard,9
4306804,422695002,Abnormal head circumference in relation to growth / age standard,Clinical Finding,SNOMED,Valid,Standard,9
4302633,419442005,Ethanol,Substance,SNOMED,Valid,Non-standard,9
4301458,385763009,Hospice care,Procedure,SNOMED,Valid,Standard,9
4297371,386681007,Aircraft accident,Event,SNOMED,Valid,Standard,9
42742443,4470F,Implantable cardioverter-defibrillator (ICD) counseling provided (HF),CPT4,CPT4,Valid,Standard,9
4270337,62720005,Fungus ball,Morph Abnormality,SNOMED,Valid,Standard,9
42536344,735123009,Broccoli,Substance,SNOMED,Valid,Standard,18
42536224,734936000,Suspected malignant pigmented skin lesion,Context-dependent,SNOMED,Valid,Standard,9
4211347,413560001,Anticoagulation not indicated,Context-dependent,SNOMED,Valid,Standard,9
4189396,39159003,Recreational aeronautics,Qualifier Value,SNOMED,Valid,Standard,9
4188012,414246008,Fenofibrate micronized,Substance,SNOMED,Valid,Non-standard,9
4184610,54719000,Exposure to human stampede,Event,SNOMED,Valid,Standard,9
4181408,52090005,Malunion of fracture,Morph Abnormality,SNOMED,Valid,Standard,9
4173381,295001004,Allergy to bumetanide,Clinical Finding,SNOMED,Valid,Non-standard,9
4171465,294611004,Allergy to rifampin,Clinical Finding,SNOMED,Valid,Non-standard,9
4171453,294573002,Allergy to sulfadiazine,Clinical Finding,SNOMED,Valid,Non-standard,9
4171320,294534002,Allergy to cefadroxil,Clinical Finding,SNOMED,Valid,Non-standard,9
4171162,294351008,Allergy to nystatin,Clinical Finding,SNOMED,Valid,Non-standard,9
4170553,49215004,Struck by building collapse,Event,SNOMED,Valid,Standard,9
4169599,419063004,Allergy to horse dander,Clinical Finding,SNOMED,Valid,Non-standard,9
4169540,294126003,Allergy to promethazine,Clinical Finding,SNOMED,Valid,Non-standard,9
4168721,294470002,Allergy to tobramycin,Clinical Finding,SNOMED,Valid,Non-standard,9
4167489,294600007,Allergy to pentamidine,Clinical Finding,SNOMED,Valid,Non-standard,9
4167474,294546003,Allergy to ceftazidime,Clinical Finding,SNOMED,Valid,Non-standard,9
4166379,47829004,"Fracture, closed, transverse",Morph Abnormality,SNOMED,Valid,Standard,9
4166028,294063005,Allergy to oxymetazoline,Clinical Finding,SNOMED,Valid,Non-standard,9
4164526,274512008,Medication discontinued,Context-dependent,SNOMED,Valid,Standard,9
4163913,294116005,Allergy to cetirizine,Clinical Finding,SNOMED,Valid,Non-standard,9
4153198,370890000,Medication administered in error,Event,SNOMED,Valid,Standard,9
4144278,266944002,Has a prison record,Clinical Finding,SNOMED,Valid,Standard,9
4136453,412749001,Family history of development disorder,Context-dependent,SNOMED,Valid,Standard,9
4135901,412161004,Wool,Substance,SNOMED,Valid,Standard,27
4130722,264579008,Thrombosis,Qualifier Value,SNOMED,Valid,Standard,9
4125389,260167008,Sesame seed,Substance,SNOMED,Valid,Standard,18
4125262,288885009,Unable to eat,Clinical Finding,SNOMED,Valid,Standard,9
4115074,300770008,Does perform play and sports activities,Clinical Finding,SNOMED,Valid,Standard,9
4102168,28087009,Delayed union of fracture,Morph Abnormality,SNOMED,Valid,Standard,9
4096652,189857001,Choriocarcinoma combined with teratoma,Morph Abnormality,SNOMED,Valid,Standard,9
40792501,LP16294-8,Tobramycin,LOINC Component,LOINC,Valid,Non-standard,9
40792499,LP16273-2,quiNINE,LOINC Component,LOINC,Valid,Non-standard,9
40789167,LP14985-3,Carisoprodol,LOINC Component,LOINC,Valid,Non-standard,9
40788785,LP101033-1,Fexofenadine,LOINC Component,LOINC,Valid,Non-standard,9
4078707,1929004,"Malignant lymphoma, non-Hodgkin",Morph Abnormality,SNOMED,Valid,Non-standard,9
40786326,LP35867-8,Budesonide,LOINC Component,LOINC,Valid,Non-standard,9
40785933,LP16197-3,Methocarbamol,LOINC Component,LOINC,Valid,Non-standard,9
40779399,LP17844-9,Butorphanol,LOINC Component,LOINC,Valid,Non-standard,9
40776061,LP17885-2,Isoflurane,LOINC Component,LOINC,Valid,Non-standard,9
40775955,LP16248-4,Phenothiazines,LOINC Component,LOINC,Valid,Non-standard,9
40775817,LP14551-3,Temazepam,LOINC Component,LOINC,Valid,Non-standard,9
40772637,LP16148-6,Flecainide,LOINC Component,LOINC,Valid,Non-standard,9
40772615,LP15862-3,Ketoconazole,LOINC Component,LOINC,Valid,Non-standard,9
4060249,169607004,No antenatal care,Context-dependent,SNOMED,Valid,Standard,9
4054127,125175004,Inferior dislocation,Morph Abnormality,SNOMED,Valid,Standard,9
4051569,160327004,FH: Drug dependency,Context-dependent,SNOMED,Valid,Non-standard,9
40481760,442022002,Allergy to meropenem,Clinical Finding,SNOMED,Valid,Non-standard,9
40480438,441725009,Allergy to ertapenem,Clinical Finding,SNOMED,Valid,Non-standard,9
4046883,134396000,Statin declined,Context-dependent,SNOMED,Valid,Standard,9
4045414,1305003,Double,Qualifier Value,SNOMED,Valid,Standard,9
4037120,162495007,Symptom occurs at night,Clinical Finding,SNOMED,Valid,Standard,9
4030262,128826001,Myelodysplastic and myeloproliferative neoplasm with neutrophilia,Morph Abnormality,SNOMED,Valid,Standard,9
4029031,128776008,Dedifferentiated chondrosarcoma,Morph Abnormality,SNOMED,Valid,Standard,9
4024166,106328005,Social worker,Social Context,SNOMED,Valid,Standard,9
4008063,111055000,Mountain climbing,Qualifier Value,SNOMED,Valid,Standard,9
37050046,LP19140-0,Menthol,LOINC Component,LOINC,Valid,Non-standard,9
36712804,122371000119100,HIV screening declined,Context-dependent,SNOMED,Valid,Standard,9
35627041,7e2aa53e-4ef8-46d2-aefa-052a506896f1,"Retired SNOMED UK Drug extension concept, do not use, use concept indicated by the CONCEPT_RELATIONSHIP table, if any",Qualifier Value,SNOMED,Valid,Non-standard,9
35627025,d405af0a-c818-4df1-b9f3-2e7490658eca,"Retired SNOMED UK Drug extension concept, do not use, use concept indicated by the CONCEPT_RELATIONSHIP table, if any",Qualifier Value,SNOMED,Valid,Non-standard,9
3518710,96068000,Amoxicillin trihydrate,Substance,Nebraska Lexicon,Valid,Non-standard,9
3354031,372522002,Fexofenadine,Substance,Nebraska Lexicon,Valid,Non-standard,9
3326939,387368002,Isoflurane,Substance,Nebraska Lexicon,Valid,Non-standard,9
3253245,373467000,Butorphanol,Substance,Nebraska Lexicon,Valid,Non-standard,9
2314342,99000,Handling and/or conveyance of specimen for transfer from the office to a laboratory,CPT4,CPT4,Valid,Standard,9
19474893,D010640,Phenothiazines,Main Heading,MeSH,Valid,Non-standard,9
1032890,LP7536-8,Red Blood Cells,LOINC System,LOINC,Valid,Non-standard,9
765465,5261000175106,Hospital inpatient stay within past 30 days,Context-dependent,SNOMED,Valid,Non-standard,8
765111,3450001000004101,Family history of liver transplantation,Context-dependent,SNOMED,Valid,Non-standard,8
764951,901000161107,Cocoa,Substance,SNOMED,Valid,Standard,16
764428,454791000124107,Exposure to herpes simplex virus,Event,SNOMED,Valid,Standard,8
762582,429201000124109,Referred for medication therapy management,Clinical Finding,SNOMED,Valid,Standard,8
761927,2081000124103,Multiple chronic diseases,Context-dependent,SNOMED,Valid,Standard,8
608528,1326401000000102,Allergy to sesame seed,Clinical Finding,SNOMED,Valid,Non-standard,8
46270135,143691000119102,Family history of breast cancer gene mutation in first degree relative,Context-dependent,SNOMED,Valid,Standard,8
45766703,703925004,Allergy to bean,Clinical Finding,SNOMED,Valid,Non-standard,8
443296,214393000,"Motor vehicle traffic accident due to motor vehicle going out of control due to driver inattention, without collision on the highway, passenger on motor cycle injured",Event,SNOMED,Valid,Standard,8
443270,274921003,Accidental mechanical suffocation by falling material,Event,SNOMED,Valid,Standard,8
442984,242190003,Accident to powered aircraft,Event,SNOMED,Valid,Standard,8
441765,302978003,Accidentally struck by or against projected object,Event,SNOMED,Valid,Standard,8
440625,219204003,Assault by hunting rifle,Event,SNOMED,Valid,Standard,8
439609,217527000,Accident caused by clothes on fire from cigarette,Event,SNOMED,Valid,Standard,8
439507,216295008,"Accident involving being struck by powered vehicle, used solely within the buildings and premises of an industrial or commercial establishment",Event,SNOMED,Valid,Standard,8
438640,293516006,Cardiac glycoside adverse reaction,Disorder,SNOMED,Valid,Non-standard,8
437174,242421001,Fall into storm drain,Event,SNOMED,Valid,Standard,8
43530904,609442008,Antenatal care for woman with history of recurrent miscarriage,Procedure,SNOMED,Valid,Standard,8
433950,292700004,Adverse reaction to smooth muscle relaxant,Disorder,SNOMED,Valid,Standard,8
4334196,430560006,Family history of chronic renal impairment,Context-dependent,SNOMED,Valid,Standard,8
4330317,22417000,Trichomonas vaginalis,Organism,SNOMED,Valid,Standard,8
4329789,430543001,Family history of psoriasis with psoriatic arthritis,Context-dependent,SNOMED,Valid,Standard,8
4325700,430564002,Family history of disorder of lung,Context-dependent,SNOMED,Valid,Standard,8
4315375,218076003,Accident caused by explosion of aerosol can,Event,SNOMED,Valid,Standard,8
4315367,218049003,Accident caused by pitchfork,Event,SNOMED,Valid,Standard,8
4310768,217093000,Fall on steps,Event,SNOMED,Valid,Standard,8
4307075,83088009,Acinetobacter lwoffii,Organism,SNOMED,Valid,Standard,8
4302189,418606003,Allergy to almond oil,Clinical Finding,SNOMED,Valid,Non-standard,8
4269490,63409001,Struck by firearm discharge,Event,SNOMED,Valid,Standard,8
4267385,365550006,Financial circumstances - finding,Clinical Finding,SNOMED,Valid,Standard,8
4263234,36060005,Hemangiopericytoma,Morph Abnormality,SNOMED,Valid,Non-standard,8
42538952,8801000175101,Difficulty swallowing pills,Clinical Finding,SNOMED,Valid,Standard,8
42534991,125181000119107,Family disruption due to parent-child estrangement,Clinical Finding,SNOMED,Valid,Standard,8
4236282,407559004,Family history unknown,Context-dependent,SNOMED,Valid,Standard,8
4236049,360875003,Moving to new residence,Clinical Finding,SNOMED,Valid,Standard,8
4221992,84096006,Surfing,Qualifier Value,SNOMED,Valid,Standard,8
4220464,417113001,Suspected pulmonary embolism,Context-dependent,SNOMED,Valid,Standard,8
4215206,415691001,Sweating,Observable Entity,SNOMED,Valid,Standard,8
4205689,309014007,Referred by physician,Clinical Finding,SNOMED,Valid,Standard,8
4202490,309018005,Referred to service,Clinical Finding,SNOMED,Valid,Standard,8
4198862,51642000,Adenocarcinoma in situ,Morph Abnormality,SNOMED,Valid,Standard,8
4193264,391130000,Pulmonary rehabilitation program completed,Context-dependent,SNOMED,Valid,Non-standard,8
4190432,394605001,Oral surgery,Qualifier Value,SNOMED,Valid,Standard,8
4190400,41444002,Invagination,Morph Abnormality,SNOMED,Valid,Standard,8
4190104,416406003,Procedure discontinued,Context-dependent,SNOMED,Valid,Standard,8
4177966,49937004,Kaposi's sarcoma,Morph Abnormality,SNOMED,Valid,Non-standard,8
4175497,42717009,"Teratoma, benign",Morph Abnormality,SNOMED,Valid,Standard,8
4173387,295026008,Allergy to metolazone,Clinical Finding,SNOMED,Valid,Non-standard,8
4173372,294970008,Allergy to 3-hydroxy-3-methylglutaryl-coenzyme A reductase inhibitor,Clinical Finding,SNOMED,Valid,Standard,8
4171467,294614007,Allergy to isoniazid,Clinical Finding,SNOMED,Valid,Non-standard,8
4171082,419007000,Sulfonamide antibiotic adverse reaction,Disorder,SNOMED,Valid,Standard,8
4170660,295054001,Allergy to digoxin,Clinical Finding,SNOMED,Valid,Non-standard,8
4167143,294203002,Allergy to benzoyl peroxide,Clinical Finding,SNOMED,Valid,Non-standard,8
4167113,294278007,Allergy to protamine,Clinical Finding,SNOMED,Valid,Non-standard,8
4166012,293999009,Allergy to felodipine,Clinical Finding,SNOMED,Valid,Non-standard,8
4165834,293911006,Allergy to buspirone,Clinical Finding,SNOMED,Valid,Non-standard,8
4165505,293779007,Allergy to carboplatin,Clinical Finding,SNOMED,Valid,Non-standard,8
4164353,274225004,Accident - crushed by object,Event,SNOMED,Valid,Standard,8
4164085,293203005,Metformin adverse reaction,Disorder,SNOMED,Valid,Standard,8
4163179,293651006,Allergy to famotidine,Clinical Finding,SNOMED,Valid,Non-standard,8
4163000,372152003,"Sarcoma, metastatic",Morph Abnormality,SNOMED,Valid,Standard,8
4161199,371597004,Emaciated,Clinical Finding,SNOMED,Valid,Standard,8
4148671,310134006,Social services,Qualifier Value,SNOMED,Valid,Standard,8
4130557,261765002,Loop colostomy - stoma,Morph Abnormality,SNOMED,Valid,Standard,8
4112265,255409004,Pregnant woman,Social Context,SNOMED,Valid,Non-standard,8
4105000,29506000,Boxing,Qualifier Value,SNOMED,Valid,Standard,8
4103594,256315005,Grapefruit,Substance,SNOMED,Valid,Standard,16
4100082,27551008,Stricture,Morph Abnormality,SNOMED,Valid,Standard,8
4086518,248324001,Well nourished,Clinical Finding,SNOMED,Valid,Standard,8
4080303,23840004,Leiostomus xanthurus,Organism,SNOMED,Valid,Standard,8
40798532,LP99342-5,Sulfites,LOINC Component,LOINC,Valid,Non-standard,8
40795775,LP15210-5,Cefpodoxime,LOINC Component,LOINC,Valid,Non-standard,8
4079359,182951000,Anti-D globulin needed,Context-dependent,SNOMED,Valid,Non-standard,8
40792506,LP16339-1,sulfADIAZINE,LOINC Component,LOINC,Valid,Non-standard,8
40782710,LP17218-6,Green Pepper,LOINC Component,LOINC,Valid,Non-standard,8
40782539,LP14717-0,Doxepin,LOINC Component,LOINC,Valid,Non-standard,8
40779681,LP35873-6,Triamcinolone,LOINC Component,LOINC,Valid,Non-standard,8
40779511,LP21368-3,Sirolimus,LOINC Component,LOINC,Valid,Non-standard,8
40779376,LP17241-8,Propafenone,LOINC Component,LOINC,Valid,Non-standard,8
40775965,LP16293-0,Timolol,LOINC Component,LOINC,Valid,Non-standard,8
40775950,LP16219-5,Nicotine,LOINC Component,LOINC,Valid,Non-standard,8
40772763,LP17979-3,PARoxetine,LOINC Component,LOINC,Valid,Non-standard,8
4072623,224231004,Sleeping in night shelter,Clinical Finding,SNOMED,Valid,Standard,8
4071579,21947006,Compression fracture,Morph Abnormality,SNOMED,Valid,Standard,8
4060243,169588002,Antenatal care: elderly primiparous,Context-dependent,SNOMED,Valid,Standard,8
4059628,160881008,Institutionalized childhood,Clinical Finding,SNOMED,Valid,Standard,8
4058134,160589000,Beer drinker,Clinical Finding,SNOMED,Valid,Standard,8
4055381,242611004,Bite of mouse,Event,SNOMED,Valid,Standard,8
4053938,242508005,Burning due to contact with hot metal objects,Event,SNOMED,Valid,Standard,8
40479800,444500002,Exposure to Hepatitis A virus,Event,SNOMED,Valid,Standard,8
4047823,135897006,Salter-Harris type II,Morph Abnormality,SNOMED,Valid,Standard,8
4040991,16566002,Benign phyllodes tumor,Morph Abnormality,SNOMED,Valid,Standard,8
4029180,128851000,Serous papillary cystic tumor of borderline malignancy,Morph Abnormality,SNOMED,Valid,Standard,8
4028986,13711007,Fall from slide,Event,SNOMED,Valid,Standard,8
4022664,105542008,Non - drinker,Clinical Finding,SNOMED,Valid,Standard,8
4019827,105387008,Holiday relief care of patient,Procedure,SNOMED,Valid,Standard,8
37108754,12240741000119107,Neglect of adult,Event,SNOMED,Valid,Standard,8
36674236,770959008,Bite of squirrel,Event,SNOMED,Valid,Standard,8
3661817,871554001,Blood product-induced anaphylactoid reaction,Disorder,SNOMED,Valid,Standard,8
36208953,LP220257-2,Etanercept,LOINC Component,LOINC,Valid,Non-standard,8
35627020,2daf5c15-562c-4331-9214-e2258f981f9a,"Retired SNOMED UK Drug extension concept, do not use, use concept indicated by the CONCEPT_RELATIONSHIP table, if any",Qualifier Value,SNOMED,Valid,Non-standard,8
3518370,116594009,Triamcinolone,Substance,Nebraska Lexicon,Valid,Non-standard,8
3353082,419442005,Ethyl alcohol,Substance,Nebraska Lexicon,Valid,Non-standard,8
2102841,2021F,"Dilated macular or fundus exam performed, including documentation of the presence or absence of macular edema and level of severity of retinopathy (EC)",CPT4,CPT4,Valid,Standard,8
19396474,D018532,Pisum sativum,Main Heading,MeSH,Valid,Non-standard,8
19394315,D013447,Sulfites,Main Heading,MeSH,Valid,Non-standard,8
764321,453451000124107,Adverse drug interaction with dietary supplement,Disorder,SNOMED,Valid,Standard,7
762334,32590001000004106,Family history of angioedema,Context-dependent,SNOMED,Valid,Standard,7
761876,16400001000004104,Family history of factor V deficiency,Context-dependent,SNOMED,Valid,Standard,7
759914,10780001000004101,Family history of vitamin B12 deficiency,Context-dependent,SNOMED,Valid,Standard,7
605641,1137334004,Eggplant,Organism,SNOMED,Valid,Standard,7
45771438,704489009,Lack of family support,Clinical Finding,SNOMED,Valid,Standard,7
45765593,702565001,Non-compliance of drug therapy,Clinical Finding,SNOMED,Valid,Standard,7
44787276,LP171637-4,Rosiglitazone,LOINC Component,LOINC,Valid,Non-standard,7
44787255,LP171611-9,Irbesartan,LOINC Component,LOINC,Valid,Non-standard,7
44787254,LP171404-9,Ipratropium,LOINC Component,LOINC,Valid,Non-standard,7
438637,216993005,Contaminated substance transfused or infused,Event,SNOMED,Valid,Standard,7
436600,274910007,Accident caused by earth-moving or excavation machines,Event,SNOMED,Valid,Standard,7
43530950,609496007,Complication occurring during pregnancy,Disorder,SNOMED,Valid,Standard,7
435148,287193009,Suicide - firearms,Event,SNOMED,Valid,Standard,7
4333912,432559006,Abnormal gait due to muscle weakness,Clinical Finding,SNOMED,Valid,Standard,7
4329985,22439003,Forcible intercourse,Event,SNOMED,Valid,Standard,7
4318639,217776008,Accidental drowning and submersion in swimming pool,Event,SNOMED,Valid,Standard,7
4313421,86251006,Neoplasm of uncertain behavior,Morph Abnormality,SNOMED,Valid,Standard,7
4312841,216331003,"Place of occurrence of accident or poisoning, farm land",Location,SNOMED,Valid,Non-standard,7
4312316,217118007,Hit wall of swimming pool,Event,SNOMED,Valid,Standard,7
4310775,217116006,Hit against bottom when diving into shallow water,Event,SNOMED,Valid,Standard,7
4310152,424924007,Community resource finding,Clinical Finding,SNOMED,Valid,Standard,7
4305589,3898006,"Neoplasm, benign",Morph Abnormality,SNOMED,Valid,Standard,7
4304313,387189002,Gemfibrozil,Substance,SNOMED,Valid,Non-standard,14
4303683,418397007,Allergy to cinnamon,Clinical Finding,SNOMED,Valid,Non-standard,7
4303438,386374005,Nutritional monitoring,Procedure,SNOMED,Valid,Standard,7
4302489,419298007,Allergy to watermelon,Clinical Finding,SNOMED,Valid,Non-standard,7
4302323,78331008,Fall from gymnastic bars,Event,SNOMED,Valid,Standard,7
4302066,418506006,Physical abuse,Event,SNOMED,Valid,Standard,7
4295361,37810007,Myeloid leukemia,Morph Abnormality,SNOMED,Valid,Non-standard,7
4287382,69515008,Ganglioneuroblastoma,Morph Abnormality,SNOMED,Valid,Standard,7
4270050,6351001,Martial arts,Qualifier Value,SNOMED,Valid,Standard,7
4256887,40866008,Chip fracture,Morph Abnormality,SNOMED,Valid,Standard,7
42537731,737281001,Artificial larynx in situ,Clinical Finding,SNOMED,Valid,Non-standard,7
42537632,737144005,Allergy to zoledronic acid,Clinical Finding,SNOMED,Valid,Non-standard,7
42536406,735213008,Cucumber,Substance,SNOMED,Valid,Standard,14
42536305,735050002,Pear,Substance,SNOMED,Valid,Standard,14
42536288,735029006,Shellfish,Substance,SNOMED,Valid,Standard,14
42535359,2021000124102,Referred by primary care physician,Clinical Finding,SNOMED,Valid,Standard,7
42535054,154051000119101,Family history of malignant neoplasm of colon over age 50,Context-dependent,SNOMED,Valid,Standard,7
42534992,125191000119105,Family disruption due to child in welfare custody,Clinical Finding,SNOMED,Valid,Standard,7
4234750,359649009,Weight reduction diet,Clinical Finding,SNOMED,Valid,Standard,7
4217808,72704001,Fracture,Morph Abnormality,SNOMED,Valid,Standard,7
4207199,53801007,Ganglioneuroma,Morph Abnormality,SNOMED,Valid,Standard,7
4204620,439073006,Peritoneal dialysis catheter in situ,Clinical Finding,SNOMED,Valid,Non-standard,7
4204525,55021007,Follicular adenoma,Morph Abnormality,SNOMED,Valid,Standard,7
4193751,79143006,Mucinous cystadenocarcinoma,Morph Abnormality,SNOMED,Valid,Standard,7
4187861,373147003,Medication not administered because contraindicated,Context-dependent,SNOMED,Valid,Standard,7
4183412,54787006,Shellfish,Organism,SNOMED,Valid,Standard,28
4180866,42841002,Zinc oxide,Substance,SNOMED,Valid,Non-standard,7
4179212,428994006,Family history of malignant neoplasm of biliary tract,Context-dependent,SNOMED,Valid,Standard,7
4175132,48720009,Shaft,Qualifier Value,SNOMED,Valid,Standard,7
4173479,424228003,Infection control status,Clinical Finding,SNOMED,Valid,Standard,7
4171469,294617000,Allergy to dapsone,Clinical Finding,SNOMED,Valid,Non-standard,7
4171420,275940001,FH: Brain disorder,Context-dependent,SNOMED,Valid,Standard,7
4170922,420080006,Allergy to carrot,Clinical Finding,SNOMED,Valid,Non-standard,7
4170512,294980007,Allergy to mexiletine,Clinical Finding,SNOMED,Valid,Non-standard,7
4169711,294276006,Allergy to naltrexone,Clinical Finding,SNOMED,Valid,Non-standard,7
4169549,294160005,Allergy to theophylline,Clinical Finding,SNOMED,Valid,Non-standard,7
4168892,294702008,Allergy to dexamethasone,Clinical Finding,SNOMED,Valid,Non-standard,7
4168741,294542001,Allergy to cefuroxime,Clinical Finding,SNOMED,Valid,Non-standard,7
4167797,293656001,Allergy to lansoprazole,Clinical Finding,SNOMED,Valid,Non-standard,7
4166438,275109007,FH: Bowel cancer,Context-dependent,SNOMED,Valid,Standard,7
4165828,293892004,Allergy to alprazolam,Clinical Finding,SNOMED,Valid,Non-standard,7
4165677,47623001,"Soft tissue tumor, benign",Morph Abnormality,SNOMED,Valid,Standard,7
4165322,293468001,Potassium sparing diuretic adverse reaction,Disorder,SNOMED,Valid,Standard,7
4165036,294707002,Allergy to prednisolone,Clinical Finding,SNOMED,Valid,Non-standard,7
4163840,45346005,Alteration in nutrition: more than body requirements,Clinical Finding,SNOMED,Valid,Standard,7
4163718,399069006,Dying process,Observable Entity,SNOMED,Valid,Standard,7
4163662,293955000,Allergy to methylphenidate,Clinical Finding,SNOMED,Valid,Non-standard,7
4144279,266949007,Home problems,Clinical Finding,SNOMED,Valid,Standard,7
4141789,266934004,Transport problem,Clinical Finding,SNOMED,Valid,Standard,7
4141652,266709005,Medication commenced,Context-dependent,SNOMED,Valid,Standard,7
4129846,237361005,Antepartum fetal death,Event,SNOMED,Valid,Standard,7
4122064,288296009,Fall - collision/push/shove,Event,SNOMED,Valid,Standard,7
4110755,285049007,Does use contact lenses,Clinical Finding,SNOMED,Valid,Standard,7
4086444,184061005,Patient registration status,Clinical Finding,SNOMED,Valid,Standard,7
4084837,183625007,Follow-up 4-6 months,Clinical Finding,SNOMED,Valid,Standard,7
4082396,182895007,Drug declined by patient,Context-dependent,SNOMED,Valid,Standard,7
4081745,183623000,Follow-up 1 month,Clinical Finding,SNOMED,Valid,Standard,7
4081433,183976008,Operative procedure planned,Context-dependent,SNOMED,Valid,Standard,7
40795769,LP15105-7,Wheat Bran,LOINC Component,LOINC,Valid,Non-standard,7
40792480,LP16080-1,cloBAZam,LOINC Component,LOINC,Valid,Non-standard,7
40789222,LP15831-8,Isoniazid,LOINC Component,LOINC,Valid,Non-standard,7
40785828,LP14891-3,Atropine,LOINC Component,LOINC,Valid,Non-standard,7
4078505,246197003,Mobility,Attribute,SNOMED,Valid,Non-standard,7
40782641,LP16149-4,Fluorouracil,LOINC Component,LOINC,Valid,Non-standard,7
40782533,LP14667-7,Glucagon,LOINC Component,LOINC,Valid,Non-standard,7
40779377,LP17253-3,raNITIdine,LOINC Component,LOINC,Valid,Non-standard,7
40779300,LP16288-0,Theophylline,LOINC Component,LOINC,Valid,Non-standard,7
40775936,LP16098-3,cycloSPORINE,LOINC Component,LOINC,Valid,Non-standard,7
40775860,LP15181-8,Piroxicam,LOINC Component,LOINC,Valid,Non-standard,7
40775776,LP14041-5,Progesterone,LOINC Component,LOINC,Valid,Non-standard,7
4064492,171288004,No immunization history record,Clinical Finding,SNOMED,Valid,Standard,7
4064328,164777009,Special cardiovascular system test done,Context-dependent,SNOMED,Valid,Non-standard,7
4062343,170986003,Patient counseled,Context-dependent,SNOMED,Valid,Non-standard,7
4054086,242388006,Fall on ice wearing ice-skates,Event,SNOMED,Valid,Standard,7
4051258,160439006,Family history with explicit context pertaining to sister,Context-dependent,SNOMED,Valid,Standard,7
4049205,20700001,"Fracture, closed, oblique",Morph Abnormality,SNOMED,Valid,Standard,7
40484248,445585003,Livebirth born before admission to hospital,Context-dependent,SNOMED,Valid,Standard,7
40479329,444357006,Exposure to Neisseria meningitidis,Event,SNOMED,Valid,Standard,7
4039057,227511008,Pine nut,Substance,SNOMED,Valid,Standard,7
4037487,162473008,Symptom aggravating factors,Clinical Finding,SNOMED,Valid,Standard,7
4037454,227219006,Eggplant,Substance,SNOMED,Valid,Standard,7
4032934,14912003,Vesiculobullous rash,Morph Abnormality,SNOMED,Valid,Standard,7
4032280,238456006,Snake bite,Event,SNOMED,Valid,Standard,7
4028710,128816008,Follicular dendritic cell sarcoma,Morph Abnormality,SNOMED,Valid,Standard,7
4023867,226496008,Orange juice,Substance,SNOMED,Valid,Non-standard,7
4022650,105469006,Bone tissue donor,Social Context,SNOMED,Valid,Non-standard,7
4017163,170546000,Requires a cholera booster,Clinical Finding,SNOMED,Valid,Standard,7
379831,425601005,Unilateral neural hearing loss,Context-dependent,SNOMED,Valid,Non-standard,7
37312608,789025008,Requires vaccination against diphtheria,Clinical Finding,SNOMED,Valid,Standard,7
37208103,460581000124104,Preprocedural cardiovascular examination done,Context-dependent,SNOMED,Valid,Non-standard,7
37108870,15627891000119105,Family history of systemic lupus erythematosus,Context-dependent,SNOMED,Valid,Standard,7
37108801,13015001000119105,Lung cancer screening declined,Context-dependent,SNOMED,Valid,Standard,7
37071002,LP15168-5,Gemfibrozil,LOINC Component,LOINC,Valid,Non-standard,7
37044437,LP101882-1,Desflurane,LOINC Component,LOINC,Valid,Non-standard,7
36683661,781684006,Non-allergic hypersensitivity to non-steroidal anti-inflammatory agent,Clinical Finding,SNOMED,Valid,Standard,7
3661849,871777003,Adverse reaction to coumarin,Disorder,SNOMED,Valid,Standard,7
3518395,372832002,Atropine,Substance,Nebraska Lexicon,Valid,Non-standard,7
3452193,226496008,Orange juice,Substance,Nebraska Lexicon,Valid,Non-standard,7
3308358,42841002,Zinc oxide,Substance,Nebraska Lexicon,Valid,Non-standard,7
3170161,386841003,Desflurane,Substance,Nebraska Lexicon,Valid,Non-standard,7
2514491,99349,"Home or residence visit for the evaluation and management of an established patient, which requires a medically appropriate history and/or examination and moderate level of medical decision making. When using total time on the date of the encounte...",CPT4,CPT4,Valid,Standard,7
19474162,D000617,Aminoglycosides,Main Heading,MeSH,Valid,Non-standard,7
1176920,LP28719-0,Gatifloxacin,LOINC Component,LOINC,Valid,Non-standard,7
1176876,LP14848-3,Terbinafine,LOINC Component,LOINC,Valid,Non-standard,7
764743,5780001000004109,Family history of cirrhosis of liver,Context-dependent,SNOMED,Valid,Standard,6
763765,445741000124104,Left after triage,Clinical Finding,SNOMED,Valid,Standard,6
762043,286271000119104,Coronary artery bypass graft stent present,Clinical Finding,SNOMED,Valid,Non-standard,6
762042,286251000119108,Drug coated stent in posterior descending branch of right coronary artery,Clinical Finding,SNOMED,Valid,Non-standard,6
761877,16409831000119105,Family history of Barrett esophagus,Context-dependent,SNOMED,Valid,Standard,6
761712,15936261000119101,Requires continuous supervision,Clinical Finding,SNOMED,Valid,Standard,6
761052,13890001000004103,Family history of neuroblastoma,Context-dependent,SNOMED,Valid,Standard,6
710053,98970,"Nonphysician qualified health care professional online digital assessment and management, for an established patient, for up to 7 days, cumulative time during the 7 days; 5-10 minutes",CPT4,CPT4,Valid,Standard,6
608134,1156903009,Malignant ependymoma,Morph Abnormality,SNOMED,Valid,Standard,6
46273772,63941000119102,Family history of congenital hydrocephalus,Context-dependent,SNOMED,Valid,Standard,6
46273481,1098871000119109,Family history of hereditary nonpolyposis colon cancer,Context-dependent,SNOMED,Valid,Standard,6
46269918,108981000119107,Family history of protein S deficiency,Context-dependent,SNOMED,Valid,Standard,6
45771414,150851000119100,Genetic counseling done,Context-dependent,SNOMED,Valid,Non-standard,6
45771406,704143006,Maternal history of systemic lupus erythematosus,Context-dependent,SNOMED,Valid,Standard,6
44787243,LP171390-0,Candesartan,LOINC Component,LOINC,Valid,Non-standard,6
44787230,LP18914-9,Captopril,LOINC Component,LOINC,Valid,Non-standard,6
44786635,LP101034-9,Finasteride,LOINC Component,LOINC,Valid,Non-standard,6
443369,293484000,Mercurial diuretic adverse reaction,Disorder,SNOMED,Valid,Standard,6
442458,214188005,"Motor vehicle traffic accident involving collision between motor vehicle and tramcar, occupant of tram injured",Event,SNOMED,Valid,Standard,6
442042,242811002,Exposure to radiation from diagnostic isotopes,Event,SNOMED,Valid,Standard,6
440291,218933003,Adverse reaction to irritant cathartic,Disorder,SNOMED,Valid,Standard,6
439577,218943000,Adverse reaction to emollient cathartic,Disorder,SNOMED,Valid,Standard,6
438323,292910004,Anthelmintics adverse reaction,Disorder,SNOMED,Valid,Standard,6
438053,217945009,Accident caused by mining and earth-drilling machinery,Event,SNOMED,Valid,Standard,6
437757,219050007,Adverse reaction to antipruritic,Disorder,SNOMED,Valid,Standard,6
437476,215415000,Accident to watercraft causing immersion,Event,SNOMED,Valid,Standard,6
437196,216903001,Foreign object left in body during perfusion,Event,SNOMED,Valid,Standard,6
436228,67313008,Fetal death due to termination of pregnancy,Event,SNOMED,Valid,Standard,6
435442,217123007,Fall into well,Event,SNOMED,Valid,Standard,6
43533286,G8999,"Motor speech functional limitation, current status at therapy episode outset and at reporting intervals (Deprecated)",HCPCS,HCPCS,Valid,Standard,6
434552,292605001,Cough suppressant adverse reaction,Disorder,SNOMED,Valid,Standard,6
434235,269772004,Contaminant given to patient,Event,SNOMED,Valid,Standard,6
433663,217007005,Failure in suture and ligature during surgical operation,Event,SNOMED,Valid,Standard,6
433398,274954001,Assault by explosive device,Event,SNOMED,Valid,Standard,6
432813,219009004,Adverse reaction to oxytocic agents,Disorder,SNOMED,Valid,Standard,6
4327277,429953005,Family history of pulmonary emphysema,Context-dependent,SNOMED,Valid,Standard,6
4326338,430336008,Family history of color blindness,Context-dependent,SNOMED,Valid,Standard,6
4317795,218072001,Accident caused by explosion of air tank,Event,SNOMED,Valid,Standard,6
4315359,218026000,Accidents caused by powered household appliances and implements,Event,SNOMED,Valid,Standard,6
4315007,216383005,"Place of occurrence of accident or poisoning, tennis court",Location,SNOMED,Valid,Non-standard,6
4313673,218167007,Accident caused by central electric current,Event,SNOMED,Valid,Standard,6
4313014,86739005,Zinc,Substance,SNOMED,Valid,Non-standard,24
4312970,216420007,"Place of occurrence of accident or poisoning, theater",Location,SNOMED,Valid,Non-standard,6
4312969,216409007,"Place of occurrence of accident or poisoning, post office",Location,SNOMED,Valid,Non-standard,6
4309752,216343002,"Place of occurrence of accident or poisoning, factory building",Location,SNOMED,Valid,Non-standard,6
43020487,288551000119109,Problem in relationship with in-laws,Clinical Finding,SNOMED,Valid,Standard,6
4294380,76000001,Aneurysmal bone cyst,Morph Abnormality,SNOMED,Valid,Standard,6
4289925,70237008,Glucosamine,Substance,SNOMED,Valid,Non-standard,18
42872484,450475007,For cardiopulmonary resuscitation,Clinical Finding,SNOMED,Valid,Standard,6
4265604,397847006,Family bereavement,Clinical Finding,SNOMED,Valid,Standard,6
4263116,36024000,Gangrene,Morph Abnormality,SNOMED,Valid,Standard,6
42539023,735336002,Cauliflower,Substance,SNOMED,Valid,Standard,12
42538925,762913001,Left renal hypoplasia,Disorder,SNOMED,Valid,Standard,6
4253747,410601007,Childhood age person,Social Context,SNOMED,Valid,Non-standard,6
42536407,735214002,Apricot,Substance,SNOMED,Valid,Standard,12
4252361,408442008,Hemophilia - specialty,Qualifier Value,SNOMED,Valid,Standard,6
4247389,406203001,Endurance,Observable Entity,SNOMED,Valid,Standard,6
4233463,405682009,Supervisory status,Clinical Finding,SNOMED,Valid,Standard,6
4230596,404204005,Drug interaction with drug,Clinical Finding,SNOMED,Valid,Standard,6
4230566,438998000,Family history of human immunodeficiency virus infection,Context-dependent,SNOMED,Valid,Standard,6
4230341,89031001,Hypopigmentation,Morph Abnormality,SNOMED,Valid,Standard,6
4229714,404998008,Mechanical ventilation weaning response,Observable Entity,SNOMED,Valid,Standard,6
4228203,88897007,"Malignant tumor, fusiform cell type",Morph Abnormality,SNOMED,Valid,Standard,6
4225403,85010006,Recurrent thrombus,Morph Abnormality,SNOMED,Valid,Non-standard,6
4218199,397910007,Awareness under general anesthesia,Observable Entity,SNOMED,Valid,Standard,6
4213257,417001009,Family history of tuberous sclerosis,Context-dependent,SNOMED,Valid,Standard,6
4207381,54124005,Epithelioid hemangioendothelioma,Morph Abnormality,SNOMED,Valid,Standard,6
4202650,53846008,Suicide attempt by adequate means,Event,SNOMED,Valid,Standard,6
4189976,41627005,Renal cell adenoma,Morph Abnormality,SNOMED,Valid,Standard,6
4178883,50102004,"Malignant lymphoma, mixed small and large cell, diffuse",Morph Abnormality,SNOMED,Valid,Standard,6
4178538,297241004,Family history of chronic obstructive lung disease,Context-dependent,SNOMED,Valid,Standard,6
4176894,49430005,"Liposarcoma, no International Classification of Diseases for Oncology subtype",Morph Abnormality,SNOMED,Valid,Non-standard,6
4173371,294968004,Allergy to fish oil,Clinical Finding,SNOMED,Valid,Non-standard,6
4171631,294712001,Allergy to budesonide,Clinical Finding,SNOMED,Valid,Non-standard,6
4171484,294658007,Allergy to tetanus vaccine,Clinical Finding,SNOMED,Valid,Non-standard,6
4171304,294426006,Allergy to formaldehyde,Clinical Finding,SNOMED,Valid,Non-standard,6
4170509,294972000,Allergy to fluvastatin,Clinical Finding,SNOMED,Valid,Non-standard,6
4169363,293908005,Allergy to chloral hydrate,Clinical Finding,SNOMED,Valid,Non-standard,6
4168815,419027004,"Contact with plant spines, thorns, or sharp leaves",Event,SNOMED,Valid,Standard,6
4168727,294489002,Allergy to ofloxacin,Clinical Finding,SNOMED,Valid,Non-standard,6
4168578,294384008,Allergy to acyclovir,Clinical Finding,SNOMED,Valid,Non-standard,6
4167786,293621000,Allergy to ketoprofen,Clinical Finding,SNOMED,Valid,Non-standard,6
4167287,294277002,Allergy to naloxone,Clinical Finding,SNOMED,Valid,Non-standard,6
4166174,293238007,Testosterone adverse reaction,Disorder,SNOMED,Valid,Standard,6
4165470,293629003,Allergy to piroxicam,Clinical Finding,SNOMED,Valid,Non-standard,6
4164999,294530006,Allergy to polymyxin B,Clinical Finding,SNOMED,Valid,Non-standard,6
4163940,294236001,Allergy to methocarbamol,Clinical Finding,SNOMED,Valid,Non-standard,6
4163186,293681003,Allergy to lactulose,Clinical Finding,SNOMED,Valid,Non-standard,6
4161395,433163001,Family history of diverticulitis of colon,Context-dependent,SNOMED,Valid,Standard,6
4145837,426947006,Closed Salter-Harris type II fracture,Morph Abnormality,SNOMED,Valid,Standard,6
4141777,266889000,FH: Hemophilia,Context-dependent,SNOMED,Valid,Standard,6
4139804,263680009,Autoimmune process,Qualifier Value,SNOMED,Valid,Standard,6
4139700,425605001,Allergy to wool,Clinical Finding,SNOMED,Valid,Non-standard,6
4139597,32684000,Aspergillus fumigatus,Organism,SNOMED,Valid,Standard,6
4133383,412595005,Cadexomer iodine,Substance,SNOMED,Valid,Non-standard,6
4128946,261064006,Cervical,Qualifier Value,SNOMED,Valid,Non-standard,6
4127025,259636000,Pregnancy associated plasma protein A,Substance,SNOMED,Valid,Non-standard,6
4125276,288945004,Difficulty swallowing food,Clinical Finding,SNOMED,Valid,Standard,6
4115228,300914000,Allergy to cheese,Clinical Finding,SNOMED,Valid,Non-standard,6
4106639,258143003,Non-compliant,Qualifier Value,SNOMED,Valid,Standard,6
4103842,28960008,Arteriosclerosis,Morph Abnormality,SNOMED,Valid,Standard,6
4097364,292412001,Methylphenidate adverse reaction,Disorder,SNOMED,Valid,Standard,6
4097044,292056009,Diamorphine adverse reaction,Disorder,SNOMED,Valid,Standard,6
4095180,250044006,Cautious gait,Clinical Finding,SNOMED,Valid,Standard,6
4095176,250016005,Crouch gait,Clinical Finding,SNOMED,Valid,Standard,6
4086751,243860001,Diabetic monitoring status,Clinical Finding,SNOMED,Valid,Standard,6
4085792,185330002,Patient walked out,Clinical Finding,SNOMED,Valid,Standard,6
40795987,LP18863-8,Droperidol,LOINC Component,LOINC,Valid,Non-standard,6
40795286,LP100045-6,Milnacipran,LOINC Component,LOINC,Valid,Non-standard,6
40792386,LP14795-6,Zinc,LOINC Component,LOINC,Valid,Non-standard,6
40792359,LP14353-4,Amantadine,LOINC Component,LOINC,Valid,Non-standard,6
40785439,LP100044-9,Metaxalone,LOINC Component,LOINC,Valid,Non-standard,6
40782552,LP14990-3,Dicloxacillin,LOINC Component,LOINC,Valid,Non-standard,6
40775949,LP16206-2,Oxacillin,LOINC Component,LOINC,Valid,Non-standard,6
40775812,LP14522-4,Acyclovir,LOINC Component,LOINC,Valid,Non-standard,6
40772550,LP15000-0,Naltrexone,LOINC Component,LOINC,Valid,Non-standard,6
4076237,224330000,Involved in criminal activity,Clinical Finding,SNOMED,Valid,Standard,6
4073076,242542001,Exposure to radiant heat from open fire,Event,SNOMED,Valid,Standard,6
4073067,242491005,Burning due to contact with hot gas,Event,SNOMED,Valid,Standard,6
4062254,200155004,Death from any obstetric cause occurring more than 42 days but less than one year after delivery,Event,SNOMED,Valid,Non-standard,6
4061672,169488004,IUD failure - pregnant,Clinical Finding,SNOMED,Valid,Standard,6
4054159,242514003,Burning due to contact with hot saucepan,Event,SNOMED,Valid,Standard,6
4054087,242389003,Fall due to wet surface,Event,SNOMED,Valid,Standard,6
4050004,12400006,Papillary transitional cell carcinoma,Morph Abnormality,SNOMED,Valid,Standard,6
4049007,1586004,Subependymal giant cell astrocytoma,Morph Abnormality,SNOMED,Valid,Standard,6
40484588,444019000,Did not wait for treatment,Clinical Finding,SNOMED,Valid,Standard,6
4046295,133903000,Care of intensive care unit patient,Procedure,SNOMED,Valid,Standard,6
4044035,129216006,Acquired arteriovenous aneurysm,Morph Abnormality,SNOMED,Valid,Standard,6
4036964,162364004,Ear discharge present,Context-dependent,SNOMED,Valid,Standard,6
4032521,129831005,Noncompliance with diagnostic testing,Clinical Finding,SNOMED,Valid,Standard,6
4032519,129816001,Instrumental activity of daily living (IADLs) alteration,Clinical Finding,SNOMED,Valid,Standard,6
4020871,212976008,Asphyxia by strangulation,Event,SNOMED,Valid,Standard,6
4019913,115239009,Bone tumor,Morph Abnormality,SNOMED,Valid,Standard,6
4019842,105436006,Elderly person,Social Context,SNOMED,Valid,Non-standard,6
37309619,16863481000119103,Long-term current use of benzodiazepine,Context-dependent,SNOMED,Valid,Standard,6
37117646,15625451000119105,Long-term current use of tofacitinib,Context-dependent,SNOMED,Valid,Standard,6
37108958,15929581000119100,Long-term current use of antidepressant medication,Context-dependent,SNOMED,Valid,Standard,6
37071139,LP65494-4,Iohexol,LOINC Component,LOINC,Valid,Non-standard,6
37067665,LP16335-9,Penicillin V potassium,LOINC Component,LOINC,Valid,Non-standard,6
37050329,LP19573-2,Dobutamine,LOINC Component,LOINC,Valid,Non-standard,6
37042162,LP15134-7,Protamine,LOINC Component,LOINC,Valid,Non-standard,6
37035227,LP35677-1,Adenosine,LOINC Component,LOINC,Valid,Non-standard,6
37031007,LP18131-0,Meclizine,LOINC Component,LOINC,Valid,Non-standard,6
37028688,LP18054-4,Benzyl alcohol,LOINC Component,LOINC,Valid,Non-standard,6
37017398,713665009,Discussion about advance care planning with family member,Context-dependent,SNOMED,Valid,Non-standard,6
37017135,713352007,Skin donor,Social Context,SNOMED,Valid,Non-standard,6
37016736,712843002,Allergy to celery,Clinical Finding,SNOMED,Valid,Non-standard,6
36716554,722595002,Overweight in adulthood with body mass index of 25 or more but less than 30,Clinical Finding,SNOMED,Valid,Standard,6
36684866,457831000124109,Medication adherence variable,Clinical Finding,SNOMED,Valid,Standard,6
36306421,LP28438-7,Zonisamide,LOINC Component,LOINC,Valid,Non-standard,6
35626997,1d7a861c-b11f-4d3e-93c1-a2f2ef39dc23,"Retired SNOMED UK Drug extension concept, do not use, use concept indicated by the CONCEPT_RELATIONSHIP table, if any",Qualifier Value,SNOMED,Valid,Non-standard,6
35626961,8771000175103,Uses home continuous positive airway pressure ventilation supply,Clinical Finding,SNOMED,Valid,Standard,6
35622274,763653008,Ankle joint prosthesis present,Clinical Finding,SNOMED,Valid,Non-standard,6
3518845,372873001,Dicloxacillin,Substance,Nebraska Lexicon,Valid,Non-standard,6
3518768,372868007,Oxacillin,Substance,Nebraska Lexicon,Valid,Non-standard,6
3359210,441641002,Milnacipran,Substance,Nebraska Lexicon,Valid,Non-standard,6
3281946,386966003,Glimepiride,Substance,Nebraska Lexicon,Valid,Non-standard,6
3225764,387145002,Dobutamine,Substance,Nebraska Lexicon,Valid,Non-standard,6
2617619,G8209,Clinician did not document an order was given to discontinue prophylactic antibiotics within 48 hours of surgical end time (Deprecated),HCPCS,HCPCS,Valid,Standard,6
21495408,LP201674-1,Glucosamine,LOINC Component,LOINC,Valid,Non-standard,6
19394999,D015002,"Yeast, Dried",Main Heading,MeSH,Valid,Non-standard,6
1176716,LP19441-2,Silver sulfADIAZINE,LOINC Component,LOINC,Valid,Non-standard,6
765921,16224551000119108,Allergy to hornet venom,Clinical Finding,SNOMED,Valid,Non-standard,5
765842,432861000124103,Prescription medication started,Context-dependent,SNOMED,Valid,Standard,5
765796,74081000119101,Family history of affective disorder,Context-dependent,SNOMED,Valid,Standard,5
765676,454211000124107,Medication non-compliance due to visual impairment,Clinical Finding,SNOMED,Valid,Standard,5
764375,454171000124105,Medication non-compliance due to excessive pill burden,Clinical Finding,SNOMED,Valid,Standard,5
45767163,704486002,Difficulty managing urinary catheter,Clinical Finding,SNOMED,Valid,Standard,5
45757481,150811000119101,Contraception care education done,Context-dependent,SNOMED,Valid,Non-standard,5
44816484,4561F,Patient has a coronary artery stent (Peri2),CPT4,CPT4,Valid,Standard,5
44787274,LP171635-8,Risedronate,LOINC Component,LOINC,Valid,Non-standard,5
44787234,LP19170-7,Nizatidine,LOINC Component,LOINC,Valid,Non-standard,5
443620,430139008,Abuse by relative of victim,Event,SNOMED,Valid,Standard,5
443461,432464008,Abuse by unrelated caregiver,Event,SNOMED,Valid,Standard,5
443080,213017001,Sexual abuse,Event,SNOMED,Valid,Standard,5
441471,269703005,Accident due to lack of water,Event,SNOMED,Valid,Standard,5
439375,214280008,"Motor vehicle traffic accident involving collision, on highway, between motor vehicle and fallen stone, traffic sign, tree or utility pole, passenger on motor cycle injured",Event,SNOMED,Valid,Standard,5
438327,216958003,Overdose of radiation in therapy,Event,SNOMED,Valid,Standard,5
435982,242182003,Fall on board vessel without accident to vessel,Event,SNOMED,Valid,Standard,5
43533184,G9186,"Motor speech functional limitation, projected goal status at therapy episode outset, at reporting intervals, and at discharge or to end reporting (Deprecated)",HCPCS,HCPCS,Valid,Standard,5
435159,216782002,Accidental poisoning by mercury and/or mercury compound and/or mercury vapor,Event,SNOMED,Valid,Standard,5
435135,216267008,Accident to spacecraft,Event,SNOMED,Valid,Standard,5
434843,216899008,Foreign object left in body during infusion or transfusion,Event,SNOMED,Valid,Standard,5
434537,217860008,"Accident caused by a crowd, by collective fear or panic",Event,SNOMED,Valid,Standard,5
433943,216919008,Foreign object left in body during heart catheterization,Event,SNOMED,Valid,Standard,5
4329938,430727006,Family history of amyotrophic lateral sclerosis,Context-dependent,SNOMED,Valid,Standard,5
4329258,429441004,"Closed, undisplaced fracture",Morph Abnormality,SNOMED,Valid,Standard,5
4327493,75109009,Smooth muscle tumor,Morph Abnormality,SNOMED,Valid,Standard,5
4326249,75059003,Alternaria,Organism,SNOMED,Valid,Standard,5
432523,214222003,"Motor vehicle traffic accident involving pedestrian hit by motor vehicle, passenger on motor cycle injured",Event,SNOMED,Valid,Standard,5
4324611,430077004,Ferric carboxymaltose,Substance,SNOMED,Valid,Non-standard,5
4320952,70682000,"Fracture, transverse",Morph Abnormality,SNOMED,Valid,Standard,5
4317796,218073006,Accident caused by explosion of pressure gas tank,Event,SNOMED,Valid,Standard,5
4312843,216340004,"Place of occurrence of accident or poisoning, building under construction",Location,SNOMED,Valid,Non-standard,5
4311863,422786001,Lacks emotional support,Clinical Finding,SNOMED,Valid,Standard,5
4311567,424540004,Does not follow recommended medication dosage,Clinical Finding,SNOMED,Valid,Standard,5
4309756,216356009,"Place of occurrence of accident or poisoning, amusement park",Location,SNOMED,Valid,Non-standard,5
4308415,83421005,Failure to lose weight,Clinical Finding,SNOMED,Valid,Standard,5
4300964,386103008,Renal stone,Substance,SNOMED,Valid,Standard,5
4284846,67324005,Rice,Substance,SNOMED,Valid,Standard,10
4276272,365549006,History relating to military service - finding,Clinical Finding,SNOMED,Valid,Non-standard,5
4270128,364198000,Frequency of urination,Observable Entity,SNOMED,Valid,Standard,5
4270047,63498000,Diving,Qualifier Value,SNOMED,Valid,Standard,5
4269011,401018007,Not wearing seat belt,Context-dependent,SNOMED,Valid,Standard,5
4265186,62093005,Yeast,Organism,SNOMED,Valid,Standard,10
42539513,735124003,Barley,Substance,SNOMED,Valid,Standard,10
42529317,82785-7,Lab order date,Clinical Observation,LOINC,Valid,Standard,5
42528927,82772-5,Lab result date reported,Clinical Observation,LOINC,Valid,Standard,5
4249829,409800005,ESBL Escherichia coli,Organism,SNOMED,Valid,Standard,5
4249150,73506006,Small cell sarcoma,Morph Abnormality,SNOMED,Valid,Standard,5
4243155,38334009,Health management deficit,Clinical Finding,SNOMED,Valid,Standard,5
4238214,57456004,Standing transfer training,Procedure,SNOMED,Valid,Standard,5
4237618,409025002,Ventilator care,Procedure,SNOMED,Valid,Standard,5
4235388,408463005,Vascular surgery,Qualifier Value,SNOMED,Valid,Standard,5
4219336,39953003,Tobacco,Substance,SNOMED,Valid,Standard,5
4218451,72354005,Oral contraceptive intolerance,Clinical Finding,SNOMED,Valid,Standard,5
4214073,41556003,Angiocentric immunoproliferative lesion,Morph Abnormality,SNOMED,Valid,Standard,5
4207948,5540006,Calcium,Substance,SNOMED,Valid,Non-standard,17
4203407,308555008,Child into care examination status,Clinical Finding,SNOMED,Valid,Standard,5
4201936,315277001,Suspected head and neck cancer,Context-dependent,SNOMED,Valid,Standard,5
4201934,315272007,Suspected testicular cancer,Context-dependent,SNOMED,Valid,Standard,5
4199937,315266007,Suspected cervical cancer,Context-dependent,SNOMED,Valid,Standard,5
4195300,44529004,Giant cell glioblastoma,Morph Abnormality,SNOMED,Valid,Standard,5
4192791,394882004,Pain management (specialty),Qualifier Value,SNOMED,Valid,Standard,5
4185231,54690008,Unknown (origin),Qualifier Value,SNOMED,Valid,Standard,5
4183008,54808007,Cobalt,Substance,SNOMED,Valid,Non-standard,5
4173477,42416001,Lanolin,Substance,SNOMED,Valid,Non-standard,5
4173402,295077001,Allergy to dipyridamole,Clinical Finding,SNOMED,Valid,Non-standard,5
4171302,294418003,Allergy to phenol,Clinical Finding,SNOMED,Valid,Non-standard,5
4169214,295004007,Allergy to torsemide,Clinical Finding,SNOMED,Valid,Non-standard,5
4169035,294767000,Allergy to finasteride,Clinical Finding,SNOMED,Valid,Non-standard,5
4168894,294714000,Allergy to insulin,Clinical Finding,SNOMED,Valid,Standard,5
4168745,294565006,Allergy to aztreonam,Clinical Finding,SNOMED,Valid,Non-standard,5
4168743,294550005,Allergy to cefpodoxime,Clinical Finding,SNOMED,Valid,Non-standard,5
4167932,293724004,Allergy to benzocaine,Clinical Finding,SNOMED,Valid,Non-standard,5
4167784,293614000,Allergy to etodolac,Clinical Finding,SNOMED,Valid,Non-standard,5
4167300,294356003,Allergy to clotrimazole,Clinical Finding,SNOMED,Valid,Non-standard,5
4167276,294233009,Allergy to rocuronium,Clinical Finding,SNOMED,Valid,Non-standard,5
4166815,294061007,Allergy to dopamine,Clinical Finding,SNOMED,Valid,Non-standard,5
4166486,295071000,Allergy to minoxidil,Clinical Finding,SNOMED,Valid,Non-standard,5
4165800,293776000,Allergy to fluorouracil,Clinical Finding,SNOMED,Valid,Non-standard,5
4164848,294398000,Allergy to quinine,Clinical Finding,SNOMED,Valid,Non-standard,5
4164698,293646000,Allergy to sucralfate,Clinical Finding,SNOMED,Valid,Non-standard,5
4163822,294078003,Allergy to benztropine,Clinical Finding,SNOMED,Valid,Non-standard,5
4163632,293851008,Allergy to fluvoxamine,Clinical Finding,SNOMED,Valid,Non-standard,5
4163210,293798009,Allergy to cyclosporine,Clinical Finding,SNOMED,Valid,Non-standard,5
4163209,293790002,Allergy to tamoxifen,Clinical Finding,SNOMED,Valid,Non-standard,5
4142117,427686004,"Fracture, closed, displaced",Morph Abnormality,SNOMED,Valid,Standard,5
4139881,305795007,Seen by family planning service,Clinical Finding,SNOMED,Valid,Standard,5
4136248,263913002,Ulceration,Qualifier Value,SNOMED,Valid,Standard,5
4132477,412534006,Yeast,Substance,SNOMED,Valid,Standard,5
4131949,264585001,Colostomy - stoma,Morph Abnormality,SNOMED,Valid,Standard,5
4128534,236735003,Obstruction of indwelling urinary catheter,Clinical Finding,SNOMED,Valid,Standard,5
4123352,260189007,Pecan nut,Substance,SNOMED,Valid,Standard,5
4121742,257759008,Fine needle aspiration biopsy - action,Qualifier Value,SNOMED,Valid,Standard,5
4105753,29696001,Prolapse,Morph Abnormality,SNOMED,Valid,Standard,5
4105261,281575007,Family social history,Context-dependent,SNOMED,Valid,Standard,5
4103921,256442007,Egg yolk,Substance,SNOMED,Valid,Standard,15
4103779,256329006,Spinach,Substance,SNOMED,Valid,Standard,10
4103602,256354006,Bean,Substance,SNOMED,Valid,Standard,10
4100554,253081009,Secretory meningioma,Morph Abnormality,SNOMED,Valid,Standard,5
4099464,27317008,Complete transposition,Morph Abnormality,SNOMED,Valid,Standard,5
4098985,292238004,Cisplatin adverse reaction,Disorder,SNOMED,Valid,Standard,5
4095532,292248002,Tamoxifen adverse reaction,Disorder,SNOMED,Valid,Standard,5
4091698,280939008,Insect venom,Substance,SNOMED,Valid,Standard,10
4085780,185288004,Seen by counselor,Clinical Finding,SNOMED,Valid,Standard,5
4080986,182848008,Patient on numerous drugs,Clinical Finding,SNOMED,Valid,Standard,5
4080761,24028007,Right,Qualifier Value,SNOMED,Valid,Standard,5
4080746,24072005,Acute leukemia,Morph Abnormality,SNOMED,Valid,Standard,5
40795742,LP14734-5,Triamterene,LOINC Component,LOINC,Valid,Non-standard,5
40792373,LP14497-9,Estradiol,LOINC Component,LOINC,Valid,Non-standard,5
40789489,LP29134-1,Yeast,LOINC Component,LOINC,Valid,Non-standard,5
40789249,LP16211-2,Nadolol,LOINC Component,LOINC,Valid,Non-standard,5
40789138,LP14546-3,Barbiturates,LOINC Component,LOINC,Valid,Non-standard,5
40786181,LP29287-7,Egg yolk,LOINC Component,LOINC,Valid,Non-standard,5
40786056,LP18072-6,Thiazides,LOINC Component,LOINC,Valid,Non-standard,5
40785799,LP14368-2,Cobalt,LOINC Component,LOINC,Valid,Non-standard,5
40782807,LP19148-3,Miconazole,LOINC Component,LOINC,Valid,Non-standard,5
40782632,LP16105-6,Dextromethorphan,LOINC Component,LOINC,Valid,Non-standard,5
40779416,LP18100-5,Sulindac,LOINC Component,LOINC,Valid,Non-standard,5
40779304,LP16319-3,Polymyxin B,LOINC Component,LOINC,Valid,Non-standard,5
40779299,LP16282-3,Streptomycin,LOINC Component,LOINC,Valid,Non-standard,5
40779268,LP16054-6,Buprenorphine,LOINC Component,LOINC,Valid,Non-standard,5
40779165,LP14730-3,Primidone,LOINC Component,LOINC,Valid,Non-standard,5
40779116,LP14045-6,Testosterone,LOINC Component,LOINC,Valid,Non-standard,5
4077806,275919002,Weight loss advised,Context-dependent,SNOMED,Valid,Non-standard,5
40775961,LP16274-0,rifAMPin,LOINC Component,LOINC,Valid,Non-standard,5
40775948,LP16205-4,Mexiletine,LOINC Component,LOINC,Valid,Non-standard,5
40772862,LP21306-3,Abacavir,LOINC Component,LOINC,Valid,Non-standard,5
40772630,LP16053-8,Bupivacaine,LOINC Component,LOINC,Valid,Non-standard,5
40664496,G8644,Eligible professional does not have prescribing privileges (Deprecated),HCPCS,HCPCS,Valid,Standard,5
4065966,215749007,Explosion in watercraft,Event,SNOMED,Valid,Standard,5
4063380,170969009,Prognosis bad,Clinical Finding,SNOMED,Valid,Standard,5
4062505,171258008,Up-to-date with immunizations,Clinical Finding,SNOMED,Valid,Standard,5
4060241,169582001,Antenatal care: history of stillbirth,Context-dependent,SNOMED,Valid,Standard,5
4055543,242908002,Assault with baseball bat,Event,SNOMED,Valid,Standard,5
4055387,242630004,Bite of turtle,Event,SNOMED,Valid,Standard,5
4051237,160348002,FH: Cataract,Context-dependent,SNOMED,Valid,Standard,5
4046789,134222005,Penetrating wound,Morph Abnormality,SNOMED,Valid,Standard,5
4039433,16399001,Difficulty coping with pain,Clinical Finding,SNOMED,Valid,Standard,5
4039032,227400003,Ginger,Substance,SNOMED,Valid,Standard,10
4038599,16369005,Asbestos,Substance,SNOMED,Valid,Non-standard,5
4037453,227218003,Asparagus,Substance,SNOMED,Valid,Standard,10
4035463,15074003,Neurogenic ulcer,Morph Abnormality,SNOMED,Valid,Standard,5
4031369,129843006,Health management finding,Clinical Finding,SNOMED,Valid,Standard,5
4030271,128849004,"Serous cystadenoma, borderline malignancy",Morph Abnormality,SNOMED,Valid,Standard,5
4030223,13687007,Human alphaherpesvirus 2,Organism,SNOMED,Valid,Standard,5
4028720,128856005,Thymoma,Morph Abnormality,SNOMED,Valid,Non-standard,5
4025779,226770007,Whey,Substance,SNOMED,Valid,Standard,15
4020479,116395006,Enterohemorrhagic Escherichia coli,Organism,SNOMED,Valid,Standard,5
4014020,103678008,Endometriotic cyst,Morph Abnormality,SNOMED,Valid,Standard,5
4013212,112633009,Surgical wound,Morph Abnormality,SNOMED,Valid,Standard,5
4012499,162056003,No nausea,Context-dependent,SNOMED,Valid,Standard,5
4010895,112629002,Macule,Morph Abnormality,SNOMED,Valid,Standard,5
4009858,102425009,"Exposure to polluted air, occupational",Event,SNOMED,Valid,Standard,5
4008034,102393008,Snowboarding,Qualifier Value,SNOMED,Valid,Standard,5
37395627,5611000122107,Allergy to casein,Clinical Finding,SNOMED,Valid,Non-standard,5
37311728,819948005,Obese class III,Clinical Finding,SNOMED,Valid,Standard,5
37108716,113541000119102,Long-term current use of rituximab,Context-dependent,SNOMED,Valid,Standard,5
37108709,11012701000119107,Long-term current use of antibiotics for prevention of recurrent infection,Context-dependent,SNOMED,Valid,Standard,5
37071877,LP173648-9,Lactulose,LOINC Component,LOINC,Valid,Non-standard,5
37018976,712741005,Risk assessment done,Context-dependent,SNOMED,Valid,Non-standard,5
37018026,714421002,Difficulty agreeing with care plan,Clinical Finding,SNOMED,Valid,Standard,5
37017950,714327004,Suspected Lyme disease,Context-dependent,SNOMED,Valid,Standard,5
36716248,722193000,Husband deceased,Context-dependent,SNOMED,Valid,Standard,5
36712851,12591000132100,Suspected SARS (severe acute respiratory syndrome),Context-dependent,SNOMED,Valid,Standard,5
3655168,846748009,Collapse of lung present,Context-dependent,SNOMED,Valid,Standard,5
36306323,LP17994-2,Ergotamine,LOINC Component,LOINC,Valid,Non-standard,5
35626998,b3c15de9-7349-4bbe-b133-c395af93d26c,"Retired SNOMED UK Drug extension concept, do not use, use concept indicated by the CONCEPT_RELATIONSHIP table, if any",Qualifier Value,SNOMED,Valid,Non-standard,5
35608741,b932004f-d63f-476d-b14a-c08c5f2e1c60,"Retired SNOMED UK Drug extension concept, do not use, use concept indicated by the CONCEPT_RELATIONSHIP table, if any",Qualifier Value,SNOMED,Valid,Non-standard,5
3518973,703115008,Lurasidone,Substance,Nebraska Lexicon,Valid,Non-standard,5
3518836,129489006,Esomeprazole magnesium,Substance,Nebraska Lexicon,Valid,Non-standard,5
3518542,725863000,Ibuprofen sodium,Substance,Nebraska Lexicon,Valid,Non-standard,5
3344802,430077004,Ferric carboxymaltose,Substance,Nebraska Lexicon,Valid,Non-standard,5
3344353,95995002,Capsaicin,Substance,Nebraska Lexicon,Valid,Non-standard,5
3333293,412534006,Yeast,Substance,Nebraska Lexicon,Valid,Non-standard,5
3031655,42349-1,Reason for referral (narrative),Claims Attachment,LOINC,Valid,Standard,5
21497253,LP199556-4,Lurasidone,LOINC Component,LOINC,Valid,Non-standard,5
19475676,D049971,Thiazides,Main Heading,MeSH,Valid,Non-standard,5
19474241,D001463,Barbiturates,Main Heading,MeSH,Valid,Non-standard,5
19397591,D020939,Zingiber officinale,Main Heading,MeSH,Valid,Non-standard,5
1030105,LP7193-8,Egg yolk,LOINC System,LOINC,Valid,Non-standard,5
1020155,LP30431-8,Whey,LOINC System,LOINC,Valid,Non-standard,5
765849,441911000124103,Excessive vitamin intake,Clinical Finding,SNOMED,Valid,Standard,4
765627,452621000124109,Family history of tall stature,Context-dependent,SNOMED,Valid,Standard,4
765399,447881000124107,Unable to manage nutrition-related behavior,Clinical Finding,SNOMED,Valid,Standard,4
765376,140541000119101,Long-term current use of anakinra,Context-dependent,SNOMED,Valid,Standard,4
764966,9470001000004100,Family history of left ventricular noncompaction cardiomyopathy,Context-dependent,SNOMED,Valid,Standard,4
764365,454061000124102,Unable to afford medication,Clinical Finding,SNOMED,Valid,Standard,4
764194,451871000124104,Health supervision of healthy child,Procedure,SNOMED,Valid,Standard,4
762879,433131000124106,Documentation of pain medication action plan,Procedure,SNOMED,Valid,Standard,4
762673,430371000124104,Exposure to Coccidioides immitis,Event,SNOMED,Valid,Standard,4
710055,98972,"Nonphysician qualified health care professional online digital assessment and management, for an established patient, for up to 7 days, cumulative time during the 7 days; 21 or more minutes",CPT4,CPT4,Valid,Standard,4
46274045,10624451000119103,Family history of aneurysm of blood vessel of brain,Context-dependent,SNOMED,Valid,Standard,4
46274041,154031000119107,Family history of malignant neoplasm of endometrium,Context-dependent,SNOMED,Valid,Standard,4
46273869,64911000119103,Family history of cystic hygroma,Context-dependent,SNOMED,Valid,Standard,4
46273448,98041000119107,Family history of osteogenesis imperfecta,Context-dependent,SNOMED,Valid,Standard,4
46273447,98011000119108,Family history of butyrylcholinesterase deficiency,Context-dependent,SNOMED,Valid,Standard,4
46273149,71201000119102,Family history of hypospadias,Context-dependent,SNOMED,Valid,Standard,4
46271058,709090007,Family history of familial multiple polyposis syndrome,Context-dependent,SNOMED,Valid,Standard,4
46271039,709066006,Motor vehicle accident with ejection of person from vehicle,Event,SNOMED,Valid,Standard,4
45957556,62a891e8-1f79-456a-922d-2f2f58ed9e56,"Retired SNOMED UK Drug extension concept, do not use, use concept indicated by the CONCEPT_RELATIONSHIP table, if any",Substance,SNOMED,Valid,Non-standard,4
45890780,G9418,Primary non-small cell lung cancer lung biopsy and cytology specimen report documents classification into specific histologic type following iaslc guidance or classified as nsclc-nos with an explanation,HCPCS,HCPCS,Valid,Standard,4
45772699,704141008,Maternal history of connective tissue disease,Context-dependent,SNOMED,Valid,Standard,4
45771419,704303006,Problem with continuity of care,Clinical Finding,SNOMED,Valid,Standard,4
45771390,703902000,Allergy to Dermatophagoides farinae protein,Clinical Finding,SNOMED,Valid,Non-standard,4
45768443,706875005,Insufficient food supply,Clinical Finding,SNOMED,Valid,Standard,4
45763843,700363003,No history of malignant neoplastic disease,Context-dependent,SNOMED,Valid,Standard,4
45757437,139451000119107,Aftercare for healing osteoporotic fracture,Procedure,SNOMED,Valid,Standard,4
44787286,LP171648-1,Valdecoxib,LOINC Component,LOINC,Valid,Non-standard,4
44787282,LP171643-2,Telmisartan,LOINC Component,LOINC,Valid,Non-standard,4
44787253,LP171400-7,Fosinopril,LOINC Component,LOINC,Valid,Non-standard,4
44787248,LP171395-9,Eptifibatide,LOINC Component,LOINC,Valid,Non-standard,4
443685,215633002,Fall on stairs or ladders in water transport,Event,SNOMED,Valid,Standard,4
439616,217124001,Fall into manhole,Event,SNOMED,Valid,Standard,4
438920,214056004,Motor vehicle traffic accident involving re-entrant collision with another motor vehicle,Event,SNOMED,Valid,Standard,4
437480,218088001,Accident caused by military firearms,Event,SNOMED,Valid,Standard,4
436604,218972004,Adverse reaction to purine derivative diuretic,Disorder,SNOMED,Valid,Standard,4
436001,371774000,Emotional abuse of adult,Event,SNOMED,Valid,Standard,4
435714,218790009,Adverse reaction to hallucinogen,Disorder,SNOMED,Valid,Standard,4
433941,219195003,Assault by suffocation,Event,SNOMED,Valid,Standard,4
4336682,86959002,Angiomyoma,Morph Abnormality,SNOMED,Valid,Standard,4
4336054,433279009,Family history of cleft palate with cleft lip,Context-dependent,SNOMED,Valid,Standard,4
433117,218070009,Accident caused by explosion of boiler,Event,SNOMED,Valid,Standard,4
4327797,75399008,Citric acid,Substance,SNOMED,Valid,Non-standard,4
4327593,430730004,Family history of mitral valve regurgitation,Context-dependent,SNOMED,Valid,Standard,4
4327575,430681003,Family history of Raynaud phenomenon,Context-dependent,SNOMED,Valid,Standard,4
4326672,430685007,Family history of disorder of pancreas,Context-dependent,SNOMED,Valid,Standard,4
4324203,429252007,Family history of malignant neoplasm of bone,Context-dependent,SNOMED,Valid,Standard,4
4323433,70822001,Cardiac ejection fraction,Observable Entity,SNOMED,Valid,Standard,4
4323195,428119001,Procedure not indicated,Context-dependent,SNOMED,Valid,Standard,4
4321002,9618003,Epithelial-myoepithelial carcinoma,Morph Abnormality,SNOMED,Valid,Standard,4
4318364,217537005,Ignition of fat with ignition of clothing,Event,SNOMED,Valid,Standard,4
4317934,218209002,Overexposure to radioactive isotopes,Event,SNOMED,Valid,Standard,4
4317651,217876004,Accidental collision with pedestrian conveyance,Event,SNOMED,Valid,Standard,4
4315373,218060007,Accident caused by edge of stiff paper or card,Event,SNOMED,Valid,Standard,4
4315256,217938009,Accident caused by farm tractor,Event,SNOMED,Valid,Standard,4
4315001,216366001,"Place of occurrence of accident or poisoning, vacation camp",Location,SNOMED,Valid,Non-standard,4
4312185,216973002,Mechanical failure of instrument or apparatus during infusion or transfusion,Event,SNOMED,Valid,Standard,4
4311070,216398007,"Place of occurrence of accident or poisoning, courthouse",Location,SNOMED,Valid,Non-standard,4
4311069,216392008,"Place of occurrence of accident or poisoning, bank",Location,SNOMED,Valid,Non-standard,4
4309265,391739009,Aloe,Substance,SNOMED,Valid,Non-standard,4
4307120,423058007,Allergy to wasp venom,Clinical Finding,SNOMED,Valid,Non-standard,4
4305999,418921006,Exposure to light,Event,SNOMED,Valid,Standard,4
4304037,103614000,Follicular cyst,Morph Abnormality,SNOMED,Valid,Standard,4
4303293,386216000,"Human parturition, function",Observable Entity,SNOMED,Valid,Standard,4
4302805,418496002,Child neglect,Event,SNOMED,Valid,Standard,4
4302779,418357009,Exposure to toxic waste,Event,SNOMED,Valid,Standard,4
4302188,418603006,Minocycline adverse reaction,Disorder,SNOMED,Valid,Standard,4
43020484,288501000119105,Parent child estrangement,Clinical Finding,SNOMED,Valid,Standard,4
4301443,385712009,Ostomy care,Procedure,SNOMED,Valid,Standard,4
4301079,386263003,Dysrhythmia management,Procedure,SNOMED,Valid,Standard,4
4299873,387052002,Magnesium citrate,Substance,SNOMED,Valid,Non-standard,8
4290186,37058002,Foreign body giant cell granuloma,Morph Abnormality,SNOMED,Valid,Standard,4
4286038,68614005,Esthesioneuroepithelioma,Morph Abnormality,SNOMED,Valid,Standard,4
4284836,67292001,Suffocation by cave-in,Event,SNOMED,Valid,Standard,4
4284707,67175002,Impaired home maintenance management,Clinical Finding,SNOMED,Valid,Standard,4
4282779,66562002,Cigarette smoking tobacco,Substance,SNOMED,Valid,Standard,4
42739581,52,Reduced Services,CPT4 Modifier,CPT4,Valid,Standard,4
4265581,397739003,Failed insertion,Context-dependent,SNOMED,Valid,Standard,4
4264739,6101002,Track and field,Qualifier Value,SNOMED,Valid,Standard,4
42539662,16090531000119106,Exposure to arsenic,Event,SNOMED,Valid,Standard,4
42538716,762490009,Underweight in infancy,Clinical Finding,SNOMED,Valid,Standard,4
42537846,737493007,Allergy to denosumab,Clinical Finding,SNOMED,Valid,Non-standard,4
42537797,737368006,Caregiver-child relationship problem,Clinical Finding,SNOMED,Valid,Standard,4
42535356,1991000124105,Referred by self,Clinical Finding,SNOMED,Valid,Standard,4
42535229,16224471000119103,Allergy to yellow jacket venom,Clinical Finding,SNOMED,Valid,Non-standard,4
4253155,407501006,Genus Metapneumovirus,Organism,SNOMED,Valid,Standard,4
4235692,406132007,Living temporarily with relatives,Clinical Finding,SNOMED,Valid,Standard,4
4234654,405173002,Caregiver stressors,Observable Entity,SNOMED,Valid,Standard,4
4233486,405746006,Current non smoker but past smoking history unknown,Clinical Finding,SNOMED,Valid,Standard,4
4230974,89293008,Human immunodeficiency virus type I,Organism,SNOMED,Valid,Standard,4
4215544,394987009,Angiotensin II receptor antagonists contraindicated,Context-dependent,SNOMED,Valid,Standard,4
4213842,395957009,Ciprofibrate,Substance,SNOMED,Valid,Non-standard,8
4205688,309013001,Referred by person,Clinical Finding,SNOMED,Valid,Standard,4
4202569,315364008,Angiotensin converting enzyme inhibitors contraindicated,Context-dependent,SNOMED,Valid,Standard,4
4193527,7894007,Karyotype morphology,Morph Abnormality,SNOMED,Valid,Standard,4
4190503,414487007,Ineffective health maintenance,Clinical Finding,SNOMED,Valid,Standard,4
4184927,43953005,Ammonia,Substance,SNOMED,Valid,Non-standard,4
4183159,43149009,Pulmonary blastoma,Morph Abnormality,SNOMED,Valid,Standard,4
4181642,43054002,Complicated fracture,Morph Abnormality,SNOMED,Valid,Standard,4
4173502,275131004,FH: Gallbladder disease,Context-dependent,SNOMED,Valid,Standard,4
4171559,419201009,Overexposure to radiation,Event,SNOMED,Valid,Standard,4
4171157,294328008,Allergy to silicone,Clinical Finding,SNOMED,Valid,Non-standard,4
4170513,294982004,Allergy to procainamide,Clinical Finding,SNOMED,Valid,Non-standard,4
4170507,294962003,Allergy to cholestyramine,Clinical Finding,SNOMED,Valid,Non-standard,4
4169697,294235002,Allergy to carisoprodol,Clinical Finding,SNOMED,Valid,Non-standard,4
4169530,294082001,Allergy to ipratropium,Clinical Finding,SNOMED,Valid,Non-standard,4
4169434,419210001,Allergy to weed pollen,Clinical Finding,SNOMED,Valid,Non-standard,4
4169371,293939007,Allergy to perphenazine,Clinical Finding,SNOMED,Valid,Non-standard,4
4169215,295006009,Allergy to triamterene,Clinical Finding,SNOMED,Valid,Non-standard,4
4168879,294676000,Allergy to propylthiouracil,Clinical Finding,SNOMED,Valid,Non-standard,4
4167857,418992009,Sucralose,Substance,SNOMED,Valid,Non-standard,4
4167475,294548002,Allergy to cefixime,Clinical Finding,SNOMED,Valid,Non-standard,4
4166817,294084000,Allergy to orphenadrine,Clinical Finding,SNOMED,Valid,Non-standard,4
4166732,416128008,No history of procedure,Context-dependent,SNOMED,Valid,Standard,4
4166472,294978001,Allergy to quinidine,Clinical Finding,SNOMED,Valid,Non-standard,4
4166020,294030003,Allergy to phenylephrine,Clinical Finding,SNOMED,Valid,Non-standard,4
4166002,293972007,Allergy to nadolol,Clinical Finding,SNOMED,Valid,Non-standard,4
4165642,293823004,Allergy to doxepin,Clinical Finding,SNOMED,Valid,Non-standard,4
4165535,47545007,Continuous positive airway pressure ventilation treatment,Procedure,SNOMED,Valid,Standard,4
4165038,294711008,Allergy to triamcinolone,Clinical Finding,SNOMED,Valid,Non-standard,4
4165013,294596002,Allergy to atovaquone,Clinical Finding,SNOMED,Valid,Non-standard,4
4164880,294515002,Allergy to piperacillin,Clinical Finding,SNOMED,Valid,Non-standard,4
4164706,293686008,Allergy to senna,Clinical Finding,SNOMED,Valid,Non-standard,4
4164694,293630008,Allergy to sulindac,Clinical Finding,SNOMED,Valid,Non-standard,4
4163339,29276003,Chlorine,Substance,SNOMED,Valid,Non-standard,4
4163208,293785000,Allergy to paclitaxel,Clinical Finding,SNOMED,Valid,Non-standard,4
4163065,293600000,Allergy to nalbuphine,Clinical Finding,SNOMED,Valid,Non-standard,4
4162901,293454008,Thiazide diuretic adverse reaction,Disorder,SNOMED,Valid,Standard,4
4162734,371900001,Medication not administered,Context-dependent,SNOMED,Valid,Standard,4
4162349,434298003,Family history of cholecystectomy,Context-dependent,SNOMED,Valid,Non-standard,4
4162308,29263009,Coffee,Substance,SNOMED,Valid,Standard,12
4148585,269790003,Mechanical asphyxia accident,Event,SNOMED,Valid,Standard,4
4146833,35359004,Family,Social Context,SNOMED,Valid,Non-standard,4
4145650,266710000,Drugs not taken/completed,Context-dependent,SNOMED,Valid,Standard,4
4144281,266956001,Loss of job,Clinical Finding,SNOMED,Valid,Standard,4
4141176,264082005,Lumbar,Qualifier Value,SNOMED,Valid,Non-standard,4
4140566,264908009,Post-radiation,Qualifier Value,SNOMED,Valid,Standard,4
4139964,263903005,Transplant,Qualifier Value,SNOMED,Valid,Standard,4
4139889,305824005,Seen by palliative care medicine service,Clinical Finding,SNOMED,Valid,Standard,4
4138060,305439002,Under care of counselor,Clinical Finding,SNOMED,Valid,Standard,4
4137928,32354004,Eucalyptus,Organism,SNOMED,Valid,Standard,12
4136656,32322008,Subchondral bone cyst,Morph Abnormality,SNOMED,Valid,Standard,4
4132896,278906000,Nutritional support,Procedure,SNOMED,Valid,Standard,4
4126078,288301009,X-ray exposure accident,Event,SNOMED,Valid,Standard,4
4125398,260205009,Sunflower seed,Substance,SNOMED,Valid,Standard,8
4125261,289158008,Finding of feeding pattern,Clinical Finding,SNOMED,Valid,Standard,4
4123971,259812001,Free lambda light chain,Substance,SNOMED,Valid,Non-standard,4
4122558,289084000,Difficulty performing breastfeeding,Clinical Finding,SNOMED,Valid,Standard,4
4113342,286607009,Vitamin D intake,Observable Entity,SNOMED,Valid,Standard,4
4105966,180615001,Laminectomy approach to lumbar spine,Qualifier Value,SNOMED,Valid,Standard,4
4104625,256326004,Celery,Substance,SNOMED,Valid,Standard,8
4103967,300042001,Follow-up 6 months,Clinical Finding,SNOMED,Valid,Standard,4
4103356,301330009,Finding of measures of body height and growth,Clinical Finding,SNOMED,Valid,Standard,4
4103355,301329004,Body growth problem,Clinical Finding,SNOMED,Valid,Standard,4
4102536,255003,Calcified nodule,Morph Abnormality,SNOMED,Valid,Standard,4
4099886,292949001,Ciprofloxacin adverse reaction,Disorder,SNOMED,Valid,Standard,4
4097634,292443008,Alpha-adrenoceptor blocking drug adverse reaction,Disorder,SNOMED,Valid,Standard,4
4096278,292106001,H2 receptor antagonist adverse reaction,Disorder,SNOMED,Valid,Standard,4
4095653,292277001,Lithium carbonate adverse reaction,Disorder,SNOMED,Valid,Standard,4
4095258,262551003,Flea bites,Event,SNOMED,Valid,Standard,4
4094606,250013002,Stiff legged gait,Clinical Finding,SNOMED,Valid,Standard,4
4093974,248332009,Weight fluctuates,Clinical Finding,SNOMED,Valid,Standard,4
40798237,LP70366-7,Cyclophosphamide,LOINC Component,LOINC,Valid,Non-standard,4
40795990,LP18922-2,Chlorine,LOINC Component,LOINC,Valid,Non-standard,4
40792497,LP16252-6,Phenylephrine,LOINC Component,LOINC,Valid,Non-standard,4
40792495,LP16222-9,Oxytetracycline,LOINC Component,LOINC,Valid,Non-standard,4
40792415,LP15173-5,Mercaptopurine,LOINC Component,LOINC,Valid,Non-standard,4
40789549,LP31829-2,ZOLMitriptan,LOINC Component,LOINC,Valid,Non-standard,4
40785910,LP16018-1,Acetazolamide,LOINC Component,LOINC,Valid,Non-standard,4
40785850,LP15257-6,Calcium,LOINC Component,LOINC,Valid,Non-standard,4
40785412,LP99218-7,Tapentadol,LOINC Component,LOINC,Valid,Non-standard,4
40782783,LP18484-3,Tamoxifen,LOINC Component,LOINC,Valid,Non-standard,4
40782650,LP16212-0,Nalbuphine,LOINC Component,LOINC,Valid,Non-standard,4
40779118,LP14071-2,Ammonia,LOINC Component,LOINC,Valid,Non-standard,4
40773013,LP35874-4,Triamcinolone acetonide,LOINC Component,LOINC,Valid,Non-standard,4
40773012,LP35871-0,Fluticasone propionate,LOINC Component,LOINC,Valid,Non-standard,4
40772772,LP18101-3,Terfenadine,LOINC Component,LOINC,Valid,Non-standard,4
40772758,LP17862-1,Camphor,LOINC Component,LOINC,Valid,Non-standard,4
40757017,1200F,Seizure type(s) and current seizure frequency(ies) documented (EPI),CPT4,CPT4,Valid,Non-standard,4
4071453,219222000,Cut in fight,Event,SNOMED,Valid,Standard,4
4067156,215141003,Pedal cycle accident collision with pedestrian,Event,SNOMED,Valid,Standard,4
40664886,G8723,Specimen site is other than anatomic location of primary tumor,HCPCS,HCPCS,Valid,Standard,4
4061268,16983000,Death in hospital,Event,SNOMED,Valid,Standard,4
4061230,162769006,O/E - Underweight,Clinical Finding,SNOMED,Valid,Non-standard,4
4055140,242879005,Assault by stabbing,Event,SNOMED,Valid,Standard,4
4053564,242096007,Motor vehicle on road in collision with tree,Event,SNOMED,Valid,Standard,4
4053381,160333008,FH: Suicide,Context-dependent,SNOMED,Valid,Standard,4
4053109,160864004,Adoption of child,Clinical Finding,SNOMED,Valid,Standard,4
4053101,160788005,Separation,Clinical Finding,SNOMED,Valid,Standard,4
4052849,23562009,"Household ventilator, device",Physical Object,SNOMED,Valid,Non-standard,4
4052800,160460000,Family history with explicit context pertaining to maternal grandfather,Context-dependent,SNOMED,Valid,Standard,4
4050821,160392000,FH: Breast disease,Context-dependent,SNOMED,Valid,Standard,4
40484564,443999008,Risk of exposure to communicable disease,Context-dependent,SNOMED,Valid,Non-standard,4
40479430,444455002,Exposure to Rubella virus,Event,SNOMED,Valid,Standard,4
40479412,444434004,Exposure to meningitis,Event,SNOMED,Valid,Standard,4
40479270,442951001,Ferumoxytol,Substance,SNOMED,Valid,Non-standard,4
4044732,129089003,Radiofrequency ablation procedure phase,Qualifier Value,SNOMED,Valid,Standard,4
4044513,129257004,Strangulated hernia,Morph Abnormality,SNOMED,Valid,Standard,4
4042856,11854003,Fibrous nodule,Morph Abnormality,SNOMED,Valid,Standard,4
4038914,16326002,Aloe,Organism,SNOMED,Valid,Standard,12
4038065,162480005,Cough aggravates symptom,Clinical Finding,SNOMED,Valid,Standard,4
4038063,162475001,Food aggravates symptom,Clinical Finding,SNOMED,Valid,Standard,4
4036092,228528009,Range of motion activity,Procedure,SNOMED,Valid,Standard,4
4030415,14080002,Illegitimate pregnancy,Clinical Finding,SNOMED,Valid,Standard,4
4029804,12895002,Physiotherapeutic breathing exercise,Procedure,SNOMED,Valid,Standard,4
4029026,128755003,"Gastrointestinal stromal tumor, uncertain malignant potential",Morph Abnormality,SNOMED,Valid,Standard,4
4024785,226911007,Soybean oil,Substance,SNOMED,Valid,Non-standard,4
4022656,105508004,Arrested by police,Clinical Finding,SNOMED,Valid,Standard,4
4017035,170694008,Neurological symptom changes,Clinical Finding,SNOMED,Valid,Standard,4
4010332,102445001,"Exposure to toxic dust, occupational",Event,SNOMED,Valid,Standard,4
4010323,102408007,Cigarette smoke,Substance,SNOMED,Valid,Standard,8
4010321,102399007,Canoeing,Qualifier Value,SNOMED,Valid,Standard,4
4009850,102396000,Bungee jumping,Qualifier Value,SNOMED,Valid,Standard,4
4007947,111018000,Postoperative adhesion,Morph Abnormality,SNOMED,Valid,Standard,4
4006142,111136003,Camphor,Substance,SNOMED,Valid,Non-standard,4
37204126,ee4cad6a-9397-49c3-8ae0-7a932a49a0b8,"Retired SNOMED UK Drug extension concept, do not use, use concept indicated by the CONCEPT_RELATIONSHIP table, if any",Qualifier Value,SNOMED,Valid,Non-standard,4
37119312,16472341000119108,Tetanus diphtheria and acellular pertussis vaccination declined,Context-dependent,SNOMED,Valid,Standard,4
37117770,130721000119103,Long-term current use of golimumab,Context-dependent,SNOMED,Valid,Standard,4
37111682,726750009,Rhubarb,Substance,SNOMED,Valid,Standard,8
37109501,69521000119101,Long-term current use of thyroid hormone replacement therapy,Context-dependent,SNOMED,Valid,Standard,4
37109104,16602611000119108,Awaiting transplantation of lung,Context-dependent,SNOMED,Valid,Standard,4
37108796,127721000119100,Long-term current use of testosterone cypionate,Context-dependent,SNOMED,Valid,Standard,4
37075729,LP18588-1,Prazosin,LOINC Component,LOINC,Valid,Non-standard,4
37067398,LP66956-1,Modafinil,LOINC Component,LOINC,Valid,Non-standard,4
37018357,714830003,Unable to agree with care plan,Clinical Finding,SNOMED,Valid,Standard,4
36713558,717933005,Severe thinness in adulthood,Clinical Finding,SNOMED,Valid,Standard,4
36684355,782561007,Allergy to iron compound,Clinical Finding,SNOMED,Valid,Non-standard,4
36674325,772170009,Tuberculosis suspected,Context-dependent,SNOMED,Valid,Standard,4
36306554,LP266153-8,Eszopiclone,LOINC Component,LOINC,Valid,Non-standard,4
35627119,e350f5f3-63a6-433c-badb-27e6acf9a3f8,"Retired SNOMED UK Drug extension concept, do not use, use concept indicated by the CONCEPT_RELATIONSHIP table, if any",Qualifier Value,SNOMED,Valid,Non-standard,4
35627015,3154f419-f949-40e1-b559-a14d74857dad,"Retired SNOMED UK Drug extension concept, do not use, use concept indicated by the CONCEPT_RELATIONSHIP table, if any",Qualifier Value,SNOMED,Valid,Non-standard,4
35627013,6f84a1ed-fc36-4fc1-b182-105f4a618c03,"Retired SNOMED UK Drug extension concept, do not use, use concept indicated by the CONCEPT_RELATIONSHIP table, if any",Qualifier Value,SNOMED,Valid,Non-standard,4
3518931,396059004,Fluocinolone acetonide,Substance,Nebraska Lexicon,Valid,Non-standard,4
3518929,395913005,Triamcinolone acetonide,Substance,Nebraska Lexicon,Valid,Non-standard,4
3518753,395977002,Fluocinolone,Substance,Nebraska Lexicon,Valid,Non-standard,4
3518346,373345002,Tamoxifen,Substance,Nebraska Lexicon,Valid,Non-standard,4
3415012,387089004,Terfenadine,Substance,Nebraska Lexicon,Valid,Non-standard,4
3375619,418992009,Sucralose,Substance,Nebraska Lexicon,Valid,Non-standard,4
3375170,69241001,Butorphanol tartrate,Substance,Nebraska Lexicon,Valid,Non-standard,4
3352114,75399008,Citric acid,Substance,Nebraska Lexicon,Valid,Non-standard,4
3331354,373539006,Nalbuphine,Substance,Nebraska Lexicon,Valid,Non-standard,4
3320120,111136003,Camphor,Substance,Nebraska Lexicon,Valid,Non-standard,4
3318712,442951001,Ferumoxytol,Substance,Nebraska Lexicon,Valid,Non-standard,4
3314292,391739009,Aloe,Substance,Nebraska Lexicon,Valid,Non-standard,4
3297123,387052002,Magnesium citrate,Substance,Nebraska Lexicon,Valid,Non-standard,4
3259185,430267008,Desvenlafaxine,Substance,Nebraska Lexicon,Valid,Non-standard,4
3247759,5540006,Calcium,Substance,Nebraska Lexicon,Valid,Non-standard,4
317576,53741008,Coronary arteriosclerosis,Disorder,SNOMED,Valid,Standard,4
3171586,43953005,Ammonia,Substance,Nebraska Lexicon,Valid,Non-standard,4
2108646,4115F,Beta blocker administered within 24 hours prior to surgical incision (CABG),CPT4,CPT4,Valid,Non-standard,4
2101842,0520F,Radiation dose limits to normal tissues established prior to the initiation of a course of 3D conformal radiation for a minimum of 2 tissue/organ (ONC),CPT4,CPT4,Valid,Standard,4
19475241,D015780,Carbapenems,Main Heading,MeSH,Valid,Non-standard,4
19397596,D020948,Cat's Claw,Main Heading,MeSH,Valid,Non-standard,4
1619841,LP419901-6,Acetylcysteine,LOINC Component,LOINC,Valid,Non-standard,4
765840,432801000124104,Medication dosing interval increased,Context-dependent,SNOMED,Valid,Standard,3
765776,430891000124105,Dialysis regime,Procedure,SNOMED,Valid,Standard,3
765721,4751000124100,Prescription medication discontinued,Context-dependent,SNOMED,Valid,Standard,3
765715,456651000124101,Family history of ataxia,Context-dependent,SNOMED,Valid,Standard,3
765320,1041000175104,Patient declines smoking cessation information,Context-dependent,SNOMED,Valid,Standard,3
764834,6800001000004106,Family history of hemophilia A,Context-dependent,SNOMED,Valid,Standard,3
762848,432771000124101,Medication dose decreased,Context-dependent,SNOMED,Valid,Standard,3
762823,432401000124102,Patient refuses to take medication,Context-dependent,SNOMED,Valid,Non-standard,3
762208,3020001000004109,Family history of polymyositis,Context-dependent,SNOMED,Valid,Standard,3
762059,288431000119102,Inadequate parental supervision and control,Clinical Finding,SNOMED,Valid,Standard,3
760721,115571000119108,Long-term current use of high dose acetaminophen,Context-dependent,SNOMED,Valid,Standard,3
618556,470181000124100,Allergy to eplerenone,Clinical Finding,SNOMED,Valid,Non-standard,3
46270588,65071000119106,Family history of fragile X syndrome,Context-dependent,SNOMED,Valid,Standard,3
46270579,64371000119105,Family history of beta thalassemia,Context-dependent,SNOMED,Valid,Standard,3
46270068,130771000119102,Family history of hypercoagulable state,Context-dependent,SNOMED,Valid,Standard,3
45772070,105011000119105,Removal of intrauterine contraceptive device done,Context-dependent,SNOMED,Valid,Non-standard,3
45767566,705019003,Difficulty managing stoma care,Clinical Finding,SNOMED,Valid,Standard,3
45766930,704197006,Admits alcohol use,Clinical Finding,SNOMED,Valid,Standard,3
45766729,703955006,Prescription telephone order,Context-dependent,SNOMED,Valid,Non-standard,3
45766705,703928002,Allergy to guinea pig dander,Clinical Finding,SNOMED,Valid,Non-standard,3
44787284,LP171645-7,Tolterodine,LOINC Component,LOINC,Valid,Non-standard,3
44787278,LP171639-0,Simethicone,LOINC Component,LOINC,Valid,Non-standard,3
44787272,LP171633-3,Raloxifene,LOINC Component,LOINC,Valid,Non-standard,3
44787150,LP28528-5,Sildenafil citrate,LOINC Component,LOINC,Valid,Non-standard,3
442541,216107001,"Fall in, on, or from aircraft",Event,SNOMED,Valid,Standard,3
441492,217011004,Endotracheal tube wrongly placed during anesthetic procedure,Event,SNOMED,Valid,Standard,3
441200,287189003,Suicide - car exhaust,Event,SNOMED,Valid,Standard,3
440928,216297000,Accident to cable car not running on rails,Event,SNOMED,Valid,Standard,3
440012,217142006,Fall from chair or bed,Event,SNOMED,Valid,Standard,3
439446,219205002,Assault by military firearm,Event,SNOMED,Valid,Standard,3
439347,214211002,"Motor vehicle traffic accident involving pedestrian dragged by motor vehicle, passenger on motor cycle injured",Event,SNOMED,Valid,Standard,3
437454,218101006,Accident caused by blasting materials,Event,SNOMED,Valid,Standard,3
436322,217722008,Accident caused by lightning,Event,SNOMED,Valid,Standard,3
435712,218165004,Accident caused by domestic electric current,Event,SNOMED,Valid,Standard,3
435430,217594000,Accident due to heat of man-made origin,Event,SNOMED,Valid,Standard,3
435420,214209006,"Motor vehicle traffic accident involving pedestrian dragged by motor vehicle, passenger of motor vehicle injured",Event,SNOMED,Valid,Standard,3
435154,219328003,"Hanging, strangulation or suffocation of unknown intent",Event,SNOMED,Valid,Standard,3
4344631,240300005,Bottle feeding problem in the newborn,Clinical Finding,SNOMED,Valid,Standard,3
4334341,430682005,Family history of renal failure syndrome,Context-dependent,SNOMED,Valid,Standard,3
433392,217005002,Mismatched blood transfused,Event,SNOMED,Valid,Standard,3
4329790,430544007,Family history of scoliosis deformity of spine,Context-dependent,SNOMED,Valid,Standard,3
432507,287190007,Suicide - hanging,Event,SNOMED,Valid,Standard,3
4315362,218030002,Accident caused by electric knife,Event,SNOMED,Valid,Standard,3
4314812,86699002,Apyrexial,Context-dependent,SNOMED,Valid,Standard,3
4313119,217646008,"Accident due to privation, unqualified",Event,SNOMED,Valid,Standard,3
4312347,86143001,Papillary adenoma,Morph Abnormality,SNOMED,Valid,Standard,3
4311078,216424003,"Place of occurrence of accident or poisoning, dormitory",Location,SNOMED,Valid,Non-standard,3
4305694,418626004,Allergy to lobster,Clinical Finding,SNOMED,Valid,Non-standard,3
4303824,418565008,Parachute descent accident,Event,SNOMED,Valid,Standard,3
4303249,419730001,Accident caused by electric wiring or appliance,Event,SNOMED,Valid,Standard,3
43021280,473078001,Allergy to raloxifene,Clinical Finding,SNOMED,Valid,Non-standard,3
4301466,385798007,Radiation therapy care,Procedure,SNOMED,Valid,Standard,3
4297778,7653001,Self-feeding deficit,Clinical Finding,SNOMED,Valid,Standard,3
4295574,76060004,Olfactory neuroblastoma,Morph Abnormality,SNOMED,Valid,Standard,3
4294262,75941004,Tripping,Event,SNOMED,Valid,Standard,3
4293895,3764006,Trichomonas,Organism,SNOMED,Valid,Standard,3
4293889,37601002,Courtgame,Qualifier Value,SNOMED,Valid,Standard,3
42872855,450850003,Uses vaginal hormone releasing ring,Clinical Finding,SNOMED,Valid,Standard,3
4286730,36933001,Antibody to antigen in Rh blood group system,Substance,SNOMED,Valid,Standard,3
4284118,67223001,Fall on escalator,Event,SNOMED,Valid,Standard,3
4279477,66389008,Magnesium oxide,Substance,SNOMED,Valid,Non-standard,3
42627905,81528,"Oncology (colorectal) screening, quantitative real-time target and signal amplification of 10 DNA markers (KRAS mutations, promoter methylation of NDRG4 and BMP3) and fecal hemoglobin, utilizing stool, algorithm reported as a positive or negative ...",CPT4,CPT4,Valid,Standard,3
4262548,4631006,Tubular adenocarcinoma,Morph Abnormality,SNOMED,Valid,Standard,3
4260061,409515002,Weapon of mass destruction,Physical Object,SNOMED,Valid,Non-standard,3
4255289,408338009,Suspected Downs syndrome,Context-dependent,SNOMED,Valid,Standard,3
42539265,16067171000119102,Allergy to food additive,Clinical Finding,SNOMED,Valid,Non-standard,3
42538166,739677000,Spouse deceased,Context-dependent,SNOMED,Valid,Standard,3
42536454,735340006,Lemon,Substance,SNOMED,Valid,Standard,6
42536335,735108004,Cabbage,Substance,SNOMED,Valid,Standard,6
42536307,735053000,Potato,Substance,SNOMED,Valid,Standard,6
42535212,16090731000119102,Occupational exposure to risk factor,Event,SNOMED,Valid,Standard,3
4252369,408469009,Breast surgery,Qualifier Value,SNOMED,Valid,Standard,3
4252367,408462000,Burns care,Qualifier Value,SNOMED,Valid,Standard,3
4252365,408456005,Thoracic surgery,Qualifier Value,SNOMED,Valid,Standard,3
4252238,73737008,"Fracture, spiral",Morph Abnormality,SNOMED,Valid,Standard,3
4243327,38549000,"Carcinoma, undifferentiated",Morph Abnormality,SNOMED,Valid,Standard,3
4242054,9287005,Colloid cyst,Morph Abnormality,SNOMED,Valid,Standard,3
4235265,408439002,Allergy - specialty,Qualifier Value,SNOMED,Valid,Standard,3
4230171,406187008,Sedation management,Procedure,SNOMED,Valid,Standard,3
4229581,404970005,Preterm infant status: 24-37 weeks gestation,Observable Entity,SNOMED,Valid,Standard,3
4229567,404923009,Weight gain advised,Context-dependent,SNOMED,Valid,Non-standard,3
4225325,421530001,Adverse reaction to epinephrine,Disorder,SNOMED,Valid,Standard,3
4224139,40293003,Adenomyoma,Morph Abnormality,SNOMED,Valid,Standard,3
4223100,83950009,"Malignant tumor, giant cell type",Morph Abnormality,SNOMED,Valid,Non-standard,3
4221914,420905001,Highest pressure injury stage,Observable Entity,SNOMED,Valid,Standard,3
4214575,394609007,General surgery,Qualifier Value,SNOMED,Valid,Standard,3
4214299,416519002,Family history of renal stone,Context-dependent,SNOMED,Valid,Standard,3
4212895,414051007,Drug administration observations,Clinical Finding,SNOMED,Valid,Standard,3
4208106,55681005,Skin appendage adenoma,Morph Abnormality,SNOMED,Valid,Standard,3
4202198,51905005,Mustard,Substance,SNOMED,Valid,Standard,6
4200556,53326005,Candida albicans,Organism,SNOMED,Valid,Standard,3
4197935,51711001,Acquired fistula,Morph Abnormality,SNOMED,Valid,Standard,3
4195939,44470000,Haemophilus influenzae,Organism,SNOMED,Valid,Standard,3
4193072,312079003,Uses intrauterine contraception,Clinical Finding,SNOMED,Valid,Standard,3
4187889,414120003,ERCP not completed due to anatomical derangements from previous surgery,Context-dependent,SNOMED,Valid,Standard,3
4187772,413559006,Anticoagulation declined,Context-dependent,SNOMED,Valid,Standard,3
4182868,5468008,"Fracture, multiple bone sites",Morph Abnormality,SNOMED,Valid,Standard,3
4177499,50593009,Casein,Substance,SNOMED,Valid,Standard,6
4176313,427988000,Cardiac stress test stage,Qualifier Value,SNOMED,Valid,Standard,3
4175585,297246009,Family history of female genital tract disorder,Context-dependent,SNOMED,Valid,Standard,3
4174431,276746005,Environmental event,Event,SNOMED,Valid,Standard,3
4172391,277112006,Abdominal,Qualifier Value,SNOMED,Valid,Non-standard,3
4171595,275942009,New medication added,Clinical Finding,SNOMED,Valid,Standard,3
4171584,276068009,Changed job,Clinical Finding,SNOMED,Valid,Standard,3
4171491,294678004,Allergy to betamethasone,Clinical Finding,SNOMED,Valid,Non-standard,3
4171167,294362008,Allergy to ketoconazole,Clinical Finding,SNOMED,Valid,Non-standard,3
4170650,295024006,Allergy to indapamide,Clinical Finding,SNOMED,Valid,Non-standard,3
4170339,294826000,Allergy to octreotide,Clinical Finding,SNOMED,Valid,Non-standard,3
4170147,275122004,FH: Myocardial infarction at less than 60,Context-dependent,SNOMED,Valid,Standard,3
4169929,420094007,Gentamicin adverse reaction,Disorder,SNOMED,Valid,Standard,3
4169551,294168003,Allergy to calamine,Clinical Finding,SNOMED,Valid,Non-standard,3
4169518,294047002,Allergy to dobutamine,Clinical Finding,SNOMED,Valid,Non-standard,3
4169453,418949004,Suxamethonium adverse reaction,Disorder,SNOMED,Valid,Standard,3
4169398,48677004,Healing scar,Morph Abnormality,SNOMED,Valid,Standard,3
4169382,293984009,Allergy to timolol,Clinical Finding,SNOMED,Valid,Non-standard,3
4169366,293916001,Allergy to clozapine,Clinical Finding,SNOMED,Valid,Non-standard,3
4168748,294576005,Allergy to sulfisoxazole,Clinical Finding,SNOMED,Valid,Non-standard,3
4167939,293748008,Allergy to cyclophosphamide,Clinical Finding,SNOMED,Valid,Non-standard,3
4167479,294558003,Allergy to cefoxitin,Clinical Finding,SNOMED,Valid,Non-standard,3
4167458,294480003,Allergy to mupirocin,Clinical Finding,SNOMED,Valid,Non-standard,3
4167297,294342000,Allergy to terbinafine,Clinical Finding,SNOMED,Valid,Non-standard,3
4166944,294097003,Allergy to acetylcysteine,Clinical Finding,SNOMED,Valid,Non-standard,3
4166492,295094004,Allergy to pentoxifylline,Clinical Finding,SNOMED,Valid,Non-standard,3
4166342,294930001,Allergy to folic acid,Clinical Finding,SNOMED,Valid,Non-standard,3
4166046,45224000,Struck by missile,Event,SNOMED,Valid,Standard,3
4166030,294076004,Allergy to atropine,Clinical Finding,SNOMED,Valid,Non-standard,3
4166006,293986006,Allergy to alfuzosin,Clinical Finding,SNOMED,Valid,Non-standard,3
4165805,293794006,Allergy to vincristine,Clinical Finding,SNOMED,Valid,Non-standard,3
4165660,293719002,Allergy to bupivacaine,Clinical Finding,SNOMED,Valid,Non-standard,3
4165659,293718005,Allergy to local anesthetic,Clinical Finding,SNOMED,Valid,Standard,3
4165650,293693007,Allergy to dicyclomine,Clinical Finding,SNOMED,Valid,Non-standard,3
4165501,293761008,Allergy to bleomycin,Clinical Finding,SNOMED,Valid,Non-standard,3
4165479,293668005,Allergy to loperamide,Clinical Finding,SNOMED,Valid,Non-standard,3
4165324,293472002,Spironolactone adverse reaction,Disorder,SNOMED,Valid,Standard,3
4164841,294348001,Allergy to griseofulvin,Clinical Finding,SNOMED,Valid,Non-standard,3
4164564,293555007,Peripheral/cerebral vasodilator adverse reaction,Disorder,SNOMED,Valid,Non-standard,3
4164548,293502001,Lisinopril adverse reaction,Disorder,SNOMED,Valid,Standard,3
4163917,294131001,Allergy to cyproheptadine,Clinical Finding,SNOMED,Valid,Non-standard,3
4163797,293991007,Allergy to prazosin,Clinical Finding,SNOMED,Valid,Non-standard,3
4163659,293941008,Allergy to trifluoperazine,Clinical Finding,SNOMED,Valid,Non-standard,3
4163658,293938004,Allergy to thioridazine,Clinical Finding,SNOMED,Valid,Non-standard,3
4163647,293904007,Allergy to temazepam,Clinical Finding,SNOMED,Valid,Non-standard,3
4163638,293866006,Allergy to primidone,Clinical Finding,SNOMED,Valid,Non-standard,3
4163178,293650007,Allergy to cimetidine,Clinical Finding,SNOMED,Valid,Non-standard,3
4162884,293392008,Nicotinic acid adverse reaction,Disorder,SNOMED,Valid,Standard,3
4162212,398034002,Medical practitioner unavailability,Clinical Finding,SNOMED,Valid,Standard,3
4162176,433495007,Family history of Hodgkin's disease,Context-dependent,SNOMED,Valid,Standard,3
4161650,433506004,Family history of total abdominal hysterectomy with bilateral salpingo-oophorectomy,Context-dependent,SNOMED,Valid,Non-standard,3
4161447,371773006,Emotional abuse,Event,SNOMED,Valid,Standard,3
4160368,371605008,Deep breathing and coughing exercises,Procedure,SNOMED,Valid,Standard,3
4158107,370897002,Surgery performed on the wrong patient,Event,SNOMED,Valid,Standard,3
4149784,309738002,Suspected fetal macrosomia,Context-dependent,SNOMED,Valid,Standard,3
4145320,268481000,Child health care,Procedure,SNOMED,Valid,Standard,3
4144003,427657002,Ileal pouch,Morph Abnormality,SNOMED,Valid,Standard,3
4141159,264010009,Gastric,Qualifier Value,SNOMED,Valid,Non-standard,3
4138338,426164005,Closed Salter-Harris type I fracture,Morph Abnormality,SNOMED,Valid,Standard,3
4137607,32553006,Hangover,Clinical Finding,SNOMED,Valid,Standard,3
4136327,412546005,Sodium citrate,Substance,SNOMED,Valid,Non-standard,3
4136014,262188008,Stress,Qualifier Value,SNOMED,Valid,Standard,3
4133824,127562007,Varus deformity,Morph Abnormality,SNOMED,Valid,Standard,3
4132563,127365008,Gravida 2,Clinical Finding,SNOMED,Valid,Standard,3
4130079,261051005,Aortic,Qualifier Value,SNOMED,Valid,Non-standard,3
4127940,260629009,Translabyrinthine approach,Qualifier Value,SNOMED,Valid,Standard,3
4125286,288980000,Difficulty sucking,Clinical Finding,SNOMED,Valid,Standard,3
4123827,259644000,Tissue polypeptide antigen,Substance,SNOMED,Valid,Standard,3
4121312,302767002,Cares for a relative,Clinical Finding,SNOMED,Valid,Standard,3
4120367,256874006,Intestinal pouch,Morph Abnormality,SNOMED,Valid,Standard,3
4119031,262068006,Preoperative,Qualifier Value,SNOMED,Valid,Standard,3
4115429,255426005,Ischemic,Qualifier Value,SNOMED,Valid,Standard,3
4115227,300912001,Allergy to chocolate,Clinical Finding,SNOMED,Valid,Non-standard,3
4110752,285035003,Unable to manage medication,Clinical Finding,SNOMED,Valid,Standard,3
4103527,28942008,Coconut oil,Substance,SNOMED,Valid,Non-standard,3
4102691,25318002,Death by strangulation,Event,SNOMED,Valid,Standard,3
4100155,293116002,Adverse reaction to pneumococcal vaccine,Disorder,SNOMED,Valid,Standard,3
4098971,292182002,Benzocaine adverse reaction,Disorder,SNOMED,Valid,Standard,3
4098712,27230006,Basal cell adenoma,Morph Abnormality,SNOMED,Valid,Standard,3
4098377,292723001,Antidote adverse reaction,Disorder,SNOMED,Valid,Standard,3
4098114,27138006,Saccharin,Substance,SNOMED,Valid,Non-standard,3
4097631,292428006,Metoprolol adverse reaction,Disorder,SNOMED,Valid,Standard,3
4097488,292318003,Gabapentin adverse reaction,Disorder,SNOMED,Valid,Standard,3
4097040,292042007,Adverse reaction caused by acetaminophen,Disorder,SNOMED,Valid,Standard,3
4096881,293079001,Ethambutol adverse reaction,Disorder,SNOMED,Valid,Standard,3
4094724,250027007,Peripheral sensory gait disorder,Clinical Finding,SNOMED,Valid,Standard,3
4093447,25723000,Dysplasia,Morph Abnormality,SNOMED,Valid,Standard,3
4093326,250004004,Peripheral skeletomuscular gait disorder,Clinical Finding,SNOMED,Valid,Standard,3
4090653,251876009,Graft/AV fistula recirculation,Observable Entity,SNOMED,Valid,Standard,3
4086785,183988005,Gynecological operation planned,Context-dependent,SNOMED,Valid,Standard,3
4084370,183626008,Follow-up 7-11 months,Clinical Finding,SNOMED,Valid,Standard,3
40795861,LP16285-6,Tetracaine,LOINC Component,LOINC,Valid,Non-standard,3
40795763,LP15009-1,Ticlopidine,LOINC Component,LOINC,Valid,Non-standard,3
40795761,LP14999-4,Nafcillin,LOINC Component,LOINC,Valid,Non-standard,3
40795302,LP100617-2,Nitrous oxide,LOINC Component,LOINC,Valid,Non-standard,3
40795288,LP100060-5,Vardenafil,LOINC Component,LOINC,Valid,Non-standard,3
40795287,LP100055-5,Tadalafil,LOINC Component,LOINC,Valid,Non-standard,3
40792768,LP30491-2,Voriconazole,LOINC Component,LOINC,Valid,Non-standard,3
40792498,LP16271-6,quiNIDine,LOINC Component,LOINC,Valid,Non-standard,3
4078953,18048008,"Squamous cell carcinoma, keratinizing",Morph Abnormality,SNOMED,Valid,Standard,3
40789384,LP18075-9,dimenhyDRINATE,LOINC Component,LOINC,Valid,Non-standard,3
40789334,LP17236-8,cloZAPine,LOINC Component,LOINC,Valid,Non-standard,3
40789323,LP17030-5,Mustard,LOINC Component,LOINC,Valid,Non-standard,3
40789315,LP16940-6,Casein,LOINC Component,LOINC,Valid,Non-standard,3
40789184,LP15205-5,cefOXitin,LOINC Component,LOINC,Valid,Non-standard,3
40789153,LP14721-2,Mepivacaine,LOINC Component,LOINC,Valid,Non-standard,3
40786044,LP17858-9,Benztropine,LOINC Component,LOINC,Valid,Non-standard,3
40785978,LP16676-6,Candida albicans,LOINC Component,LOINC,Valid,Non-standard,3
40785139,LP71329-4,Micafungin,LOINC Component,LOINC,Valid,Non-standard,3
40784706,LP62281-8,Sodium benzoate,LOINC Component,LOINC,Valid,Non-standard,3
40782860,LP20811-3,Fosfomycin,LOINC Component,LOINC,Valid,Non-standard,3
40782731,LP17652-6,Turkey,LOINC Component,LOINC,Valid,Non-standard,3
40782708,LP17169-1,Thiothixene,LOINC Component,LOINC,Valid,Non-standard,3
40779680,LP35866-0,Betamethasone,LOINC Component,LOINC,Valid,Non-standard,3
40779445,LP18991-7,Loperamide,LOINC Component,LOINC,Valid,Non-standard,3
40779124,LP14171-0,Beet,LOINC Component,LOINC,Valid,Non-standard,3
40775995,LP16649-3,Haemophilus influenzae,LOINC Component,LOINC,Valid,Non-standard,3
40775964,LP16289-8,Thiopental,LOINC Component,LOINC,Valid,Non-standard,3
40775947,LP16200-5,Methyldopa,LOINC Component,LOINC,Valid,Non-standard,3
40775911,LP15873-0,Sucrose,LOINC Component,LOINC,Valid,Non-standard,3
40775903,LP15795-5,Imipenem,LOINC Component,LOINC,Valid,Non-standard,3
40775891,LP15625-4,Ethambutol,LOINC Component,LOINC,Valid,Non-standard,3
40775841,LP14918-4,Pentoxifylline,LOINC Component,LOINC,Valid,Non-standard,3
40775464,LP101131-3,Sulfamethizole,LOINC Component,LOINC,Valid,Non-standard,3
40772773,LP18125-2,Methohexital,LOINC Component,LOINC,Valid,Non-standard,3
40772169,LP100047-2,Ramelteon,LOINC Component,LOINC,Valid,Non-standard,3
40757123,5200F,Consideration of referral for a neurological evaluation of appropriateness for surgical therapy for intractable epilepsy within the past 3 years (EPI),CPT4,CPT4,Valid,Standard,3
40757110,6070F,Patient queried and counseled about anti-epileptic drug (AED) side effects (EPI),CPT4,CPT4,Valid,Standard,3
40757058,1205F,Etiology of epilepsy or epilepsy syndrome(s) reviewed and documented (EPI),CPT4,CPT4,Valid,Standard,3
40756928,3650F,"Electroencephalogram (EEG) ordered, reviewed or requested (EPI)",CPT4,CPT4,Valid,Standard,3
40756901,4330F,Counseling about epilepsy specific safety issues provided to patient (or caregiver(s)) (EPI),CPT4,CPT4,Valid,Standard,3
4074789,224220007,Lives in supported home,Clinical Finding,SNOMED,Valid,Standard,3
4073473,224219001,Lives in independent group home,Clinical Finding,SNOMED,Valid,Standard,3
4065032,171292006,No consent pneumococcal immunization,Clinical Finding,SNOMED,Valid,Standard,3
4061266,16974005,"Acral lentiginous melanoma, malignant",Morph Abnormality,SNOMED,Valid,Standard,3
4061154,169646002,Antenatal amniocentesis,Clinical Finding,SNOMED,Valid,Standard,3
4058572,161839005,Elderly feeding problem,Clinical Finding,SNOMED,Valid,Standard,3
4055959,16741004,Pleomorphic carcinoma,Morph Abnormality,SNOMED,Valid,Standard,3
4054014,242292001,Accidental exposure to corrosive or caustic chemical,Event,SNOMED,Valid,Standard,3
4053818,125565008,Interstitial fibrosis,Morph Abnormality,SNOMED,Valid,Standard,3
4053618,125706008,Sodium benzoate,Substance,SNOMED,Valid,Standard,9
4053111,160870005,Child in care,Clinical Finding,SNOMED,Valid,Standard,3
4052476,160671006,Gluten free diet,Clinical Finding,SNOMED,Valid,Standard,3
4052464,160618006,Current non-smoker,Clinical Finding,SNOMED,Valid,Non-standard,3
4052348,161148002,Speaks English poorly,Clinical Finding,SNOMED,Valid,Standard,3
4051998,12535006,Acquired absence,Morph Abnormality,SNOMED,Valid,Standard,3
4051574,160350005,FH: Squint,Context-dependent,SNOMED,Valid,Standard,3
4051238,160353007,FH: Deafness,Context-dependent,SNOMED,Valid,Standard,3
4050808,160336000,FH: Huntington's chorea,Context-dependent,SNOMED,Valid,Standard,3
4050794,160281003,FH: Syphilis,Context-dependent,SNOMED,Valid,Standard,3
40493207,445896002,Has access to weapon,Clinical Finding,SNOMED,Valid,Standard,3
40481797,442056008,Torus fracture,Morph Abnormality,SNOMED,Valid,Standard,3
40480056,441679007,Finding of antenatal screening status,Clinical Finding,SNOMED,Valid,Standard,3
4047846,135896002,Salter-Harris type I,Morph Abnormality,SNOMED,Valid,Standard,3
4045719,133896000,Care of immunosuppressed patient,Procedure,SNOMED,Valid,Standard,3
4044190,129326001,Injection - action,Qualifier Value,SNOMED,Valid,Standard,3
4042227,16719004,Flowers,Substance,SNOMED,Valid,Standard,9
4033080,14621004,Anticipatory grief,Clinical Finding,SNOMED,Valid,Standard,3
4031360,14317002,Acute erythroid leukemia,Morph Abnormality,SNOMED,Valid,Standard,3
4030576,1428003,Asphyxia due to foreign body in larynx,Event,SNOMED,Valid,Standard,3
4030353,237835004,Constitutional tall stature,Clinical Finding,SNOMED,Valid,Standard,3
4030137,128766005,"Germ cell tumor, nonseminomatous",Morph Abnormality,SNOMED,Valid,Standard,3
4030130,128736003,Solitary fibrous tumor,Morph Abnormality,SNOMED,Valid,Standard,3
4029321,13713005,Thromboembolus,Morph Abnormality,SNOMED,Valid,Standard,3
4029200,128914005,Atypical meningioma,Morph Abnormality,SNOMED,Valid,Standard,3
4028045,13321001,"Fracture, comminuted",Morph Abnormality,SNOMED,Valid,Standard,3
4027962,227441008,Pomegranate,Substance,SNOMED,Valid,Standard,6
4026199,227410007,Rosemary,Substance,SNOMED,Valid,Standard,6
4022559,226007004,Post-surgical wound care,Procedure,SNOMED,Valid,Standard,3
4015826,170680007,Follow-up psychiatric assessment,Procedure,SNOMED,Valid,Standard,3
4011852,11320009,Sucrose,Substance,SNOMED,Valid,Non-standard,3
4010838,102493007,Increased body growth,Clinical Finding,SNOMED,Valid,Standard,3
4010329,102436002,"Exposure to chemical pollution, occupational",Event,SNOMED,Valid,Standard,3
4010326,102421000,Exposure to environmental pollution,Event,SNOMED,Valid,Standard,3
4002024,110429003,Perforated diverticulitis,Morph Abnormality,SNOMED,Valid,Standard,3
37395866,715460006,Poor attachment to primary caregiver,Clinical Finding,SNOMED,Valid,Standard,3
37208101,460551000124107,Removal of sutures done,Context-dependent,SNOMED,Valid,Non-standard,3
37117140,12384021000119106,Long-term current use of mercaptopurine,Context-dependent,SNOMED,Valid,Standard,3
37109714,723542006,Indwelling urethral urinary catheter in situ,Clinical Finding,SNOMED,Valid,Non-standard,3
37109045,16224591000119103,Allergy to honey bee venom,Clinical Finding,SNOMED,Valid,Non-standard,3
37108964,15936461000119100,Stressful work schedule,Clinical Finding,SNOMED,Valid,Standard,3
37108775,12399011000119104,Neglect of elder,Event,SNOMED,Valid,Standard,3
37061617,LP249234-8,Catheter,LOINC System,LOINC,Valid,Non-standard,3
37044685,LP66957-9,niCARdipine,LOINC Component,LOINC,Valid,Non-standard,3
37041401,LP62208-1,Sorbitol,LOINC Component,LOINC,Valid,Non-standard,3
37038172,LP97954-9,Octreotide,LOINC Component,LOINC,Valid,Non-standard,3
37024817,LP66071-9,Ropivacaine,LOINC Component,LOINC,Valid,Non-standard,3
37016872,713017009,Noncompliance with antiretroviral medication regimen,Clinical Finding,SNOMED,Valid,Standard,3
36716723,722884003,Infant gastrointestinal regurgitation,Clinical Finding,SNOMED,Valid,Standard,3
36714593,719890004,Problem with immobilizing cast,Clinical Finding,SNOMED,Valid,Standard,3
36676576,773486001,Allergy to dextromethorphan,Clinical Finding,SNOMED,Valid,Non-standard,3
36674378,773571005,Sting by hornet,Event,SNOMED,Valid,Standard,3
3667046,860956003,Allergy to yeast,Clinical Finding,SNOMED,Valid,Non-standard,3
3667020,830173006,Allergy to methenamine,Clinical Finding,SNOMED,Valid,Non-standard,3
3666986,840598000,Platelet aggregation inhibitor therapy contraindicated,Context-dependent,SNOMED,Valid,Standard,3
3661853,871783000,Adverse reaction to arsenic and/or arsenic compound,Disorder,SNOMED,Valid,Standard,3
3661808,871521003,Adverse reaction to estrogen and/or progesterone,Disorder,SNOMED,Valid,Standard,3
36307501,LP31697-3,Vitamin E,LOINC Component,LOINC,Valid,Non-standard,3
36034465,LP419937-0,Aloe vera,LOINC Component,LOINC,Valid,Non-standard,3
35824997,74-480,Vitamin E,Value,UK Biobank,Valid,Standard,3
35824996,100691-5,Vitamin E,Answer,UK Biobank,Valid,Standard,3
35824995,100629-5,Vitamin E,Answer,UK Biobank,Valid,Standard,3
35824977,100691-2,Vitamin B,Answer,UK Biobank,Valid,Standard,3
35824976,100629-2,Vitamin B,Answer,UK Biobank,Valid,Standard,3
35627022,ebfdcb42-ce64-4e9a-9645-e545607e73b9,"Retired SNOMED UK Drug extension concept, do not use, use concept indicated by the CONCEPT_RELATIONSHIP table, if any",Qualifier Value,SNOMED,Valid,Non-standard,3
3518951,108482004,Sildenafil citrate,Substance,Nebraska Lexicon,Valid,Non-standard,3
3518918,372898000,Nafcillin,Substance,Nebraska Lexicon,Valid,Non-standard,3
3518871,420111002,Contact metal agent,Substance,Nebraska Lexicon,Valid,Non-standard,3
3518857,116571008,Betamethasone,Substance,Nebraska Lexicon,Valid,Non-standard,3
3518804,387469006,Dimenhydrinate,Substance,Nebraska Lexicon,Valid,Non-standard,3
3518732,96334000,Prednisolone acetate,Substance,Nebraska Lexicon,Valid,Non-standard,3
3518680,387568001,Clozapine,Substance,Nebraska Lexicon,Valid,Non-standard,3
3518489,49399009,Magnesium salicylate,Substance,Nebraska Lexicon,Valid,Non-standard,3
3518369,108383008,Quetiapine fumarate,Substance,Nebraska Lexicon,Valid,Non-standard,3
3337858,11320009,Sucrose,Substance,Nebraska Lexicon,Valid,Non-standard,3
3252594,66389008,Magnesium oxide,Substance,Nebraska Lexicon,Valid,Non-standard,3
3246236,387040009,Loperamide,Substance,Nebraska Lexicon,Valid,Non-standard,3
3223973,28942008,Coconut oil,Substance,Nebraska Lexicon,Valid,Non-standard,3
3053988,412066006,Pepper,Substance,Nebraska Lexicon,Valid,Non-standard,3
2721975,V5275,"Ear impression, each",HCPCS,HCPCS,Valid,Standard,3
2617828,G8428,"Current list of medications not documented as obtained, updated, or reviewed by the eligible clinician, reason not given",HCPCS,HCPCS,Valid,Standard,3
2211305,7020F,"Mammogram assessment category (eg, Mammography Quality Standards Act [MQSA], Breast Imaging Reporting and Data System [BI-RADS], or FDA approved equivalent categories) entered into an internal database to allow for analysis of abnormal interpretat...",CPT4,CPT4,Valid,Standard,3
21495559,LP65523-0,Everolimus,LOINC Component,LOINC,Valid,Non-standard,3
2110366,6020F,NPO (nothing by mouth) ordered (STR),CPT4,CPT4,Valid,Standard,3
2110364,6015F,"Patient receiving or eligible to receive foods, fluids, or medication by mouth (STR)",CPT4,CPT4,Valid,Standard,3
2110363,6010F,"Dysphagia screening conducted prior to order for or receipt of any foods, fluids, or medication by mouth (STR)",CPT4,CPT4,Valid,Standard,3
2108583,4070F,Deep vein thrombosis (DVT) prophylaxis received by end of hospital day 2 (STR),CPT4,CPT4,Valid,Non-standard,3
2108567,4054F,Hemodialysis via catheter (ESRD),CPT4,CPT4,Valid,Standard,3
2108525,4000F,"Tobacco use cessation intervention, counseling (COPD, CAP, CAD, Asthma) (DM) (PV)",CPT4,CPT4,Valid,Standard,3
2106382,3112F,"CT or MRI of the brain performed greater than 24 hours after arrival to the hospital or performed in an outpatient imaging center for purpose other than confirmation of initial diagnosis of stroke, TIA, or intracranial hemorrhage (STR)",CPT4,CPT4,Valid,Non-standard,3
2102010,1152F,"Documentation of advanced disease diagnosis, goals of care prioritize comfort (Pall Cr)",CPT4,CPT4,Valid,Standard,3
1762408,LP432576-9,Kale,LOINC Component,LOINC,Valid,Non-standard,3
1177118,LP14809-5,Clotrimazole,LOINC Component,LOINC,Valid,Non-standard,3
1020191,LP30447-4,Catheter,LOINC System,LOINC,Valid,Non-standard,3
765816,432311000124109,Documentation of current medication usage,Procedure,SNOMED,Valid,Standard,2
765788,440291000124105,Below expected nutrient requirement,Clinical Finding,SNOMED,Valid,Standard,2
765783,5611000175106,Ineffective medication administration routine at home,Clinical Finding,SNOMED,Valid,Standard,2
765551,6131000124104,Medication taken at higher dose than recommended,Clinical Finding,SNOMED,Valid,Standard,2
765525,440381000124102,Excessive enteral nutrition infusion,Clinical Finding,SNOMED,Valid,Standard,2
765483,429521000124101,Adverse reaction to component of vaccine product containing low dose acellular Bordetella pertussis and Clostridium tetani and low dose Corynebacterium diphtheriae antigens,Disorder,SNOMED,Valid,Standard,2
765317,1241000124107,Method of wound closure,Observable Entity,SNOMED,Valid,Standard,2
764560,456621000124105,Family history of victim of physical abuse,Context-dependent,SNOMED,Valid,Standard,2
764366,454071000124109,Medication education not done,Context-dependent,SNOMED,Valid,Standard,2
764126,451071000124106,Abdominal aortic aneurysm screening done,Context-dependent,SNOMED,Valid,Non-standard,2
763851,447761000124107,Fabric softener,Substance,SNOMED,Valid,Standard,4
763442,440861000124103,Inadequate intake of selenium,Clinical Finding,SNOMED,Valid,Standard,2
762852,432821000124109,Medication course lengthened,Context-dependent,SNOMED,Valid,Standard,2
762849,432781000124103,Medication dosing interval changed,Context-dependent,SNOMED,Valid,Standard,2
762816,432331000124103,Taking one medication for chronic disease,Clinical Finding,SNOMED,Valid,Standard,2
762648,430081000124104,Family history of vesicoureteral reflux,Context-dependent,SNOMED,Valid,Standard,2
762375,3390001000004101,Family history of reactive airway disease,Context-dependent,SNOMED,Valid,Standard,2
762359,3320001000004105,Family history of carcinoid tumor,Context-dependent,SNOMED,Valid,Non-standard,2
761874,16300571000119105,Meningococcus B vaccination given,Context-dependent,SNOMED,Valid,Non-standard,2
710061,99474,"Self-measured blood pressure using a device validated for clinical accuracy; separate self-measurements of two readings one minute apart, twice daily over a 30-day period (minimum of 12 readings), collection of data reported by the patient and/or ...",CPT4,CPT4,Valid,Standard,2
619842,926306007,Brain neurostimulator device in situ,Clinical Finding,SNOMED,Valid,Non-standard,2
618177,fdd6b343-be15-4082-9290-d17b37e9d9f1,"Retired SNOMED UK Drug extension concept, do not use, use concept indicated by the CONCEPT_RELATIONSHIP table, if any",Substance,SNOMED,Valid,Non-standard,2
608701,1365431000000106,Allergy to alirocumab,Clinical Finding,SNOMED,Valid,Non-standard,2
606456,1145032005,SARS-CoV-2 mRNA vaccine declined,Context-dependent,SNOMED,Valid,Standard,2
46273450,98251000119101,Family history of Canavan disease,Context-dependent,SNOMED,Valid,Standard,2
46271325,709426002,Fetal exposure to toxin,Context-dependent,SNOMED,Valid,Standard,2
46270585,65001000119101,Family history of connective tissue disorder,Context-dependent,SNOMED,Valid,Standard,2
46269702,10624401000119102,Family history of stroke due to aneurysm,Context-dependent,SNOMED,Valid,Standard,2
46257678,3126F,"Esophageal biopsy report with a statement about dysplasia (present, absent, or indefinite, and if present, contains appropriate grading) (PATH)",CPT4,CPT4,Valid,Standard,2
45957396,858a4423-d033-4469-bd29-07774accf9e2,"Retired SNOMED UK Drug extension concept, do not use, use concept indicated by the CONCEPT_RELATIONSHIP table, if any",Substance,SNOMED,Valid,Non-standard,2
45767299,704661003,Noncompliance with immunization regimen,Clinical Finding,SNOMED,Valid,Standard,2
45765812,702837008,Vilazodone,Substance,SNOMED,Valid,Non-standard,2
45763908,700441006,Saccharomyces boulardii,Substance,SNOMED,Valid,Non-standard,2
44817378,LP30650-3,Zaleplon,LOINC Component,LOINC,Valid,Non-standard,2
44816509,1504F,Patient has respiratory insufficiency (ALS),CPT4,CPT4,Valid,Standard,2
44787727,LP63637-0,Fondaparinux,LOINC Component,LOINC,Valid,Non-standard,2
44787307,LP172752-0,Leuprolide,LOINC Component,LOINC,Valid,Non-standard,2
44787271,LP171632-5,RABEprazole,LOINC Component,LOINC,Valid,Non-standard,2
44787263,LP171621-8,Milrinone,LOINC Component,LOINC,Valid,Non-standard,2
44787245,LP171392-6,Docusate,LOINC Component,LOINC,Valid,Non-standard,2
44787142,LP34567-5,Repaglinide,LOINC Component,LOINC,Valid,Non-standard,2
44782698,131561000119106,Bare metal stent in branch of right coronary artery,Clinical Finding,SNOMED,Valid,Non-standard,2
443682,215645006,"Fall on ladder in water transport, occupant of small unpowered boat injured",Event,SNOMED,Valid,Standard,2
443279,287185009,Attempted suicide - cut/stab,Event,SNOMED,Valid,Standard,2
442361,215285006,"Collision between animal being ridden and pedestrian, pedestrian conveyance or pedestrian vehicle, rider of animal injured",Event,SNOMED,Valid,Standard,2
441208,292651000,Emollient adverse reaction,Disorder,SNOMED,Valid,Standard,2
441137,225525008,Eating finding,Clinical Finding,SNOMED,Valid,Standard,2
440306,215635009,"Fall on stairs in water transport, occupant of small unpowered boat injured",Event,SNOMED,Valid,Standard,2
440006,215748004,"Explosion, fire or burning in watercraft",Event,SNOMED,Valid,Standard,2
439634,216904007,Foreign object left in body during kidney dialysis,Event,SNOMED,Valid,Standard,2
439628,216954001,Excessive amount of blood / fluid transfusion,Event,SNOMED,Valid,Standard,2
439578,218868004,Adverse reaction to ganglion blocking drug,Disorder,SNOMED,Valid,Standard,2
439447,219181001,"Assault by corrosive or caustic substance, except poisoning",Event,SNOMED,Valid,Standard,2
439442,219330001,Suffocation of unknown intent by plastic bag,Event,SNOMED,Valid,Standard,2
439220,218191003,Overexposure to radiofrequency radiation,Event,SNOMED,Valid,Standard,2
438655,216941008,"Failure of sterile precautions during aspiration of fluid or tissue, puncture and catheterization",Event,SNOMED,Valid,Standard,2
438628,217178001,Explosion caused by conflagration in private dwelling,Event,SNOMED,Valid,Standard,2
437479,217738002,Accident caused by collapse of dam,Event,SNOMED,Valid,Standard,2
436592,217773000,Accidental drowning or immersion in bathtub,Event,SNOMED,Valid,Standard,2
43533304,G8991,"Other physical or occupational therapy primary functional limitation, projected goal status, at therapy episode outset, at reporting intervals, and at discharge or to end reporting (Deprecated)",HCPCS,HCPCS,Valid,Standard,2
434828,242555000,Accident caused by flooding,Event,SNOMED,Valid,Standard,2
4348172,243365003,Acid-fast bacillus,Organism,SNOMED,Valid,Standard,2
4333615,431912005,Family history of alpha-1-antitrypsin deficiency,Context-dependent,SNOMED,Valid,Standard,2
4331942,431403001,Human leukocyte antigen B27 negative arthropathy,Context-dependent,SNOMED,Valid,Standard,2
4331510,432526008,Familial short stature,Clinical Finding,SNOMED,Valid,Standard,2
4331090,430041006,Family history of Ménière disease,Context-dependent,SNOMED,Valid,Standard,2
4329939,430728001,Family history of amnesia,Context-dependent,SNOMED,Valid,Standard,2
4329188,218613000,Adverse reaction to ibuprofen,Disorder,SNOMED,Valid,Standard,2
4328437,430101000,Whole blood donor,Social Context,SNOMED,Valid,Non-standard,2
432814,371875006,Device withdrawn and / or removed,Clinical Finding,SNOMED,Valid,Non-standard,2
4327591,430719002,Family history of tinnitus,Context-dependent,SNOMED,Valid,Standard,2
432536,269733003,Assault by poisoning by gas or vapor,Event,SNOMED,Valid,Standard,2
432530,214221005,"Motor vehicle traffic accident involving pedestrian hit by motor vehicle, motor cyclist injured",Event,SNOMED,Valid,Standard,2
4324463,429952000,Family history of stenosis of aortic valve,Context-dependent,SNOMED,Valid,Standard,2
4322095,424920003,Inadequate system for taking medication,Clinical Finding,SNOMED,Valid,Standard,2
4320128,218356002,Adverse reaction to sulfamethoxazole,Disorder,SNOMED,Valid,Standard,2
4319853,218048006,Accident caused by paper cutter,Event,SNOMED,Valid,Standard,2
4318497,217605003,Accident due to dry ice,Event,SNOMED,Valid,Standard,2
4315096,216423009,"Place of occurrence of accident or poisoning, children's home",Location,SNOMED,Valid,Non-standard,2
4313601,424759000,Neglectful caretaking,Clinical Finding,SNOMED,Valid,Standard,2
4313388,217857001,Accidentally struck by hockey puck,Event,SNOMED,Valid,Standard,2
4313322,424393004,Reports of violence in the environment,Clinical Finding,SNOMED,Valid,Standard,2
4311072,216404002,"Place of occurrence of accident or poisoning, music hall",Location,SNOMED,Valid,Non-standard,2
4309264,391737006,Almond oil,Substance,SNOMED,Valid,Non-standard,2
4309239,422651008,Limited access to community support services,Clinical Finding,SNOMED,Valid,Standard,2
4309080,424429009,Gait dyspraxia,Clinical Finding,SNOMED,Valid,Standard,2
4305895,387390002,Sodium chloride,Substance,SNOMED,Valid,Non-standard,4
4305880,387307005,Calcium carbonate,Substance,SNOMED,Valid,Non-standard,2
4305842,418765005,"Exposure to potentially harmful entity, undetermined intent",Event,SNOMED,Valid,Standard,2
4305269,389082000,Constipation care,Procedure,SNOMED,Valid,Standard,2
4305231,386964000,Repaglinide,Substance,SNOMED,Valid,Non-standard,4
4303551,386444001,Spiritual support,Procedure,SNOMED,Valid,Standard,2
4303099,419619007,Allergy to potato,Clinical Finding,SNOMED,Valid,Non-standard,2
4302685,387784003,Ecchymoma,Morph Abnormality,SNOMED,Valid,Standard,2
43021798,473447008,Exerting inappropriate parental pressure,Clinical Finding,SNOMED,Valid,Standard,2
4301229,78427001,Occupational noise exposure,Event,SNOMED,Valid,Standard,2
4301078,386260000,Diarrhea care,Procedure,SNOMED,Valid,Standard,2
4299038,387350000,Benzoic acid,Substance,SNOMED,Valid,Non-standard,2
4298381,386496003,Closed drainage wound care,Procedure,SNOMED,Valid,Standard,2
4298190,386280004,Pulmonary embolus care,Procedure,SNOMED,Valid,Standard,2
4297997,76909002,Ewing's sarcoma,Morph Abnormality,SNOMED,Valid,Standard,2
4297062,385988005,Spiritual care,Procedure,SNOMED,Valid,Standard,2
4296930,385884006,Bedrest care,Procedure,SNOMED,Valid,Standard,2
4295414,75797008,Syrinx,Morph Abnormality,SNOMED,Valid,Standard,2
4292221,402306009,Allergy to aluminum,Clinical Finding,SNOMED,Valid,Non-standard,2
4290838,399961007,Malignant adenomatous neoplasm - category,Morph Abnormality,SNOMED,Valid,Non-standard,2
4284549,66925006,Copper,Substance,SNOMED,Valid,Non-standard,2
4282459,67079006,Glucose,Substance,SNOMED,Valid,Non-standard,2
4279837,36850000,Retention,Morph Abnormality,SNOMED,Valid,Standard,2
4272185,63629005,Lipoblastomatosis,Morph Abnormality,SNOMED,Valid,Standard,2
4270220,6381009,Heavy chain disease,Morph Abnormality,SNOMED,Valid,Standard,2
4269798,62543003,Gallium,Substance,SNOMED,Valid,Non-standard,2
4269078,62681000,Nonencapsulated sclerosing carcinoma,Morph Abnormality,SNOMED,Valid,Standard,2
4269024,401081006,Diabetic peripheral neuropathy screening,Procedure,SNOMED,Valid,Standard,2
4268564,365525008,Finding of employment status,Clinical Finding,SNOMED,Valid,Standard,2
4268420,401139002,On four or more medications,Clinical Finding,SNOMED,Valid,Standard,2
4267371,365503002,Local environment and neighborhood details - finding,Clinical Finding,SNOMED,Valid,Standard,2
4265473,61294007,Thin build,Clinical Finding,SNOMED,Valid,Standard,2
4265011,397340004,Acute myeloid leukemia with recurrent genetic abnormality,Morph Abnormality,SNOMED,Valid,Non-standard,2
4264355,44752002,"Fracture, multiple, closed and compound",Morph Abnormality,SNOMED,Valid,Standard,2
4260747,412726003,Length of gestation at birth,Observable Entity,SNOMED,Valid,Standard,2
4260683,45083001,Urothelial papilloma,Morph Abnormality,SNOMED,Valid,Standard,2
4260332,409801009,Extended spectrum beta-lactamase producing Klebsiella pneumoniae,Organism,SNOMED,Valid,Standard,2
4259199,412247000,Methotrexate sodium,Substance,SNOMED,Valid,Non-standard,2
4259065,412156001,Silk,Substance,SNOMED,Valid,Standard,6
4256367,410394004,Lab findings surveillance,Procedure,SNOMED,Valid,Standard,2
4254376,409058006,Medication action/side effects care,Procedure,SNOMED,Valid,Standard,2
42539596,736121002,Requires lifelong warfarin therapy,Clinical Finding,SNOMED,Valid,Standard,2
4253767,410709000,Cramping sensation quality,Qualifier Value,SNOMED,Valid,Standard,2
42536948,736013005,Body weight measurement declined,Context-dependent,SNOMED,Valid,Standard,2
42536306,735051003,Plum,Substance,SNOMED,Valid,Standard,4
42536302,735046009,Nutmeg,Substance,SNOMED,Valid,Standard,4
4244232,38082009,Hemoglobin,Substance,SNOMED,Valid,Non-standard,2
4243907,38109001,Osseous metaplasia,Morph Abnormality,SNOMED,Valid,Standard,2
4241991,59583009,Embryonal sarcoma,Morph Abnormality,SNOMED,Valid,Standard,2
4240852,58202007,Fructose,Substance,SNOMED,Valid,Non-standard,2
4238834,57264008,Nicotiana tabacum,Organism,SNOMED,Valid,Standard,2
4235389,408465003,Oral and maxillofacial surgery,Qualifier Value,SNOMED,Valid,Standard,2
4234504,405044002,Hemodialysis access site status,Observable Entity,SNOMED,Valid,Standard,2
4234496,407444007,Cytomegalovirus,Organism,SNOMED,Valid,Standard,2
4232891,404997003,Mechanical ventilation response,Observable Entity,SNOMED,Valid,Standard,2
4232332,89707004,Sesame oil,Substance,SNOMED,Valid,Non-standard,2
4230175,406209002,Effect of impaired mobility,Observable Entity,SNOMED,Valid,Standard,2
4227736,87703009,Sliding transfer training,Procedure,SNOMED,Valid,Standard,2
4226140,405613005,Planned procedure,Context-dependent,SNOMED,Valid,Standard,2
4225852,405018002,Expressive communication ability,Observable Entity,SNOMED,Valid,Standard,2
4225737,84919003,"Epithelioid mesothelioma, benign",Morph Abnormality,SNOMED,Valid,Standard,2
4225718,405007002,Fluid overload status,Observable Entity,SNOMED,Valid,Standard,2
4222407,420404007,Urinary catheterization status,Observable Entity,SNOMED,Valid,Standard,2
4221219,420419008,Strabismus surgery,Qualifier Value,SNOMED,Valid,Standard,2
4220064,82014009,Peripheral edema,Morph Abnormality,SNOMED,Valid,Standard,2
4219852,397776000,Festinating gait,Clinical Finding,SNOMED,Valid,Standard,2
4218398,8204009,Polyester,Substance,SNOMED,Valid,Non-standard,2
4218042,3962002,Vasomotor function,Observable Entity,SNOMED,Valid,Standard,2
4217889,395952003,Zinc acetate,Substance,SNOMED,Valid,Non-standard,2
4217246,417506008,Hemorrhagic stroke monitoring,Procedure,SNOMED,Valid,Standard,2
4216822,81409000,Coarctation,Morph Abnormality,SNOMED,Valid,Standard,2
4216067,72165005,Hepatitis C virus antibody,Substance,SNOMED,Valid,Standard,2
4215545,394990003,FH: Ankylosing spondylitis,Context-dependent,SNOMED,Valid,Standard,2
4215413,394887005,Suspected heart failure,Context-dependent,SNOMED,Valid,Standard,2
4213919,415356001,Rugby,Qualifier Value,SNOMED,Valid,Standard,2
4213117,414308003,Gadobenate dimeglumine,Substance,SNOMED,Valid,Non-standard,2
4212350,57939002,Benzene,Substance,SNOMED,Valid,Non-standard,2
4209587,5658009,Adenocarcinoma in tubulovillous adenoma,Morph Abnormality,SNOMED,Valid,Standard,2
4209136,56021002,Seroma,Morph Abnormality,SNOMED,Valid,Standard,2
4208082,312887003,Attending clinic,Clinical Finding,SNOMED,Valid,Non-standard,2
4207824,55320002,Superficial spreading melanoma,Morph Abnormality,SNOMED,Valid,Standard,2
4205591,53320004,Aortic body tumor,Morph Abnormality,SNOMED,Valid,Standard,2
4204816,308899009,Unsatisfactory living conditions,Clinical Finding,SNOMED,Valid,Standard,2
4204645,308415008,Rubella immunization status,Clinical Finding,SNOMED,Valid,Standard,2
4203405,308539001,Request procedure,Procedure,SNOMED,Valid,Standard,2
4203118,309631001,Family history of helminth infection,Context-dependent,SNOMED,Valid,Standard,2
4201431,51617009,Adenocarcinoma in situ in tubulovillous adenoma,Morph Abnormality,SNOMED,Valid,Standard,2
4199746,52751000,Hemiplegic gait,Clinical Finding,SNOMED,Valid,Standard,2
4198568,315061006,Warfarin contraindicated,Context-dependent,SNOMED,Valid,Standard,2
4197350,433492005,Family history of replacement of total knee joint,Context-dependent,SNOMED,Valid,Non-standard,2
4195676,67694006,"Fracture, closed, longitudinal",Morph Abnormality,SNOMED,Valid,Standard,2
4195281,79061004,Germanium,Substance,SNOMED,Valid,Non-standard,2
4193035,314115004,Raw vegetable,Substance,SNOMED,Valid,Standard,4
4192880,394923006,Lives in a residential home,Clinical Finding,SNOMED,Valid,Standard,2
4191845,395094003,Emotional and psychosocial support and education,Procedure,SNOMED,Valid,Standard,2
4190431,394604002,"Ear, nose and throat surgery",Qualifier Value,SNOMED,Valid,Standard,2
4190430,394594003,Ophthalmology,Qualifier Value,SNOMED,Valid,Standard,2
4189374,6155003,Arrested,Qualifier Value,SNOMED,Valid,Standard,2
4188300,414561005,Fungi,Organism,SNOMED,Valid,Standard,2
4184848,413443009,Acute myeloid leukemia,Morph Abnormality,SNOMED,Valid,Non-standard,2
4183196,43327007,Acantholysis,Morph Abnormality,SNOMED,Valid,Standard,2
4182366,54249004,Intramuscular hemangioma,Morph Abnormality,SNOMED,Valid,Standard,2
4181903,54493002,Intramural hematoma,Morph Abnormality,SNOMED,Valid,Standard,2
4180731,428200002,Assault by person,Event,SNOMED,Valid,Standard,2
4179692,363549008,Sulfone,Substance,SNOMED,Valid,Non-standard,2
4179082,428935009,Family history of malignant neoplasm of eye proper,Context-dependent,SNOMED,Valid,Standard,2
4178756,52329006,"Fracture, open",Morph Abnormality,SNOMED,Valid,Standard,2
4178405,297183000,Revascularization - action,Qualifier Value,SNOMED,Valid,Standard,2
4175338,42685002,Adhesion,Morph Abnormality,SNOMED,Valid,Standard,2
4175130,48714008,Palladium,Substance,SNOMED,Valid,Non-standard,2
4173374,294979009,Allergy to flecainide,Clinical Finding,SNOMED,Valid,Non-standard,2
4173225,294888001,Allergy to collagen,Clinical Finding,SNOMED,Valid,Non-standard,2
4172082,274927004,Burning caused by caustic acid,Event,SNOMED,Valid,Standard,2
4171803,296375005,Indolent ulcer,Morph Abnormality,SNOMED,Valid,Standard,2
4171616,276030007,Travel abroad,Clinical Finding,SNOMED,Valid,Standard,2
4171454,294582008,Allergy to sulfacetamide,Clinical Finding,SNOMED,Valid,Non-standard,2
4171311,294466005,Allergy to streptomycin,Clinical Finding,SNOMED,Valid,Non-standard,2
4171293,294380004,Allergy to ribavirin,Clinical Finding,SNOMED,Valid,Non-standard,2
4171291,294374007,Allergy to valacyclovir,Clinical Finding,SNOMED,Valid,Non-standard,2
4171164,294358002,Allergy to tioconazole,Clinical Finding,SNOMED,Valid,Non-standard,2
4170508,294967009,Allergy to ciprofibrate,Clinical Finding,SNOMED,Valid,Non-standard,2
4170489,294902001,Allergy to ferrous sulfate,Clinical Finding,SNOMED,Valid,Non-standard,2
4169829,275132006,Family history: Gynecological problem,Context-dependent,SNOMED,Valid,Standard,2
4169362,293899008,Allergy to oxazepam,Clinical Finding,SNOMED,Valid,Non-standard,2
4169301,419181004,Exposure to gaseous substance,Event,SNOMED,Valid,Standard,2
4169193,294916006,Allergy to povidone iodine,Clinical Finding,SNOMED,Valid,Non-standard,2
4169040,294782005,Allergy to estradiol,Clinical Finding,SNOMED,Valid,Non-standard,2
4169021,294671005,Allergy to glucagon,Clinical Finding,SNOMED,Valid,Non-standard,2
4168855,274916001,Fire in watercraft,Event,SNOMED,Valid,Standard,2
4168644,418038007,Propensity to adverse reactions to substance,Clinical Finding,SNOMED,Valid,Non-standard,2
4168606,47725002,Maculopapular rash,Morph Abnormality,SNOMED,Valid,Standard,2
4168564,294329000,Allergy to dimethicone,Clinical Finding,SNOMED,Valid,Non-standard,2
4167964,293848001,Allergy to nefazodone,Clinical Finding,SNOMED,Valid,Non-standard,2
4167639,293485004,Mersalyl adverse reaction,Disorder,SNOMED,Valid,Standard,2
4167481,294562009,Allergy to lincomycin,Clinical Finding,SNOMED,Valid,Non-standard,2
4166972,294209003,Allergy to acitretin,Clinical Finding,SNOMED,Valid,Non-standard,2
4166960,294158008,Allergy to aminophylline,Clinical Finding,SNOMED,Valid,Non-standard,2
4166954,294123006,Allergy to dimenhydrinate,Clinical Finding,SNOMED,Valid,Non-standard,2
4166826,45490001,"Squamous cell carcinoma, large cell, nonkeratinizing",Morph Abnormality,SNOMED,Valid,Standard,2
4166813,294055009,Allergy to methyldopa,Clinical Finding,SNOMED,Valid,Non-standard,2
4166805,294018009,Allergy to bethanechol,Clinical Finding,SNOMED,Valid,Non-standard,2
4166787,293923000,Allergy to droperidol,Clinical Finding,SNOMED,Valid,Non-standard,2
4166779,293891006,Allergy to triazolam,Clinical Finding,SNOMED,Valid,Non-standard,2
4166657,293870003,Allergy to ethosuximide,Clinical Finding,SNOMED,Valid,Non-standard,2
4166344,294940003,Allergy to ascorbic acid,Clinical Finding,SNOMED,Valid,Non-standard,2
4166251,416072008,FH: maternal hip fracture before age 75,Context-dependent,SNOMED,Valid,Standard,2
4166039,294129005,Allergy to chlorpheniramine,Clinical Finding,SNOMED,Valid,Non-standard,2
4165844,293958003,Allergy to dextroamphetamine,Clinical Finding,SNOMED,Valid,Non-standard,2
4165803,293781009,Allergy to hydroxyurea,Clinical Finding,SNOMED,Valid,Non-standard,2
4165802,293780005,Allergy to cisplatin,Clinical Finding,SNOMED,Valid,Non-standard,2
4165724,41118005,Extensive,Qualifier Value,SNOMED,Valid,Standard,2
4165647,293833007,Allergy to imipramine,Clinical Finding,SNOMED,Valid,Non-standard,2
4165493,293725003,Allergy to tetracaine,Clinical Finding,SNOMED,Valid,Non-standard,2
4165488,293709008,Allergy to thiopental,Clinical Finding,SNOMED,Valid,Non-standard,2
4165487,293706001,Allergy to etomidate,Clinical Finding,SNOMED,Valid,Non-standard,2
4165019,294615008,Allergy to ethambutol,Clinical Finding,SNOMED,Valid,Non-standard,2
4164847,294394003,Allergy to chloroquine,Clinical Finding,SNOMED,Valid,Non-standard,2
4164715,294327003,Allergy to mineral oil,Clinical Finding,SNOMED,Valid,Non-standard,2
4164704,293682005,Allergy to magnesium sulfate,Clinical Finding,SNOMED,Valid,Non-standard,2
4164101,293254005,Mestranol adverse reaction,Disorder,SNOMED,Valid,Standard,2
4163791,293967003,Allergy to bisoprolol,Clinical Finding,SNOMED,Valid,Non-standard,2
4163399,4538007,Papulovesicular rash,Morph Abnormality,SNOMED,Valid,Standard,2
4163211,293811005,Allergy to amantadine,Clinical Finding,SNOMED,Valid,Non-standard,2
4163202,293766003,Allergy to doxorubicin,Clinical Finding,SNOMED,Valid,Non-standard,2
4163187,293687004,Allergy to docusate,Clinical Finding,SNOMED,Valid,Non-standard,2
4163173,293633005,Allergy to tolmetin,Clinical Finding,SNOMED,Valid,Non-standard,2
4163059,293588000,Allergy to pentazocine,Clinical Finding,SNOMED,Valid,Non-standard,2
4162171,293334006,Heparin adverse reaction,Disorder,SNOMED,Valid,Standard,2
4161905,432909005,Aspirin given,Context-dependent,SNOMED,Valid,Non-standard,2
4156363,272379006,Event,Event,SNOMED,Valid,Standard,2
4155226,269776001,House fire,Event,SNOMED,Valid,Standard,2
4155221,269705003,Exposure to poison of venomous animals and plants,Event,SNOMED,Valid,Standard,2
4155106,269665009,Submersion and drowning due to boat overturning,Event,SNOMED,Valid,Standard,2
4152025,268463003,Uses postcoital contraception,Clinical Finding,SNOMED,Valid,Standard,2
4152023,268459005,Oral contraceptive advice,Clinical Finding,SNOMED,Valid,Standard,2
4151383,28230009,Poultry,Substance,SNOMED,Valid,Standard,4
4149347,35233000,Polyvinyl chloride,Substance,SNOMED,Valid,Non-standard,2
4148582,269734009,Assault by manual strangulation,Event,SNOMED,Valid,Standard,2
4148579,269719003,Accidental burning caused by acid,Event,SNOMED,Valid,Standard,2
4148449,30566004,Noninfiltrating intraductal papillary adenocarcinoma,Morph Abnormality,SNOMED,Valid,Standard,2
4148411,266900000,FH: Peptic ulceration,Context-dependent,SNOMED,Valid,Standard,2
4148332,311412005,End ileostomy stoma,Morph Abnormality,SNOMED,Valid,Standard,2
4145802,266948004,Has a criminal record,Clinical Finding,SNOMED,Valid,Standard,2
4144263,266886007,FH: neoplasm of female genital organ,Context-dependent,SNOMED,Valid,Standard,2
4143188,33553000,Widowed,Clinical Finding,SNOMED,Valid,Standard,2
4140642,305626005,Seen by complementary therapist,Clinical Finding,SNOMED,Valid,Standard,2
4140136,426439001,Burns intensive care unit,Location,SNOMED,Valid,Non-standard,2
4138933,305351004,Admission to intensive care unit,Procedure,SNOMED,Valid,Standard,2
4137801,263731006,Coughing,Observable Entity,SNOMED,Valid,Standard,2
4136985,31830003,Ruptured epithelial inclusion cyst,Morph Abnormality,SNOMED,Valid,Standard,2
4136519,31794002,Sympathetic paraganglioma,Morph Abnormality,SNOMED,Valid,Standard,2
4132099,127366009,Gravida 3,Clinical Finding,SNOMED,Valid,Standard,2
4132082,127298000,Traumatic brain injury with loss of consciousness,Disorder,SNOMED,Valid,Standard,2
4132030,412135003,Icodextrin,Substance,SNOMED,Valid,Non-standard,2
4131063,264587009,Cystogastrostomy,Morph Abnormality,SNOMED,Valid,Standard,2
4130530,12690005,Fibroblastic osteosarcoma,Morph Abnormality,SNOMED,Valid,Standard,2
4126092,288361006,Ability to perform general manipulative activities,Observable Entity,SNOMED,Valid,Standard,2
4126083,288326000,Hornet venom,Substance,SNOMED,Valid,Standard,4
4125705,260630004,Translabyrinthine-transtentorial approach,Qualifier Value,SNOMED,Valid,Standard,2
4124605,260532003,Thoracoabdominal,Qualifier Value,SNOMED,Valid,Standard,2
4122629,303315009,Spider venom,Substance,SNOMED,Valid,Standard,4
4122438,288991007,Does not latch on to breast for feeding,Clinical Finding,SNOMED,Valid,Standard,2
4120658,303578004,Subclavicular approach,Qualifier Value,SNOMED,Valid,Standard,2
4120373,256896000,Gallstone,Substance,SNOMED,Valid,Standard,2
4118481,261088008,Incontinent,Qualifier Value,SNOMED,Valid,Standard,2
4117962,257747009,Roux-en-Y - action,Qualifier Value,SNOMED,Valid,Non-standard,2
4117150,257737006,Mountaineering,Qualifier Value,SNOMED,Valid,Standard,2
4110684,180614002,Laminectomy approach to thoracic spine,Qualifier Value,SNOMED,Valid,Standard,2
4105877,281632005,Tinel's sign positive,Context-dependent,SNOMED,Valid,Standard,2
4105870,281609006,Cryoablation - action,Qualifier Value,SNOMED,Valid,Standard,2
4103596,256325000,Radish,Substance,SNOMED,Valid,Standard,4
4101299,190751001,Primary lactose intolerance,Clinical Finding,SNOMED,Valid,Standard,2
4101232,300352008,Murphy's sign positive,Context-dependent,SNOMED,Valid,Standard,2
4099816,253044005,Malignant lipomatous tumor morphology,Morph Abnormality,SNOMED,Valid,Non-standard,2
4099705,292679006,Allopurinol adverse reaction,Disorder,SNOMED,Valid,Standard,2
4099280,293125008,Adverse reaction to measles and mumps and rubella vaccine,Disorder,SNOMED,Valid,Standard,2
4098987,292245004,Aminoglutethimide adverse reaction,Disorder,SNOMED,Valid,Standard,2
4098553,293029004,Metronidazole adverse reaction,Disorder,SNOMED,Valid,Standard,2
4098430,26967001,Sulfate salt,Substance,SNOMED,Valid,Non-standard,2
4098107,2710003,Fibrolipoma,Morph Abnormality,SNOMED,Valid,Standard,2
4097491,292327002,Phenytoin adverse reaction,Disorder,SNOMED,Valid,Standard,2
4097049,292063009,Fentanyl adverse reaction,Disorder,SNOMED,Valid,Standard,2
4096901,293169001,Methylprednisolone adverse reaction,Disorder,SNOMED,Valid,Standard,2
4096887,293109003,"Adverse reaction to diphtheria, pertussis, and tetanus vaccine",Disorder,SNOMED,Valid,Standard,2
4095834,292495000,Salbutamol adverse reaction,Disorder,SNOMED,Valid,Standard,2
4094035,281014009,Strict vegetarian,Clinical Finding,SNOMED,Valid,Standard,2
4093908,25889007,Benign fibrous histiocytoma,Morph Abnormality,SNOMED,Valid,Standard,2
4093763,25953003,Colostomy management and care,Procedure,SNOMED,Valid,Standard,2
4091004,185956004,On housing list,Clinical Finding,SNOMED,Valid,Standard,2
4090319,251877000,AV fistula recirculation,Observable Entity,SNOMED,Valid,Standard,2
4087702,24482001,Atypical adenoma,Morph Abnormality,SNOMED,Valid,Standard,2
4085932,243825007,Postcoital contraception status,Clinical Finding,SNOMED,Valid,Standard,2
4085470,18588008,"Synovial sarcoma, biphasic",Morph Abnormality,SNOMED,Valid,Standard,2
4085065,281613004,Decompression - action,Qualifier Value,SNOMED,Valid,Standard,2
4083792,247461009,Skin growth,Observable Entity,SNOMED,Valid,Standard,2
4082728,182964004,Terminal care,Procedure,SNOMED,Valid,Standard,2
4082394,182890002,Patient requests alternative treatment,Clinical Finding,SNOMED,Valid,Standard,2
4082226,183989002,Hysterectomy planned,Context-dependent,SNOMED,Valid,Standard,2
4082102,183979001,Tonsillectomy planned,Context-dependent,SNOMED,Valid,Standard,2
4081426,183928007,Residence remote from medical care,Context-dependent,SNOMED,Valid,Standard,2
40798268,LP71165-2,Posaconazole,LOINC Component,LOINC,Valid,Non-standard,2
40795855,LP16251-8,Phenylbutazone,LOINC Component,LOINC,Valid,Non-standard,2
40795740,LP14635-4,Glucose,LOINC Component,LOINC,Valid,Non-standard,2
4079466,183205001,Atheromatous degeneration,Morph Abnormality,SNOMED,Valid,Standard,2
40792617,LP18147-6,Propylene glycol,LOINC Component,LOINC,Valid,Non-standard,2
40792543,LP16821-8,Germanium,LOINC Component,LOINC,Valid,Non-standard,2
40792540,LP16800-2,Aluminum,LOINC Component,LOINC,Valid,Non-standard,2
40792502,LP16298-9,Triazolam,LOINC Component,LOINC,Valid,Non-standard,2
40792486,LP16128-8,ePHEDrine,LOINC Component,LOINC,Valid,Non-standard,2
40792479,LP16068-6,chlordiazePOXIDE,LOINC Component,LOINC,Valid,Non-standard,2
40792404,LP14994-5,fluvoxaMINE,LOINC Component,LOINC,Valid,Non-standard,2
40792403,LP14988-7,Demeclocycline,LOINC Component,LOINC,Valid,Non-standard,2
40791412,LP65754-1,Palladium,LOINC Component,LOINC,Valid,Non-standard,2
40789241,LP16118-9,Disopyramide,LOINC Component,LOINC,Valid,Non-standard,2
40789175,LP15046-3,Butalbital,LOINC Component,LOINC,Valid,Non-standard,2
40785940,LP16250-0,Phentermine,LOINC Component,LOINC,Valid,Non-standard,2
40785928,LP16152-8,fluPHENAZine,LOINC Component,LOINC,Valid,Non-standard,2
40785920,LP16078-5,Cimetidine,LOINC Component,LOINC,Valid,Non-standard,2
40785835,LP15015-8,Methadone,LOINC Component,LOINC,Valid,Non-standard,2
40785833,LP14995-2,Itraconazole,LOINC Component,LOINC,Valid,Non-standard,2
4078537,19071004,Epithelioid leiomyoma,Morph Abnormality,SNOMED,Valid,Standard,2
40782732,LP17673-2,Yogurt,LOINC Component,LOINC,Valid,Non-standard,2
40782692,LP16814-3,Copper,LOINC Component,LOINC,Valid,Non-standard,2
40782642,LP16156-9,Norfloxacin,LOINC Component,LOINC,Valid,Non-standard,2
40782631,LP16103-1,Desipramine,LOINC Component,LOINC,Valid,Non-standard,2
40782564,LP15130-5,Cayenne,LOINC Component,LOINC,Valid,Non-standard,2
40782541,LP14746-9,Fructose,LOINC Component,LOINC,Valid,Non-standard,2
40779514,LP28525-1,Naloxone,LOINC Component,LOINC,Valid,Non-standard,2
40779441,LP18932-1,Cyproheptadine,LOINC Component,LOINC,Valid,Non-standard,2
40779358,LP17033-9,Nutmeg,LOINC Component,LOINC,Valid,Non-standard,2
40779340,LP16820-0,Gallium,LOINC Component,LOINC,Valid,Non-standard,2
40779282,LP16166-8,Imipramine,LOINC Component,LOINC,Valid,Non-standard,2
40779243,LP15788-0,Phenol,LOINC Component,LOINC,Valid,Non-standard,2
40779230,LP15603-1,sulfiSOXAZOLE,LOINC Component,LOINC,Valid,Non-standard,2
40779182,LP15005-9,Amikacin,LOINC Component,LOINC,Valid,Non-standard,2
4077695,246226007,Integrity of skin,Attribute,SNOMED,Valid,Non-standard,2
40776098,LP18583-2,methIMAzole,LOINC Component,LOINC,Valid,Non-standard,2
40776073,LP18091-6,Griseofulvin,LOINC Component,LOINC,Valid,Non-standard,2
40776029,LP17070-1,Silk,LOINC Component,LOINC,Valid,Non-standard,2
40776010,LP16839-0,Titanium,LOINC Component,LOINC,Valid,Non-standard,2
40775972,LP16334-2,Penicillin G procaine,LOINC Component,LOINC,Valid,Non-standard,2
40775956,LP16256-7,Piperacillin,LOINC Component,LOINC,Valid,Non-standard,2
40775952,LP16239-3,Pentazocine,LOINC Component,LOINC,Valid,Non-standard,2
40775934,LP16079-3,CISplatin,LOINC Component,LOINC,Valid,Non-standard,2
4077588,18799007,Invasive hydatidiform mole,Morph Abnormality,SNOMED,Valid,Standard,2
40772593,LP15568-6,Ferritin,LOINC Component,LOINC,Valid,Non-standard,2
40772578,LP15389-7,Angiotensin II,LOINC Component,LOINC,Valid,Non-standard,2
4075751,17941002,Arteriolosclerosis,Morph Abnormality,SNOMED,Valid,Standard,2
40757139,4340F,Counseling for women of childbearing potential with epilepsy (EPI),CPT4,CPT4,Valid,Non-standard,2
4073366,242816007,Exposure of patient to medical therapeutic radiation,Event,SNOMED,Valid,Standard,2
4073223,242703003,Accidentally hit by or against moving object,Event,SNOMED,Valid,Standard,2
4073200,242615008,Bite of horse,Event,SNOMED,Valid,Standard,2
4073077,242547007,Exposure to welding arc,Event,SNOMED,Valid,Standard,2
40664836,G8718,Total kt/v greater than or equal to 1.7 per week (total clearance of urea [kt] / volume [v]) (Deprecated),HCPCS,HCPCS,Valid,Standard,2
40664668,G8717,"Spkt/v less than 1.2 (single-pool clearance of urea [kt] / volume [v]), reason not given (Deprecated)",HCPCS,HCPCS,Valid,Standard,2
40664458,G8663,Residual score for the shoulder impairment successfully calculated and the score was equal to zero (0) or greater than zero (> 0),HCPCS,HCPCS,Valid,Standard,2
40660060,G8558,"Not referred to a physician (preferably a physician with training in disorders of the ear) for an otologic evaluation, reason not given (Deprecated)",HCPCS,HCPCS,Valid,Standard,2
4065607,215509002,Crushed between ships in collision,Event,SNOMED,Valid,Standard,2
4063404,215601006,Submersion or drowning due to being thrown overboard,Event,SNOMED,Valid,Standard,2
4063281,215540009,Hit by falling object due to accident to watercraft,Event,SNOMED,Valid,Standard,2
4062888,215125004,Pedal cycle in collision with another pedal cycle,Event,SNOMED,Valid,Standard,2
4060943,19810007,Hang gliding,Qualifier Value,SNOMED,Valid,Standard,2
4058153,160675002,Low residue diet,Clinical Finding,SNOMED,Valid,Standard,2
4056967,182888003,Medication requested,Context-dependent,SNOMED,Valid,Standard,2
4055262,243142003,Dual pressure spontaneous ventilation support,Procedure,SNOMED,Valid,Standard,2
4054229,242613001,Bite of farm animal,Event,SNOMED,Valid,Standard,2
4053394,160430005,Mother deceased,Context-dependent,SNOMED,Valid,Standard,2
4053032,2348006,Adenomatoid tumor,Morph Abnormality,SNOMED,Valid,Standard,2
4052626,160934006,Financial circumstances change,Clinical Finding,SNOMED,Valid,Standard,2
4052298,12503006,Aluminum,Substance,SNOMED,Valid,Non-standard,2
4052146,12478003,"Squamous cell carcinoma, microinvasive",Morph Abnormality,SNOMED,Valid,Standard,2
4051991,125319009,Surgical fistula,Morph Abnormality,SNOMED,Valid,Standard,2
4051445,20955008,"Insulinoma, malignant",Morph Abnormality,SNOMED,Valid,Standard,2
4051249,160402005,FH: Diabetes in pregnancy,Context-dependent,SNOMED,Valid,Standard,2
4051106,160274005,No family history of diabetes mellitus,Context-dependent,SNOMED,Valid,Standard,2
4051104,160266009,No family history of,Context-dependent,SNOMED,Valid,Standard,2
4051100,160250007,No family history of malignancy,Context-dependent,SNOMED,Valid,Standard,2
4050942,160462008,FH: Maternal grandmother,Context-dependent,SNOMED,Valid,Standard,2
4049048,20667008,Myosarcoma,Morph Abnormality,SNOMED,Valid,Standard,2
40485511,444246003,Falls risk assessment score for the elderly,Observable Entity,SNOMED,Valid,Non-standard,2
40483079,442322007,Alexia and agraphia present,Context-dependent,SNOMED,Valid,Standard,2
40482830,443720007,Family history of systemic sclerosis,Context-dependent,SNOMED,Valid,Standard,2
40479787,444487004,Exposure to anogenital Herpes simplex virus,Event,SNOMED,Valid,Standard,2
40479396,444418002,Exposure to Chlamydia trachomatis,Event,SNOMED,Valid,Standard,2
4047847,135898001,Salter-Harris type III,Morph Abnormality,SNOMED,Valid,Standard,2
4044550,129419002,Dilation - action,Qualifier Value,SNOMED,Valid,Standard,2
4044378,129236007,Open approach,Qualifier Value,SNOMED,Valid,Standard,2
4043843,129317004,Debridement - action,Qualifier Value,SNOMED,Valid,Standard,2
4043107,16740003,Anasarca,Morph Abnormality,SNOMED,Valid,Standard,2
4041079,118508005,Structure of ileal conduit,Morph Abnormality,SNOMED,Valid,Standard,2
4038238,162573006,Suspected lung cancer,Context-dependent,SNOMED,Valid,Standard,2
4038196,229072005,Aerobic exercises,Procedure,SNOMED,Valid,Standard,2
4035650,15373003,Creatinine,Substance,SNOMED,Valid,Non-standard,2
4034697,15052009,Diphenoxylate,Substance,SNOMED,Valid,Non-standard,2
4034635,113669008,Burkholderia cepacia,Organism,SNOMED,Valid,Standard,2
4029673,128857001,Sertoli cell tumor,Morph Abnormality,SNOMED,Valid,Non-standard,2
4028983,1368003,Iodine-131,Substance,SNOMED,Valid,Non-standard,4
4028877,128623006,Myelodysplastic neoplasm,Morph Abnormality,SNOMED,Valid,Standard,2
4028786,237363008,Intrauterine death of one twin,Event,SNOMED,Valid,Standard,2
4028557,128726006,"Endometrial stromal sarcoma, low grade",Morph Abnormality,SNOMED,Valid,Standard,2
40282772,11953005,Renal function,Observable Entity,SNOMED,Valid,Standard,2
4028206,13331008,Atrophy,Morph Abnormality,SNOMED,Valid,Standard,2
4027997,227549007,Mayonnaise,Substance,SNOMED,Valid,Standard,6
4027958,227411006,Sage,Substance,SNOMED,Valid,Standard,4
4026995,226041007,Mint,Substance,SNOMED,Valid,Standard,2
4026735,226863004,Yogurt,Substance,SNOMED,Valid,Standard,4
4026198,227408005,Paprika,Substance,SNOMED,Valid,Standard,4
4025400,227350006,Lentils,Substance,SNOMED,Valid,Standard,4
4024511,116566001,Steroid,Substance,SNOMED,Valid,Non-standard,2
4023788,19365003,Acute empyema,Morph Abnormality,SNOMED,Valid,Standard,2
4022670,105568001,In prison,Clinical Finding,SNOMED,Valid,Standard,2
40217366,L9999,"Sales tax, orthotic/prosthetic/other (Deprecated)",HCPCS,HCPCS,Valid,Standard,2
4020626,116613007,Phenol,Substance,SNOMED,Valid,Non-standard,2
4020622,1166006,Titanium,Substance,SNOMED,Valid,Non-standard,2
4016906,170769004,Diabetic - cooperative patient,Clinical Finding,SNOMED,Valid,Standard,2
4016540,210038008,Focal brain injury,Disorder,SNOMED,Valid,Standard,2
4016354,170475009,Exposure to Bacillus anthracis,Event,SNOMED,Valid,Standard,2
4011464,103361006,Unsteady,Qualifier Value,SNOMED,Valid,Standard,2
4009864,102444002,Exposure to toxic dust,Event,SNOMED,Valid,Standard,2
4007471,11108009,Dehiscence,Morph Abnormality,SNOMED,Valid,Standard,2
4007457,111016001,Burn scar,Morph Abnormality,SNOMED,Valid,Standard,2
4005803,110405005,Trephine hole,Morph Abnormality,SNOMED,Valid,Standard,2
3968605,LP435977-6,Glucose,LOINC Component,LOINC,Valid,Non-standard,2
37397624,718311001,Suspected erythema migrans,Context-dependent,SNOMED,Valid,Standard,2
37312219,789540001,Immunization overdue,Clinical Finding,SNOMED,Valid,Standard,2
37311777,818947007,Acinar cell tumor of uncertain behavior,Morph Abnormality,SNOMED,Valid,Standard,2
37208142,461001000124107,Suicide attempt by heroin overdose,Event,SNOMED,Valid,Standard,2
37118774,734154002,"Administration of human papilloma virus type 6, 11, 16, and 18 vaccine done",Context-dependent,SNOMED,Valid,Non-standard,2
37117109,2301000119106,Family history of malignant neoplasm of ovary in first degree relative,Context-dependent,SNOMED,Valid,Standard,2
37117097,126421000119107,Suspected carrier of methicillin resistant staphylococcus aureus,Context-dependent,SNOMED,Valid,Standard,2
37116871,733891001,Gemistocytic astrocytoma isocitrate dehydrogenase mutation,Morph Abnormality,SNOMED,Valid,Standard,2
37116358,733035008,Previously initiated dental therapy not completed,Context-dependent,SNOMED,Valid,Standard,2
37109474,64971000119106,Family history of Von Hippel-Lindau syndrome,Context-dependent,SNOMED,Valid,Standard,2
37109256,286941000119101,Viral hepatitis A and B vaccination given,Context-dependent,SNOMED,Valid,Non-standard,2
37109057,16300531000119107,Human papillomavirus type 9 vaccination given,Context-dependent,SNOMED,Valid,Non-standard,2
37108892,15651391000119108,Neonatal vitamin K administration declined by caregiver,Context-dependent,SNOMED,Valid,Standard,2
37108867,15625371000119108,Long-term current use of ustekinumab,Context-dependent,SNOMED,Valid,Standard,2
37108723,11762561000119103,Assisted living facility patient,Clinical Finding,SNOMED,Valid,Standard,2
37077195,LP18090-8,Diphenoxylate,LOINC Component,LOINC,Valid,Non-standard,2
37072824,LP343335-8,Eslicarbazepine,LOINC Component,LOINC,Valid,Non-standard,2
37071652,LP32686-5,Prilocaine,LOINC Component,LOINC,Valid,Non-standard,2
37068696,LP16845-7,Calcium carbonate,LOINC Component,LOINC,Valid,Non-standard,2
37062247,LP250855-6,Golimumab,LOINC Component,LOINC,Valid,Non-standard,2
37050888,LP62479-8,Lavender (Lavandula angustifolia),LOINC Component,LOINC,Valid,Non-standard,2
37045703,LP18907-3,Bethanechol,LOINC Component,LOINC,Valid,Non-standard,2
37042413,LP18382-9,DOXOrubicin,LOINC Component,LOINC,Valid,Non-standard,2
37040704,LP16997-6,Hornet venom,LOINC Component,LOINC,Valid,Non-standard,2
37039334,LP16325-0,Insulin regular,LOINC Component,LOINC,Valid,Non-standard,2
37037644,LP18552-7,Diflunisal,LOINC Component,LOINC,Valid,Non-standard,2
37034772,LP220476-8,Cetuximab,LOINC Component,LOINC,Valid,Non-standard,2
37017433,713707006,Allergy to abacavir,Clinical Finding,SNOMED,Valid,Non-standard,2
37017222,713458007,Lack of access to transportation,Clinical Finding,SNOMED,Valid,Standard,2
37016389,39361000119108,Meningococcus vaccination given,Context-dependent,SNOMED,Valid,Non-standard,2
36717288,16216861000119107,Dupuytren's contracture,Morph Abnormality,SNOMED,Valid,Non-standard,2
36717233,722814009,Orthotic device in situ,Clinical Finding,SNOMED,Valid,Non-standard,2
36716272,722227004,Wife deceased,Context-dependent,SNOMED,Valid,Standard,2
36713093,31011000119107,Prostate cancer screening declined,Context-dependent,SNOMED,Valid,Standard,2
36712886,143021000119109,Do not resuscitate status with supporting documentation,Clinical Finding,SNOMED,Valid,Standard,2
36712688,106701000119103,Long-term current use of leflunomide,Context-dependent,SNOMED,Valid,Standard,2
36675608,772021008,Allergy to nebivolol,Clinical Finding,SNOMED,Valid,Non-standard,2
3667048,870608005,Allergy to thimerosal,Clinical Finding,SNOMED,Valid,Non-standard,2
3667018,830171008,Allergy to meclizine,Clinical Finding,SNOMED,Valid,Non-standard,2
3661709,870413003,Adverse reaction to vitamin K and/or vitamin K derivative,Disorder,SNOMED,Valid,Standard,2
36034146,LP420302-4,Daratumumab,LOINC Component,LOINC,Valid,Non-standard,2
35817877,4-1140910402,diacetylmorphine,Value,UK Biobank,Valid,Non-standard,2
35627044,e263acef-5101-4624-b159-b7bed97babf1,"Retired SNOMED UK Drug extension concept, do not use, use concept indicated by the CONCEPT_RELATIONSHIP table, if any",Qualifier Value,SNOMED,Valid,Non-standard,2
35627040,88efbb40-5c35-4044-9703-b2f904d52973,"Retired SNOMED UK Drug extension concept, do not use, use concept indicated by the CONCEPT_RELATIONSHIP table, if any",Qualifier Value,SNOMED,Valid,Non-standard,2
35627026,f68a70d7-26bc-42c8-a44a-ae506e1a2fa5,"Retired SNOMED UK Drug extension concept, do not use, use concept indicated by the CONCEPT_RELATIONSHIP table, if any",Qualifier Value,SNOMED,Valid,Non-standard,2
35624635,767479006,Allergy to pyridoxine,Clinical Finding,SNOMED,Valid,Non-standard,2
35622332,763753002,Incomplete right cleft lip,Disorder,SNOMED,Valid,Standard,2
35621783,763035003,Ferric citrate,Substance,SNOMED,Valid,Non-standard,2
35612440,0c0cd0e4-970b-4a98-9948-b36017785276,"Retired SNOMED UK Drug extension concept, do not use, use concept indicated by the CONCEPT_RELATIONSHIP table, if any",Qualifier Value,SNOMED,Valid,Non-standard,2
35608145,767203005,Allergy to cromolyn,Clinical Finding,SNOMED,Valid,Non-standard,2
35607974,764092008,Left cleft lip,Disorder,SNOMED,Valid,Standard,2
3519029,372507007,Guanfacine,Substance,Nebraska Lexicon,Valid,Non-standard,2
3518895,426276000,Paliperidone,Substance,Nebraska Lexicon,Valid,Non-standard,2
3518866,419129004,Clobetasol,Substance,Nebraska Lexicon,Valid,Non-standard,2
3518865,426956003,Esomeprazole sodium,Substance,Nebraska Lexicon,Valid,Non-standard,2
3518751,387253001,Salicylic acid,Substance,Nebraska Lexicon,Valid,Non-standard,2
3518705,372836004,Piperacillin,Substance,Nebraska Lexicon,Valid,Non-standard,2
3518646,396017000,Dexamethasone sodium phosphate,Substance,Nebraska Lexicon,Valid,Non-standard,2
3518590,72808007,Trolamine salicylate,Substance,Nebraska Lexicon,Valid,Non-standard,2
3518570,425508009,Sitagliptin phosphate,Substance,Nebraska Lexicon,Valid,Non-standard,2
3518555,80959009,Methylprednisolone acetate,Substance,Nebraska Lexicon,Valid,Non-standard,2
3415394,15052009,Diphenoxylate,Substance,Nebraska Lexicon,Valid,Non-standard,2
3386549,1166006,Titanium,Substance,Nebraska Lexicon,Valid,Non-standard,2
3376022,387307005,Calcium carbonate,Substance,Nebraska Lexicon,Valid,Non-standard,2
3365938,412113006,Cayenne,Substance,Nebraska Lexicon,Valid,Non-standard,2
3362815,48714008,Palladium,Substance,Nebraska Lexicon,Valid,Non-standard,2
3355953,395952003,Zinc acetate,Substance,Nebraska Lexicon,Valid,Non-standard,2
3335868,700441006,Saccharomyces boulardii,Substance,Nebraska Lexicon,Valid,Non-standard,2
3327211,8204009,Polyester,Substance,Nebraska Lexicon,Valid,Non-standard,2
3326770,372683000,Cyproheptadine,Substance,Nebraska Lexicon,Valid,Non-standard,2
3323393,387350000,Benzoic acid,Substance,Nebraska Lexicon,Valid,Non-standard,2
3297785,763035003,Ferric citrate,Substance,Nebraska Lexicon,Valid,Non-standard,2
3289224,387390002,Sodium chloride,Substance,Nebraska Lexicon,Valid,Non-standard,2
3275318,421889003,Levocetirizine,Substance,Nebraska Lexicon,Valid,Non-standard,2
3253797,412135003,Icodextrin,Substance,Nebraska Lexicon,Valid,Non-standard,2
3235161,391737006,Almond oil,Substance,Nebraska Lexicon,Valid,Non-standard,2
3232995,386964000,Repaglinide,Substance,Nebraska Lexicon,Valid,Non-standard,2
3220934,702837008,Vilazodone,Substance,Nebraska Lexicon,Valid,Non-standard,2
3220269,720489009,Lifitegrast,Substance,Nebraska Lexicon,Valid,Non-standard,2
3181841,79061004,Germanium,Substance,Nebraska Lexicon,Valid,Non-standard,2
3180473,62543003,Gallium,Substance,Nebraska Lexicon,Valid,Non-standard,2
2617814,G8410,Footwear evaluation performed and documented,HCPCS,HCPCS,Valid,Standard,2
2617671,G8263,Patient not documented to have been assessed for presence or absence of urinary incontinence (Deprecated),HCPCS,HCPCS,Valid,Standard,2
2514492,99350,"Home or residence visit for the evaluation and management of an established patient, which requires a medically appropriate history and/or examination and high level of medical decision making. When using total time on the date of the encounter fo...",CPT4,CPT4,Valid,Standard,2
2514490,99348,"Home or residence visit for the evaluation and management of an established patient, which requires a medically appropriate history and/or examination and low level of medical decision making. When using total time on the date of the encounter for...",CPT4,CPT4,Valid,Standard,2
2414349,99050,"Services provided in the office at times other than regularly scheduled office hours, or days when the office is normally closed (eg, holidays, Saturday or Sunday), in addition to basic service",CPT4,CPT4,Valid,Standard,2
2213591,90964,"End-stage renal disease (ESRD) related services for home dialysis per full month, for patients 2-11 years of age to include monitoring for the adequacy of nutrition, assessment of growth and development, and counseling of parents",CPT4,CPT4,Valid,Standard,2
2108588,4077F,Documentation that tissue plasminogen activator (t-PA) administration was considered (STR),CPT4,CPT4,Valid,Standard,2
2108578,4066F,Electroconvulsive therapy (ECT) provided (MDD),CPT4,CPT4,Valid,Non-standard,2
2106967,3315F,Estrogen receptor (ER) or progesterone receptor (PR) positive breast cancer (ONC),CPT4,CPT4,Valid,Standard,2
2106386,3120F,12-Lead ECG Performed (EM),CPT4,CPT4,Valid,Non-standard,2
2106305,3089F,"Major depressive disorder, moderate (MDD)",CPT4,CPT4,Valid,Non-standard,2
19474919,D010936,Plant Extracts,Main Heading,MeSH,Valid,Non-standard,2
19474441,D004071,Digitalis Glycosides,Main Heading,MeSH,Valid,Non-standard,2
19401193,D052999,Quinazolinones,Main Heading,MeSH,Valid,Non-standard,2
1762390,LP432409-3,Guanfacine,LOINC Component,LOINC,Valid,Non-standard,2
1620223,LP422026-7,Flaxseed,LOINC Component,LOINC,Valid,Non-standard,2
1619867,LP426478-6,Asenapine,LOINC Component,LOINC,Valid,Non-standard,2
1619112,LP428073-3,Sorbic acid,LOINC Component,LOINC,Valid,Non-standard,2
135923,87979003,Cleft palate,Disorder,SNOMED,Valid,Standard,2
1176894,LP183524-0,Vilazodone,LOINC Component,LOINC,Valid,Non-standard,2
1176778,LP268226-0,Vortioxetine,LOINC Component,LOINC,Valid,Non-standard,2
1176749,LP33359-8,Gemifloxacin,LOINC Component,LOINC,Valid,Non-standard,2
1176705,LP172575-5,rifAXIMin,LOINC Component,LOINC,Valid,Non-standard,2
1017116,LP262672-1,Sulfone,LOINC Component,LOINC,Valid,Non-standard,2
8715,32485007,Hospital admission,Procedure,SNOMED,Valid,Standard,1
765613,435531000124103,Additional medication required for synergistic effect,Clinical Finding,SNOMED,Valid,Standard,1
765612,435491000124103,Toxic adverse drug interaction with drug,Disorder,SNOMED,Valid,Standard,1
765348,133281000119101,Exposure to hazardous metal,Event,SNOMED,Valid,Standard,1
764948,8980001000004109,Family history of malignant neoplasm of oral cavity,Context-dependent,SNOMED,Valid,Standard,1
764841,6830001000004103,Family history of congenital stenosis of aorta,Context-dependent,SNOMED,Valid,Standard,1
764822,6780001000004107,Family history of gastroschisis,Context-dependent,SNOMED,Valid,Standard,1
764777,6101000124107,Medication therapy management recommendation declined by patient,Context-dependent,SNOMED,Valid,Standard,1
764692,5381000175106,Difficulty obtaining refills,Clinical Finding,SNOMED,Valid,Standard,1
764561,456631000124108,Family history of infertility,Context-dependent,SNOMED,Valid,Standard,1
764424,454741000124103,Exposure to Toxoplasma,Event,SNOMED,Valid,Standard,1
764381,454241000124106,Immunization series complete,Clinical Finding,SNOMED,Valid,Standard,1
764377,454191000124106,Medication non-adherence due to hearing impairment,Clinical Finding,SNOMED,Valid,Standard,1
764309,453331000124107,Discontinued medication without order,Clinical Finding,SNOMED,Valid,Standard,1
764145,451311000124100,Needs moderate assistance,Clinical Finding,SNOMED,Valid,Standard,1
764130,451111000124103,Adverse reaction to component of vaccine product containing only Neisseria meningitidis conjugated antigen,Disorder,SNOMED,Valid,Standard,1
764015,449671000124104,Long-term current use of antithrombotic,Context-dependent,SNOMED,Valid,Standard,1
763711,445071000124105,Receives no social support,Clinical Finding,SNOMED,Valid,Standard,1
763688,444801000124105,Family history of osteoporotic fracture in parent,Context-dependent,SNOMED,Valid,Standard,1
763658,444471000124101,Erythritol,Substance,SNOMED,Valid,Non-standard,1
763447,440921000124100,Excessive sodium intake,Clinical Finding,SNOMED,Valid,Standard,1
762985,434621000124103,Antibiotic given for suspected neonatal sepsis,Context-dependent,SNOMED,Valid,Non-standard,1
762944,434051000124100,Arteriovenous fistula removed,Context-dependent,SNOMED,Valid,Non-standard,1
762857,432901000124105,Medication changed to therapeutic equivalent,Context-dependent,SNOMED,Valid,Standard,1
762845,432721000124102,Maternal varicella infection,Context-dependent,SNOMED,Valid,Standard,1
762742,431281000124103,Pain management education for family,Context-dependent,SNOMED,Valid,Standard,1
762592,429341000124104,Suspected fracture of bone,Context-dependent,SNOMED,Valid,Standard,1
762433,3640001000004101,Family history of pheochromocytoma,Context-dependent,SNOMED,Valid,Standard,1
762362,3340001000004108,Family history of antiphospholipid syndrome,Context-dependent,SNOMED,Valid,Standard,1
762163,29810001000004100,"Family history of 5,10 methylenetetrahydrofolate reductase deficiency",Context-dependent,SNOMED,Valid,Standard,1
762041,286241000119106,Bare metal stent in posterior descending branch of right coronary artery,Clinical Finding,SNOMED,Valid,Non-standard,1
761034,136301000119108,Exposure to aromatic benzene,Event,SNOMED,Valid,Standard,1
606879,1148758003,Congenital microcephaly,Disorder,SNOMED,Valid,Standard,1
604221,1156265005,SARS-CoV-2 vaccine contraindicated,Context-dependent,SNOMED,Valid,Standard,1
604190,926307003,Spinal cord neurostimulator device in situ,Clinical Finding,SNOMED,Valid,Non-standard,1
603099,1156256003,Adverse reaction to COVID-19 vaccine,Disorder,SNOMED,Valid,Standard,1
602237,1365331000000104,Allergy to evolocumab,Clinical Finding,SNOMED,Valid,Non-standard,1
46274077,108891000119103,Family history of antithrombin III deficiency,Context-dependent,SNOMED,Valid,Standard,1
46273934,711107008,Injury care,Procedure,SNOMED,Valid,Standard,1
46272024,710318008,Lactobacillus,Substance,SNOMED,Valid,Standard,2
46272004,710297000,Failed laparoscopic cholecystectomy,Context-dependent,SNOMED,Valid,Standard,1
46270576,64161000119102,Family history of phenylketonuria,Context-dependent,SNOMED,Valid,Standard,1
46270574,64111000119100,Family history of combined hyperlipidemia,Context-dependent,SNOMED,Valid,Standard,1
46270568,63901000119104,Family history of Tay-Sachs disease,Context-dependent,SNOMED,Valid,Standard,1
46257689,3775F,Adenoma(s) or other neoplasm detected during screening colonoscopy (SCADR),CPT4,CPT4,Valid,Standard,1
46255989,D011819,Rabies Vaccines,Main Heading,MeSH,Valid,Non-standard,1
46255982,D008596,Menotropins,Main Heading,MeSH,Valid,Non-standard,1
45957602,ee618f72-e5f2-4982-affa-01558a0406a8,"Retired SNOMED UK Drug extension concept, do not use, use concept indicated by the CONCEPT_RELATIONSHIP table, if any",Substance,SNOMED,Valid,Non-standard,1
45957422,feabfa51-c779-488a-8bce-a501b274b5fa,"Retired SNOMED UK Drug extension concept, do not use, use concept indicated by the CONCEPT_RELATIONSHIP table, if any",Substance,SNOMED,Valid,Non-standard,1
45956973,43c4deb9-4c0d-4297-ab17-1fc814e52247,"Retired SNOMED UK Drug extension concept, do not use, use concept indicated by the CONCEPT_RELATIONSHIP table, if any",Substance,SNOMED,Valid,Non-standard,1
45956950,7578b706-2e0d-4285-ace8-8dd2b22686e9,"Retired SNOMED UK Drug extension concept, do not use, use concept indicated by the CONCEPT_RELATIONSHIP table, if any",Substance,SNOMED,Valid,Non-standard,1
45919694,83904,SILICON,Misc,CIEL,Valid,Non-standard,1
45919687,83614,SACCHAROMYCES CEREVISIAE,Misc,CIEL,Valid,Non-standard,1
45771420,704308002,Difficulty managing peritoneal dialysis,Clinical Finding,SNOMED,Valid,Standard,1
45771193,92411000119104,Surveillance of depot contraception done,Context-dependent,SNOMED,Valid,Non-standard,1
45770889,150861000119103,Insertion of subcutaneous contraceptive done,Context-dependent,SNOMED,Valid,Non-standard,1
45769852,74601000119101,Routine gynecologic examination done,Context-dependent,SNOMED,Valid,Non-standard,1
45769241,707847004,Imbalance of nutrient intake,Clinical Finding,SNOMED,Valid,Standard,1
45768782,707289003,No abnormality detected by assessment of physical health,Context-dependent,SNOMED,Valid,Standard,1
45768440,706871001,Poor response to enteral nutrition,Context-dependent,SNOMED,Valid,Standard,1
45767659,705132005,Admitted to substance misuse detoxification center,Context-dependent,SNOMED,Valid,Non-standard,1
45767589,705045007,Difficulty participating in care planning,Clinical Finding,SNOMED,Valid,Standard,1
45767588,705044006,Caregiver difficulty performing caretaking,Clinical Finding,SNOMED,Valid,Standard,1
45766994,704275001,Consent declined for examination of genitourinary system,Clinical Finding,SNOMED,Valid,Standard,1
45766743,703972004,Insulin dose changed,Context-dependent,SNOMED,Valid,Standard,1
45765604,702579009,Suspected victim of sexual abuse,Context-dependent,SNOMED,Valid,Standard,1
45763713,700193001,Family history of squamous cell carcinoma of skin,Context-dependent,SNOMED,Valid,Standard,1
45757205,1082641000119102,Allergy to existing dental restorative material,Clinical Finding,SNOMED,Valid,Non-standard,1
45757178,10761551000119100,Supervision of high risk pregnancy with history of previous molar pregnancy done,Context-dependent,SNOMED,Valid,Non-standard,1
44816457,9004F,Aortic aneurysm 6.0 cm or greater maximum diameter on centerline formatted CT or minor diameter on axial formatted CT (NMA-No Measure Associated),CPT4,CPT4,Valid,Standard,1
44787724,LP94829-6,Atovaquone,LOINC Component,LOINC,Valid,Non-standard,1
44787472,LP15767-4,Oxytocin,LOINC Component,LOINC,Valid,Non-standard,1
44787259,LP171617-6,Levalbuterol,LOINC Component,LOINC,Valid,Non-standard,1
44787238,LP171383-5,Acarbose,LOINC Component,LOINC,Valid,Non-standard,1
44787237,LP171382-7,Abciximab,LOINC Component,LOINC,Valid,Non-standard,1
44787148,LP35852-0,Tazobactam,LOINC Component,LOINC,Valid,Non-standard,1
44787138,LP33297-0,Atomoxetine,LOINC Component,LOINC,Valid,Non-standard,1
44784336,698471002,Patient advised about weight management,Context-dependent,SNOMED,Valid,Non-standard,1
44783088,699134002,Caregiver annual health check,Context-dependent,SNOMED,Valid,Standard,1
44783084,699128009,Blood transfusion declined,Context-dependent,SNOMED,Valid,Standard,1
443950,32175001,Suffocation by plastic bag,Event,SNOMED,Valid,Standard,1
443819,214641007,Accident off public road involving motor-driven snow vehicle,Event,SNOMED,Valid,Standard,1
443598,433960002,Abuse by sibling,Event,SNOMED,Valid,Standard,1
443320,214357002,"Motor vehicle traffic accident due to motor vehicle going out of control due to blowout, without collision on the highway, driver of motor vehicle injured",Event,SNOMED,Valid,Standard,1
443164,215873006,Accident to powered aircraft at takeoff or landing,Event,SNOMED,Valid,Standard,1
442453,214175007,"Motor vehicle traffic accident involving collision between motor vehicle and pedal cycle, motor cyclist injured",Event,SNOMED,Valid,Standard,1
442452,214172005,"Motor vehicle traffic accident involving collision between motor vehicle and pedal cycle, driver of motor vehicle injured",Event,SNOMED,Valid,Standard,1
442376,215135005,"Pedal cycle accident involving collision between pedal cycle and non-motor road vehicle, pedal cyclist injured",Event,SNOMED,Valid,Standard,1
442338,44174001,Fetal death from asphyxia AND/OR anoxia before onset of labor,Event,SNOMED,Valid,Standard,1
442202,215191004,"Animal-drawn vehicle accident involving breakage of any part of vehicle, pedestrian injured",Event,SNOMED,Valid,Standard,1
441364,80113008,Complication of the puerperium,Disorder,SNOMED,Valid,Standard,1
441199,293117006,Adverse reaction to poliomyelitis vaccine,Disorder,SNOMED,Valid,Standard,1
440309,219085007,Adverse reaction to diphtheria vaccine,Disorder,SNOMED,Valid,Standard,1
440308,56962005,Fall on snow,Event,SNOMED,Valid,Standard,1
440280,218225007,Prolonged stay in weightless environment,Event,SNOMED,Valid,Standard,1
439619,216981001,Mechanical failure of instrument or apparatus during endoscopic examination,Event,SNOMED,Valid,Standard,1
439618,217006001,Wrong fluid infused,Event,SNOMED,Valid,Standard,1
439617,218608004,Adverse reaction to pyrazole derivative,Disorder,SNOMED,Valid,Standard,1
439470,217815007,Accidental mechanical suffocation in bed or cradle,Event,SNOMED,Valid,Standard,1
439456,217992008,Accident caused by power transmission machinery,Event,SNOMED,Valid,Standard,1
439448,219197006,Assault by drowning,Event,SNOMED,Valid,Standard,1
438926,293122006,Adverse reaction to typhoid vaccine,Disorder,SNOMED,Valid,Standard,1
438035,215686004,Machinery accident in water transport,Event,SNOMED,Valid,Standard,1
437468,217723003,Accident caused by storms and floods resulting from storms,Event,SNOMED,Valid,Standard,1
437198,217699002,Bite of nonvenomous snakes and lizards,Event,SNOMED,Valid,Non-standard,1
436891,218950001,Adverse reaction to digestant,Disorder,SNOMED,Valid,Standard,1
436884,293567009,Antivaricose agent adverse reaction,Disorder,SNOMED,Valid,Standard,1
436603,218641001,Adverse reaction to succinimide,Disorder,SNOMED,Valid,Standard,1
435988,127349007,"Motor vehicle accident, driver",Clinical Finding,SNOMED,Valid,Standard,1
43533280,G8951,"Pre-hypertensive or hypertensive blood pressure reading documented, indicated follow-up not documented, documentation the patient is not eligible (Deprecated)",HCPCS,HCPCS,Valid,Standard,1
43533217,G8990,"Other physical or occupational therapy primary functional limitation, current status, at therapy episode outset and at reporting intervals (Deprecated)",HCPCS,HCPCS,Valid,Standard,1
43533196,G8992,"Other physical or occupational therapy primary functional limitation, discharge status, at discharge from therapy or to end reporting (Deprecated)",HCPCS,HCPCS,Valid,Standard,1
43530882,609416008,Suspected fetal anencephaly,Context-dependent,SNOMED,Valid,Standard,1
4344630,240297000,Infant death,Event,SNOMED,Valid,Standard,1
434240,293120003,Adverse reaction to smallpox vaccine,Disorder,SNOMED,Valid,Standard,1
433927,216308003,Accident involving ice yacht,Event,SNOMED,Valid,Standard,1
4337954,87319000,Eschar,Morph Abnormality,SNOMED,Valid,Standard,1
4337839,87276001,Nutritional status,Observable Entity,SNOMED,Valid,Standard,1
433680,218208005,Overexposure to lasers,Event,SNOMED,Valid,Standard,1
4334630,430869004,Effusion,Substance,SNOMED,Valid,Standard,1
4332499,430187003,Suspected cervical spine instability,Context-dependent,SNOMED,Valid,Standard,1
4332047,22690006,Nerve conduction,Observable Entity,SNOMED,Valid,Standard,1
4331181,22640007,Pathologic fracture,Morph Abnormality,SNOMED,Valid,Standard,1
4331099,430088005,Family history of intestinal obstruction,Context-dependent,SNOMED,Valid,Standard,1
4330788,429686006,Assault by relative,Event,SNOMED,Valid,Standard,1
4329426,219088009,Adverse reaction to meningococcal vaccine,Disorder,SNOMED,Valid,Standard,1
4328208,75799006,Lysine,Substance,SNOMED,Valid,Non-standard,1
4326261,75121008,Satiety,Observable Entity,SNOMED,Valid,Standard,1
4325607,71666005,Osteoid osteoma,Morph Abnormality,SNOMED,Valid,Standard,1
4324955,71327005,Cavitated nodule,Morph Abnormality,SNOMED,Valid,Standard,1
4324634,428632005,Transportation request,Procedure,SNOMED,Valid,Standard,1
4324471,429976008,Family history of backache,Context-dependent,SNOMED,Valid,Standard,1
4324407,70971005,Endometrial stromal nodule,Morph Abnormality,SNOMED,Valid,Standard,1
4321725,9671003,Elastofibroma,Morph Abnormality,SNOMED,Valid,Standard,1
4320036,95900002,Drug action decreased,Clinical Finding,SNOMED,Valid,Standard,1
4319717,217959002,Accident caused by lift,Event,SNOMED,Valid,Standard,1
4318067,218498003,Adverse reaction to antihistamines,Disorder,SNOMED,Valid,Standard,1
4315099,216438005,"Place of occurrence of accident or poisoning, dock",Location,SNOMED,Valid,Non-standard,1
4314660,216960001,Failure in dose in shock therapy,Event,SNOMED,Valid,Standard,1
4314016,423986002,Does not follow recommended medication schedule,Clinical Finding,SNOMED,Valid,Standard,1
4313530,217985003,"Accidents caused by prime movers, except electrical motors",Event,SNOMED,Valid,Standard,1
4313406,217939001,Accident caused by harvester,Event,SNOMED,Valid,Standard,1
4312634,424299003,Technetium (99m-Tc) sestamibi,Substance,SNOMED,Valid,Non-standard,1
4311995,422952004,Cardiac telemetry,Procedure,SNOMED,Valid,Standard,1
4311456,424466003,Water supply insufficient,Clinical Finding,SNOMED,Valid,Standard,1
4311393,86233005,Sulfur dioxide,Substance,SNOMED,Valid,Non-standard,1
4311074,216410002,"Place of occurrence of accident or poisoning, public hall",Location,SNOMED,Valid,Non-standard,1
4310414,85243001,Minor laceration,Morph Abnormality,SNOMED,Valid,Standard,1
4310062,216408004,"Place of occurrence of accident or poisoning, opera house",Location,SNOMED,Valid,Non-standard,1
4308728,83821001,Cryptosporidium,Organism,SNOMED,Valid,Standard,1
4307821,83077003,Tall for age,Clinical Finding,SNOMED,Valid,Standard,1
4306874,387422001,Hydroquinone,Substance,SNOMED,Valid,Non-standard,1
4306818,422798006,Telemetry unit,Location,SNOMED,Valid,Non-standard,1
4306137,83036002,Lactate,Substance,SNOMED,Valid,Non-standard,1
4305695,418635006,Legal intervention,Event,SNOMED,Valid,Standard,1
4305449,133901003,Burn care,Procedure,SNOMED,Valid,Standard,1
4304330,103639009,"Atypical glandular cells of uncertain significance, probably benign",Morph Abnormality,SNOMED,Valid,Standard,1
4304166,387019008,Calcium acetate,Substance,SNOMED,Valid,Non-standard,1
4302552,386680008,Airplane accident,Event,SNOMED,Valid,Standard,1
4302376,386406005,Rectal prolapse care,Procedure,SNOMED,Valid,Standard,1
4302339,418815008,Allergy to red meat,Clinical Finding,SNOMED,Valid,Non-standard,1
4302228,418781000,Operations of war,Event,SNOMED,Valid,Standard,1
43021274,473070008,Family history of mitochondrial disease,Context-dependent,SNOMED,Valid,Standard,1
4301572,385940007,Skin breakdown control,Procedure,SNOMED,Valid,Standard,1
4301549,385857005,Ventilator care and adjustment,Procedure,SNOMED,Valid,Standard,1
4301500,78058005,Liver cell adenoma,Morph Abnormality,SNOMED,Valid,Standard,1
4301194,387337001,Magnesium hydroxide,Substance,SNOMED,Valid,Non-standard,2
4300822,385909000,Cataract care,Procedure,SNOMED,Valid,Standard,1
4300163,77381001,Burkitt lymphoma,Morph Abnormality,SNOMED,Valid,Standard,1
4300015,385171004,Vaginal suspension,Dose Form,SNOMED,Valid,Non-standard,1
4299788,77934006,Sulfurated lime solution,Substance,SNOMED,Valid,Non-standard,1
4299784,7791007,Soybean protein,Substance,SNOMED,Valid,Standard,1
4299116,77783001,Deposition of silver,Morph Abnormality,SNOMED,Valid,Standard,1
4298907,387147005,Ferrous gluconate,Substance,SNOMED,Valid,Non-standard,1
4298272,386333005,Infant care,Procedure,SNOMED,Valid,Standard,1
4296948,385951007,Incision care,Procedure,SNOMED,Valid,Standard,1
4296482,76713001,Protein diet,Clinical Finding,SNOMED,Valid,Standard,1
4296407,386440005,Skin surveillance,Procedure,SNOMED,Valid,Standard,1
4296392,386368005,Nausea care,Procedure,SNOMED,Valid,Standard,1
4295951,385722003,Coping support,Procedure,SNOMED,Valid,Standard,1
4295283,76594008,Dermatofibrosarcoma protuberans,Morph Abnormality,SNOMED,Valid,Standard,1
4295195,385928007,Care of pressure injury stage IV,Procedure,SNOMED,Valid,Standard,1
4294732,385114002,Prolonged-release transdermal patch,Dose Form,SNOMED,Valid,Non-standard,1
4294621,385100002,Gel,Dose Form,SNOMED,Valid,Non-standard,1
4294333,37748009,Bony sclerosis,Morph Abnormality,SNOMED,Valid,Standard,1
4291507,3763000,Expected bereavement,Clinical Finding,SNOMED,Valid,Standard,1
4289171,70055007,Unexpected sudden death of adult,Event,SNOMED,Valid,Standard,1
4289014,69840006,Normal breastfeeding,Clinical Finding,SNOMED,Valid,Standard,1
4288533,396189008,Agent Orange,Substance,SNOMED,Valid,Standard,1
4288222,397423009,Transjugular intrahepatic portosystemic shunt,Morph Abnormality,SNOMED,Valid,Standard,1
4287788,397790002,Spasticity,Qualifier Value,SNOMED,Valid,Standard,1
4287481,397380008,"Medulloblastoma, melanotic",Morph Abnormality,SNOMED,Valid,Standard,1
4287334,397082006,Salivary duct carcinoma,Morph Abnormality,SNOMED,Valid,Standard,1
42872914,450909005,Plasmablastic lymphoma,Morph Abnormality,SNOMED,Valid,Standard,1
42872485,450476008,Not for cardiopulmonary resuscitation,Clinical Finding,SNOMED,Valid,Standard,1
4284823,67246004,Carcinoembryonic antigen,Substance,SNOMED,Valid,Standard,1
4282778,66543000,Campylobacter jejuni,Organism,SNOMED,Valid,Standard,1
4282088,3692009,Sodium sulfite,Substance,SNOMED,Valid,Non-standard,1
4281696,66954000,Bone cyst,Morph Abnormality,SNOMED,Valid,Standard,1
4280494,65552001,Active ventilation,Observable Entity,SNOMED,Valid,Standard,1
4277909,65819004,Accidental death in home,Event,SNOMED,Valid,Standard,1
42742432,3725F,Screening for depression performed (DEM),CPT4,CPT4,Valid,Non-standard,1
42739580,51,Multiple Procedures,CPT4 Modifier,CPT4,Valid,Standard,1
42739579,50,Bilateral procedure,CPT4 Modifier,CPT4,Valid,Standard,1
4272001,63364005,Chronic myeloid leukemia,Morph Abnormality,SNOMED,Valid,Non-standard,1
42710013,449885000,Cerebral aneurysm clip in situ,Clinical Finding,SNOMED,Valid,Non-standard,1
42709969,449841002,Nasogastric tube patent,Clinical Finding,SNOMED,Valid,Standard,1
4270494,63004003,Phenylalanine,Substance,SNOMED,Valid,Non-standard,1
4269584,365578007,Finding relating to religious movement or belief,Clinical Finding,SNOMED,Valid,Standard,1
4266924,364826005,Finding related to ability to perform breastfeeding,Clinical Finding,SNOMED,Valid,Standard,1
4266488,399709001,"Meningioma, chordoid",Morph Abnormality,SNOMED,Valid,Standard,1
4265994,365031000,Finding related to ability to perform activities of everyday life,Clinical Finding,SNOMED,Valid,Standard,1
4264836,364624006,Pain / sensation observable,Observable Entity,SNOMED,Valid,Standard,1
4264812,364535009,Integrity of skin,Observable Entity,SNOMED,Valid,Standard,1
4264333,47351003,Infiltration,Morph Abnormality,SNOMED,Valid,Standard,1
4264185,47193005,Murder of stranger,Event,SNOMED,Valid,Standard,1
4263727,46160005,Motor vehicle,Physical Object,SNOMED,Valid,Non-standard,1
4261786,46053002,Distal,Qualifier Value,SNOMED,Valid,Standard,1
4260670,45033006,Skiing,Qualifier Value,SNOMED,Valid,Standard,1
4260390,4476003,Atypical glandular cells of undetermined significance,Morph Abnormality,SNOMED,Valid,Standard,1
4256614,410706007,Stabbing sensation quality,Qualifier Value,SNOMED,Valid,Standard,1
4255388,408367005,Patient forgets to take medication,Clinical Finding,SNOMED,Valid,Standard,1
4255383,408354007,Drug treatment still needed,Context-dependent,SNOMED,Valid,Standard,1
4254496,409137002,No known drug allergy,Context-dependent,SNOMED,Valid,Standard,1
4254102,74570005,Gynecologic,Qualifier Value,SNOMED,Valid,Standard,1
42539255,1861000124105,Transition of care,Clinical Finding,SNOMED,Valid,Standard,1
42538253,746003004,Under care of prison service,Clinical Finding,SNOMED,Valid,Standard,1
42538090,738956005,Oral,Qualifier Value,SNOMED,Valid,Standard,1
42538084,738906000,Dental,Qualifier Value,SNOMED,Valid,Standard,1
42536928,735972003,Crayfish,Substance,SNOMED,Valid,Standard,2
42536911,735939003,Insufficient intake of food and water with self neglect,Clinical Finding,SNOMED,Valid,Standard,1
42536427,735247006,Corn oil,Substance,SNOMED,Valid,Non-standard,1
42536303,735048005,Parsley,Substance,SNOMED,Valid,Standard,2
42536275,735010000,Saffron,Substance,SNOMED,Valid,Standard,2
42536045,734622007,Hydrated silica,Substance,SNOMED,Valid,Non-standard,1
42536008,734577006,C1 esterase inhibitor,Disposition,SNOMED,Valid,Standard,2
42535712,71251000119103,Family history of nonleukemic lymphatic malignancy,Context-dependent,SNOMED,Valid,Standard,1
42535592,43961000119109,Pneumococcal 7-valent conjugate vaccination given,Context-dependent,SNOMED,Valid,Non-standard,1
42535360,2031000124104,Referred by specialist physician,Clinical Finding,SNOMED,Valid,Standard,1
42535081,15928101000119105,Relationship problem between parent and adopted child,Clinical Finding,SNOMED,Valid,Standard,1
42535053,151991000119107,No able caregiver in household,Clinical Finding,SNOMED,Valid,Standard,1
42535025,143451000119105,Family history of malignant neoplasm of breast at under age 50 in second degree relative,Context-dependent,SNOMED,Valid,Standard,1
42530171,LP32941-4,Thyroid,LOINC Component,LOINC,Valid,Non-standard,1
4252518,408575003,FH: Not known - Adopted,Context-dependent,SNOMED,Valid,Standard,1
4252206,408290003,Diabetes key contact,Social Context,SNOMED,Valid,Standard,1
4251906,410397006,Medication action/side effects surveillance,Procedure,SNOMED,Valid,Standard,1
4251196,73553009,Rosemary oil,Substance,SNOMED,Valid,Non-standard,1
4250190,74082008,Pin/tong site care,Procedure,SNOMED,Valid,Standard,1
4250157,73982001,Gemistocytic astrocytoma,Morph Abnormality,SNOMED,Valid,Standard,1
4248667,408569007,Diagnostic procedure declined,Context-dependent,SNOMED,Valid,Non-standard,1
4247145,60057003,Thallium-201,Substance,SNOMED,Valid,Standard,2
4247119,408446006,Gynecological oncology,Qualifier Value,SNOMED,Valid,Standard,1
4245771,59674005,Nocardia,Organism,SNOMED,Valid,Standard,1
4245743,59545008,Pesticide,Substance,SNOMED,Valid,Standard,2
4245734,59510000,Struck by cave-in,Event,SNOMED,Valid,Standard,1
4245459,9315007,Spearmint oil,Substance,SNOMED,Valid,Non-standard,1
4244572,60134006,Life style,Social Context,SNOMED,Valid,Non-standard,1
4243612,37995004,Linitis plastica,Morph Abnormality,SNOMED,Valid,Standard,1
4243512,5917004,Geophagia,Clinical Finding,SNOMED,Valid,Standard,1
4242909,59888006,Carnitine,Substance,SNOMED,Valid,Non-standard,1
4241470,58295004,Inorganic chemical,Substance,SNOMED,Valid,Non-standard,1
4240960,58296003,Saccharomyces cerevisiae,Organism,SNOMED,Valid,Standard,1
4240654,9196004,Staghorn calculus,Morph Abnormality,SNOMED,Valid,Standard,1
4239956,57723004,Angiomyxoma,Morph Abnormality,SNOMED,Valid,Standard,1
4239519,69291002,Myoepithelioma,Morph Abnormality,SNOMED,Valid,Standard,1
4239345,69256005,Gardnerella,Organism,SNOMED,Valid,Standard,1
4239211,91182001,Perforated ulcer,Morph Abnormality,SNOMED,Valid,Standard,1
4238923,91497007,Incarcerated,Qualifier Value,SNOMED,Valid,Standard,1
4238519,58322009,Expiration,Observable Entity,SNOMED,Valid,Standard,1
4236889,405775000,Under care of social worker,Clinical Finding,SNOMED,Valid,Standard,1
4236855,405619009,Neurological event,Event,SNOMED,Valid,Standard,1
4236300,407647007,Risk assessment status,Clinical Finding,SNOMED,Valid,Standard,1
4236135,406520001,Pre-op diagnosis,Qualifier Value,SNOMED,Valid,Standard,1
4236026,90817005,Home care by visiting nurse,Procedure,SNOMED,Valid,Standard,1
4235703,406162001,Asthma management,Procedure,SNOMED,Valid,Standard,1
4234656,405178006,Postprocedural recovery status,Observable Entity,SNOMED,Valid,Standard,1
4234651,405161002,Pain level,Observable Entity,SNOMED,Valid,Standard,1
4234502,405033005,Nutritional status: food and fluid intake,Observable Entity,SNOMED,Valid,Standard,1
4234306,439220002,Family history of neoplasm of upper aerodigestive tract,Context-dependent,SNOMED,Valid,Standard,1
4233385,90120004,Mycosis fungoides,Morph Abnormality,SNOMED,Valid,Standard,1
4232886,404975000,Impaired mobility: psycho-cognitive status,Observable Entity,SNOMED,Valid,Standard,1
4232816,360271000,Prophylaxis - intent,Qualifier Value,SNOMED,Valid,Standard,1
4232759,89639000,Uses vaginal contraception,Clinical Finding,SNOMED,Valid,Standard,1
4231623,359549004,Irradiation,Physical Force,SNOMED,Valid,Non-standard,1
4231251,407398005,Genus BPV-like viruses,Organism,SNOMED,Valid,Standard,1
4230178,406224006,Reproductive care,Procedure,SNOMED,Valid,Standard,1
4230173,406201004,Safety behavior,Observable Entity,SNOMED,Valid,Standard,1
4230165,406168002,Dialysis access maintenance,Procedure,SNOMED,Valid,Standard,1
4229870,405177001,Medication response,Observable Entity,SNOMED,Valid,Standard,1
4229728,405062006,Self-control behavior: abuse,Observable Entity,SNOMED,Valid,Standard,1
4229718,405003003,Ability to collect and discharge urine,Observable Entity,SNOMED,Valid,Standard,1
4229665,438074005,Vaginal cuff,Morph Abnormality,SNOMED,Valid,Standard,1
4228492,405777008,Psychiatric in-patient,Clinical Finding,SNOMED,Valid,Standard,1
4228257,421582004,Corneal surgery,Qualifier Value,SNOMED,Valid,Standard,1
4228075,88818001,Rabbit,Organism,SNOMED,Valid,Standard,2
4226678,405199009,Family coping behavior,Observable Entity,SNOMED,Valid,Standard,1
4225865,405056001,Coping behavior,Observable Entity,SNOMED,Valid,Standard,1
4225862,405049007,Level of depression,Observable Entity,SNOMED,Valid,Standard,1
4225597,84805004,Dental soft diet,Clinical Finding,SNOMED,Valid,Standard,1
4225532,404680007,Vancomycin resistant Staphylococcus aureus,Organism,SNOMED,Valid,Standard,1
4225481,421661004,Blood banking and transfusion medicine (specialty),Qualifier Value,SNOMED,Valid,Standard,1
4225198,421044003,"Surgical wound, leaking",Morph Abnormality,SNOMED,Valid,Standard,1
4224894,405136000,Risk control behavior,Observable Entity,SNOMED,Valid,Standard,1
4224766,405051006,Level of anxiety,Observable Entity,SNOMED,Valid,Standard,1
4224657,84499006,Chronic inflammation,Morph Abnormality,SNOMED,Valid,Non-standard,1
4223998,84065002,Uses temperature method of contraception,Clinical Finding,SNOMED,Valid,Standard,1
4223853,84631004,Lymphoproliferative disease,Morph Abnormality,SNOMED,Valid,Non-standard,1
4220683,82371002,Proton beam,Physical Force,SNOMED,Valid,Non-standard,1
4220639,401272006,Under care of mental health team,Clinical Finding,SNOMED,Valid,Standard,1
4220365,82591005,Paget's disease and infiltrating duct carcinoma of breast,Morph Abnormality,SNOMED,Valid,Standard,1
4219119,72454006,Technetium-99m,Substance,SNOMED,Valid,Non-standard,1
4218333,417038009,Referral for dialysis,Procedure,SNOMED,Valid,Standard,1
4217948,81393009,Sweat gland adenoma,Morph Abnormality,SNOMED,Valid,Standard,1
4216740,416573008,Left ventricular dysfunction monitoring verbal invite,Clinical Finding,SNOMED,Valid,Standard,1
4216520,81037000,Lacunar infarct,Morph Abnormality,SNOMED,Valid,Standard,1
4216264,415150004,Postoperative diet,Clinical Finding,SNOMED,Valid,Standard,1
4215995,39545002,Low cholesterol-low saturated fat diet,Clinical Finding,SNOMED,Valid,Standard,1
4215818,41699000,Effusion,Morph Abnormality,SNOMED,Valid,Standard,1
4215127,394595002,Pathology,Qualifier Value,SNOMED,Valid,Standard,1
4215085,415628004,Stroke/transient ischemic attack monitoring first letter,Clinical Finding,SNOMED,Valid,Standard,1
4214810,417511005,Referral to home health care service,Procedure,SNOMED,Valid,Standard,1
4214566,394582007,Dermatology,Qualifier Value,SNOMED,Valid,Standard,1
4214532,414571007,Lanthanum carbonate,Substance,SNOMED,Valid,Non-standard,1
4214453,39317007,Use of sling suspension,Procedure,SNOMED,Valid,Standard,1
4210585,312004007,Retrograde direction,Qualifier Value,SNOMED,Valid,Standard,1
4210569,311933008,Filler,Substance,SNOMED,Valid,Standard,1
4210041,55584005,Embolus,Morph Abnormality,SNOMED,Valid,Standard,1
4208789,312236008,Duplex ultrasound,Qualifier Value,SNOMED,Valid,Standard,1
4207156,312074008,Placement for residential accommodation,Procedure,SNOMED,Valid,Standard,1
4207078,56422000,"Synovial sarcoma, epithelioid cell",Morph Abnormality,SNOMED,Valid,Standard,1
4207051,56307009,Fall from table,Event,SNOMED,Valid,Standard,1
4207037,312053007,Placement for rehabilitation,Procedure,SNOMED,Valid,Standard,1
4206886,311886005,Visual perception,Observable Entity,SNOMED,Valid,Standard,1
4206741,311702004,Speech and language breathing exercises,Procedure,SNOMED,Valid,Standard,1
4206471,55641003,Infarct,Morph Abnormality,SNOMED,Valid,Standard,1
4205841,311594008,Cognitive behavioral language therapy,Procedure,SNOMED,Valid,Standard,1
4205832,311567009,Oral motor stimulation,Procedure,SNOMED,Valid,Standard,1
4205656,438517001,Referral to sleep clinic,Procedure,SNOMED,Valid,Standard,1
4205411,308579005,Life assurance examination status,Clinical Finding,SNOMED,Valid,Standard,1
4205406,308534006,Hormone replacement monitoring status,Clinical Finding,SNOMED,Valid,Standard,1
4204988,53881005,Gravida 0,Clinical Finding,SNOMED,Valid,Standard,1
4203753,52625008,Arginine,Substance,SNOMED,Valid,Non-standard,1
4203462,53530009,Transitional cell carcinoma in situ,Morph Abnormality,SNOMED,Valid,Standard,1
4203403,308532005,Influenza vaccination status,Clinical Finding,SNOMED,Valid,Standard,1
4203340,316889002,Segmental fracture - bone loss,Morph Abnormality,SNOMED,Valid,Standard,1
4202455,433127001,Trabectedin,Substance,SNOMED,Valid,Non-standard,1
4202365,53617003,Monitoring of respiration,Procedure,SNOMED,Valid,Standard,1
4200789,302204005,Ultrasound - action,Qualifier Value,SNOMED,Valid,Standard,1
4198703,51398009,Hamartoma,Morph Abnormality,SNOMED,Valid,Standard,1
4198675,52499004,Pseudomonas aeruginosa,Organism,SNOMED,Valid,Standard,1
4197716,315271000,Suspected urothelial cancer,Context-dependent,SNOMED,Valid,Standard,1
4197428,51420009,Silicon,Substance,SNOMED,Valid,Non-standard,1
4196304,433491003,Family history of bilateral hip replacements,Context-dependent,SNOMED,Valid,Non-standard,1
4193986,312144003,Basilic vein graft,Substance,SNOMED,Valid,Standard,1
4193942,395933009,Allantoin,Substance,SNOMED,Valid,Non-standard,1
4193361,7905002,"Fracture, oblique",Morph Abnormality,SNOMED,Valid,Standard,1
4193170,312140007,Saphenous vein graft,Substance,SNOMED,Valid,Standard,1
4193069,312052002,Placement procedure,Procedure,SNOMED,Valid,Standard,1
4191937,395185007,Care of patient with epidural in situ,Procedure,SNOMED,Valid,Standard,1
4191704,390796006,Influenza vaccination contraindicated,Context-dependent,SNOMED,Valid,Standard,1
4191379,389067005,Community health procedure,Procedure,SNOMED,Valid,Standard,1
4190808,390795005,Pneumococcal vaccination contraindicated,Context-dependent,SNOMED,Valid,Standard,1
4190556,394801008,Trauma & orthopedics,Qualifier Value,SNOMED,Valid,Standard,1
4189316,41459008,Sodium bisulfite,Substance,SNOMED,Valid,Non-standard,1
4188025,414283008,Follow up substance misuse assessment,Procedure,SNOMED,Valid,Standard,1
4186932,46710009,Esthesioneurocytoma,Morph Abnormality,SNOMED,Valid,Standard,1
4185237,54731003,Deglutition,Observable Entity,SNOMED,Valid,Standard,1
4185121,43690008,Lactobacillus,Organism,SNOMED,Valid,Standard,2
4184783,43917008,Giant cell granuloma,Morph Abnormality,SNOMED,Valid,Standard,1
4183001,54775004,Reverse airflow,Observable Entity,SNOMED,Valid,Standard,1
4182001,366205004,Coronary stent patency - finding,Clinical Finding,SNOMED,Valid,Standard,1
4181922,52250000,X-ray,Physical Force,SNOMED,Valid,Non-standard,1
4181510,363678002,Positron emission tomographic imaging - action,Qualifier Value,SNOMED,Valid,Standard,1
4181459,428889007,Seen in sleep clinic,Clinical Finding,SNOMED,Valid,Standard,1
4179651,427792002,"Open, undisplaced fracture",Morph Abnormality,SNOMED,Valid,Standard,1
4178908,429636000,Fall into water,Event,SNOMED,Valid,Standard,1
4178897,50150000,Malignant systemic mastocytosis,Morph Abnormality,SNOMED,Valid,Standard,1
4178729,52209008,Calcium citrate,Substance,SNOMED,Valid,Non-standard,1
4177980,49980008,Farm tractor,Physical Object,SNOMED,Valid,Non-standard,1
4177807,49713007,Unexpected death,Event,SNOMED,Valid,Standard,1
4177792,49634009,Miscellaneous,Qualifier Value,SNOMED,Valid,Standard,1
4177036,51083003,Pigment deposition,Morph Abnormality,SNOMED,Valid,Standard,1
4176436,511008,Fibrous meningioma,Morph Abnormality,SNOMED,Valid,Standard,1
4176413,510009,Natural,Qualifier Value,SNOMED,Valid,Standard,1
4175587,297250002,No family history of stroke,Context-dependent,SNOMED,Valid,Standard,1
4175287,50357006,Evaluation and management of patient at home,Procedure,SNOMED,Valid,Standard,1
4175069,277113001,Pelvic,Qualifier Value,SNOMED,Valid,Non-standard,1
4175048,277044008,Incision - attribute,Attribute,SNOMED,Valid,Non-standard,1
4174603,277037004,Denture,Attribute,SNOMED,Valid,Non-standard,1
4174409,424553001,Uninsured medical expenses,Clinical Finding,SNOMED,Valid,Standard,1
4174245,423136007,Difficulty coping with grief responses,Clinical Finding,SNOMED,Valid,Standard,1
4173874,49010003,Paraprotein,Substance,SNOMED,Valid,Non-standard,1
4173766,423656007,Income insufficient to buy necessities,Clinical Finding,SNOMED,Valid,Standard,1
4173563,5008001,Pitting edema,Morph Abnormality,SNOMED,Valid,Standard,1
4173401,295074008,Allergy to diazoxide,Clinical Finding,SNOMED,Valid,Non-standard,1
4173382,295002006,Allergy to ethacrynic acid,Clinical Finding,SNOMED,Valid,Non-standard,1
4173378,294993002,Allergy to chlorothiazide,Clinical Finding,SNOMED,Valid,Non-standard,1
4173365,294937003,Allergy to inositol,Clinical Finding,SNOMED,Valid,Non-standard,1
4173291,424613007,Provision of activity privileges,Procedure,SNOMED,Valid,Standard,1
4173231,294899004,Allergy to ferrous gluconate,Clinical Finding,SNOMED,Valid,Non-standard,1
4173219,294839001,Allergy to calcitonin,Clinical Finding,SNOMED,Valid,Non-standard,1
4172465,49909006,Mucus,Substance,SNOMED,Valid,Standard,1
4171633,294732000,Allergy to glibornuride,Clinical Finding,SNOMED,Valid,Non-standard,1
4171628,294693000,Allergy to clobetasol,Clinical Finding,SNOMED,Valid,Non-standard,1
4171485,294659004,Allergy to typhoid vaccine,Clinical Finding,SNOMED,Valid,Non-standard,1
4171310,294463002,Allergy to amikacin,Clinical Finding,SNOMED,Valid,Non-standard,1
4170754,419814004,Allergy to coconut oil,Clinical Finding,SNOMED,Valid,Non-standard,1
4170337,294818008,Allergy to goserelin,Clinical Finding,SNOMED,Valid,Non-standard,1
4170331,294798003,Allergy to clomiphene,Clinical Finding,SNOMED,Valid,Non-standard,1
4170326,294776007,Allergy to testosterone,Clinical Finding,SNOMED,Valid,Non-standard,1
4170319,294748004,Allergy to progesterone,Clinical Finding,SNOMED,Valid,Non-standard,1
4170255,42111002,Urinary bladder function,Observable Entity,SNOMED,Valid,Standard,1
4170148,275136009,FH: Serious disease,Context-dependent,SNOMED,Valid,Standard,1
4169699,294240005,Allergy to auranofin,Clinical Finding,SNOMED,Valid,Non-standard,1
4169698,294237005,Allergy to dantrolene,Clinical Finding,SNOMED,Valid,Non-standard,1
4169594,48981002,Parasuicide,Event,SNOMED,Valid,Standard,1
4169552,294169006,Allergy to coal tar,Clinical Finding,SNOMED,Valid,Non-standard,1
4169537,294115009,Allergy to azelastine,Clinical Finding,SNOMED,Valid,Non-standard,1
4169529,294077008,Allergy to trihexyphenidyl,Clinical Finding,SNOMED,Valid,Non-standard,1
4169511,294019001,Allergy to carbachol,Clinical Finding,SNOMED,Valid,Non-standard,1
4169416,4876008,Acute obstruction,Morph Abnormality,SNOMED,Valid,Standard,1
4169386,294004002,Allergy to nicardipine,Clinical Finding,SNOMED,Valid,Non-standard,1
4169370,293934002,Allergy to fluphenazine,Clinical Finding,SNOMED,Valid,Non-standard,1
4169354,295109000,Allergy to urokinase,Clinical Finding,SNOMED,Valid,Non-standard,1
4169227,295062009,Allergy to milrinone,Clinical Finding,SNOMED,Valid,Non-standard,1
4169219,295019008,Allergy to mannitol,Clinical Finding,SNOMED,Valid,Non-standard,1
4169204,294975003,Allergy to adenosine,Clinical Finding,SNOMED,Valid,Non-standard,1
4169195,294923007,Allergy to vitamin A,Clinical Finding,SNOMED,Valid,Non-standard,1
4169101,48897006,Bizarre leiomyoma,Morph Abnormality,SNOMED,Valid,Standard,1
4169013,275117004,FH: Parkinsonism,Context-dependent,SNOMED,Valid,Standard,1
4168898,294730008,Allergy to chlorpropamide,Clinical Finding,SNOMED,Valid,Non-standard,1
4168891,294701001,Allergy to mometasone,Clinical Finding,SNOMED,Valid,Non-standard,1
4168890,294699001,Allergy to fluocinolone,Clinical Finding,SNOMED,Valid,Non-standard,1
4168885,294692005,Allergy to beclomethasone,Clinical Finding,SNOMED,Valid,Non-standard,1
4168856,274920002,Jellyfish sting,Event,SNOMED,Valid,Standard,1
4168813,419024006,Transport unavailable,Clinical Finding,SNOMED,Valid,Standard,1
4168728,294490006,Allergy to norfloxacin,Clinical Finding,SNOMED,Valid,Non-standard,1
4168726,294486009,Allergy to nalidixic acid,Clinical Finding,SNOMED,Valid,Non-standard,1
4168718,294464008,Allergy to kanamycin,Clinical Finding,SNOMED,Valid,Non-standard,1
4168577,294381000,Allergy to trifluridine,Clinical Finding,SNOMED,Valid,Non-standard,1
4168573,294369004,Allergy to zidovudine,Clinical Finding,SNOMED,Valid,Non-standard,1
4168572,294366006,Allergy to itraconazole,Clinical Finding,SNOMED,Valid,Non-standard,1
4167803,293674005,Allergy to domperidone,Clinical Finding,SNOMED,Valid,Non-standard,1
4167782,293599003,Allergy to dihydrocodeine,Clinical Finding,SNOMED,Valid,Non-standard,1
4167780,293596005,Allergy to buprenorphine,Clinical Finding,SNOMED,Valid,Non-standard,1
4167296,294332002,Allergy to polyvinyl alcohol,Clinical Finding,SNOMED,Valid,Non-standard,1
4167285,294269001,Allergy to mesna,Clinical Finding,SNOMED,Valid,Non-standard,1
4167144,294210008,Allergy to tretinoin,Clinical Finding,SNOMED,Valid,Non-standard,1
4167124,294318004,Allergy to castor oil,Clinical Finding,SNOMED,Valid,Non-standard,1
4166978,294239008,Allergy to gold sodium thiomalate,Clinical Finding,SNOMED,Valid,Non-standard,1
4166976,294232004,Allergy to vecuronium,Clinical Finding,SNOMED,Valid,Non-standard,1
4166973,294211007,Allergy to isotretinoin,Clinical Finding,SNOMED,Valid,Non-standard,1
4166808,294036009,Allergy to salmeterol,Clinical Finding,SNOMED,Valid,Non-standard,1
4166804,294017004,Allergy to neostigmine,Clinical Finding,SNOMED,Valid,Non-standard,1
4166801,294000006,Allergy to lacidipine,Clinical Finding,SNOMED,Valid,Non-standard,1
4166497,295110005,Allergy to alteplase,Clinical Finding,SNOMED,Valid,Non-standard,1
4166340,294924001,Allergy to vitamin D and/or vitamin D derivative,Clinical Finding,SNOMED,Valid,Standard,1
4166330,294847001,Allergy to gelatin,Clinical Finding,SNOMED,Valid,Non-standard,1
4166114,416286003,Congenital ectopia,Morph Abnormality,SNOMED,Valid,Standard,1
4166104,416239002,Chronic long term disease management required,Clinical Finding,SNOMED,Valid,Standard,1
4166041,294136006,Allergy to pyrilamine,Clinical Finding,SNOMED,Valid,Non-standard,1
4166032,294091002,Allergy to dornase alfa,Clinical Finding,SNOMED,Valid,Non-standard,1
4166026,294057001,Allergy to apraclonidine,Clinical Finding,SNOMED,Valid,Non-standard,1
4165832,293906009,Allergy to meprobamate,Clinical Finding,SNOMED,Valid,Non-standard,1
4165826,293887001,Allergy to flurazepam,Clinical Finding,SNOMED,Valid,Non-standard,1
4165808,293818004,Allergy to lithium carbonate,Clinical Finding,SNOMED,Valid,Non-standard,1
4165806,293803000,Allergy to phentermine,Clinical Finding,SNOMED,Valid,Non-standard,1
4165665,293738006,Allergy to levamisole,Clinical Finding,SNOMED,Valid,Non-standard,1
4165658,293717000,Allergy to desflurane,Clinical Finding,SNOMED,Valid,Non-standard,1
4165583,41183007,"Mesothelioma, benign",Morph Abnormality,SNOMED,Valid,Standard,1
4165560,41252002,Plexiform neurofibroma,Morph Abnormality,SNOMED,Valid,Standard,1
4165498,293750000,Allergy to ifosfamide,Clinical Finding,SNOMED,Valid,Non-standard,1
4165494,293732007,Allergy to amifostine,Clinical Finding,SNOMED,Valid,Non-standard,1
4165490,293715008,Allergy to isoflurane,Clinical Finding,SNOMED,Valid,Non-standard,1
4165474,293652004,Allergy to nizatidine,Clinical Finding,SNOMED,Valid,Non-standard,1
4165466,293617007,Allergy to fenoprofen,Clinical Finding,SNOMED,Valid,Non-standard,1
4165329,293513003,Adverse reaction caused by losartan,Disorder,SNOMED,Valid,Standard,1
4165171,294769002,Allergy to bicalutamide,Clinical Finding,SNOMED,Valid,Non-standard,1
4165169,294764007,Allergy to danazol,Clinical Finding,SNOMED,Valid,Non-standard,1
4165165,294755002,Allergy to medroxyprogesterone,Clinical Finding,SNOMED,Valid,Non-standard,1
4165033,294689006,Allergy to flurandrenolide,Clinical Finding,SNOMED,Valid,Non-standard,1
4165032,294684001,Allergy to flunisolide,Clinical Finding,SNOMED,Valid,Non-standard,1
4165031,294683007,Allergy to fluorometholone,Clinical Finding,SNOMED,Valid,Non-standard,1
4165015,294604003,Allergy to clioquinol,Clinical Finding,SNOMED,Valid,Non-standard,1
4164958,41034006,Suppurative inflammation,Morph Abnormality,SNOMED,Valid,Standard,1
4164540,293463005,Furosemide adverse reaction,Disorder,SNOMED,Valid,Standard,1
4164431,45771005,Acute bleeding ulcer,Morph Abnormality,SNOMED,Valid,Standard,1
4164241,293351004,Collagen adverse reaction,Disorder,SNOMED,Valid,Standard,1
4164115,45707005,Lactobacillus acidophilus,Organism,SNOMED,Valid,Standard,1
4163983,45647009,Granuloma,Morph Abnormality,SNOMED,Valid,Standard,1
4163935,294204008,Allergy to silver nitrate,Clinical Finding,SNOMED,Valid,Non-standard,1
4163818,294060008,Allergy to dipivefrin,Clinical Finding,SNOMED,Valid,Non-standard,1
4163800,294001005,Allergy to nimodipine,Clinical Finding,SNOMED,Valid,Non-standard,1
4163789,293962009,Allergy to beta adrenergic receptor antagonist,Clinical Finding,SNOMED,Valid,Standard,1
4163663,293960001,Allergy to disulfiram,Clinical Finding,SNOMED,Valid,Non-standard,1
4163661,293954001,Allergy to pemoline,Clinical Finding,SNOMED,Valid,Non-standard,1
4163629,293834001,Allergy to protriptyline,Clinical Finding,SNOMED,Valid,Non-standard,1
4163206,293777009,Allergy to etoposide,Clinical Finding,SNOMED,Valid,Non-standard,1
4162885,293393003,Folic acid adverse reaction,Disorder,SNOMED,Valid,Standard,1
4162659,433448008,Family history of carotid endarterectomy,Context-dependent,SNOMED,Valid,Non-standard,1
4161967,399634005,"Choroidal melanoma, diffuse",Morph Abnormality,SNOMED,Valid,Standard,1
4159980,373483000,Silver nitrate,Substance,SNOMED,Valid,Non-standard,1
4159646,371033009,Steroidal ecchymosis,Disorder,SNOMED,Valid,Standard,1
4159146,371078007,Compulsive eating pattern,Clinical Finding,SNOMED,Valid,Standard,1
4158838,370871008,Ambulation therapy,Procedure,SNOMED,Valid,Standard,1
4158108,370898007,Wrong surgical procedure performed on a patient,Event,SNOMED,Valid,Standard,1
4158106,370896006,Surgery performed on the wrong body part,Event,SNOMED,Valid,Standard,1
4156227,272177003,Pericardial patch,Substance,SNOMED,Valid,Standard,1
4155842,284177007,Coal mine,Location,SNOMED,Valid,Non-standard,1
4155548,272726003,Gastrostomy,Morph Abnormality,SNOMED,Valid,Standard,1
4154842,371138003,Refusal of treatment by parents,Context-dependent,SNOMED,Valid,Non-standard,1
4153902,272148004,Conversions,Qualifier Value,SNOMED,Valid,Standard,1
4153365,371105007,Hypoxia with feeding in newborn,Clinical Finding,SNOMED,Valid,Standard,1
4152829,270440008,Hypertension monitoring check done,Clinical Finding,SNOMED,Valid,Standard,1
4152780,284089007,Presence of orthopedic joint implant,Observable Entity,SNOMED,Valid,Standard,1
4152387,315620007,FH myocardial infarction male first degree age unknown,Context-dependent,SNOMED,Valid,Standard,1
4151569,270393005,Drug addiction notification,Procedure,SNOMED,Valid,Standard,1
4151309,314871000,Prescription status,Clinical Finding,SNOMED,Valid,Standard,1
4151032,310385006,Information status,Clinical Finding,SNOMED,Valid,Standard,1
4150531,31347007,Licorice,Substance,SNOMED,Valid,Non-standard,1
4149908,31186001,Chondroma,Morph Abnormality,SNOMED,Valid,Standard,1
4149487,35336005,"Gunshot wound, entrance, close shot",Morph Abnormality,SNOMED,Valid,Standard,1
4149420,30924005,Rhabdomyosarcoma,Morph Abnormality,SNOMED,Valid,Standard,1
4149389,268607006,Hypertension risk level,Observable Entity,SNOMED,Valid,Standard,1
4149158,310157000,Hand surgery service,Qualifier Value,SNOMED,Valid,Standard,1
4149011,35562000,Waldenstrom's macroglobulinemia,Morph Abnormality,SNOMED,Valid,Standard,1
4148801,310160007,Ophthalmology service,Qualifier Value,SNOMED,Valid,Standard,1
4148757,270442000,Asthma monitoring check done,Clinical Finding,SNOMED,Valid,Standard,1
4148754,270426007,Did not attend - no reason,Clinical Finding,SNOMED,Valid,Non-standard,1
4148405,266891008,FH: CNS disorder,Context-dependent,SNOMED,Valid,Standard,1
4147957,268526009,Warfarin monitoring,Procedure,SNOMED,Valid,Standard,1
4147384,30301008,Microfollicular adenoma,Morph Abnormality,SNOMED,Valid,Standard,1
4147301,35098001,Imidazole,Substance,SNOMED,Valid,Non-standard,1
4147200,30386001,Radiation injury with necrosis,Morph Abnormality,SNOMED,Valid,Standard,1
4147090,309926000,Gastroenterology department,Location,SNOMED,Valid,Non-standard,1
4146805,34641002,Hydrazine,Substance,SNOMED,Valid,Non-standard,2
4146319,307892003,Patient record status,Clinical Finding,SNOMED,Valid,Standard,1
4145430,34305007,"Fracture, multiple, closed",Morph Abnormality,SNOMED,Valid,Standard,1
4143443,306694006,Discharge to nursing home,Procedure,SNOMED,Valid,Standard,1
4140942,305900003,Seen by plastic surgery service,Clinical Finding,SNOMED,Valid,Standard,1
4139826,263778007,Hypermobility,Qualifier Value,SNOMED,Valid,Standard,1
4139471,264232007,Thoracolumbar,Qualifier Value,SNOMED,Valid,Standard,1
4139469,264224004,Supraglottic,Qualifier Value,SNOMED,Valid,Standard,1
4139338,264164005,Pulmonary,Qualifier Value,SNOMED,Valid,Non-standard,1
4139330,264133008,Perianal,Qualifier Value,SNOMED,Valid,Standard,1
4138807,305260005,Admission by physician,Procedure,SNOMED,Valid,Standard,1
4138686,32280000,Lymphoid leukemia,Morph Abnormality,SNOMED,Valid,Non-standard,1
4138218,305777009,Seen by orthoptist,Clinical Finding,SNOMED,Valid,Standard,1
4137456,31883006,Fusion,Morph Abnormality,SNOMED,Valid,Standard,1
4136753,413116005,Uses transdermal contraception,Clinical Finding,SNOMED,Valid,Standard,1
4136540,264364002,Ileostomy - stoma,Morph Abnormality,SNOMED,Valid,Standard,1
4136430,412601002,Carob,Substance,SNOMED,Valid,Standard,1
4135975,263506008,Opacification,Attribute,SNOMED,Valid,Non-standard,1
4135798,412060000,Black pepper,Substance,SNOMED,Valid,Standard,2
4135699,32037004,Glomus jugulare tumor,Morph Abnormality,SNOMED,Valid,Non-standard,1
4135326,31671006,Pineoblastoma,Morph Abnormality,SNOMED,Valid,Standard,1
4135254,262001002,None used,Qualifier Value,SNOMED,Valid,Standard,1
4134834,413312003,Patient non-compliant - refused service,Context-dependent,SNOMED,Valid,Non-standard,1
4134504,412405002,Horse blood extract,Substance,SNOMED,Valid,Standard,1
4134228,412064009,Corn syrup,Substance,SNOMED,Valid,Non-standard,1
4134043,261103000,Jejunal,Qualifier Value,SNOMED,Valid,Non-standard,1
4134000,262241003,Unrelated,Clinical Finding,SNOMED,Valid,Standard,1
4133774,413076004,No past history of venous thrombosis,Context-dependent,SNOMED,Valid,Standard,1
4133030,127368005,Gravida 5,Clinical Finding,SNOMED,Valid,Standard,1
4132396,127580003,Plasma cell neoplasm (morphology),Morph Abnormality,SNOMED,Valid,Standard,1
4132343,412436005,Mixed vespid venom,Substance,SNOMED,Valid,Standard,1
4132133,26663004,Cigar smoking tobacco,Substance,SNOMED,Valid,Standard,1
4132100,127367000,Gravida 4,Clinical Finding,SNOMED,Valid,Standard,1
4132042,412166009,Polysorbate,Substance,SNOMED,Valid,Non-standard,1
4131324,264514008,Crystal deposition,Qualifier Value,SNOMED,Valid,Standard,1
4129300,261859008,J pouch,Morph Abnormality,SNOMED,Valid,Standard,1
4129114,261363007,Coils,Qualifier Value,SNOMED,Valid,Standard,1
4128821,289159000,Thirst finding,Clinical Finding,SNOMED,Valid,Standard,1
4128670,289001005,Unable to feed self,Clinical Finding,SNOMED,Valid,Standard,1
4128336,289938008,Microsurgical repair,Qualifier Value,SNOMED,Valid,Standard,1
4128308,261513001,Cosmetic procedure,Qualifier Value,SNOMED,Valid,Standard,1
4127794,260452000,Decubitus,Qualifier Value,SNOMED,Valid,Standard,1
4127600,306205009,Referral to hospice,Procedure,SNOMED,Valid,Standard,1
4127273,304174001,Anterior cervical spine approach,Qualifier Value,SNOMED,Valid,Standard,1
4126857,261030007,End colostomy - stoma,Morph Abnormality,SNOMED,Valid,Standard,1
4126797,304904003,Manual evacuation,Qualifier Value,SNOMED,Valid,Standard,1
4126688,260704009,Insertion of drain - attribute,Attribute,SNOMED,Valid,Non-standard,1
4126232,290000000,Rash absent,Context-dependent,SNOMED,Valid,Standard,1
4125573,260507000,Access,Attribute,SNOMED,Valid,Non-standard,1
4125444,289092009,Ability to breathe,Observable Entity,SNOMED,Valid,Standard,1
4125245,259916004,Anti-phospholipid antibody,Substance,SNOMED,Valid,Standard,1
4124299,287799004,Thrombosed hemorrhoid incised,Context-dependent,SNOMED,Valid,Non-standard,1
4124097,305547000,Under care of pediatric surgeon,Clinical Finding,SNOMED,Valid,Standard,1
4123523,259100002,Gamma-aminobutyric acid,Substance,SNOMED,Valid,Standard,3
4123351,260188004,Chestnut,Substance,SNOMED,Valid,Standard,1
4122539,259221006,Methanol,Substance,SNOMED,Valid,Non-standard,1
4121609,287908008,Hand tendon repaired,Context-dependent,SNOMED,Valid,Non-standard,1
4121246,287863001,Cholecystotomy and foreign body removed from gallbladder,Context-dependent,SNOMED,Valid,Non-standard,1
4120366,256866005,Subdural strip or grid,Substance,SNOMED,Valid,Standard,1
4120236,286467000,Does chop food,Clinical Finding,SNOMED,Valid,Standard,1
4120072,287845001,Pancreas calculus removed,Context-dependent,SNOMED,Valid,Non-standard,1
4120008,257884004,Immobilization - action,Qualifier Value,SNOMED,Valid,Standard,1
4119244,287285004,Cardiac pacemaker replaced,Context-dependent,SNOMED,Valid,Non-standard,1
4119039,262114004,Roux-en-Y jejunum,Substance,SNOMED,Valid,Standard,1
4118656,262061000,Postoperative period,Qualifier Value,SNOMED,Valid,Standard,1
4117469,256236005,Fog,Event,SNOMED,Valid,Standard,1
4116830,255399007,Congenital,Qualifier Value,SNOMED,Valid,Standard,1
4116780,301244000,Ability to cough up sputum,Observable Entity,SNOMED,Valid,Standard,1
4116038,300800004,Does participate in sporting activities,Clinical Finding,SNOMED,Valid,Standard,1
4115869,300608009,Unable to perform traveling activities,Clinical Finding,SNOMED,Valid,Standard,1
4114858,285038001,Difficulty managing medication,Clinical Finding,SNOMED,Valid,Standard,1
4114685,255595002,Debulking - action,Qualifier Value,SNOMED,Valid,Standard,1
4114679,255570003,Temporal,Qualifier Value,SNOMED,Valid,Non-standard,1
4114520,255365009,Tightness sensation quality,Qualifier Value,SNOMED,Valid,Standard,1
4114503,255308008,Lytic,Qualifier Value,SNOMED,Valid,Standard,1
4114326,300066007,Nitrile,Substance,SNOMED,Valid,Non-standard,1
4114008,300911008,Allergy to animal hair,Clinical Finding,SNOMED,Valid,Non-standard,1
4113724,300683002,Unable to manage personal financial activities,Clinical Finding,SNOMED,Valid,Standard,1
4113330,284972002,Difficulty performing dressing activity,Clinical Finding,SNOMED,Valid,Standard,1
4113010,284555002,Zoo - place,Location,SNOMED,Valid,Non-standard,1
4112495,285655001,Mechanical stress,Physical Force,SNOMED,Valid,Non-standard,1
4112426,255577000,Nuchal,Qualifier Value,SNOMED,Valid,Non-standard,1
4112421,255560000,Intravenous,Qualifier Value,SNOMED,Valid,Standard,1
4111063,285093007,Underground railway line,Location,SNOMED,Valid,Non-standard,1
4110685,180618004,Median sternotomy approach,Qualifier Value,SNOMED,Valid,Standard,1
4109443,180613008,Laminectomy approach to cervical spine,Qualifier Value,SNOMED,Valid,Standard,1
4107657,284477001,Destitute,Clinical Finding,SNOMED,Valid,Standard,1
4107452,257940003,Transposition - action,Qualifier Value,SNOMED,Valid,Standard,1
4106557,2985005,"Paget's disease, mammary",Morph Abnormality,SNOMED,Valid,Standard,1
4106470,257867005,Insertion - action,Qualifier Value,SNOMED,Valid,Standard,1
4106455,257786008,Cryotherapy - action,Qualifier Value,SNOMED,Valid,Standard,1
4106306,256351003,Brazil nut,Substance,SNOMED,Valid,Standard,2
4106082,29619007,Malassezia furfur,Organism,SNOMED,Valid,Standard,1
4105801,180635000,Approach via ileostomy,Qualifier Value,SNOMED,Valid,Standard,1
4103774,256318007,Green bean,Substance,SNOMED,Valid,Standard,1
4103497,301438001,Ability to mobilize,Observable Entity,SNOMED,Valid,Standard,1
4103389,28836005,"Fracture, impacted",Morph Abnormality,SNOMED,Valid,Standard,1
4103230,28878004,Fibrin thrombus,Morph Abnormality,SNOMED,Valid,Standard,1
4101688,27881006,Bony callus,Morph Abnormality,SNOMED,Valid,Standard,1
4101214,300289009,No gastric reflux,Context-dependent,SNOMED,Valid,Standard,1
4100154,293114004,Adverse reaction to mumps vaccine,Disorder,SNOMED,Valid,Standard,1
4100027,293049008,Doxycycline adverse reaction,Disorder,SNOMED,Valid,Standard,1
4099716,292727000,Sodium thiosulfate adverse reaction,Disorder,SNOMED,Valid,Standard,1
4099428,292381004,Droperidol adverse reaction,Disorder,SNOMED,Valid,Standard,1
4099424,292361000,Lorazepam adverse reaction,Disorder,SNOMED,Valid,Standard,1
4099417,292329004,Clonazepam adverse reaction,Disorder,SNOMED,Valid,Standard,1
4099275,293081004,Dapsone adverse reaction,Disorder,SNOMED,Valid,Standard,1
4099133,292968003,Ampicillin adverse reaction,Disorder,SNOMED,Valid,Standard,1
4098695,293166008,Dexamethasone adverse reaction,Disorder,SNOMED,Valid,Standard,1
4098552,293023003,Clindamycin adverse reaction,Disorder,SNOMED,Valid,Standard,1
4098202,25239006,Lymphangiomyoma,Morph Abnormality,SNOMED,Valid,Standard,1
4097478,292276005,Lithium adverse reaction,Disorder,SNOMED,Valid,Standard,1
4097445,250054005,Frontal gait disorder,Clinical Finding,SNOMED,Valid,Standard,1
4097208,292243006,Paclitaxel adverse reaction,Disorder,SNOMED,Valid,Standard,1
4097205,292239007,Hydroxycarbamide adverse reaction,Disorder,SNOMED,Valid,Standard,1
4097204,292234002,Fluorouracil adverse reaction,Disorder,SNOMED,Valid,Standard,1
4097190,292165004,Ketamine adverse reaction,Disorder,SNOMED,Valid,Standard,1
4097169,249982003,Balance,Observable Entity,SNOMED,Valid,Standard,1
4097043,292053001,Morphinan opioid adverse reaction,Disorder,SNOMED,Valid,Standard,1
4096560,24932003,Exposure to,Qualifier Value,SNOMED,Valid,Standard,1
4095823,292459008,Nimodipine adverse reaction,Disorder,SNOMED,Valid,Standard,1
4095397,26325004,Magnocellular nevus,Morph Abnormality,SNOMED,Valid,Standard,1
4095380,292055008,Codeine adverse reaction,Disorder,SNOMED,Valid,Standard,1
4095175,250015009,Arthritic gait,Clinical Finding,SNOMED,Valid,Standard,1
4094726,250035005,Paraplegic gait,Clinical Finding,SNOMED,Valid,Standard,1
4093306,18680006,Intraductal carcinoma and lobular carcinoma in situ,Morph Abnormality,SNOMED,Valid,Standard,1
4092407,248056001,Neglect of personal hygiene,Clinical Finding,SNOMED,Valid,Standard,1
4089048,185387006,New patient consultation,Procedure,SNOMED,Valid,Standard,1
4088492,251110008,Areas of ventricular slow conduction,Observable Entity,SNOMED,Valid,Standard,1
4087907,185924006,Patient withdrawn from trial,Clinical Finding,SNOMED,Valid,Standard,1
4087903,185902006,Has influenza vaccination at hospital,Clinical Finding,SNOMED,Valid,Standard,1
4087251,243863004,B12 deficiency monitoring status,Clinical Finding,SNOMED,Valid,Standard,1
4086784,183986009,Prostatectomy planned,Context-dependent,SNOMED,Valid,Standard,1
4086748,243852002,Cardiac disease monitoring status,Clinical Finding,SNOMED,Valid,Standard,1
4086114,18569001,Potassium chlorate,Substance,SNOMED,Valid,Non-standard,1
4086097,243633006,Genus Enterovirus,Organism,SNOMED,Valid,Standard,1
4085779,185287009,Seen by occupational therapist,Clinical Finding,SNOMED,Valid,Standard,1
4085772,243678009,Crayfish,Organism,SNOMED,Valid,Standard,2
4085023,183875006,Referral for colonoscopy,Procedure,SNOMED,Valid,Standard,1
4084402,246162000,Nodes removed,Attribute,SNOMED,Valid,Non-standard,1
4084395,246137000,Equipment,Attribute,SNOMED,Valid,Non-standard,1
4083430,185283008,Seen by social worker,Clinical Finding,SNOMED,Valid,Standard,1
4082375,182796001,Intracranial pressure monitoring regime,Procedure,SNOMED,Valid,Standard,1
4082209,24099007,Oxygen,Substance,SNOMED,Valid,Non-standard,1
4081744,183621003,Follow-up 2 weeks,Clinical Finding,SNOMED,Valid,Standard,1
4081429,183949008,Physical assessment examination declined,Context-dependent,SNOMED,Valid,Standard,1
40798058,LP66331-7,Domperidone,LOINC Component,LOINC,Valid,Non-standard,1
40796177,LP35869-4,Flunisolide,LOINC Component,LOINC,Valid,Non-standard,1
40795905,LP16959-6,Cottonseed,LOINC Component,LOINC,Valid,Non-standard,1
40795841,LP16137-9,Ethosuximide,LOINC Component,LOINC,Valid,Non-standard,1
40795838,LP16083-5,clomiPRAMINE,LOINC Component,LOINC,Valid,Non-standard,1
40795835,LP16021-5,Alfentanil,LOINC Component,LOINC,Valid,Non-standard,1
40795787,LP15321-0,Chloramphenicol,LOINC Component,LOINC,Valid,Non-standard,1
40795741,LP14693-3,Serotonin,LOINC Component,LOINC,Valid,Non-standard,1
40795735,LP14553-9,Trihexyphenidyl,LOINC Component,LOINC,Valid,Non-standard,1
40792862,LP35785-2,Atazanavir,LOINC Component,LOINC,Valid,Non-standard,1
40792675,LP19505-4,Diethylpropion,LOINC Component,LOINC,Valid,Non-standard,1
40792600,LP17868-8,Propylthiouracil,LOINC Component,LOINC,Valid,Non-standard,1
40792599,LP17867-0,Procyclidine,LOINC Component,LOINC,Valid,Non-standard,1
40792504,LP16328-4,Levodopa,LOINC Component,LOINC,Valid,Non-standard,1
40792461,LP15792-2,Phenylalanine,LOINC Component,LOINC,Valid,Non-standard,1
40792451,LP15636-1,Histamine,LOINC Component,LOINC,Valid,Non-standard,1
40792442,LP15484-6,Cyclacillin,LOINC Component,LOINC,Valid,Non-standard,1
40792397,LP14911-9,Phenolphthalein,LOINC Component,LOINC,Valid,Non-standard,1
40792385,LP14720-4,glyBURIDE,LOINC Component,LOINC,Valid,Non-standard,1
40789617,LP35868-6,Fludrocortisone,LOINC Component,LOINC,Valid,Non-standard,1
40789478,LP21314-7,Ritonavir,LOINC Component,LOINC,Valid,Non-standard,1
40789477,LP21305-5,Mefloquine,LOINC Component,LOINC,Valid,Non-standard,1
40789383,LP18065-0,Antihistamines,LOINC Component,LOINC,Valid,Non-standard,1
40789346,LP17416-6,Gelatin,LOINC Component,LOINC,Valid,Non-standard,1
40789339,LP17319-2,Pinto Bean,LOINC Component,LOINC,Valid,Non-standard,1
40789331,LP17204-6,Green Bean,LOINC Component,LOINC,Valid,Non-standard,1
40789292,LP16710-3,Troleandomycin,LOINC Component,LOINC,Valid,Non-standard,1
40789250,LP16227-8,Oxazepam,LOINC Component,LOINC,Valid,Non-standard,1
40789226,LP15927-4,Loracarbef,LOINC Component,LOINC,Valid,Non-standard,1
40789188,LP15277-4,Calcitriol,LOINC Component,LOINC,Valid,Non-standard,1
40789152,LP14715-4,Dipyridamole,LOINC Component,LOINC,Valid,Non-standard,1
40789142,LP14649-5,Calcitonin,LOINC Component,LOINC,Valid,Non-standard,1
40786327,LP35870-2,Fluorometholone,LOINC Component,LOINC,Valid,Non-standard,1
40786160,LP21309-7,Didanosine,LOINC Component,LOINC,Valid,Non-standard,1
40785939,LP16249-2,Phensuximide,LOINC Component,LOINC,Valid,Non-standard,1
40785938,LP16241-9,PENTobarbital,LOINC Component,LOINC,Valid,Non-standard,1
40785929,LP16153-6,Flurazepam,LOINC Component,LOINC,Valid,Non-standard,1
40785924,LP16119-7,Disulfiram,LOINC Component,LOINC,Valid,Non-standard,1
40785917,LP16071-0,Chlorothiazide,LOINC Component,LOINC,Valid,Non-standard,1
40785912,LP16032-2,Amoxapine,LOINC Component,LOINC,Valid,Non-standard,1
40785884,LP15686-6,Lactate,LOINC Component,LOINC,Valid,Non-standard,1
40785879,LP15575-1,Folate,LOINC Component,LOINC,Valid,Non-standard,1
40785867,LP15474-7,Colistin,LOINC Component,LOINC,Valid,Non-standard,1
40785846,LP15172-7,Hyoscyamine,LOINC Component,LOINC,Valid,Non-standard,1
40785812,LP14656-0,Corticotropin,LOINC Component,LOINC,Valid,Non-standard,1
40785803,LP14482-1,Carnitine,LOINC Component,LOINC,Valid,Non-standard,1
40785798,LP14349-2,Methanol,LOINC Component,LOINC,Valid,Non-standard,1
40784705,LP62277-6,Pancuronium,LOINC Component,LOINC,Valid,Non-standard,1
40782869,LP21315-4,Stavudine,LOINC Component,LOINC,Valid,Non-standard,1
40782865,LP21173-7,Delavirdine,LOINC Component,LOINC,Valid,Non-standard,1
40782798,LP18980-0,Hydroquinone,LOINC Component,LOINC,Valid,Non-standard,1
40782752,LP17967-8,Silicone,LOINC Component,LOINC,Valid,Non-standard,1
40782616,LP15879-7,Lincomycin,LOINC Component,LOINC,Valid,Non-standard,1
40782609,LP15741-9,Ganciclovir,LOINC Component,LOINC,Valid,Non-standard,1
40782580,LP15337-6,Chlortetracycline,LOINC Component,LOINC,Valid,Non-standard,1
40782576,LP15298-0,Cephradine,LOINC Component,LOINC,Valid,Non-standard,1
40782550,LP14916-8,Bisacodyl,LOINC Component,LOINC,Valid,Non-standard,1
40782111,LP100042-3,Desloratadine,LOINC Component,LOINC,Valid,Non-standard,1
4078191,246444001,Number of biopsies,Qualifier Value,SNOMED,Valid,Standard,1
4078127,275643002,Housing - awaiting action,Clinical Finding,SNOMED,Valid,Standard,1
40779594,LP31687-4,Vitamin A,LOINC Component,LOINC,Valid,Non-standard,1
40779458,LP19264-8,Coenzyme Q10,LOINC Component,LOINC,Valid,Non-standard,1
40779414,LP18067-6,Halothane,LOINC Component,LOINC,Valid,Non-standard,1
40779342,LP16835-8,Strontium,LOINC Component,LOINC,Valid,Non-standard,1
40779338,LP16812-7,Chromium,LOINC Component,LOINC,Valid,Non-standard,1
40779337,LP16806-9,Bismuth,LOINC Component,LOINC,Valid,Non-standard,1
40779289,LP16194-0,Methamphetamine,LOINC Component,LOINC,Valid,Non-standard,1
40779260,LP15949-8,Vasopressin,LOINC Component,LOINC,Valid,Non-standard,1
40779249,LP15817-7,Pregnenolone,LOINC Component,LOINC,Valid,Non-standard,1
40779238,LP15716-1,Lysine,LOINC Component,LOINC,Valid,Non-standard,1
40779233,LP15646-0,Floxacillin,LOINC Component,LOINC,Valid,Non-standard,1
40779221,LP15416-8,Arginine,LOINC Component,LOINC,Valid,Non-standard,1
40779187,LP15066-1,cefoTEtan,LOINC Component,LOINC,Valid,Non-standard,1
40779161,LP14679-2,Keratin,LOINC Component,LOINC,Valid,Non-standard,1
40778510,LP7636-6,Thyroid,LOINC System,LOINC,Valid,Non-standard,1
4077651,275928001,Drugs - partial non-compliance,Clinical Finding,SNOMED,Valid,Standard,1
40776171,LP28756-2,Lopinavir,LOINC Component,LOINC,Valid,Non-standard,1
40776128,LP19542-7,Cephaeline,LOINC Component,LOINC,Valid,Non-standard,1
40776122,LP19379-4,Rabbit,LOINC Component,LOINC,Valid,Non-standard,1
40776096,LP18482-7,Norethindrone,LOINC Component,LOINC,Valid,Non-standard,1
40776049,LP17541-1,Olive,LOINC Component,LOINC,Valid,Non-standard,1
40775962,LP16277-3,Secobarbital,LOINC Component,LOINC,Valid,Non-standard,1
40775909,LP15842-5,Pyridoxine,LOINC Component,LOINC,Valid,Non-standard,1
40775886,LP15543-9,DOPamine,LOINC Component,LOINC,Valid,Non-standard,1
40775858,LP15176-8,oxyMORphone,LOINC Component,LOINC,Valid,Non-standard,1
40775837,LP14884-8,Silicon,LOINC Component,LOINC,Valid,Non-standard,1
40775816,LP14548-9,Molindone,LOINC Component,LOINC,Valid,Non-standard,1
4077524,275831001,Uses male barrier contraception method,Clinical Finding,SNOMED,Valid,Standard,1
4077450,18867006,Tissue repair,Morph Abnormality,SNOMED,Valid,Standard,1
4077387,275659002,Injection given,Context-dependent,SNOMED,Valid,Non-standard,1
40772978,LP33280-6,Hydrazine,LOINC Component,LOINC,Valid,Non-standard,1
40772864,LP21310-5,Efavirenz,LOINC Component,LOINC,Valid,Non-standard,1
40772710,LP17044-6,Peach (Prunus persica),LOINC Component,LOINC,Valid,Non-standard,1
40772651,LP16244-3,Phenazocine,LOINC Component,LOINC,Valid,Non-standard,1
40772634,LP16113-0,Digitoxin,LOINC Component,LOINC,Valid,Non-standard,1
40772627,LP16048-8,Cocaine,LOINC Component,LOINC,Valid,Non-standard,1
40772624,LP16024-9,aMILoride,LOINC Component,LOINC,Valid,Non-standard,1
40772610,LP15796-3,Phosphatidylcholine,LOINC Component,LOINC,Valid,Non-standard,1
40772607,LP15763-3,Gramicidin D,LOINC Component,LOINC,Valid,Non-standard,1
4076945,24599003,Pulmonary artery pressure monitoring,Procedure,SNOMED,Valid,Standard,1
4076222,224283006,Deaf telephone user,Clinical Finding,SNOMED,Valid,Standard,1
4076210,224230003,Temporary shelter arrangements,Observable Entity,SNOMED,Valid,Standard,1
4076203,224194003,Not entitled to benefits,Clinical Finding,SNOMED,Valid,Standard,1
40757069,3015F,Cervical cancer screening results documented and reviewed (PV),CPT4,CPT4,Valid,Standard,1
40756893,4004F,"Patient screened for tobacco use and received tobacco cessation intervention (counseling, pharmacotherapy, or both), if identified as a tobacco user (PV, CAD)",CPT4,CPT4,Valid,Non-standard,1
4073591,224347004,Power of attorney in existence,Clinical Finding,SNOMED,Valid,Standard,1
4073489,242929006,Assault by pushing into path of moving motor vehicle,Event,SNOMED,Valid,Standard,1
4073373,242876003,Assault with broken glass or bottle,Event,SNOMED,Valid,Standard,1
4073158,224344006,Affairs in jurisdiction of court of protection,Clinical Finding,SNOMED,Valid,Standard,1
4072785,242172004,Immersion or drowning due to falling from vessel into water,Event,SNOMED,Valid,Standard,1
4072497,243115004,Family support,Procedure,SNOMED,Valid,Standard,1
4071449,219198001,Assault by firearms and explosives,Event,SNOMED,Valid,Standard,1
4070166,215499007,Burned while ship on fire,Event,SNOMED,Valid,Standard,1
4069557,20365006,Squamous intraepithelial neoplasia grade 3,Morph Abnormality,SNOMED,Valid,Standard,1
4069297,20295000,Divorced,Clinical Finding,SNOMED,Valid,Standard,1
4069060,214845000,"Motor vehicle nontraffic accident involving collision, not on public highway, between motor vehicle, except off-road motor vehicle, and nonmotor vehicle",Event,SNOMED,Valid,Standard,1
4068584,215759008,Localized fire in watercraft,Event,SNOMED,Valid,Standard,1
4068366,2026006,Serous adenofibroma,Morph Abnormality,SNOMED,Valid,Standard,1
4067730,214149008,Motor vehicle on road in collision with ridden animal,Event,SNOMED,Valid,Standard,1
4067107,17372009,Granuloma pyogenicum,Morph Abnormality,SNOMED,Valid,Standard,1
40664900,G8897,"Oral aspirin or other antithrombotic therapy was not prescribed, reason not given (Deprecated)",HCPCS,HCPCS,Valid,Standard,1
40664872,G8898,I intend to report the chronic obstructive pulmonary disease (copd) measures group (Deprecated),HCPCS,HCPCS,Valid,Standard,1
40664801,G8785,"Blood pressure reading not documented, reason not given",HCPCS,HCPCS,Valid,Standard,1
40664648,G8896,"Documentation of medical reason(s) for not prescribing oral aspirin or other antithrombotic therapy (e.g., patient documented to be low risk or patient with terminal illness or treatment of hypertension with standard treatment goals is not... (Deprecated)",HCPCS,HCPCS,Valid,Standard,1
40664615,G8752,Most recent systolic blood pressure < 140 mmhg,HCPCS,HCPCS,Valid,Standard,1
4066454,214412007,"Motor vehicle traffic accident due to motor vehicle going out of control due to failure of mechanical part, without collision on the highway",Event,SNOMED,Valid,Standard,1
40658345,G8570,Prolonged postoperative intubation (> 24 hrs) not required,HCPCS,HCPCS,Valid,Standard,1
4063370,170900006,Follow-up ostomy assessment,Procedure,SNOMED,Valid,Standard,1
4062787,19928005,Fibromatosis,Morph Abnormality,SNOMED,Valid,Standard,1
4062616,170997003,Counseled by counselor,Context-dependent,SNOMED,Valid,Non-standard,1
4062487,171164006,Cervical smear due,Clinical Finding,SNOMED,Valid,Standard,1
4062052,170951000,Menopause symptoms present,Clinical Finding,SNOMED,Valid,Non-standard,1
4061671,169487009,IUD expelled,Clinical Finding,SNOMED,Valid,Non-standard,1
4061041,214878007,"Motor vehicle nontraffic accident involving collision, not on public highway, between motor vehicle, except off-road motor vehicle, and railway train",Event,SNOMED,Valid,Standard,1
4060415,19921004,Crushing injury (morphology),Morph Abnormality,SNOMED,Valid,Standard,1
4060277,214183001,Motor vehicle on road in collision with tram,Event,SNOMED,Valid,Standard,1
4060058,161966006,No palpitations,Context-dependent,SNOMED,Valid,Standard,1
4059949,161922009,No cough,Context-dependent,SNOMED,Valid,Standard,1
4059661,161023002,Housing benefit,Qualifier Value,SNOMED,Valid,Standard,1
4059343,161611007,H/O: non-drug allergy,Context-dependent,SNOMED,Valid,Non-standard,1
4058740,16159009,Tracheal mucus,Substance,SNOMED,Valid,Standard,1
4058284,161486002,H/O: eye disorder,Context-dependent,SNOMED,Valid,Non-standard,1
4058254,161154001,Poor social circumstances,Clinical Finding,SNOMED,Valid,Non-standard,1
4057954,1985008,Vomitus,Substance,SNOMED,Valid,Standard,1
4055518,242777003,Accident caused by explosion,Event,SNOMED,Valid,Standard,1
4055153,242928003,Assault by pushing into path of train,Event,SNOMED,Valid,Standard,1
4055049,242768005,Accident caused by sharp-edged object,Event,SNOMED,Valid,Standard,1
4054804,242927008,Assault by pushing into path of moving vehicle,Event,SNOMED,Valid,Standard,1
4054779,242815006,Exposure to medical therapeutic radiation,Event,SNOMED,Valid,Standard,1
4054583,242536000,Exposure to man-made visible light,Event,SNOMED,Valid,Standard,1
4054320,125541005,Mast cell hyperplasia,Morph Abnormality,SNOMED,Valid,Standard,1
4054170,125216004,"Anastomosis, leaking",Morph Abnormality,SNOMED,Valid,Standard,1
4054133,125192008,"Wound, non-healed",Morph Abnormality,SNOMED,Valid,Standard,1
4053786,242266008,Accidental exposure to cleaning agent,Event,SNOMED,Valid,Standard,1
4053449,12510000,Eucalyptus oil,Substance,SNOMED,Valid,Non-standard,1
4053372,160273004,No FH: Hypertension,Context-dependent,SNOMED,Valid,Standard,1
4053371,160271002,No family history of stroke and/or transient ischemic attack,Context-dependent,SNOMED,Valid,Standard,1
4053095,160751007,Eviction from dwelling,Clinical Finding,SNOMED,Valid,Standard,1
4052484,160725005,Lives alone - help available,Clinical Finding,SNOMED,Valid,Standard,1
4052171,160817004,Lost custody of children,Clinical Finding,SNOMED,Valid,Standard,1
4052153,160715000,House infested,Clinical Finding,SNOMED,Valid,Standard,1
4051567,160318000,FH: Hereditary spherocytosis,Context-dependent,SNOMED,Valid,Standard,1
4051477,232348003,Allergy to feather,Clinical Finding,SNOMED,Valid,Non-standard,1
4051253,160423004,FH: Congenital GU anomaly,Context-dependent,SNOMED,Valid,Standard,1
4050944,160474007,FH: Atopy,Context-dependent,SNOMED,Valid,Standard,1
4050823,160397006,FH: Early menopause,Context-dependent,SNOMED,Valid,Standard,1
4050796,160290005,Family history of neoplasm of male genital organ,Context-dependent,SNOMED,Valid,Standard,1
4050374,20922003,Transnasal approach,Qualifier Value,SNOMED,Valid,Standard,1
4050253,20925001,Calcium glycerophosphate,Substance,SNOMED,Valid,Non-standard,1
40493441,449107008,Care of central venous catheter,Procedure,SNOMED,Valid,Standard,1
4049021,1557002,Talc,Substance,SNOMED,Valid,Non-standard,1
40488461,448177004,Adverse drug interaction,Disorder,SNOMED,Valid,Standard,1
40483174,442408006,Allergy to imipenem,Clinical Finding,SNOMED,Valid,Non-standard,1
40482051,445087001,Born before arrival to hospital,Context-dependent,SNOMED,Valid,Standard,1
40481965,443544006,Freezing of gait,Clinical Finding,SNOMED,Valid,Standard,1
40481348,441954006,Allergy to sevoflurane,Clinical Finding,SNOMED,Valid,Non-standard,1
4048090,123738000,"Fracture, open, comminuted, with displacement",Morph Abnormality,SNOMED,Valid,Standard,1
40480547,443203009,Finding of assessment of self medication,Clinical Finding,SNOMED,Valid,Standard,1
40480476,441760003,Unattended death of unknown cause,Event,SNOMED,Valid,Standard,1
40479356,444381004,Exposure to Vibrio cholerae,Event,SNOMED,Valid,Standard,1
4047554,134377004,Atrial fibrillation monitoring,Procedure,SNOMED,Valid,Standard,1
4047441,20717008,Atherosclerotic fibrous plaque,Morph Abnormality,SNOMED,Valid,Standard,1
4046878,134378009,Congestive heart failure monitoring,Procedure,SNOMED,Valid,Standard,1
4046824,23172004,Bismuth,Substance,SNOMED,Valid,Non-standard,1
4045963,230937006,Procedure for monitoring intracranial pressure,Procedure,SNOMED,Valid,Standard,1
4045434,12994004,Asphyxiation by environmental oxygen lack,Event,SNOMED,Valid,Standard,1
4045072,129376004,Construction - action,Qualifier Value,SNOMED,Valid,Standard,1
4044911,129274004,Discharge - action,Qualifier Value,SNOMED,Valid,Standard,1
4044740,229944000,Wheat flour,Substance,SNOMED,Valid,Standard,2
4044528,129312005,Enucleation - action,Qualifier Value,SNOMED,Valid,Standard,1
4043859,129407005,Grafting - action,Qualifier Value,SNOMED,Valid,Standard,1
4043700,129263008,Impacted tooth,Morph Abnormality,SNOMED,Valid,Standard,1
4042698,229559001,Transcutaneous electrical nerve stimulation,Procedure,SNOMED,Valid,Standard,1
4041088,118538004,Mass,Qualifier Value,SNOMED,Valid,Standard,1
4039038,227435001,Nectarine,Substance,SNOMED,Valid,Standard,2
4038679,118438002,Transoral approach,Qualifier Value,SNOMED,Valid,Standard,1
4038384,229254005,Active shoulder girdle movements,Procedure,SNOMED,Valid,Standard,1
4038053,162422000,Symptom distribution,Clinical Finding,SNOMED,Valid,Standard,1
4037981,229197007,Aquaerobic exercises,Procedure,SNOMED,Valid,Standard,1
4037661,228993002,Thinners,Substance,SNOMED,Valid,Non-standard,1
4036775,162481009,Breathing aggravates symptom,Clinical Finding,SNOMED,Valid,Standard,1
4035081,113858008,Mycobacterium tuberculosis complex,Organism,SNOMED,Valid,Standard,1
4031483,238457002,Venomous snake bite,Event,SNOMED,Valid,Standard,1
4030967,109216000,Gadopentetate dimeglumine,Substance,SNOMED,Valid,Non-standard,1
4030833,23832005,Lavender oil,Substance,SNOMED,Valid,Non-standard,1
4030405,14035003,Death by hanging,Event,SNOMED,Valid,Standard,1
4030288,128929007,Non-Hodgkin lymphoma (category),Morph Abnormality,SNOMED,Valid,Non-standard,1
4029988,128669006,Collecting duct carcinoma,Morph Abnormality,SNOMED,Valid,Standard,1
4029983,128652009,Flat adenoma,Morph Abnormality,SNOMED,Valid,Standard,1
4029919,13924000,Wound,Morph Abnormality,SNOMED,Valid,Standard,1
4029344,128960007,Cardiac catheterization post-intervention phase,Qualifier Value,SNOMED,Valid,Standard,1
4028860,128928004,Neuroendocrine neoplasm,Morph Abnormality,SNOMED,Valid,Standard,1
4028698,128788005,Dysembryoplastic neuroepithelial tumor,Morph Abnormality,SNOMED,Valid,Standard,1
4028564,128741006,Deep histiocytoma,Morph Abnormality,SNOMED,Valid,Standard,1
4028523,13485007,Pannus,Morph Abnormality,SNOMED,Valid,Standard,1
4027826,227377002,Asafetida,Substance,SNOMED,Valid,Standard,2
4027649,228362008,Feels should cut down drinking,Clinical Finding,SNOMED,Valid,Standard,1
4027466,228146008,Personal care impairment,Clinical Finding,SNOMED,Valid,Standard,1
40268284,105472004,Spermatozoa donor for artificial insemination,Social Context,SNOMED,Valid,Non-standard,1
4025555,106831000,Ixodides,Organism,SNOMED,Valid,Standard,1
4025418,227414003,Turmeric,Substance,SNOMED,Valid,Standard,2
4025417,227413009,Thyme,Substance,SNOMED,Valid,Standard,2
4025266,227260004,Pumpkin,Substance,SNOMED,Valid,Standard,2
4025075,227254004,Okra,Substance,SNOMED,Valid,Standard,2
4024619,225357008,Care of pressure injury,Procedure,SNOMED,Valid,Standard,1
4024541,10588007,Perinatal death,Event,SNOMED,Valid,Standard,1
4023865,226491003,Apple juice,Substance,SNOMED,Valid,Non-standard,1
4023790,19367006,Retarded,Qualifier Value,SNOMED,Valid,Standard,1
4023547,116208002,Abscess of wound,Morph Abnormality,SNOMED,Valid,Standard,1
4022444,116269007,Maltitol,Substance,SNOMED,Valid,Non-standard,1
4022094,105594005,Thermal burn,Morph Abnormality,SNOMED,Valid,Standard,1
4022066,105489007,Difficulty with in-laws,Clinical Finding,SNOMED,Valid,Standard,1
4022065,105483008,Overprotective parent,Clinical Finding,SNOMED,Valid,Standard,1
4022059,105464001,Eye donor for corneal transplant,Social Context,SNOMED,Valid,Non-standard,1
4022015,116034001,Acute abscess,Morph Abnormality,SNOMED,Valid,Standard,1
4017175,170594001,Angina control - good,Clinical Finding,SNOMED,Valid,Standard,1
4017046,170756003,Blood sugar charts,Clinical Finding,SNOMED,Valid,Standard,1
4016895,170727003,Registered blind,Clinical Finding,SNOMED,Valid,Standard,1
4015836,170461002,Requires a course of gamma globulin,Clinical Finding,SNOMED,Valid,Standard,1
4014167,103391001,Urgent,Qualifier Value,SNOMED,Valid,Standard,1
4013695,165236004,Chair/bed transfer ability,Observable Entity,SNOMED,Valid,Standard,1
4013691,165196007,Procedures related to diagnosis,Procedure,SNOMED,Valid,Standard,1
4013298,103388001,Percutaneous approach,Qualifier Value,SNOMED,Valid,Standard,1
4012802,112685006,"Carcinosarcoma, embryonal",Morph Abnormality,SNOMED,Valid,Standard,1
4012801,112679004,Pseudomyxoma peritonei,Morph Abnormality,SNOMED,Valid,Standard,1
4011133,102737005,HDL cholesterol,Substance,SNOMED,Valid,Non-standard,1
4011081,112237001,Transsphenoidal approach,Qualifier Value,SNOMED,Valid,Standard,1
4010331,102442003,"Exposure to toxic agricultural agents, occupational",Event,SNOMED,Valid,Standard,1
4010103,112681002,Intradermal nevus,Morph Abnormality,SNOMED,Valid,Standard,1
4008043,102427001,Exposure to water pollution,Event,SNOMED,Valid,Standard,1
4006797,111056004,Flood,Event,SNOMED,Valid,Standard,1
4006129,111070004,Chromium,Substance,SNOMED,Valid,Non-standard,2
4005995,111050005,Bullet fragment,Physical Object,SNOMED,Valid,Non-standard,1
4004259,10083006,Cannabis sativa,Organism,SNOMED,Valid,Standard,3
4002790,1007001,Brassica oleracea,Organism,SNOMED,Valid,Standard,10
3967777,LP434045-3,Dupilumab,LOINC Component,LOINC,Valid,Non-standard,1
37397760,737661000168109,Sucroferric oxyhydroxide,Substance,SNOMED,Valid,Non-standard,1
37396718,716624002,Alfalfa,Substance,SNOMED,Valid,Standard,2
37395744,715295006,Cariprazine,Substance,SNOMED,Valid,Non-standard,1
37395655,715157007,Accidental fall due to being struck by panicked crowd,Event,SNOMED,Valid,Standard,1
37312609,789024007,Requires vaccination against cholera with typhoid-paratyphoid,Clinical Finding,SNOMED,Valid,Standard,1
37311286,816134008,Vaping,Event,SNOMED,Valid,Standard,1
37304212,494716691000132104,Medication titrated,Clinical Finding,SNOMED,Valid,Standard,1
37208155,461131000124103,Suicide attempt by carbon monoxide inhalation,Event,SNOMED,Valid,Standard,1
37208120,460761000124101,Has access to firearm,Clinical Finding,SNOMED,Valid,Standard,1
37208104,460591000124101,Screening for malignant neoplasm of colon done,Context-dependent,SNOMED,Valid,Non-standard,1
37204556,783261004,Lifetime non-drinker of alcohol,Clinical Finding,SNOMED,Valid,Standard,1
37118091,726756003,Krill oil,Substance,SNOMED,Valid,Non-standard,1
37111695,726769004,Platelet factor 4-heparin complex antibody,Substance,SNOMED,Valid,Standard,1
37109286,329071000119104,Long-term current use of tocilizumab,Context-dependent,SNOMED,Valid,Standard,1
37109021,16067291000119109,Allergy to hymenoptera venom,Clinical Finding,SNOMED,Valid,Non-standard,1
37108952,15912911000119102,Suspected victim of elder neglect,Context-dependent,SNOMED,Valid,Standard,1
37108856,152421000119107,Hemodialysis procedure done,Context-dependent,SNOMED,Valid,Non-standard,1
37108692,1099601000119106,Family history of genetic mutation for Lynch syndrome,Context-dependent,SNOMED,Valid,Standard,1
37108681,10878791000119101,Vaginal estrogen ring therapy done,Context-dependent,SNOMED,Valid,Non-standard,1
37078632,LP17990-0,Dantrolene,LOINC Component,LOINC,Valid,Non-standard,1
37075933,LP35637-5,Methylparaben,LOINC Component,LOINC,Valid,Non-standard,1
37075378,LP18141-9,Zomepirac,LOINC Component,LOINC,Valid,Non-standard,1
37074782,LP17479-4,Juniper,LOINC Component,LOINC,Valid,Non-standard,1
37073713,LP172589-6,Danazol,LOINC Component,LOINC,Valid,Non-standard,1
37072900,LP31699-9,Vitamin K,LOINC Component,LOINC,Valid,Non-standard,1
37070091,LP62166-1,Erythritol,LOINC Component,LOINC,Valid,Non-standard,1
37069902,LP19145-9,Methylergonovine,LOINC Component,LOINC,Valid,Non-standard,1
37069695,LP250851-5,Ustekinumab,LOINC Component,LOINC,Valid,Non-standard,1
37064720,LP230023-6,Cannabidiol,LOINC Component,LOINC,Valid,Non-standard,1
37060260,LP14892-1,methazolAMIDE,LOINC Component,LOINC,Valid,Non-standard,1
37056617,LP35809-0,Ribavirin,LOINC Component,LOINC,Valid,Non-standard,1
37056489,LP172583-9,SORAfenib,LOINC Component,LOINC,Valid,Non-standard,1
37055818,LP31712-0,Methylmethacrylate,LOINC Component,LOINC,Valid,Non-standard,1
37051074,LP61620-8,Fosphenytoin,LOINC Component,LOINC,Valid,Non-standard,1
37046185,LP18611-1,Methoxyflurane,LOINC Component,LOINC,Valid,Non-standard,1
37040911,LP21146-3,Cisapride,LOINC Component,LOINC,Valid,Non-standard,1
37039895,LP17293-9,Fire Ant,LOINC Component,LOINC,Valid,Non-standard,1
37039783,LP15165-1,Bromocriptine,LOINC Component,LOINC,Valid,Non-standard,1
37039172,LP36784-4,Teriflunomide,LOINC Component,LOINC,Valid,Non-standard,1
37036908,LP15630-4,Hexachlorophene,LOINC Component,LOINC,Valid,Non-standard,1
37035214,LP100039-9,Iloperidone,LOINC Component,LOINC,Valid,Non-standard,1
37034567,LP15451-5,Biotin,LOINC Component,LOINC,Valid,Non-standard,1
37029921,LP20808-9,Vigabatrin,LOINC Component,LOINC,Valid,Non-standard,1
37026178,LP266348-4,Perampanel,LOINC Component,LOINC,Valid,Non-standard,1
37018712,713310002,Soybean isoflavone,Substance,SNOMED,Valid,Non-standard,1
37018681,14580001000004104,Family history of Churg Strauss syndrome,Context-dependent,SNOMED,Valid,Standard,1
37018226,714666004,Difficulty obtaining medication,Clinical Finding,SNOMED,Valid,Standard,1
37018021,714413008,Difficulty abstaining from drinking,Clinical Finding,SNOMED,Valid,Standard,1
37017801,714139000,Adverse reaction to food additive,Disorder,SNOMED,Valid,Standard,1
37017449,713725004,Allergy to nevirapine,Clinical Finding,SNOMED,Valid,Non-standard,1
37017383,713648000,Canola oil,Substance,SNOMED,Valid,Non-standard,1
37016915,713070003,Drug misuser in household,Clinical Finding,SNOMED,Valid,Standard,1
37016734,712841000,Allergy to barley,Clinical Finding,SNOMED,Valid,Non-standard,1
36717725,719500002,Left care setting having refused treatment,Clinical Finding,SNOMED,Valid,Standard,1
36717604,723073000,Suspected pressure injury of deep tissue,Context-dependent,SNOMED,Valid,Standard,1
36717232,722810000,Prosthesis in situ,Clinical Finding,SNOMED,Valid,Non-standard,1
36717058,718723009,Live donor of kidney,Social Context,SNOMED,Valid,Non-standard,1
36716846,723061000,Tetanus vaccination declined by patient,Context-dependent,SNOMED,Valid,Standard,1
36716779,722959000,Anorexia nervosa co-occurrent with dangerously low body weight,Disorder,SNOMED,Valid,Standard,1
36716465,722480002,Chemotherapy started,Context-dependent,SNOMED,Valid,Standard,1
36715173,720684005,Domestic physical abuse,Event,SNOMED,Valid,Standard,1
36714859,720266003,Maternal request for obstetric intervention,Context-dependent,SNOMED,Valid,Standard,1
36714594,719891000,Problem with fiberglass cast,Clinical Finding,SNOMED,Valid,Standard,1
36713451,717781006,Suspected renal osteodystrophy,Context-dependent,SNOMED,Valid,Standard,1
36713022,16225231000119104,Pilonidal cyst,Morph Abnormality,SNOMED,Valid,Standard,1
36712843,124801000119108,Osteoporosis screening declined,Context-dependent,SNOMED,Valid,Standard,1
36676655,773600003,Sting by hymenoptera,Event,SNOMED,Valid,Standard,1
36676608,773518005,Allergy to phenylpropanolamine,Clinical Finding,SNOMED,Valid,Non-standard,1
36676521,773424001,Allergy to citric acid,Clinical Finding,SNOMED,Valid,Non-standard,1
36676307,773116000,Infective encephalitis suspected,Context-dependent,SNOMED,Valid,Standard,1
36676303,773112003,Infective meningitis suspected,Context-dependent,SNOMED,Valid,Standard,1
36676224,772815008,NAFLD (Non-Alcoholic Fatty Liver Disease) fibrosis score,Observable Entity,SNOMED,Valid,Non-standard,1
36675689,772154007,Typhoid fever suspected,Context-dependent,SNOMED,Valid,Standard,1
36675594,772005003,Failed ventouse delivery,Context-dependent,SNOMED,Valid,Standard,1
36675047,771312002,Bite of venomous spider,Event,SNOMED,Valid,Standard,1
36674375,773568002,Emergency medicine,Qualifier Value,SNOMED,Valid,Standard,1
3667062,871508005,Allergy to amoxicillin and/or clavulanic acid,Clinical Finding,SNOMED,Valid,Standard,1
3661407,688232241000119100,Disease caused by severe acute respiratory syndrome coronavirus 2 absent,Context-dependent,SNOMED,Valid,Standard,1
3655163,846743000,Cataract present,Context-dependent,SNOMED,Valid,Standard,1
36306476,LP19540-1,tiaGABine,LOINC Component,LOINC,Valid,Non-standard,1
36204697,LP16489-4,Streptokinase,LOINC Component,LOINC,Valid,Non-standard,1
36034099,LP421000-3,Methylene blue,LOINC Component,LOINC,Valid,Non-standard,1
35824973,74-475,Vitamin A,Value,UK Biobank,Valid,Standard,1
35824972,100691-1,Vitamin A,Answer,UK Biobank,Valid,Standard,1
35824971,100629-1,Vitamin A,Answer,UK Biobank,Valid,Standard,1
35824970,4-1140852756,vitamin a,Value,UK Biobank,Valid,Non-standard,1
35821113,74-468,Multivitamin,Value,UK Biobank,Valid,Standard,1
35627091,bd77cfbe-dcb3-4f52-bf5d-d02847f8e3b5,"Retired SNOMED UK Drug extension concept, do not use, use concept indicated by the CONCEPT_RELATIONSHIP table, if any",Qualifier Value,SNOMED,Valid,Non-standard,1
35627063,f6eaa18b-d7ce-488d-98b3-b8e5e1be90de,"Retired SNOMED UK Drug extension concept, do not use, use concept indicated by the CONCEPT_RELATIONSHIP table, if any",Qualifier Value,SNOMED,Valid,Non-standard,1
35626265,769681006,First encounter by subject,Clinical Finding,SNOMED,Valid,Standard,1
35625105,768083003,Left femoral hernia with gangrene,Disorder,SNOMED,Valid,Standard,1
35624630,767474001,Allergy to salicylic acid,Clinical Finding,SNOMED,Valid,Non-standard,1
35624348,767031008,Congenital left sided macrostomia,Disorder,SNOMED,Valid,Standard,1
35623430,765775002,Dysplasia of left kidney,Disorder,SNOMED,Valid,Standard,1
35623043,765320007,Saccharomyces cerevisiae,Substance,SNOMED,Valid,Non-standard,1
35622808,765001003,Monitoring of smoking cessation therapy declined,Context-dependent,SNOMED,Valid,Standard,1
35622681,764804000,Transplant donor EBV (Epstein Barr virus) antibody positive,Context-dependent,SNOMED,Valid,Standard,1
35608202,8c8e288e-916c-4306-9c2a-4c9958c1d3ec,"Retired SNOMED UK Drug extension concept, do not use, use concept indicated by the CONCEPT_RELATIONSHIP table, if any",Qualifier Value,SNOMED,Valid,Non-standard,1
35608132,767002009,Congenital dislocation of left hip,Disorder,SNOMED,Valid,Standard,1
3518882,442849001,Iloperidone,Substance,Nebraska Lexicon,Valid,Non-standard,1
3518875,11644000,Piperacillin sodium,Substance,Nebraska Lexicon,Valid,Non-standard,1
3518813,396012006,Deflazacort,Substance,Nebraska Lexicon,Valid,Non-standard,1
3518787,372799001,Molindone,Substance,Nebraska Lexicon,Valid,Non-standard,1
3518782,412248005,Methylprednisolone sodium succinate,Substance,Nebraska Lexicon,Valid,Non-standard,1
3518763,412524002,Triamcinolone hexacetonide,Substance,Nebraska Lexicon,Valid,Non-standard,1
3518747,761851004,Abemaciclib,Substance,Nebraska Lexicon,Valid,Non-standard,1
3518711,387007000,Orlistat,Substance,Nebraska Lexicon,Valid,Non-standard,1
3518701,387047007,Loteprednol etabonate,Substance,Nebraska Lexicon,Valid,Non-standard,1
3518666,116588001,Flunisolide,Substance,Nebraska Lexicon,Valid,Non-standard,1
3518618,11633008,Flurbiprofen sodium,Substance,Nebraska Lexicon,Valid,Non-standard,1
3518600,2925007,Fluorometholone,Substance,Nebraska Lexicon,Valid,Non-standard,1
3518577,96335004,Prednisolone sodium phosphate,Substance,Nebraska Lexicon,Valid,Non-standard,1
3518526,116586002,Fludrocortisone,Substance,Nebraska Lexicon,Valid,Non-standard,1
3518507,126086006,Prednicarbate,Substance,Nebraska Lexicon,Valid,Non-standard,1
3518500,387054001,Triclosan,Substance,Nebraska Lexicon,Valid,Non-standard,1
3518488,426208000,Floxacillin sodium,Substance,Nebraska Lexicon,Valid,Non-standard,1
3518418,387120000,Trihexyphenidyl,Substance,Nebraska Lexicon,Valid,Non-standard,1
3518401,372677003,Lincomycin,Substance,Nebraska Lexicon,Valid,Non-standard,1
3518396,11136004,Methoxyflurane,Substance,Nebraska Lexicon,Valid,Non-standard,1
3518392,426766002,Darifenacin hydrobromide,Substance,Nebraska Lexicon,Valid,Non-standard,1
3518334,372869004,Cyclopentolate,Substance,Nebraska Lexicon,Valid,Non-standard,1
3440205,226491003,Apple juice,Substance,Nebraska Lexicon,Valid,Non-standard,1
3425264,18569001,Potassium chlorate,Substance,Nebraska Lexicon,Valid,Non-standard,1
3424859,9315007,Spearmint oil,Substance,Nebraska Lexicon,Valid,Non-standard,1
3423630,387351001,Halothane,Substance,Nebraska Lexicon,Valid,Non-standard,1
3422077,713648000,Canola oil,Substance,Nebraska Lexicon,Valid,Non-standard,1
3418835,116090007,Levalbuterol,Substance,Nebraska Lexicon,Valid,Non-standard,1
3408232,372744005,Clemastine,Substance,Nebraska Lexicon,Valid,Non-standard,1
3406728,26312007,Phosphatidylcholine,Substance,Nebraska Lexicon,Valid,Non-standard,1
3405431,433292007,Desvenlafaxine succinate,Substance,Nebraska Lexicon,Valid,Non-standard,1
3398975,116269007,Maltitol,Substance,Nebraska Lexicon,Valid,Non-standard,1
3381551,387147005,Ferrous gluconate,Substance,Nebraska Lexicon,Valid,Non-standard,1
3373191,35098001,Imidazole,Substance,Nebraska Lexicon,Valid,Non-standard,1
3366092,444471000124101,Erythritol,Substance,Nebraska Lexicon,Valid,Non-standard,1
3365260,54235008,Histamine,Substance,Nebraska Lexicon,Valid,Non-standard,1
3360599,300066007,Nitrile,Substance,Nebraska Lexicon,Valid,Non-standard,1
3359591,372663001,Dexchlorpheniramine,Substance,Nebraska Lexicon,Valid,Non-standard,1
3357074,373483000,Silver nitrate,Substance,Nebraska Lexicon,Valid,Non-standard,1
3351474,414571007,Lanthanum carbonate,Substance,Nebraska Lexicon,Valid,Non-standard,1
3347746,387019008,Calcium acetate,Substance,Nebraska Lexicon,Valid,Non-standard,1
3345282,73553009,Rosemary oil,Substance,Nebraska Lexicon,Valid,Non-standard,1
3336043,765320007,Saccharomyces cerevisiae,Substance,Nebraska Lexicon,Valid,Non-standard,1
3333050,726756003,Krill oil,Substance,Nebraska Lexicon,Valid,Non-standard,1
3329582,59888006,Carnitine,Substance,Nebraska Lexicon,Valid,Non-standard,1
3327873,23172004,Bismuth,Substance,Nebraska Lexicon,Valid,Non-standard,1
3324470,737661000168109,Sucroferric oxyhydroxide,Substance,Nebraska Lexicon,Valid,Non-standard,1
3318109,372642003,Ketotifen,Substance,Nebraska Lexicon,Valid,Non-standard,1
3309706,51420009,Silicon,Substance,Nebraska Lexicon,Valid,Non-standard,1
3299746,20925001,Calcium glycerophosphate,Substance,Nebraska Lexicon,Valid,Non-standard,1
3289495,387337001,Magnesium hydroxide,Substance,Nebraska Lexicon,Valid,Non-standard,1
3286173,43564000,Ferric oxide,Substance,Nebraska Lexicon,Valid,Non-standard,1
3281602,412601002,Carob,Substance,Nebraska Lexicon,Valid,Non-standard,1
3277911,412405002,Horse blood extract,Substance,Nebraska Lexicon,Valid,Non-standard,1
3275136,63004003,Phenylalanine,Substance,Nebraska Lexicon,Valid,Non-standard,1
3274430,83036002,Lactate,Substance,Nebraska Lexicon,Valid,Non-standard,1
3259343,396015008,Desloratadine,Substance,Nebraska Lexicon,Valid,Non-standard,1
3240242,52209008,Calcium citrate,Substance,Nebraska Lexicon,Valid,Non-standard,1
3234660,734622007,Hydrated silica,Substance,Nebraska Lexicon,Valid,Non-standard,1
3234590,715295006,Cariprazine,Substance,Nebraska Lexicon,Valid,Non-standard,1
3231530,75799006,Lysine,Substance,Nebraska Lexicon,Valid,Non-standard,1
3218581,412064009,Corn syrup,Substance,Nebraska Lexicon,Valid,Non-standard,1
3217635,12510000,Eucalyptus oil,Substance,Nebraska Lexicon,Valid,Non-standard,1
3215787,11894001,Botulinum toxin,Substance,Nebraska Lexicon,Valid,Non-standard,1
3213994,52625008,Arginine,Substance,Nebraska Lexicon,Valid,Non-standard,1
3175999,412436005,Mixed vespid venom,Substance,Nebraska Lexicon,Valid,Non-standard,1
3053811,23832005,Lavender oil,Substance,Nebraska Lexicon,Valid,Non-standard,1
2617830,G8430,"Documentation of a medical reason(s) for not documenting, updating, or reviewing the patient's current medications list (e.g., patient is in an urgent or emergent medical situation)",HCPCS,HCPCS,Valid,Standard,1
2617816,G8416,Clinician documented that patient was not an eligible candidate for footwear evaluation measure,HCPCS,HCPCS,Valid,Standard,1
2617804,G8400,"Patient with central dual-energy x-ray absorptiometry (dxa) results not documented, reason not given",HCPCS,HCPCS,Valid,Non-standard,1
2414355,99058,"Service(s) provided on an emergency basis in the office, which disrupts other scheduled office services, in addition to basic service",CPT4,CPT4,Valid,Standard,1
2414344,99002,"Handling, conveyance, and/or any other service in connection with the implementation of an order involving devices (eg, designing, fitting, packaging, handling, delivery or mailing) when devices such as orthotics, protectives, prosthetics are fabr...",CPT4,CPT4,Valid,Standard,1
2213599,90993,"Dialysis training, patient, including helper where applicable, any mode, course not completed, per training session",CPT4,CPT4,Valid,Standard,1
2213592,90965,"End-stage renal disease (ESRD) related services for home dialysis per full month, for patients 12-19 years of age to include monitoring for the adequacy of nutrition, assessment of growth and development, and counseling of parents",CPT4,CPT4,Valid,Standard,1
21497538,LP199593-7,Olive,LOINC Component,LOINC,Valid,Non-standard,1
21496006,LP173640-6,Nitric oxide,LOINC Component,LOINC,Valid,Non-standard,1
2108802,4274F,Influenza immunization administered or previously received (HIV) (P-ESRD),CPT4,CPT4,Valid,Non-standard,1
2108786,4260F,Wound surface culture technique used (CWC),CPT4,CPT4,Valid,Non-standard,1
2108694,4180F,"Adjuvant chemotherapy referred, prescribed, or previously received for Stage III colon cancer (ONC)",CPT4,CPT4,Valid,Standard,1
2108679,4165F,3-dimensional conformal radiotherapy (3D-CRT) or intensity modulated radiation therapy (IMRT) received (PRCA),CPT4,CPT4,Valid,Non-standard,1
2108678,4164F,"Adjuvant (ie, in combination with external beam radiotherapy to the prostate for prostate cancer) hormonal therapy (gonadotropin-releasing hormone [GnRH] agonist or antagonist) prescribed/administered (PRCA)",CPT4,CPT4,Valid,Standard,1
2108564,4052F,Hemodialysis via functioning arteriovenous (AV) fistula (ESRD),CPT4,CPT4,Valid,Standard,1
2108542,4030F,Long-term oxygen therapy prescribed (more than 15 hours per day) (COPD),CPT4,CPT4,Valid,Standard,1
2107158,3342F,"Mammogram assessment category of ""benign,"" documented (RAD)",CPT4,CPT4,Valid,Standard,1
2106888,3288F,Falls risk assessment documented (GER),CPT4,CPT4,Valid,Non-standard,1
2106887,3285F,Intraocular pressure (IOP) reduced by a value less than 15% from the pre-intervention level (EC),CPT4,CPT4,Valid,Standard,1
2106708,3215F,Patient has documented immunity to Hepatitis A (HEP-C),CPT4,CPT4,Valid,Non-standard,1
2106465,3141F,Upper gastrointestinal endoscopy report indicates no suspicion of Barrett's esophagus (GERD),CPT4,CPT4,Valid,Non-standard,1
2106342,3100F,"Carotid imaging study report (includes direct or indirect reference to measurements of distal internal carotid diameter as the denominator for stenosis measurement) (STR, RAD)",CPT4,CPT4,Valid,Non-standard,1
2106280,3073F,"Pre-surgical (cataract) axial length, corneal power measurement and method of intraocular lens power calculation documented within 12 months prior to surgery (EC)",CPT4,CPT4,Valid,Non-standard,1
2106279,3072F,Low risk for retinopathy (no evidence of retinopathy in the prior year) (DM),CPT4,CPT4,Valid,Standard,1
2106276,3062F,Positive macroalbuminuria test result documented and reviewed (DM),CPT4,CPT4,Valid,Non-standard,1
2106274,3061F,Negative microalbuminuria test result documented and reviewed (DM),CPT4,CPT4,Valid,Non-standard,1
2106273,3060F,Positive microalbuminuria test result documented and reviewed (DM),CPT4,CPT4,Valid,Non-standard,1
2106136,3006F,Chest X-ray results documented and reviewed (CAP),CPT4,CPT4,Valid,Non-standard,1
2102878,2044F,Documentation of mental health assessment prior to intervention (back surgery or epidural steroid injection) or for back pain episode lasting longer than 6 weeks (BkP),CPT4,CPT4,Valid,Standard,1
2101907,1070F,"Alarm symptoms (involuntary weight loss, dysphagia, or gastrointestinal bleeding) assessed; none present (GERD)",CPT4,CPT4,Valid,Standard,1
2101902,1055F,Visual functional status assessed (EC),CPT4,CPT4,Valid,Non-standard,1
2101901,1050F,History obtained regarding new or changing moles (ML),CPT4,CPT4,Valid,Non-standard,1
2101895,1034F,"Current tobacco smoker (CAD, CAP, COPD, PV) (DM)",CPT4,CPT4,Valid,Standard,1
2101887,1015F,"Chronic obstructive pulmonary disease (COPD) symptoms assessed (Includes assessment of at least 1 of the following: dyspnea, cough/sputum, wheezing), or respiratory symptom assessment tool completed (COPD)",CPT4,CPT4,Valid,Non-standard,1
2101850,0575F,"HIV RNA control plan of care, documented (HIV)",CPT4,CPT4,Valid,Standard,1
2101839,0517F,Glaucoma plan of care documented (EC),CPT4,CPT4,Valid,Standard,1
201998,88500006,Unilateral traumatic amputation of leg at OR above knee without complication,Context-dependent,SNOMED,Valid,Non-standard,1
1991597,LP429469-2,Brexpiprazole,LOINC Component,LOINC,Valid,Non-standard,1
1991596,LP429468-4,Cariprazine,LOINC Component,LOINC,Valid,Non-standard,1
19475075,D013388,Succinimides,Main Heading,MeSH,Valid,Non-standard,1
19474261,D001645,Biguanides,Main Heading,MeSH,Valid,Non-standard,1
19430157,C057291,piroxicam cinnamate,Suppl Concept,MeSH,Valid,Non-standard,1
19401515,D054327,Lubricants,Main Heading,MeSH,Valid,Non-standard,1
19398641,D031584,Hibiscus,Main Heading,MeSH,Valid,Non-standard,1
19398178,D029588,Moringa oleifera,Main Heading,MeSH,Valid,Non-standard,1
19394987,D014970,Xanthines,Main Heading,MeSH,Valid,Non-standard,1
19337748,C514136,calcium propionate,Suppl Concept,MeSH,Valid,Non-standard,1
1619373,LP422273-5,Propylparaben,LOINC Component,LOINC,Valid,Non-standard,1
1177113,LP35848-8,Dalbavancin,LOINC Component,LOINC,Valid,Non-standard,1
1176968,LP36048-4,Tigecycline,LOINC Component,LOINC,Valid,Non-standard,1
1176806,LP17268-1,Ceftibuten,LOINC Component,LOINC,Valid,Non-standard,1
1176668,LP158089-5,Telavancin,LOINC Component,LOINC,Valid,Non-standard,1
1012583,LP183635-4,GEL,LOINC Method,LOINC,Valid,Non-standard,1
4050798,160299006,FH: neoplasm of uterus,Clinical Observation,SNOMED,Valid,Standard,1165
4225586,84756000,Adhesive tape,Clinical Observation,SNOMED,Valid,Non-standard,603
4053374,160298003,FH: neoplasm of cervix,Clinical Observation,SNOMED,Valid,Standard,414
4328724,75413007,Arachis hypogaea,Clinical Observation,SNOMED,Valid,Non-standard,188
4208416,55242003,Lycopersicon esculentum,Clinical Observation,SNOMED,Valid,Non-standard,43
4278230,65256004,Triticum aestivum - wheat,Clinical Observation,SNOMED,Valid,Non-standard,41
4194764,6788000,Triticum - wheat,Clinical Observation,SNOMED,Valid,Non-standard,41
4239367,69334009,Ambrosia,Clinical Observation,SNOMED,Valid,Non-standard,40
4024608,225314003,Risk management,Clinical Observation,SNOMED,Valid,Standard,38
4041848,229824005,Positioning patient,Clinical Observation,SNOMED,Valid,Standard,63
4088561,185316007,Indirect encounter,Clinical Observation,SNOMED,Valid,Standard,32
4087403,2447002,Zea - corn,Clinical Observation,SNOMED,Valid,Non-standard,30
4213608,80397000,Allium cepa,Clinical Observation,SNOMED,Valid,Non-standard,30
4151052,28140004,Persea americana,Clinical Observation,SNOMED,Valid,Non-standard,24
4328090,75618005,Prunus persica,Clinical Observation,SNOMED,Valid,Non-standard,23
4339307,88161000,Mangifera indica,Clinical Observation,SNOMED,Valid,Non-standard,22
4249532,406951002,Silver stain,Clinical Observation,SNOMED,Valid,Non-standard,20
4263597,46051000,Malus,Clinical Observation,SNOMED,Valid,Non-standard,19
4245761,59627001,Allium ameloprasum,Clinical Observation,SNOMED,Valid,Non-standard,18
4238863,69240000,Juglans,Clinical Observation,SNOMED,Valid,Non-standard,15
4249182,73622002,Prunus cerasus,Clinical Observation,SNOMED,Valid,Non-standard,10
4107479,256435007,Feather,Clinical Observation,SNOMED,Valid,Non-standard,9
4183007,54803003,Cucumis,Clinical Observation,SNOMED,Valid,Non-standard,7
4101623,25352004,Pear,Clinical Observation,SNOMED,Valid,Non-standard,7
4049301,15784008,Prunus armeniaca,Clinical Observation,SNOMED,Valid,Non-standard,6
4098704,26949008,Avena,Clinical Observation,SNOMED,Valid,Non-standard,6
4246456,9424004,Cultivated oat,Clinical Observation,SNOMED,Valid,Non-standard,6
4303810,418504009,Oat,Clinical Observation,SNOMED,Valid,Non-standard,6
37312705,787979009,Cyanocobalamin- and folic acid- and pyridoxine-containing product,Clinical Observation,SNOMED,Valid,Standard,6
4070772,21655001,Cassia acutifolia,Clinical Observation,SNOMED,Valid,Non-standard,5
4066239,2003004,Hordeum,Clinical Observation,SNOMED,Valid,Non-standard,5
4217986,72903004,Rheum rhaponicum,Clinical Observation,SNOMED,Valid,Non-standard,4
4026892,227150003,Mussel,Clinical Observation,SNOMED,Valid,Non-standard,4
4245370,396529002,Meleagris - turkeys,Clinical Observation,SNOMED,Valid,Standard,3
4024333,10646007,Fagopyrum esculentum,Clinical Observation,SNOMED,Valid,Non-standard,3
4013438,103584003,Carica papaya - papaya,Clinical Observation,SNOMED,Valid,Non-standard,3
4050520,1590002,Irish potato,Clinical Observation,SNOMED,Valid,Non-standard,3
4013888,103589008,Citrus limon,Clinical Observation,SNOMED,Valid,Non-standard,3
44807134,815751000000108,Shared decision making with decision support,Clinical Observation,SNOMED,Valid,Standard,2
4013441,103596005,Mentha,Clinical Observation,SNOMED,Valid,Non-standard,2
4013444,103599003,Mentha piperita,Clinical Observation,SNOMED,Valid,Non-standard,2
4219373,8206006,Myristica fragrans,Clinical Observation,SNOMED,Valid,Non-standard,2
46271909,710178007,Linseed,Clinical Observation,SNOMED,Valid,Non-standard,2
4075576,1785003,Prunus domestica,Clinical Observation,SNOMED,Valid,Non-standard,2
37155722,30141000087107,SARS-CoV-2 virus-like particle antigen vaccine,Clinical Observation,SNOMED,Valid,Standard,1
4183294,54688007,Fire ant,Clinical Observation,SNOMED,Valid,Non-standard,1
4086467,18424005,Medicago sativa,Clinical Observation,SNOMED,Valid,Non-standard,1
4302743,7852009,Lima bean,Clinical Observation,SNOMED,Valid,Non-standard,1
4013442,103597001,Mentha spicata,Clinical Observation,SNOMED,Valid,Non-standard,1
4235129,90563009,Juniperus,Clinical Observation,SNOMED,Valid,Non-standard,1
4204919,439202006,Monitoring of international normalized ratio,Clinical Observation,SNOMED,Valid,Standard,1
4216952,395858003,Rasburicase,Substance,SNOMED,Valid,Non-standard,6
4299061,387460005,Teniposide,Substance,SNOMED,Valid,Non-standard,1
4305237,386978004,Basiliximab,Substance,SNOMED,Valid,Non-standard,1
4025368,,General information qualifier,Context-dependent,SNOMED,Valid,Standard,6084327
4005823,,Tobacco user,Clinical Finding,SNOMED,Valid,Standard,3086017
40299108,,Cigarette smoker,Clinical Finding,SNOMED,Valid,Standard,65088
703441,,COVID-19 confirmed by laboratory test,Clinical Finding,SNOMED,Valid,Standard,22363
40298675,,Passive smoker,Clinical Finding,SNOMED,Valid,Standard,1056
40562282,,Chews tobacco,Clinical Finding,SNOMED,Valid,Standard,565
40298659,,Light cigarette smoker (1-9 cigs/day),Clinical Finding,SNOMED,Valid,Standard,140
40298661,,Heavy cigarette smoker (20-39 cigs/day),Clinical Finding,SNOMED,Valid,Standard,108
40298676,,Cigar smoker,Clinical Finding,SNOMED,Valid,Standard,68
37017610,,User of smokeless tobacco,Clinical Finding,SNOMED,Valid,Standard,33
4043053,,Snuff user,Clinical Finding,SNOMED,Valid,Standard,20
40298660,,Moderate cigarette smoker (10-19 cigs/day),Clinical Finding,SNOMED,Valid,Standard,20
40298674,,Pipe smoker,Clinical Finding,SNOMED,Valid,Standard,12
45765920,,Never used tobacco,Clinical Finding,SNOMED,Valid,Standard,3
40459042,40459042,Quinolones,Main Heading,SNOMED,Valid,Non-standard,46
4032059,4032059,Chlorhexidine gluconate,Suppl Concept,SNOMED,Valid,Non-standard,40
40534548,40534548,Tetracyclines,Main Heading,SNOMED,Valid,Non-standard,36
4232770,4232770,Cefuroxime axetil,Suppl Concept,SNOMED,Valid,Non-standard,29
4227704,4227704,Rosuvastatin calcium,Main Heading,SNOMED,Valid,Non-standard,25
4305262,4305262,Valproic acid,Main Heading,SNOMED,Valid,Non-standard,34
4193945,4193945,Clavulanic acid,Main Heading,SNOMED,Valid,Non-standard,12
4140913,4140913,Tiotropium bromide,Main Heading,SNOMED,Valid,Non-standard,10
4031593,4031593,Enoxaparin sodium,Suppl Concept,SNOMED,Valid,Non-standard,7
4145859,4145859,Tetanus antitoxin,Main Heading,SNOMED,Valid,Non-standard,7
4134525,4134525,Propoxyphene napsylate,Suppl Concept,SNOMED,Valid,Non-standard,6
4134581,4134581,Clemizole,Suppl Concept,SNOMED,Valid,Non-standard,6
4293596,4293596,Clindamycin phosphate,Suppl Concept,SNOMED,Valid,Non-standard,6
4139431,4139431,Insulin aspart,Main Heading,SNOMED,Valid,Non-standard,6
4217134,4217134,Fluocinolone acetonide,Main Heading,SNOMED,Valid,Non-standard,4
4136021,4136021,Olmesartan medoxomil,Main Heading,SNOMED,Valid,Non-standard,3
4320367,4320367,Prednisolone acetate,Suppl Concept,SNOMED,Valid,Non-standard,3
40280082,40280082,Brimonidine tartrate,Main Heading,SNOMED,Valid,Non-standard,6
4032406,4032406,Sildenafil citrate,Main Heading,SNOMED,Valid,Non-standard,3
4304294,4304294,Glycopyrrolate,Main Heading,SNOMED,Valid,Non-standard,6
4029048,4029048,Quetiapine fumarate,Main Heading,SNOMED,Valid,Non-standard,3
4137858,4137858,Sitagliptin phosphate,Main Heading,SNOMED,Valid,Non-standard,2
4032093,4032093,Carboprost tromethamine,Suppl Concept,SNOMED,Valid,Non-standard,2
4237636,4237636,Enbucrilate,Main Heading,SNOMED,Valid,Non-standard,2
4154902,4154902,Sorbic acid,Main Heading,SNOMED,Valid,Non-standard,2
40351141,40351141,Benzoic acid,Main Heading,SNOMED,Valid,Non-standard,2
4297532,4297532,Candesartan cilexetil,Suppl Concept,SNOMED,Valid,Non-standard,4
4309115,4309115,Erythromycin stearate,Suppl Concept,SNOMED,Valid,Non-standard,1
4320182,4320182,Cefpodoxime proxetil,Suppl Concept,SNOMED,Valid,Non-standard,1
4309858,4309858,Histamine phosphate,Suppl Concept,SNOMED,Valid,Non-standard,1
4006822,4006822,Fluphenazine enanthate,Suppl Concept,SNOMED,Valid,Non-standard,1
4300855,4300855,Quinidine gluconate,Suppl Concept,SNOMED,Valid,Non-standard,1
4234582,4234582,Penicillinase,Main Heading,SNOMED,Valid,Non-standard,1
4134531,4134531,Triamcinolone hexacetonide,Suppl Concept,SNOMED,Valid,Non-standard,1
4023390,4023390,Testosterone enanthate,Suppl Concept,SNOMED,Valid,Non-standard,1
4322104,4322104,Lumiracoxib,Suppl Concept,SNOMED,Valid,Non-standard,1
4156401,4156401,Cefditoren pivoxil,Suppl Concept,SNOMED,Valid,Non-standard,1
40526755,40526755,Interferons,Main Heading,SNOMED,Valid,Non-standard,2
45766700,45766700,Aclidinium bromide,Suppl Concept,SNOMED,Valid,Non-standard,1
4193809,4193809,Mometasone furoate,Main Heading,SNOMED,Valid,Non-standard,1
4043015,4043015,Plague vaccine,Main Heading,SNOMED,Valid,Non-standard,1
4243930,4243930,Hyaluronic acid,Main Heading,SNOMED,Valid,Non-standard,1
35625974,35625974,Ioxaglic acid,Main Heading,SNOMED,Valid,Non-standard,1
4298924,4298924,Cromolyn sodium,Main Heading,SNOMED,Valid,Non-standard,2
4299023,4299023,Nalidixic acid,Main Heading,SNOMED,Valid,Non-standard,3
4225166,4225166,Ibandronic acid,Main Heading,SNOMED,Valid,Non-standard,2
4198916,4198916,Desvenlafaxine succinate,Main Heading,SNOMED,Valid,Non-standard,1
40577337,40577337,Atazanavir sulfate,Main Heading,SNOMED,Valid,Non-standard,1
4032572,4032572,Glatiramer acetate,Main Heading,SNOMED,Valid,Non-standard,1
4307012,4307012,Codeine,Answer,SNOMED,Valid,Standard,1598
4305091,4305091,Lisinopril,Value,SNOMED,Valid,Non-standard,795
4189449,4189449,Morphine,Value,SNOMED,Valid,Non-standard,758
4156860,4156860,Amoxicillin,Value,SNOMED,Valid,Non-standard,1268
4306886,4306886,Aspirin,Answer,SNOMED,Valid,Standard,1437
4187588,4187588,Ciprofloxacin,Value,SNOMED,Valid,Non-standard,940
4299172,4299172,Levofloxacin,Value,SNOMED,Valid,Non-standard,896
4297525,4297525,Tramadol,Value,SNOMED,Valid,Non-standard,436
4189425,4189425,Atorvastatin,Value,SNOMED,Valid,Non-standard,372
4164069,4164069,Vancomycin,Value,SNOMED,Valid,Non-standard,742
4298923,4298923,Ibuprofen,Value,SNOMED,Valid,Non-standard,334
4306840,4306840,Cephalexin,Value,SNOMED,Valid,Non-standard,628
4164059,4164059,Erythromycin,Value,SNOMED,Valid,Non-standard,596
4299745,4299745,Gabapentin,Value,SNOMED,Valid,Non-standard,275
4187575,4187575,Clindamycin,Value,SNOMED,Valid,Non-standard,532
4305087,4305087,Amlodipine,Value,SNOMED,Valid,Non-standard,255
4299165,4299165,Azithromycin,Value,SNOMED,Valid,Non-standard,464
4306040,4306040,Acetaminophen,Value,SNOMED,Valid,Non-standard,230
40613160,40613160,Egg,Value,SNOMED,Valid,Standard,195
4159634,4159634,Heparin,Value,SNOMED,Valid,Non-standard,188
4159323,4159323,Metformin,Value,SNOMED,Valid,Non-standard,188
4299030,4299030,Meperidine,Value,SNOMED,Valid,Non-standard,188
4156709,4156709,Doxycycline,Value,SNOMED,Valid,Non-standard,370
4023242,4023242,Prednisone,Value,SNOMED,Valid,Non-standard,174
4205895,4205895,Penicillin G,Value,SNOMED,Valid,Non-standard,328
4162415,4162415,Fentanyl,Value,SNOMED,Valid,Non-standard,147
4158269,4158269,Prochlorperazine,Value,SNOMED,Valid,Non-standard,141
4306031,4306031,Clarithromycin,Value,SNOMED,Valid,Non-standard,282
4187023,4187023,Metoclopramide,Value,SNOMED,Valid,Non-standard,136
4187581,4187581,Tetracycline,Value,SNOMED,Valid,Non-standard,268
4187584,4187584,Metoprolol,Value,SNOMED,Valid,Non-standard,134
45763630,45763630,Rosuvastatin,Value,SNOMED,Valid,Non-standard,130
4301328,4301328,Simvastatin,Value,SNOMED,Valid,Non-standard,129
4186860,4186860,Naproxen,Value,SNOMED,Valid,Non-standard,121
4187330,4187330,Pregabalin,Value,SNOMED,Valid,Non-standard,120
4159615,4159615,Amiodarone,Value,SNOMED,Valid,Non-standard,119
4299163,4299163,Hydrochlorothiazide,Value,SNOMED,Valid,Non-standard,118
4159334,4159334,Metronidazole,Value,SNOMED,Valid,Non-standard,234
4305261,4305261,Spironolactone,Value,SNOMED,Valid,Non-standard,116
4186842,4186842,Ketorolac,Value,SNOMED,Valid,Non-standard,113
4190223,4190223,Losartan,Value,SNOMED,Valid,Non-standard,111
4186990,4186990,Ceftriaxone,Value,SNOMED,Valid,Non-standard,222
4021058,4021058,Celecoxib,Value,SNOMED,Valid,Non-standard,107
4299887,4299887,Lorazepam,Value,SNOMED,Valid,Non-standard,106
4304295,4304295,Hydralazine,Value,SNOMED,Valid,Non-standard,105
4306735,4306735,Cefaclor,Value,SNOMED,Valid,Non-standard,198
4159993,4159993,Nitrofurantoin,Value,SNOMED,Valid,Non-standard,188
4299739,4299739,Haloperidol,Value,SNOMED,Valid,Non-standard,94
4158887,4158887,Niacin,Value,SNOMED,Valid,Non-standard,93
4308523,4308523,Zolpidem,Value,SNOMED,Valid,Non-standard,79
4306892,4306892,Furosemide,Value,SNOMED,Valid,Non-standard,78
4230914,4230914,Duloxetine,Value,SNOMED,Valid,Non-standard,74
4301090,4301090,Phenytoin,Value,SNOMED,Valid,Non-standard,69
4305915,4305915,Cefazolin,Value,SNOMED,Valid,Non-standard,136
4190222,4190222,Pravastatin,Value,SNOMED,Valid,Non-standard,67
4297685,4297685,Levetiracetam,Value,SNOMED,Valid,Non-standard,67
4298903,4298903,Allopurinol,Value,SNOMED,Valid,Non-standard,67
4306047,4306047,Bupropion,Value,SNOMED,Valid,Non-standard,66
4307009,4307009,Nifedipine,Value,SNOMED,Valid,Non-standard,66
4304142,4304142,Clopidogrel,Value,SNOMED,Valid,Non-standard,66
4134512,4134512,Moxifloxacin,Value,SNOMED,Valid,Non-standard,130
4306706,4306706,Ampicillin,Value,SNOMED,Valid,Non-standard,126
4157765,4157765,Ondansetron,Value,SNOMED,Valid,Non-standard,59
4187015,4187015,Warfarin,Value,SNOMED,Valid,Non-standard,56
4020620,4020620,Methylprednisolone,Value,SNOMED,Valid,Non-standard,56
40549543,40549543,Epinephrine,Value,SNOMED,Valid,Non-standard,56
4306732,4306732,Diazepam,Value,SNOMED,Valid,Non-standard,56
4305089,4305089,Carvedilol,Value,SNOMED,Valid,Non-standard,56
4158266,4158266,Trazodone,Value,SNOMED,Valid,Non-standard,55
4299020,4299020,Sulfasalazine,Value,SNOMED,Valid,Non-standard,53
4304126,4304126,Quetiapine,Value,SNOMED,Valid,Non-standard,51
4301210,4301210,Nitroglycerin,Value,SNOMED,Valid,Non-standard,50
4299874,4299874,Meloxicam,Value,SNOMED,Valid,Non-standard,49
4254500,4254500,Ezetimibe,Value,SNOMED,Valid,Non-standard,49
4299168,4299168,Meropenem,Value,SNOMED,Valid,Non-standard,96
4137589,4137589,Cortisone,Value,SNOMED,Valid,Non-standard,48
4159329,4159329,Sertraline,Value,SNOMED,Valid,Non-standard,46
4304300,4304300,Omeprazole,Value,SNOMED,Valid,Non-standard,46
4297530,4297530,Ramipril,Value,SNOMED,Valid,Non-standard,44
4156716,4156716,Tamsulosin,Value,SNOMED,Valid,Non-standard,43
4306720,4306720,Carbamazepine,Value,SNOMED,Valid,Non-standard,43
4193816,4193816,Pantoprazole,Value,SNOMED,Valid,Non-standard,42
4159321,4159321,Enoxaparin,Value,SNOMED,Valid,Non-standard,41
4301206,4301206,Methotrexate,Value,SNOMED,Valid,Non-standard,40
4187143,4187143,Clonidine,Value,SNOMED,Valid,Non-standard,36
4156855,4156855,Enalapril,Value,SNOMED,Valid,Non-standard,36
4301320,4301320,Lamotrigine,Value,SNOMED,Valid,Non-standard,36
4299744,4299744,Topiramate,Value,SNOMED,Valid,Non-standard,36
4186987,4186987,Cefadroxil,Value,SNOMED,Valid,Non-standard,70
4299840,4299840,Valsartan,Value,SNOMED,Valid,Non-standard,34
4158255,4158255,Fluoxetine,Value,SNOMED,Valid,Non-standard,34
4187577,4187577,Diltiazem,Value,SNOMED,Valid,Non-standard,34
4267846,4267846,Escitalopram,Value,SNOMED,Valid,Non-standard,33
4305239,4305239,Alprazolam,Value,SNOMED,Valid,Non-standard,33
4163776,4163776,Venlafaxine,Value,SNOMED,Valid,Non-standard,32
4217875,4217875,Sumatriptan,Value,SNOMED,Valid,Non-standard,32
4306852,4306852,Baclofen,Value,SNOMED,Valid,Non-standard,32
4159991,4159991,Hydroxychloroquine,Value,SNOMED,Valid,Non-standard,31
4306707,4306707,Fluconazole,Value,SNOMED,Valid,Non-standard,30
4187005,4187005,Amitriptyline,Value,SNOMED,Valid,Non-standard,30
4244056,4244056,Iron,Answer,SNOMED,Valid,Standard,87
4299740,4299740,Risperidone,Value,SNOMED,Valid,Non-standard,28
4188390,4188390,Cefuroxime,Value,SNOMED,Valid,Non-standard,56
4306037,4306037,Atenolol,Value,SNOMED,Valid,Non-standard,28
4187569,4187569,Verapamil,Value,SNOMED,Valid,Non-standard,28
4306709,4306709,Trimethoprim,Value,SNOMED,Valid,Non-standard,54
4189441,4189441,Phenobarbital,Value,SNOMED,Valid,Non-standard,26
4305085,4305085,Mirtazapine,Value,SNOMED,Valid,Non-standard,26
4156854,4156854,Minocycline,Value,SNOMED,Valid,Non-standard,52
4159969,4159969,Tizanidine,Value,SNOMED,Valid,Non-standard,25
4322323,4322323,Diclofenac,Value,SNOMED,Valid,Non-standard,25
4245841,4245841,Ertapenem,Value,SNOMED,Valid,Non-standard,48
4304173,4304173,Linezolid,Value,SNOMED,Valid,Non-standard,48
4159492,4159492,Propranolol,Value,SNOMED,Valid,Non-standard,24
4306698,4306698,Glipizide,Value,SNOMED,Valid,Non-standard,23
40288319,40288319,Dexamethasone,Value,SNOMED,Valid,Non-standard,23
4297536,4297536,Lansoprazole,Value,SNOMED,Valid,Non-standard,22
4160635,4160635,Pseudoephedrine,Value,SNOMED,Valid,Non-standard,21
40597170,40597170,Orange,Value,SNOMED,Valid,Standard,21
4301207,4301207,Clonazepam,Value,SNOMED,Valid,Non-standard,21
4164032,4164032,Azathioprine,Value,SNOMED,Valid,Non-standard,21
4159986,4159986,Indomethacin,Value,SNOMED,Valid,Non-standard,20
4306718,4306718,Famotidine,Value,SNOMED,Valid,Non-standard,20
4187008,4187008,Dicyclomine,Value,SNOMED,Valid,Non-standard,20
4304159,4304159,Rofecoxib,Value,SNOMED,Valid,Non-standard,20
4304125,4304125,Olanzapine,Value,SNOMED,Valid,Non-standard,20
4298899,4298899,Metolazone,Value,SNOMED,Valid,Non-standard,20
4305251,4305251,Oxcarbazepine,Value,SNOMED,Valid,Non-standard,19
4246699,4246699,Fluticasone,Value,SNOMED,Valid,Non-standard,19
4307017,4307017,Buspirone,Value,SNOMED,Valid,Non-standard,19
4232145,4232145,Aripiprazole,Value,SNOMED,Valid,Non-standard,19
4159330,4159330,Citalopram,Value,SNOMED,Valid,Non-standard,18
4306033,4306033,Bumetanide,Value,SNOMED,Valid,Non-standard,18
4164066,4164066,Penicillin V,Value,SNOMED,Valid,Non-standard,34
4134356,4134356,Olmesartan,Value,SNOMED,Valid,Non-standard,17
4156718,4156718,Cetirizine,Value,SNOMED,Valid,Non-standard,16
4158271,4158271,Hydroxyzine,Value,SNOMED,Valid,Non-standard,16
4156853,4156853,Nortriptyline,Value,SNOMED,Valid,Non-standard,15
4245352,4245352,Hydrocortisone,Value,SNOMED,Valid,Non-standard,15
4305884,4305884,Gentamicin,Value,SNOMED,Valid,Non-standard,30
4301212,4301212,Scopolamine,Value,SNOMED,Valid,Non-standard,15
4306846,4306846,Chlorthalidone,Value,SNOMED,Valid,Non-standard,14
4305894,4305894,Aztreonam,Value,SNOMED,Valid,Non-standard,28
4305086,4305086,Isosorbide mononitrate,Value,SNOMED,Valid,Non-standard,14
4160637,4160637,Sotalol,Value,SNOMED,Valid,Non-standard,14
4304147,4304147,Tacrolimus,Value,SNOMED,Valid,Non-standard,14
4298921,4298921,Ceftazidime,Value,SNOMED,Valid,Non-standard,26
4308517,4308517,Ofloxacin,Value,SNOMED,Valid,Non-standard,26
4156871,4156871,Labetalol,Value,SNOMED,Valid,Non-standard,13
4305238,4305238,Leflunomide,Value,SNOMED,Valid,Non-standard,13
4020623,4020623,Prednisolone,Value,SNOMED,Valid,Non-standard,13
4216941,4216941,Pioglitazone,Value,SNOMED,Valid,Non-standard,13
4187012,4187012,Tolmetin,Value,SNOMED,Valid,Non-standard,13
4299839,4299839,Quinapril,Value,SNOMED,Valid,Non-standard,13
4299050,4299050,Sucralfate,Value,SNOMED,Valid,Non-standard,12
4299018,4299018,Penicillamine,Value,SNOMED,Valid,Non-standard,12
4305257,4305257,Nystatin,Value,SNOMED,Valid,Non-standard,12
4305898,4305898,Mupirocin,Value,SNOMED,Valid,Non-standard,24
4306887,4306887,Digoxin,Value,SNOMED,Valid,Non-standard,12
4304180,4304180,Terazosin,Value,SNOMED,Valid,Non-standard,12
4307023,4307023,Cefprozil,Value,SNOMED,Valid,Non-standard,22
4301096,4301096,Chlorpromazine,Value,SNOMED,Valid,Non-standard,11
4251303,4251303,Adalimumab,Value,SNOMED,Valid,Non-standard,11
4187600,4187600,Chlorpheniramine,Value,SNOMED,Valid,Non-standard,11
4304136,4304136,Loratadine,Value,SNOMED,Valid,Non-standard,11
4304290,4304290,Dapsone,Value,SNOMED,Valid,Non-standard,11
4297526,4297526,Etodolac,Value,SNOMED,Valid,Non-standard,11
4304129,4304129,Nabumetone,Value,SNOMED,Valid,Non-standard,11
4134357,4134357,Oseltamivir,Value,SNOMED,Valid,Non-standard,11
4159479,4159479,Oxybutynin,Value,SNOMED,Valid,Non-standard,11
4217128,4217128,Esomeprazole,Value,SNOMED,Valid,Non-standard,10
4307022,4307022,Cefixime,Value,SNOMED,Valid,Non-standard,20
4159302,4159302,Doxazosin,Value,SNOMED,Valid,Non-standard,10
4189283,4189283,Methylphenidate,Value,SNOMED,Valid,Non-standard,10
4156862,4156862,Pentamidine,Value,SNOMED,Valid,Non-standard,10
4164031,4164031,Sildenafil,Value,SNOMED,Valid,Non-standard,10
4301087,4301087,Ketoconazole,Value,SNOMED,Valid,Non-standard,9
4217723,4217723,Budesonide,Value,SNOMED,Valid,Non-standard,9
4306696,4306696,Carisoprodol,Value,SNOMED,Valid,Non-standard,9
4159311,4159311,Fexofenadine,Value,SNOMED,Valid,Non-standard,9
4156872,4156872,Flecainide,Value,SNOMED,Valid,Non-standard,9
4299179,4299179,Fluvastatin,Value,SNOMED,Valid,Non-standard,9
4189453,4189453,Tobramycin,Value,SNOMED,Valid,Non-standard,18
4299068,4299068,Methocarbamol,Value,SNOMED,Valid,Non-standard,9
4189438,4189438,Quinine,Value,SNOMED,Valid,Non-standard,9
4305878,4305878,Temazepam,Value,SNOMED,Valid,Non-standard,9
4299024,4299024,Minoxidil,Value,SNOMED,Valid,Non-standard,9
4156738,4156738,Paroxetine,Value,SNOMED,Valid,Non-standard,8
4299166,4299166,Cefpodoxime,Value,SNOMED,Valid,Non-standard,16
4156735,4156735,Doxepin,Value,SNOMED,Valid,Non-standard,8
4217742,4217742,Nebivolol,Value,SNOMED,Valid,Non-standard,8
4285436,4285436,Nicotine,Value,SNOMED,Valid,Non-standard,8
4304162,4304162,Sirolimus,Value,SNOMED,Valid,Non-standard,8
4158406,4158406,Propafenone,Value,SNOMED,Valid,Non-standard,8
4251134,4251134,Solifenacin,Value,SNOMED,Valid,Non-standard,8
40520768,40520768,Sulfadiazine,Value,SNOMED,Valid,Non-standard,16
4158397,4158397,Timolol,Value,SNOMED,Valid,Non-standard,8
4023238,4023238,Triamcinolone,Value,SNOMED,Valid,Non-standard,8
4300009,4300009,Fluorouracil,Value,SNOMED,Valid,Non-standard,7
4306050,4306050,Clobazam,Value,SNOMED,Valid,Non-standard,7
4186844,4186844,Ipratropium,Value,SNOMED,Valid,Non-standard,7
4023394,4023394,Cilostazol,Value,SNOMED,Valid,Non-standard,7
4159619,4159619,Atropine,Value,SNOMED,Valid,Non-standard,7
4190195,4190195,Dorzolamide,Value,SNOMED,Valid,Non-standard,7
4299841,4299841,Irbesartan,Value,SNOMED,Valid,Non-standard,7
4298910,4298910,Piroxicam,Value,SNOMED,Valid,Non-standard,7
4187570,4187570,Ranitidine,Value,SNOMED,Valid,Non-standard,7
4216958,4216958,Rosiglitazone,Value,SNOMED,Valid,Non-standard,7
4189428,4189428,Terbinafine,Value,SNOMED,Valid,Non-standard,7
4306890,4306890,Isoniazid,Value,SNOMED,Valid,Non-standard,7
4187006,4187006,Acyclovir,Value,SNOMED,Valid,Non-standard,6
4187018,4187018,Amantadine,Value,SNOMED,Valid,Non-standard,6
4032207,4032207,Bimatoprost,Value,SNOMED,Valid,Non-standard,6
4304306,4304306,Captopril,Value,SNOMED,Valid,Non-standard,6
4300001,4300001,Droperidol,Value,SNOMED,Valid,Non-standard,6
4299858,4299858,Finasteride,Value,SNOMED,Valid,Non-standard,6
4297678,4297678,Glimepiride,Value,SNOMED,Valid,Non-standard,6
4297552,4297552,Latanoprost,Value,SNOMED,Valid,Non-standard,6
4137701,4137701,Teriparatide,Value,SNOMED,Valid,Non-standard,6
4054350,4054350,Levothyroxine sodium,Value,SNOMED,Valid,Non-standard,6
4299888,4299888,Silver sulfadiazine,Value,SNOMED,Valid,Non-standard,12
4217114,4217114,Mometasone,Value,SNOMED,Valid,Non-standard,6
4299842,4299842,Nizatidine,Value,SNOMED,Valid,Non-standard,5
4305245,4305245,Abacavir,Value,SNOMED,Valid,Non-standard,5
4298913,4298913,Buprenorphine,Value,SNOMED,Valid,Non-standard,5
4305099,4305099,Capecitabine,Value,SNOMED,Valid,Non-standard,5
4217111,4217111,Ergotamine,Value,SNOMED,Valid,Non-standard,5
4270192,4270192,Folic acid,Value,SNOMED,Valid,Standard,5
4301213,4301213,Indapamide,Value,SNOMED,Valid,Non-standard,5
4187599,4187599,Mexiletine,Value,SNOMED,Valid,Non-standard,5
4164070,4164070,Miconazole,Value,SNOMED,Valid,Non-standard,5
4307005,4307005,Nadolol,Value,SNOMED,Valid,Non-standard,5
4298911,4298911,Senna,Value,SNOMED,Valid,Non-standard,5
4159616,4159616,Polymyxin B,Value,SNOMED,Valid,Non-standard,10
4301091,4301091,Streptomycin,Value,SNOMED,Valid,Non-standard,10
4304171,4304171,Triamterene,Value,SNOMED,Valid,Non-standard,5
4306039,4306039,Sulindac,Value,SNOMED,Valid,Non-standard,5
4159465,4159465,Sulfacetamide,Value,SNOMED,Valid,Non-standard,10
4157767,4157767,Ropinirole,Value,SNOMED,Valid,Non-standard,5
4305865,4305865,Primidone,Value,SNOMED,Valid,Non-standard,5
4306848,4306848,Isosorbide dinitrate,Value,SNOMED,Valid,Non-standard,4
4185917,4185917,Imatinib,Value,SNOMED,Valid,Non-standard,4
4159303,4159303,Fosinopril,Value,SNOMED,Valid,Non-standard,4
4218214,4218214,Fluocinolone,Value,SNOMED,Valid,Non-standard,4
4299054,4299054,Cyclophosphamide,Value,SNOMED,Valid,Non-standard,4
4306879,4306879,Acetylcysteine,Value,SNOMED,Valid,Non-standard,4
4159309,4159309,Azelastine,Value,SNOMED,Valid,Non-standard,4
4297546,4297546,Anastrozole,Value,SNOMED,Valid,Non-standard,4
4218208,4218208,Alfuzosin,Value,SNOMED,Valid,Non-standard,4
4159477,4159477,Acetazolamide,Value,SNOMED,Valid,Non-standard,4
4297518,4297518,Mercaptopurine,Value,SNOMED,Valid,Non-standard,4
4299864,4299864,Modafinil,Value,SNOMED,Valid,Non-standard,4
4178358,4178358,Zolmitriptan,Value,SNOMED,Valid,Non-standard,4
4189452,4189452,Nalbuphine,Value,SNOMED,Valid,Non-standard,4
4217883,4217883,Zoledronic acid,Value,SNOMED,Valid,Non-standard,4
4300268,4300268,Valdecoxib,Value,SNOMED,Valid,Non-standard,4
4030418,4030418,Travoprost,Value,SNOMED,Valid,Non-standard,4
4299881,4299881,Terfenadine,Value,SNOMED,Valid,Non-standard,4
40525946,40525946,Telmisartan,Value,SNOMED,Valid,Non-standard,4
4250858,4250858,Tiotropium,Value,SNOMED,Valid,Non-standard,4
4190066,4190066,Tamoxifen,Value,SNOMED,Valid,Non-standard,4
4305908,4305908,Prazosin,Value,SNOMED,Valid,Non-standard,4
4304128,4304128,Pramipexole,Value,SNOMED,Valid,Non-standard,4
4187572,4187572,Phenylephrine,Value,SNOMED,Valid,Non-standard,4
4156858,4156858,Oxytetracycline,Value,SNOMED,Valid,Non-standard,8
4301211,4301211,Cholestyramine,Value,SNOMED,Valid,Non-standard,3
4188029,4188029,Formoterol,Value,SNOMED,Valid,Non-standard,3
4297560,4297560,Epoetin alfa,Value,SNOMED,Valid,Non-standard,3
40317559,40317559,Docusate sodium,Value,SNOMED,Valid,Non-standard,3
4306889,4306889,Dimenhydrinate,Value,SNOMED,Valid,Non-standard,3
4305885,4305885,Clotrimazole,Value,SNOMED,Valid,Non-standard,3
4255993,4255993,Cinacalcet,Value,SNOMED,Valid,Non-standard,3
4187590,4187590,Benztropine,Value,SNOMED,Valid,Non-standard,3
40585112,40585112,Chlorpheniramine maleate,Value,SNOMED,Valid,Non-standard,3
4187025,4187025,Cefoxitin,Value,SNOMED,Valid,Non-standard,6
4297551,4297551,Brinzolamide,Value,SNOMED,Valid,Non-standard,3
4024513,4024513,Betamethasone,Value,SNOMED,Valid,Non-standard,3
4156720,4156720,Fosfomycin,Value,SNOMED,Valid,Non-standard,6
40523796,40523796,Alendronate sodium,Value,SNOMED,Valid,Non-standard,3
4301322,4301322,Clozapine,Value,SNOMED,Valid,Non-standard,3
4225684,4225684,Vardenafil,Value,SNOMED,Valid,Non-standard,3
4305255,4305255,Loperamide,Value,SNOMED,Valid,Non-standard,3
40617903,40617903,Turkey,Value,SNOMED,Valid,Standard,3
4299445,4299445,Voriconazole,Value,SNOMED,Valid,Non-standard,3
4297562,4297562,Ticlopidine,Value,SNOMED,Valid,Non-standard,3
4187000,4187000,Quinidine,Value,SNOMED,Valid,Non-standard,3
4299162,4299162,Pentoxifylline,Value,SNOMED,Valid,Non-standard,3
4032091,4032091,Octreotide,Value,SNOMED,Valid,Non-standard,3
4157768,4157768,Nicardipine,Value,SNOMED,Valid,Non-standard,3
4306727,4306727,Misoprostol,Value,SNOMED,Valid,Non-standard,3
4248216,4248216,Tadalafil,Value,SNOMED,Valid,Non-standard,3
4159992,4159992,Methyldopa,Value,SNOMED,Valid,Non-standard,3
4251126,4251126,Eplerenone,Value,SNOMED,Valid,Non-standard,2
40523044,40523044,Diphenoxylate,Value,SNOMED,Valid,Non-standard,2
4187589,4187589,Disopyramide,Value,SNOMED,Valid,Non-standard,2
4258078,4258078,Eletriptan,Value,SNOMED,Valid,Non-standard,2
4187144,4187144,Griseofulvin,Value,SNOMED,Valid,Non-standard,2
4306856,4306856,Ephedrine,Value,SNOMED,Valid,Non-standard,2
4299838,4299838,Felodipine,Value,SNOMED,Valid,Non-standard,2
4306843,4306843,Etoposide,Value,SNOMED,Valid,Non-standard,2
4304164,4304164,Exemestane,Value,SNOMED,Valid,Non-standard,2
4164068,4164068,Fluphenazine,Value,SNOMED,Valid,Non-standard,2
4213161,4213161,Fluphenazine decanoate,Value,SNOMED,Valid,Non-standard,2
4304292,4304292,Diflunisal,Value,SNOMED,Valid,Non-standard,2
4305088,4305088,Bisoprolol,Value,SNOMED,Valid,Non-standard,2
4159475,4159475,Desipramine,Value,SNOMED,Valid,Non-standard,2
4159493,4159493,Demeclocycline,Value,SNOMED,Valid,Non-standard,4
4159468,4159468,Cyproheptadine,Value,SNOMED,Valid,Non-standard,2
4169614,4169614,Clobetasol,Value,SNOMED,Valid,Non-standard,2
4162425,4162425,Cimetidine,Value,SNOMED,Valid,Non-standard,2
4188397,4188397,Chlordiazepoxide,Value,SNOMED,Valid,Non-standard,2
4156861,4156861,Bethanechol,Value,SNOMED,Valid,Non-standard,2
4255857,4255857,Aprepitant,Value,SNOMED,Valid,Non-standard,2
4301175,4301175,Amikacin,Value,SNOMED,Valid,Non-standard,4
4158403,4158403,Fluvoxamine,Value,SNOMED,Valid,Non-standard,2
4306736,4306736,Norfloxacin,Value,SNOMED,Valid,Non-standard,4
4301186,4301186,Hydroxyurea,Value,SNOMED,Valid,Non-standard,2
4304177,4304177,Risedronate sodium,Value,SNOMED,Valid,Non-standard,2
4159480,4159480,Imipramine,Value,SNOMED,Valid,Non-standard,2
4305247,4305247,Zaleplon,Value,SNOMED,Valid,Non-standard,2
4133385,4133385,Trospium,Value,SNOMED,Valid,Non-standard,2
4297680,4297680,Triazolam,Value,SNOMED,Valid,Non-standard,2
4304160,4304160,Temozolomide,Value,SNOMED,Valid,Non-standard,2
4305883,4305883,Sodium bicarbonate,Value,SNOMED,Valid,Non-standard,2
4304284,4304284,Salsalate,Value,SNOMED,Valid,Non-standard,2
4159307,4159307,Salmeterol,Value,SNOMED,Valid,Non-standard,2
4301095,4301095,Salicylic acid,Value,SNOMED,Valid,Non-standard,2
4216957,4216957,Rivastigmine,Value,SNOMED,Valid,Non-standard,2
4304134,4304134,Zafirlukast,Value,SNOMED,Valid,Non-standard,2
4305871,4305871,Methadone,Value,SNOMED,Valid,Non-standard,2
4188391,4188391,Piperacillin,Value,SNOMED,Valid,Non-standard,4
4225650,4225650,Levocetirizine,Value,SNOMED,Valid,Non-standard,2
4054329,4054329,Medroxyprogesterone,Value,SNOMED,Valid,Non-standard,2
4297547,4297547,Letrozole,Value,SNOMED,Valid,Non-standard,2
4304320,4304320,Pentazocine,Value,SNOMED,Valid,Non-standard,2
4190064,4190064,Phentermine,Value,SNOMED,Valid,Non-standard,2
4307021,4307021,Itraconazole,Value,SNOMED,Valid,Non-standard,2
4187582,4187582,Colestipol,Value,SNOMED,Valid,Non-standard,1
4299065,4299065,Desoximetasone,Value,SNOMED,Valid,Non-standard,1
4306870,4306870,Colistin,Value,SNOMED,Valid,Non-standard,2
4158396,4158396,Cyclopentolate,Value,SNOMED,Valid,Non-standard,1
4054332,4054332,Danazol,Value,SNOMED,Valid,Non-standard,1
4159613,4159613,Dantrolene,Value,SNOMED,Valid,Non-standard,1
40522777,40522777,Deflazacort,Value,SNOMED,Valid,Non-standard,1
4213963,4213963,Desloratadine,Value,SNOMED,Valid,Non-standard,1
4305890,4305890,Dipyridamole,Value,SNOMED,Valid,Non-standard,1
4298892,4298892,Didanosine,Value,SNOMED,Valid,Non-standard,1
4301184,4301184,Diethylpropion,Value,SNOMED,Valid,Non-standard,1
4189450,4189450,Digitoxin,Value,SNOMED,Valid,Non-standard,1
4306733,4306733,Dihydroergotamine,Value,SNOMED,Valid,Non-standard,1
4301086,4301086,Disulfiram,Value,SNOMED,Valid,Non-standard,1
4301082,4301082,Domperidone,Value,SNOMED,Valid,Non-standard,1
4305244,4305244,Efavirenz,Value,SNOMED,Valid,Non-standard,1
4305749,4305749,Ethosuximide,Value,SNOMED,Valid,Non-standard,1
4024518,4024518,Fludrocortisone,Value,SNOMED,Valid,Non-standard,1
4187011,4187011,Clemastine,Value,SNOMED,Valid,Non-standard,1
4188409,4188409,Clomipramine,Value,SNOMED,Valid,Non-standard,1
4306719,4306719,Bromelains,Value,SNOMED,Valid,Non-standard,1
4304307,4304307,Cisapride,Value,SNOMED,Valid,Non-standard,1
4299174,4299174,Alfentanil,Value,SNOMED,Valid,Non-standard,1
4306036,4306036,Amiloride,Value,SNOMED,Valid,Non-standard,1
4299022,4299022,Aminoglutethimide,Value,SNOMED,Valid,Non-standard,1
4189442,4189442,Aminophylline,Value,SNOMED,Valid,Non-standard,1
4189621,4189621,Amoxapine,Value,SNOMED,Valid,Non-standard,1
4189416,4189416,Apraclonidine,Value,SNOMED,Valid,Non-standard,1
4186117,4186117,Atazanavir,Value,SNOMED,Valid,Non-standard,1
4251136,4251136,Atomoxetine,Value,SNOMED,Valid,Non-standard,1
4299844,4299844,Atovaquone,Value,SNOMED,Valid,Non-standard,1
4298883,4298883,Bisacodyl,Value,SNOMED,Valid,Non-standard,1
4104649,4104649,Fluorometholone,Value,SNOMED,Valid,Non-standard,1
4305254,4305254,Bromocriptine,Value,SNOMED,Valid,Non-standard,1
4123687,4123687,Calcitriol,Value,SNOMED,Valid,Non-standard,1
4306711,4306711,Carbachol,Value,SNOMED,Valid,Non-standard,1
4301315,4301315,Ceftibuten,Value,SNOMED,Valid,Non-standard,2
4305264,4305264,Cephradine,Value,SNOMED,Valid,Non-standard,2
4159494,4159494,Chlorothiazide,Value,SNOMED,Valid,Non-standard,1
4159984,4159984,Chlortetracycline,Value,SNOMED,Valid,Non-standard,2
4023234,4023234,Flunisolide,Value,SNOMED,Valid,Non-standard,1
4301307,4301307,Mefloquine,Value,SNOMED,Valid,Non-standard,1
4305266,4305266,Flurazepam,Value,SNOMED,Valid,Non-standard,1
4163774,4163774,Tiagabine,Value,SNOMED,Valid,Non-standard,1
4305094,4305094,Ritonavir,Value,SNOMED,Valid,Non-standard,1
4179696,4179696,Rizatriptan,Value,SNOMED,Valid,Non-standard,1
4156868,4156868,Secobarbital,Value,SNOMED,Valid,Non-standard,1
4193829,4193829,Sermorelin,Value,SNOMED,Valid,Non-standard,1
4217754,4217754,Sevelamer,Value,SNOMED,Valid,Non-standard,1
40562753,40562753,Sodium phosphate,Value,SNOMED,Valid,Non-standard,1
4193831,4193831,Somatropin,Value,SNOMED,Valid,Non-standard,1
4305093,4305093,Stavudine,Value,SNOMED,Valid,Non-standard,1
40528620,40528620,Sunflower oil,Value,SNOMED,Valid,Standard,1
4217093,4217093,Tioconazole,Value,SNOMED,Valid,Non-standard,1
4134366,4134366,Quinestrol,Value,SNOMED,Valid,Non-standard,1
4297676,4297676,Tranexamic acid,Value,SNOMED,Valid,Non-standard,1
4306841,4306841,Tretinoin,Value,SNOMED,Valid,Non-standard,1
4304293,4304293,Trihexyphenidyl,Value,SNOMED,Valid,Non-standard,1
4307018,4307018,Tropicamide,Value,SNOMED,Valid,Non-standard,1
4149304,4149304,Vigabatrin,Value,SNOMED,Valid,Non-standard,1
4298916,4298916,Ribavirin,Value,SNOMED,Valid,Non-standard,1
4304317,4304317,Propylthiouracil,Value,SNOMED,Valid,Non-standard,1
4159626,4159626,Ganciclovir,Value,SNOMED,Valid,Non-standard,1
4159315,4159315,Glatiramer,Value,SNOMED,Valid,Non-standard,1
4164047,4164047,Ketotifen,Value,SNOMED,Valid,Non-standard,1
4299879,4299879,Levodopa,Value,SNOMED,Valid,Non-standard,1
4186994,4186994,Lincomycin,Value,SNOMED,Valid,Non-standard,2
4247536,4247536,Liothyronine,Value,SNOMED,Valid,Non-standard,1
4298925,4298925,Lomustine,Value,SNOMED,Valid,Non-standard,1
4301094,4301094,Procyclidine,Value,SNOMED,Valid,Non-standard,1
4306035,4306035,Nimodipine,Value,SNOMED,Valid,Non-standard,1
4304130,4304130,Nisoldipine,Value,SNOMED,Valid,Non-standard,1
4156726,4156726,Olopatadine,Value,SNOMED,Valid,Non-standard,1
4299865,4299865,Orlistat,Value,SNOMED,Valid,Non-standard,1
4299060,4299060,Oxazepam,Value,SNOMED,Valid,Non-standard,1
4301191,4301191,Phenazocine,Value,SNOMED,Valid,Non-standard,1
4306891,4306891,Procarbazine,Value,SNOMED,Valid,Non-standard,1
4299859,4299859,Acarbose,Value,SNOMED,Valid,Non-standard,1
